{
  "project_info": {
    "project_number": "410904533101",
    "firebase_url": "https://metroboxlist.firebaseio.com",
    "project_id": "metroboxlist",
    "storage_bucket": "metroboxlist.appspot.com"
  },
  "client": [
    {
      "client_info": {
        "mobilesdk_app_id": "1:410904533101:android:39d8c3260d15bc01",
        "android_client_info": {
          "package_name": "com.example.dahye.metrobox"
        }
      },
      "oauth_client": [
        {
          "client_id": "410904533101-qeiiio28rikaitfeiadct9jgek6n5dct.apps.googleusercontent.com",
          "client_type": 1,
          "android_info": {
            "package_name": "com.example.dahye.metrobox",
            "certificate_hash": "629596515ae4ccdbd22d5d0224b4a06a94462166"
          }
        },
        {
          "client_id": "410904533101-pp1o65n8ata0uurtemrlfu6coog2fl8b.apps.googleusercontent.com",
          "client_type": 3
        }
      ],
      "api_key": [
        {
          "current_key": "AIzaSyArtafvMmLo6mBD66KmPSV7d2cPlpY_NXk"
        }
      ],
      "services": {
        "analytics_service": {
          "status": 1
        },
        "appinvite_service": {
          "status": 2,
          "other_platform_oauth_client": [
            {
              "client_id": "410904533101-pp1o65n8ata0uurtemrlfu6coog2fl8b.apps.googleusercontent.com",
              "client_type": 3
            }
          ]
        },
        "ads_service": {
          "status": 2
        }
      }
    }
  ],
  "configuration_version": "1"
}