{"result": {"stationName":"소요산","stationID":100,"type":1,"laneName":"수도권 1호선","laneCity":"수도권","x":127.0610281,"y":37.9486141,"nextOBJ": {"station": [{"stationName":"동두천","stationID":101,"type":1,"laneName":"수도권 1호선","laneCity":"수도권","x":127.0548459,"y":37.9275716}]},"defaultInfo": {"address":"경기도 동두천시 상봉암동 126-3","new_address":"경기도 동두천시 평화로 2925","tel":"1544-7788"},"useInfo": {"platform":4,"meetingPlace":0,"restroom":2,"offDoor":1,"crossOver":1,"publicPlace":0,"handicapCount":0,"parkingCount":1,"bicycleCount":0,"civilCount":0},"exitInfo": {"gate": [{"GateNo":"1","GateLink": ["소요소방파출소","소요유원지","자유수호평화박물관"],"BUSSTOP": [{"StopName":"소요산입구","StopID":"115832","Bus": [{"BusNo":"1","Type":"1","BlID":"16522","BusCityName":"동두천"},{"BusNo":"1-10","Type":"1","BlID":"16527","BusCityName":"동두천"},{"BusNo":"50-6","Type":"1","BlID":"16546","BusCityName":"동두천"},{"BusNo":"2-6","Type":"1","BlID":"16555","BusCityName":"동두천"},{"BusNo":"57-4","Type":"1","BlID":"16600","BusCityName":"동두천"},{"BusNo":"1-14","Type":"1","BlID":"16618","BusCityName":"동두천"}]},{"StopName":"소요산입구","StopID":"115834","Bus": [{"BusNo":"39","Type":"1","BlID":"9048","BusCityName":"의정부"},{"BusNo":"36(심야)","Type":"1","BlID":"9055","BusCityName":"의정부"},{"BusNo":"53-1","Type":"1","BlID":"16515","BusCityName":"동두천"},{"BusNo":"1","Type":"1","BlID":"16522","BusCityName":"동두천"},{"BusNo":"1-11","Type":"1","BlID":"16528","BusCityName":"동두천"},{"BusNo":"1-8","Type":"1","BlID":"16535","BusCityName":"동두천"},{"BusNo":"50-5","Type":"1","BlID":"16540","BusCityName":"동두천"},{"BusNo":"53-8","Type":"1","BlID":"16550","BusCityName":"동두천"},{"BusNo":"57-2","Type":"1","BlID":"16572","BusCityName":"동두천"},{"BusNo":"53-11","Type":"1","BlID":"16606","BusCityName":"동두천"},{"BusNo":"1-14","Type":"1","BlID":"16618","BusCityName":"동두천"},{"BusNo":"51-12","Type":"1","BlID":"16623","BusCityName":"동두천"},{"BusNo":"39-1","Type":"1","BlID":"17048","BusCityName":"양주"},{"BusNo":"57-1","Type":"1","BlID":"17608","BusCityName":"포천"}]},{"StopName":"소요산역","StopID":"185968","Bus": [{"BusNo":"36","Type":"1","BlID":"9031","BusCityName":"의정부"},{"BusNo":"39","Type":"1","BlID":"9048","BusCityName":"의정부"},{"BusNo":"39-4","Type":"1","BlID":"9050","BusCityName":"의정부"},{"BusNo":"36(심야)","Type":"1","BlID":"9055","BusCityName":"의정부"},{"BusNo":"39-2","Type":"1","BlID":"14505","BusCityName":"연천군"},{"BusNo":"57","Type":"1","BlID":"16502","BusCityName":"동두천"},{"BusNo":"54","Type":"1","BlID":"16504","BusCityName":"동두천"},{"BusNo":"53-1","Type":"1","BlID":"16515","BusCityName":"동두천"},{"BusNo":"53-5","Type":"1","BlID":"16519","BusCityName":"동두천"},{"BusNo":"53-6","Type":"1","BlID":"16520","BusCityName":"동두천"},{"BusNo":"53-8","Type":"1","BlID":"16550","BusCityName":"동두천"},{"BusNo":"54-3","Type":"1","BlID":"16554","BusCityName":"동두천"},{"BusNo":"2-6","Type":"1","BlID":"16555","BusCityName":"동두천"},{"BusNo":"57-1","Type":"1","BlID":"16571","BusCityName":"동두천"},{"BusNo":"57-2","Type":"1","BlID":"16572","BusCityName":"동두천"},{"BusNo":"57-3","Type":"1","BlID":"16573","BusCityName":"동두천"},{"BusNo":"57-4","Type":"1","BlID":"16600","BusCityName":"동두천"},{"BusNo":"53-11","Type":"1","BlID":"16606","BusCityName":"동두천"},{"BusNo":"39-1","Type":"1","BlID":"17048","BusCityName":"양주"},{"BusNo":"57-1","Type":"1","BlID":"17608","BusCityName":"포천"},{"BusNo":"3300","Type":"22","BlID":"10000","BusCityName":"광주"}]},{"StopName":"소요산역","StopID":"185969","Bus": [{"BusNo":"36","Type":"1","BlID":"9031","BusCityName":"의정부"},{"BusNo":"39","Type":"1","BlID":"9048","BusCityName":"의정부"},{"BusNo":"39-4","Type":"1","BlID":"9050","BusCityName":"의정부"},{"BusNo":"36(심야)","Type":"1","BlID":"9055","BusCityName":"의정부"},{"BusNo":"39-2","Type":"1","BlID":"14505","BusCityName":"연천군"},{"BusNo":"53","Type":"1","BlID":"16500","BusCityName":"동두천"},{"BusNo":"57","Type":"1","BlID":"16502","BusCityName":"동두천"},{"BusNo":"54","Type":"1","BlID":"16504","BusCityName":"동두천"},{"BusNo":"53-1","Type":"1","BlID":"16515","BusCityName":"동두천"},{"BusNo":"53-3","Type":"1","BlID":"16517","BusCityName":"동두천"},{"BusNo":"53-5","Type":"1","BlID":"16519","BusCityName":"동두천"},{"BusNo":"53-6","Type":"1","BlID":"16520","BusCityName":"동두천"},{"BusNo":"50-5","Type":"1","BlID":"16540","BusCityName":"동두천"},{"BusNo":"53-10","Type":"1","BlID":"16549","BusCityName":"동두천"},{"BusNo":"54-3","Type":"1","BlID":"16554","BusCityName":"동두천"},{"BusNo":"57-1","Type":"1","BlID":"16571","BusCityName":"동두천"},{"BusNo":"57-2","Type":"1","BlID":"16572","BusCityName":"동두천"},{"BusNo":"57-3","Type":"1","BlID":"16573","BusCityName":"동두천"},{"BusNo":"57-4","Type":"1","BlID":"16600","BusCityName":"동두천"},{"BusNo":"53-13","Type":"1","BlID":"16607","BusCityName":"동두천"},{"BusNo":"53-12","Type":"1","BlID":"16608","BusCityName":"동두천"},{"BusNo":"51-12","Type":"1","BlID":"16623","BusCityName":"동두천"},{"BusNo":"39-1","Type":"1","BlID":"17048","BusCityName":"양주"},{"BusNo":"57-1","Type":"1","BlID":"17608","BusCityName":"포천"},{"BusNo":"3300","Type":"22","BlID":"10000","BusCityName":"광주"}]}]}]}}}