{"result": {"stationName":"동두천","stationID":101,"type":1,"laneName":"수도권 1호선","laneCity":"수도권","x":127.0548459,"y":37.9275716,"prevOBJ": {"station": [{"stationName":"소요산","stationID":100,"type":1,"laneName":"수도권 1호선","laneCity":"수도권","x":127.0610281,"y":37.9486141}]},"nextOBJ": {"station": [{"stationName":"보산","stationID":102,"type":1,"laneName":"수도권 1호선","laneCity":"수도권","x":127.0571539,"y":37.9142734}]},"defaultInfo": {"address":"경기도 동두천시 동두천동 245-210","new_address":"경기도 동두천시 평화로 2687","tel":"1544-7788"},"useInfo": {"platform":2,"meetingPlace":0,"restroom":2,"offDoor":0,"crossOver":2,"publicPlace":0,"handicapCount":0,"parkingCount":0,"bicycleCount":0,"civilCount":0},"exitInfo": {"gate": [{"GateNo":"1","GateLink": ["소요동주민센터","동안치안센터"],"BUSSTOP": [{"StopName":"동두천역","StopID":"185959","Bus": [{"BusNo":"36","Type":"1","BlID":"9031","BusCityName":"의정부"},{"BusNo":"39","Type":"1","BlID":"9048","BusCityName":"의정부"},{"BusNo":"39-4","Type":"1","BlID":"9050","BusCityName":"의정부"},{"BusNo":"36(심야)","Type":"1","BlID":"9055","BusCityName":"의정부"},{"BusNo":"39-2","Type":"1","BlID":"14505","BusCityName":"연천군"},{"BusNo":"57","Type":"1","BlID":"16502","BusCityName":"동두천"},{"BusNo":"54","Type":"1","BlID":"16504","BusCityName":"동두천"},{"BusNo":"53-1","Type":"1","BlID":"16515","BusCityName":"동두천"},{"BusNo":"53-3","Type":"1","BlID":"16517","BusCityName":"동두천"},{"BusNo":"53-5","Type":"1","BlID":"16519","BusCityName":"동두천"},{"BusNo":"53-6","Type":"1","BlID":"16520","BusCityName":"동두천"},{"BusNo":"1","Type":"1","BlID":"16522","BusCityName":"동두천"},{"BusNo":"1-10","Type":"1","BlID":"16527","BusCityName":"동두천"},{"BusNo":"50-5","Type":"1","BlID":"16540","BusCityName":"동두천"},{"BusNo":"54-3","Type":"1","BlID":"16554","BusCityName":"동두천"},{"BusNo":"2-6","Type":"1","BlID":"16555","BusCityName":"동두천"},{"BusNo":"57-1","Type":"1","BlID":"16571","BusCityName":"동두천"},{"BusNo":"57-2","Type":"1","BlID":"16572","BusCityName":"동두천"},{"BusNo":"57-3","Type":"1","BlID":"16573","BusCityName":"동두천"},{"BusNo":"57-4","Type":"1","BlID":"16600","BusCityName":"동두천"},{"BusNo":"1-14","Type":"1","BlID":"16618","BusCityName":"동두천"},{"BusNo":"51-12","Type":"1","BlID":"16623","BusCityName":"동두천"},{"BusNo":"39-1","Type":"1","BlID":"17048","BusCityName":"양주"},{"BusNo":"57-1","Type":"1","BlID":"17608","BusCityName":"포천"}]},{"StopName":"동두천역","StopID":"206904","Bus": [{"BusNo":"36","Type":"1","BlID":"9031","BusCityName":"의정부"},{"BusNo":"39","Type":"1","BlID":"9048","BusCityName":"의정부"},{"BusNo":"39-4","Type":"1","BlID":"9050","BusCityName":"의정부"},{"BusNo":"36(심야)","Type":"1","BlID":"9055","BusCityName":"의정부"},{"BusNo":"39-2","Type":"1","BlID":"14505","BusCityName":"연천군"},{"BusNo":"53","Type":"1","BlID":"16500","BusCityName":"동두천"},{"BusNo":"57","Type":"1","BlID":"16502","BusCityName":"동두천"},{"BusNo":"54","Type":"1","BlID":"16504","BusCityName":"동두천"},{"BusNo":"53-1","Type":"1","BlID":"16515","BusCityName":"동두천"},{"BusNo":"53-3","Type":"1","BlID":"16517","BusCityName":"동두천"},{"BusNo":"53-5","Type":"1","BlID":"16519","BusCityName":"동두천"},{"BusNo":"53-6","Type":"1","BlID":"16520","BusCityName":"동두천"},{"BusNo":"1","Type":"1","BlID":"16522","BusCityName":"동두천"},{"BusNo":"1-11","Type":"1","BlID":"16528","BusCityName":"동두천"},{"BusNo":"1-8","Type":"1","BlID":"16535","BusCityName":"동두천"},{"BusNo":"50-5","Type":"1","BlID":"16540","BusCityName":"동두천"},{"BusNo":"50-6","Type":"1","BlID":"16546","BusCityName":"동두천"},{"BusNo":"53-10","Type":"1","BlID":"16549","BusCityName":"동두천"},{"BusNo":"53-8","Type":"1","BlID":"16550","BusCityName":"동두천"},{"BusNo":"54-3","Type":"1","BlID":"16554","BusCityName":"동두천"},{"BusNo":"2-6","Type":"1","BlID":"16555","BusCityName":"동두천"},{"BusNo":"57-1","Type":"1","BlID":"16571","BusCityName":"동두천"},{"BusNo":"57-2","Type":"1","BlID":"16572","BusCityName":"동두천"},{"BusNo":"57-3","Type":"1","BlID":"16573","BusCityName":"동두천"},{"BusNo":"53-11","Type":"1","BlID":"16606","BusCityName":"동두천"},{"BusNo":"53-13","Type":"1","BlID":"16607","BusCityName":"동두천"},{"BusNo":"53-12","Type":"1","BlID":"16608","BusCityName":"동두천"},{"BusNo":"1-14","Type":"1","BlID":"16618","BusCityName":"동두천"},{"BusNo":"51-12","Type":"1","BlID":"16623","BusCityName":"동두천"},{"BusNo":"39-1","Type":"1","BlID":"17048","BusCityName":"양주"},{"BusNo":"57-1","Type":"1","BlID":"17608","BusCityName":"포천"}]}]},{"GateNo":"2","GateLink": ["동두천지방산업단지","신흥고등학교","신흥중학교","동보초등학교"],"BUSSTOP": [{"StopName":"동두천역","StopID":"153499","Bus": [{"BusNo":"1-10","Type":"1","BlID":"16527","BusCityName":"동두천"},{"BusNo":"1-2","Type":"1","BlID":"16529","BusCityName":"동두천"},{"BusNo":"1-6","Type":"1","BlID":"16533","BusCityName":"동두천"},{"BusNo":"1-7","Type":"1","BlID":"16534","BusCityName":"동두천"},{"BusNo":"50-6","Type":"1","BlID":"16546","BusCityName":"동두천"},{"BusNo":"52-4","Type":"1","BlID":"16548","BusCityName":"동두천"},{"BusNo":"57-4","Type":"1","BlID":"16600","BusCityName":"동두천"}]},{"StopName":"동두천역","StopID":"153500","Bus": [{"BusNo":"1-11","Type":"1","BlID":"16528","BusCityName":"동두천"},{"BusNo":"1-2","Type":"1","BlID":"16529","BusCityName":"동두천"},{"BusNo":"1-6","Type":"1","BlID":"16533","BusCityName":"동두천"},{"BusNo":"1-7","Type":"1","BlID":"16534","BusCityName":"동두천"},{"BusNo":"1-8","Type":"1","BlID":"16535","BusCityName":"동두천"},{"BusNo":"52-4","Type":"1","BlID":"16548","BusCityName":"동두천"}]}]}]}}}