{"result": {"stationName":"동두천중앙","stationID":103,"type":1,"laneName":"수도권 1호선","laneCity":"수도권","x":127.0564274,"y":37.9016807,"prevOBJ": {"station": [{"stationName":"보산","stationID":102,"type":1,"laneName":"수도권 1호선","laneCity":"수도권","x":127.0571539,"y":37.9142734}]},"nextOBJ": {"station": [{"stationName":"지행","stationID":104,"type":1,"laneName":"수도권 1호선","laneCity":"수도권","x":127.0557617,"y":37.892368}]},"defaultInfo": {"address":"경기도 동두천시 생연동 726-3","new_address":"경기도 동두천시 동두천로 228","tel":"1544-7788"},"useInfo": {"platform":2,"meetingPlace":0,"restroom":2,"offDoor":0,"crossOver":2,"publicPlace":0,"handicapCount":0,"parkingCount":1,"bicycleCount":1,"civilCount":0},"exitInfo": {"gate": [{"GateNo":"1","GateLink": ["중앙동우체국","시외버스터미널","사동초등학교","중앙재래시장","국민연금공단 동두천상담센터"]},{"GateNo":"2","GateLink": ["주차장"]},{"GateNo":"3","GateLink": ["동두천시청","동두천기상대","동두천고등학교"]},{"GateNo":"4","GateLink": ["주차장"],"BUSSTOP": [{"StopName":"동두천중앙역","StopID":"185934","Bus": [{"BusNo":"39","Type":"1","BlID":"9048","BusCityName":"의정부"},{"BusNo":"39-4","Type":"1","BlID":"9050","BusCityName":"의정부"},{"BusNo":"50","Type":"1","BlID":"16507","BusCityName":"동두천"},{"BusNo":"50-1","Type":"1","BlID":"16510","BusCityName":"동두천"},{"BusNo":"53-1","Type":"1","BlID":"16515","BusCityName":"동두천"},{"BusNo":"60-9","Type":"1","BlID":"16516","BusCityName":"동두천"},{"BusNo":"53-4","Type":"1","BlID":"16518","BusCityName":"동두천"},{"BusNo":"1-3","Type":"1","BlID":"16530","BusCityName":"동두천"},{"BusNo":"1-5","Type":"1","BlID":"16532","BusCityName":"동두천"},{"BusNo":"50-2","Type":"1","BlID":"16537","BusCityName":"동두천"},{"BusNo":"60","Type":"1","BlID":"16583","BusCityName":"동두천"},{"BusNo":"60-1","Type":"1","BlID":"16584","BusCityName":"동두천"},{"BusNo":"60-2","Type":"1","BlID":"16585","BusCityName":"동두천"},{"BusNo":"60-3","Type":"1","BlID":"16586","BusCityName":"동두천"},{"BusNo":"60-6","Type":"1","BlID":"16589","BusCityName":"동두천"},{"BusNo":"1-13","Type":"1","BlID":"16601","BusCityName":"동두천"},{"BusNo":"53-13","Type":"1","BlID":"16607","BusCityName":"동두천"},{"BusNo":"51-12","Type":"1","BlID":"16623","BusCityName":"동두천"},{"BusNo":"60-7","Type":"1","BlID":"16636","BusCityName":"동두천"},{"BusNo":"60-8","Type":"1","BlID":"16637","BusCityName":"동두천"},{"BusNo":"39-1","Type":"1","BlID":"17048","BusCityName":"양주"}]},{"StopName":"동두천중앙역","StopID":"185935","Bus": [{"BusNo":"39","Type":"1","BlID":"9048","BusCityName":"의정부"},{"BusNo":"39-4","Type":"1","BlID":"9050","BusCityName":"의정부"},{"BusNo":"50","Type":"1","BlID":"16507","BusCityName":"동두천"},{"BusNo":"50-1","Type":"1","BlID":"16510","BusCityName":"동두천"},{"BusNo":"53-1","Type":"1","BlID":"16515","BusCityName":"동두천"},{"BusNo":"53-3","Type":"1","BlID":"16517","BusCityName":"동두천"},{"BusNo":"1-1","Type":"1","BlID":"16526","BusCityName":"동두천"},{"BusNo":"1-3","Type":"1","BlID":"16530","BusCityName":"동두천"},{"BusNo":"50-2","Type":"1","BlID":"16537","BusCityName":"동두천"},{"BusNo":"50-5","Type":"1","BlID":"16540","BusCityName":"동두천"},{"BusNo":"60","Type":"1","BlID":"16583","BusCityName":"동두천"},{"BusNo":"60-1","Type":"1","BlID":"16584","BusCityName":"동두천"},{"BusNo":"60-2","Type":"1","BlID":"16585","BusCityName":"동두천"},{"BusNo":"60-3","Type":"1","BlID":"16586","BusCityName":"동두천"},{"BusNo":"1-13","Type":"1","BlID":"16601","BusCityName":"동두천"},{"BusNo":"53-13","Type":"1","BlID":"16607","BusCityName":"동두천"},{"BusNo":"51-12","Type":"1","BlID":"16623","BusCityName":"동두천"},{"BusNo":"39-1","Type":"1","BlID":"17048","BusCityName":"양주"}]}]}]}}}