{"result": {"stationName":"지행","stationID":104,"type":1,"laneName":"수도권 1호선","laneCity":"수도권","x":127.0557617,"y":37.892368,"prevOBJ": {"station": [{"stationName":"동두천중앙","stationID":103,"type":1,"laneName":"수도권 1호선","laneCity":"수도권","x":127.0564274,"y":37.9016807}]},"nextOBJ": {"station": [{"stationName":"덕정","stationID":105,"type":1,"laneName":"수도권 1호선","laneCity":"수도권","x":127.0615346,"y":37.8432194}]},"defaultInfo": {"address":"경기도 동두천시 지행동 424-1","new_address":"경기도 동두천시 평화로 2285","tel":"1544-7788"},"useInfo": {"platform":2,"meetingPlace":0,"restroom":2,"offDoor":0,"crossOver":2,"publicPlace":0,"handicapCount":0,"parkingCount":1,"bicycleCount":1,"civilCount":0},"exitInfo": {"gate": [{"GateNo":"1","GateLink": ["이담초등학교","동두천양주교육청","동두천소방서"],"BUSSTOP": [{"StopName":"지행역1번출구","StopID":"185927","Bus": [{"BusNo":"53-1","Type":"1","BlID":"16515","BusCityName":"동두천"},{"BusNo":"2","Type":"1","BlID":"16602","BusCityName":"동두천"},{"BusNo":"53-13","Type":"1","BlID":"16607","BusCityName":"동두천"},{"BusNo":"2-1","Type":"1","BlID":"16619","BusCityName":"동두천"},{"BusNo":"57-1","Type":"1","BlID":"17608","BusCityName":"포천"},{"BusNo":"17B","Type":"3","BlID":"17028","BusCityName":"양주"},{"BusNo":"17A","Type":"3","BlID":"17063","BusCityName":"양주"}]}]},{"GateNo":"2","GateLink": ["지행우체국","생연중학교","동두천시보건소"],"BUSSTOP": [{"StopName":"지행역부영9단지","StopID":"153631","Bus": [{"BusNo":"57-1","Type":"1","BlID":"17608","BusCityName":"포천"},{"BusNo":"3-1","Type":"3","BlID":"17054","BusCityName":"양주"},{"BusNo":"14(첫차노선)","Type":"3","BlID":"17057","BusCityName":"양주"},{"BusNo":"14","Type":"3","BlID":"17059","BusCityName":"양주"},{"BusNo":"2-1","Type":"3","BlID":"17074","BusCityName":"양주"}]},{"StopName":"지행역4번출구","StopID":"153634","Bus": [{"BusNo":"1-12","Type":"1","BlID":"16501","BusCityName":"동두천"},{"BusNo":"53-1","Type":"1","BlID":"16515","BusCityName":"동두천"},{"BusNo":"2","Type":"1","BlID":"16602","BusCityName":"동두천"},{"BusNo":"53-13","Type":"1","BlID":"16607","BusCityName":"동두천"},{"BusNo":"2-1","Type":"1","BlID":"16619","BusCityName":"동두천"},{"BusNo":"3-4","Type":"3","BlID":"17014","BusCityName":"양주"},{"BusNo":"3-2","Type":"3","BlID":"17087","BusCityName":"양주"}]}]},{"GateNo":"3","GateLink": ["동두천등기소","동두천외국어고등학교"],"BUSSTOP": [{"StopName":"지행역3번출구","StopID":"153635","Bus": [{"BusNo":"1-12","Type":"1","BlID":"16501","BusCityName":"동두천"},{"BusNo":"53-1","Type":"1","BlID":"16515","BusCityName":"동두천"},{"BusNo":"53-4","Type":"1","BlID":"16518","BusCityName":"동두천"},{"BusNo":"1-5","Type":"1","BlID":"16532","BusCityName":"동두천"},{"BusNo":"60-6","Type":"1","BlID":"16589","BusCityName":"동두천"},{"BusNo":"2","Type":"1","BlID":"16602","BusCityName":"동두천"},{"BusNo":"53-13","Type":"1","BlID":"16607","BusCityName":"동두천"},{"BusNo":"2-1","Type":"1","BlID":"16619","BusCityName":"동두천"},{"BusNo":"3-4","Type":"3","BlID":"17014","BusCityName":"양주"},{"BusNo":"3-2","Type":"3","BlID":"17087","BusCityName":"양주"}]}]},{"GateNo":"4","GateLink": ["지행초등학교","한국전력공사","동두천중앙고등학교","동두천중앙중학교","동두천경찰서"],"BUSSTOP": [{"StopName":"중앙고등학교.지행역","StopID":"185930","Bus": [{"BusNo":"39","Type":"1","BlID":"9048","BusCityName":"의정부"},{"BusNo":"39-4","Type":"1","BlID":"9050","BusCityName":"의정부"},{"BusNo":"1-3","Type":"1","BlID":"16530","BusCityName":"동두천"},{"BusNo":"2","Type":"1","BlID":"16602","BusCityName":"동두천"},{"BusNo":"51-12","Type":"1","BlID":"16623","BusCityName":"동두천"},{"BusNo":"39-1","Type":"1","BlID":"17048","BusCityName":"양주"}]},{"StopName":"중앙고등학교.지행역","StopID":"185931","Bus": [{"BusNo":"39","Type":"1","BlID":"9048","BusCityName":"의정부"},{"BusNo":"39-4","Type":"1","BlID":"9050","BusCityName":"의정부"},{"BusNo":"53-3","Type":"1","BlID":"16517","BusCityName":"동두천"},{"BusNo":"53-4","Type":"1","BlID":"16518","BusCityName":"동두천"},{"BusNo":"1-3","Type":"1","BlID":"16530","BusCityName":"동두천"},{"BusNo":"50-5","Type":"1","BlID":"16540","BusCityName":"동두천"},{"BusNo":"2","Type":"1","BlID":"16602","BusCityName":"동두천"},{"BusNo":"51-12","Type":"1","BlID":"16623","BusCityName":"동두천"},{"BusNo":"39-1","Type":"1","BlID":"17048","BusCityName":"양주"}]}]}]}}}