{"result": {"stationName":"덕정","stationID":105,"type":1,"laneName":"수도권 1호선","laneCity":"수도권","x":127.0615346,"y":37.8432194,"prevOBJ": {"station": [{"stationName":"지행","stationID":104,"type":1,"laneName":"수도권 1호선","laneCity":"수도권","x":127.0557617,"y":37.892368}]},"nextOBJ": {"station": [{"stationName":"덕계","stationID":106,"type":1,"laneName":"수도권 1호선","laneCity":"수도권","x":127.0566986,"y":37.8187725}]},"defaultInfo": {"address":"경기도 양주시 덕정동 350-14","new_address":"경기도 양주시 화합로 1356","tel":"1544-7788"},"useInfo": {"platform":2,"meetingPlace":0,"restroom":2,"offDoor":0,"crossOver":2,"publicPlace":0,"handicapCount":0,"parkingCount":0,"bicycleCount":1,"civilCount":0},"exitInfo": {"gate": [{"GateNo":"1","GateLink": ["덕정초등학교","덕정우체국","덕정중학교"],"BUSSTOP": [{"StopName":"덕정역","StopID":"107781","Bus": [{"BusNo":"25-1","Type":"1","BlID":"9028","BusCityName":"의정부"},{"BusNo":"54","Type":"1","BlID":"16504","BusCityName":"동두천"},{"BusNo":"53-1","Type":"1","BlID":"16515","BusCityName":"동두천"},{"BusNo":"53-5","Type":"1","BlID":"16519","BusCityName":"동두천"},{"BusNo":"53-6","Type":"1","BlID":"16520","BusCityName":"동두천"},{"BusNo":"53-10","Type":"1","BlID":"16549","BusCityName":"동두천"},{"BusNo":"53-8","Type":"1","BlID":"16550","BusCityName":"동두천"},{"BusNo":"54-3","Type":"1","BlID":"16554","BusCityName":"동두천"},{"BusNo":"53-13","Type":"1","BlID":"16607","BusCityName":"동두천"},{"BusNo":"53-12","Type":"1","BlID":"16608","BusCityName":"동두천"},{"BusNo":"11","Type":"1","BlID":"17000","BusCityName":"양주"},{"BusNo":"76","Type":"1","BlID":"17003","BusCityName":"양주"},{"BusNo":"78","Type":"1","BlID":"17004","BusCityName":"양주"},{"BusNo":"77","Type":"1","BlID":"17005","BusCityName":"양주"},{"BusNo":"48","Type":"1","BlID":"17006","BusCityName":"양주"},{"BusNo":"80","Type":"1","BlID":"17009","BusCityName":"양주"},{"BusNo":"75","Type":"1","BlID":"17010","BusCityName":"양주"},{"BusNo":"31","Type":"1","BlID":"17017","BusCityName":"양주"},{"BusNo":"28","Type":"1","BlID":"17022","BusCityName":"양주"},{"BusNo":"83-3","Type":"1","BlID":"17031","BusCityName":"양주"},{"BusNo":"48-1","Type":"1","BlID":"17033","BusCityName":"양주"},{"BusNo":"118","Type":"1","BlID":"17047","BusCityName":"양주"},{"BusNo":"83","Type":"1","BlID":"17050","BusCityName":"양주"},{"BusNo":"10(한시운행)","Type":"3","BlID":"17029","BusCityName":"양주"},{"BusNo":"2-2","Type":"3","BlID":"17073","BusCityName":"양주"},{"BusNo":"2-1","Type":"3","BlID":"17074","BusCityName":"양주"},{"BusNo":"2-3","Type":"3","BlID":"17089","BusCityName":"양주"},{"BusNo":"8906","Type":"6","BlID":"10240","BusCityName":"광주"},{"BusNo":"108(TS아파트)","Type":"11","BlID":"1736","BusCityName":"서울"}]},{"StopName":"덕정역","StopID":"107793","Bus": [{"BusNo":"25-1","Type":"1","BlID":"9028","BusCityName":"의정부"},{"BusNo":"54","Type":"1","BlID":"16504","BusCityName":"동두천"},{"BusNo":"53-1","Type":"1","BlID":"16515","BusCityName":"동두천"},{"BusNo":"53-5","Type":"1","BlID":"16519","BusCityName":"동두천"},{"BusNo":"53-6","Type":"1","BlID":"16520","BusCityName":"동두천"},{"BusNo":"53-10","Type":"1","BlID":"16549","BusCityName":"동두천"},{"BusNo":"53-13","Type":"1","BlID":"16607","BusCityName":"동두천"},{"BusNo":"53-12","Type":"1","BlID":"16608","BusCityName":"동두천"},{"BusNo":"11","Type":"1","BlID":"17000","BusCityName":"양주"},{"BusNo":"76","Type":"1","BlID":"17003","BusCityName":"양주"},{"BusNo":"78","Type":"1","BlID":"17004","BusCityName":"양주"},{"BusNo":"77","Type":"1","BlID":"17005","BusCityName":"양주"},{"BusNo":"48","Type":"1","BlID":"17006","BusCityName":"양주"},{"BusNo":"80","Type":"1","BlID":"17009","BusCityName":"양주"},{"BusNo":"75","Type":"1","BlID":"17010","BusCityName":"양주"},{"BusNo":"31","Type":"1","BlID":"17017","BusCityName":"양주"},{"BusNo":"28","Type":"1","BlID":"17022","BusCityName":"양주"},{"BusNo":"83-3","Type":"1","BlID":"17031","BusCityName":"양주"},{"BusNo":"48-1","Type":"1","BlID":"17033","BusCityName":"양주"},{"BusNo":"118","Type":"1","BlID":"17047","BusCityName":"양주"},{"BusNo":"83","Type":"1","BlID":"17050","BusCityName":"양주"},{"BusNo":"10(한시운행)","Type":"3","BlID":"17029","BusCityName":"양주"},{"BusNo":"2-2","Type":"3","BlID":"17073","BusCityName":"양주"},{"BusNo":"2-1","Type":"3","BlID":"17074","BusCityName":"양주"},{"BusNo":"2-3","Type":"3","BlID":"17089","BusCityName":"양주"},{"BusNo":"8906","Type":"6","BlID":"10240","BusCityName":"광주"},{"BusNo":"108(TS아파트)","Type":"11","BlID":"1736","BusCityName":"서울"}]}]}]}}}