{"result": {"stationName":"덕계","stationID":106,"type":1,"laneName":"수도권 1호선","laneCity":"수도권","x":127.0566986,"y":37.8187725,"prevOBJ": {"station": [{"stationName":"덕정","stationID":105,"type":1,"laneName":"수도권 1호선","laneCity":"수도권","x":127.0615346,"y":37.8432194}]},"nextOBJ": {"station": [{"stationName":"양주","stationID":107,"type":1,"laneName":"수도권 1호선","laneCity":"수도권","x":127.0447428,"y":37.7742925}]},"defaultInfo": {"address":"경기도 양주시 덕계동 267-1","new_address":"경기도 양주시 고덕로 139번길 317","tel":"1544-7788"},"useInfo": {"platform":2,"meetingPlace":0,"restroom":2,"offDoor":0,"crossOver":2,"publicPlace":0,"handicapCount":0,"parkingCount":0,"bicycleCount":1,"civilCount":0},"exitInfo": {"gate": [{"GateNo":"1","GateLink": ["덕계중학교","덕산초등학교","덕계초등학교","덕계고등학교","양주출입국관리사무소"]},{"GateNo":"2","GateLink": ["도둔초등학교","서울우유양주공장","양주출입국관리사무소"],"BUSSTOP": [{"StopName":"삼희아파트","StopID":"117028","Bus": [{"BusNo":"72","Type":"1","BlID":"17002","BusCityName":"양주"}]},{"StopName":"삼희아파트","StopID":"117037","Bus": [{"BusNo":"72","Type":"1","BlID":"17002","BusCityName":"양주"}]},{"StopName":"덕계역","StopID":"156176","Bus": [{"BusNo":"73","Type":"1","BlID":"17001","BusCityName":"양주"},{"BusNo":"72","Type":"1","BlID":"17002","BusCityName":"양주"},{"BusNo":"73-3","Type":"1","BlID":"17012","BusCityName":"양주"},{"BusNo":"73-1","Type":"1","BlID":"17024","BusCityName":"양주"}]},{"StopName":"덕계역","StopID":"156177","Bus": [{"BusNo":"73","Type":"1","BlID":"17001","BusCityName":"양주"},{"BusNo":"72","Type":"1","BlID":"17002","BusCityName":"양주"},{"BusNo":"73-3","Type":"1","BlID":"17012","BusCityName":"양주"},{"BusNo":"73-1","Type":"1","BlID":"17024","BusCityName":"양주"}]}]}]}}}