{"result": {"stationName":"양주","stationID":107,"type":1,"laneName":"수도권 1호선","laneCity":"수도권","x":127.0447428,"y":37.7742925,"prevOBJ": {"station": [{"stationName":"덕계","stationID":106,"type":1,"laneName":"수도권 1호선","laneCity":"수도권","x":127.0566986,"y":37.8187725}]},"nextOBJ": {"station": [{"stationName":"녹양","stationID":108,"type":1,"laneName":"수도권 1호선","laneCity":"수도권","x":127.0422894,"y":37.7594238}]},"defaultInfo": {"address":"경기도 양주시 남방동 94-1","new_address":"경기도 양주시 평화로 919","tel":"1544-7788"},"useInfo": {"platform":2,"meetingPlace":0,"restroom":2,"offDoor":0,"crossOver":2,"publicPlace":0,"handicapCount":0,"parkingCount":1,"bicycleCount":1,"civilCount":0},"exitInfo": {"gate": [{"GateNo":"1","GateLink": ["양주주내우체국","양주1동주민센터"]},{"GateNo":"2","GateLink": ["평화로","양주출입국관리사무소"],"BUSSTOP": [{"StopName":"양주역","StopID":"107012","Bus": [{"BusNo":"26","Type":"1","BlID":"9018","BusCityName":"의정부"},{"BusNo":"25","Type":"1","BlID":"9022","BusCityName":"의정부"},{"BusNo":"27","Type":"1","BlID":"9025","BusCityName":"의정부"},{"BusNo":"25-1","Type":"1","BlID":"9028","BusCityName":"의정부"},{"BusNo":"36","Type":"1","BlID":"9031","BusCityName":"의정부"},{"BusNo":"133","Type":"1","BlID":"9035","BusCityName":"의정부"},{"BusNo":"35","Type":"1","BlID":"9040","BusCityName":"의정부"},{"BusNo":"7","Type":"1","BlID":"9041","BusCityName":"의정부"},{"BusNo":"39","Type":"1","BlID":"9048","BusCityName":"의정부"},{"BusNo":"39-4","Type":"1","BlID":"9050","BusCityName":"의정부"},{"BusNo":"36(심야)","Type":"1","BlID":"9055","BusCityName":"의정부"},{"BusNo":"30-2","Type":"1","BlID":"9059","BusCityName":"의정부"},{"BusNo":"77","Type":"1","BlID":"17005","BusCityName":"양주"},{"BusNo":"48","Type":"1","BlID":"17006","BusCityName":"양주"},{"BusNo":"85","Type":"1","BlID":"17007","BusCityName":"양주"},{"BusNo":"77-1","Type":"1","BlID":"17008","BusCityName":"양주"},{"BusNo":"80","Type":"1","BlID":"17009","BusCityName":"양주"},{"BusNo":"55-1","Type":"1","BlID":"17015","BusCityName":"양주"},{"BusNo":"31","Type":"1","BlID":"17017","BusCityName":"양주"},{"BusNo":"50","Type":"1","BlID":"17019","BusCityName":"양주"},{"BusNo":"51","Type":"1","BlID":"17020","BusCityName":"양주"},{"BusNo":"55","Type":"1","BlID":"17021","BusCityName":"양주"},{"BusNo":"83-2","Type":"1","BlID":"17027","BusCityName":"양주"},{"BusNo":"85-1","Type":"1","BlID":"17032","BusCityName":"양주"},{"BusNo":"48-1","Type":"1","BlID":"17033","BusCityName":"양주"},{"BusNo":"50-1","Type":"1","BlID":"17034","BusCityName":"양주"},{"BusNo":"50-2","Type":"1","BlID":"17035","BusCityName":"양주"},{"BusNo":"39-1","Type":"1","BlID":"17048","BusCityName":"양주"},{"BusNo":"82","Type":"1","BlID":"17049","BusCityName":"양주"},{"BusNo":"83","Type":"1","BlID":"17050","BusCityName":"양주"},{"BusNo":"62","Type":"1","BlID":"17526","BusCityName":"포천"},{"BusNo":"15-1(긴급)","Type":"3","BlID":"17030","BusCityName":"양주"},{"BusNo":"15-1","Type":"3","BlID":"17051","BusCityName":"양주"},{"BusNo":"2-4B","Type":"3","BlID":"17081","BusCityName":"양주"},{"BusNo":"3-3","Type":"3","BlID":"17086","BusCityName":"양주"},{"BusNo":"2-4","Type":"3","BlID":"17088","BusCityName":"양주"},{"BusNo":"108(TS아파트)","Type":"11","BlID":"1736","BusCityName":"서울"}]},{"StopName":"양주역","StopID":"151931","Bus": [{"BusNo":"26","Type":"1","BlID":"9018","BusCityName":"의정부"},{"BusNo":"25","Type":"1","BlID":"9022","BusCityName":"의정부"},{"BusNo":"27","Type":"1","BlID":"9025","BusCityName":"의정부"},{"BusNo":"25-1","Type":"1","BlID":"9028","BusCityName":"의정부"},{"BusNo":"36","Type":"1","BlID":"9031","BusCityName":"의정부"},{"BusNo":"133","Type":"1","BlID":"9035","BusCityName":"의정부"},{"BusNo":"35","Type":"1","BlID":"9040","BusCityName":"의정부"},{"BusNo":"7","Type":"1","BlID":"9041","BusCityName":"의정부"},{"BusNo":"39","Type":"1","BlID":"9048","BusCityName":"의정부"},{"BusNo":"39-4","Type":"1","BlID":"9050","BusCityName":"의정부"},{"BusNo":"36(심야)","Type":"1","BlID":"9055","BusCityName":"의정부"},{"BusNo":"30-2","Type":"1","BlID":"9059","BusCityName":"의정부"},{"BusNo":"77","Type":"1","BlID":"17005","BusCityName":"양주"},{"BusNo":"48","Type":"1","BlID":"17006","BusCityName":"양주"},{"BusNo":"85","Type":"1","BlID":"17007","BusCityName":"양주"},{"BusNo":"77-1","Type":"1","BlID":"17008","BusCityName":"양주"},{"BusNo":"80","Type":"1","BlID":"17009","BusCityName":"양주"},{"BusNo":"83-1","Type":"1","BlID":"17013","BusCityName":"양주"},{"BusNo":"55-1","Type":"1","BlID":"17015","BusCityName":"양주"},{"BusNo":"31","Type":"1","BlID":"17017","BusCityName":"양주"},{"BusNo":"50","Type":"1","BlID":"17019","BusCityName":"양주"},{"BusNo":"51","Type":"1","BlID":"17020","BusCityName":"양주"},{"BusNo":"55","Type":"1","BlID":"17021","BusCityName":"양주"},{"BusNo":"83-3","Type":"1","BlID":"17031","BusCityName":"양주"},{"BusNo":"85-1","Type":"1","BlID":"17032","BusCityName":"양주"},{"BusNo":"48-1","Type":"1","BlID":"17033","BusCityName":"양주"},{"BusNo":"50-1","Type":"1","BlID":"17034","BusCityName":"양주"},{"BusNo":"50-2","Type":"1","BlID":"17035","BusCityName":"양주"},{"BusNo":"39-1","Type":"1","BlID":"17048","BusCityName":"양주"},{"BusNo":"82","Type":"1","BlID":"17049","BusCityName":"양주"},{"BusNo":"83","Type":"1","BlID":"17050","BusCityName":"양주"},{"BusNo":"62","Type":"1","BlID":"17526","BusCityName":"포천"},{"BusNo":"15-1","Type":"3","BlID":"17051","BusCityName":"양주"},{"BusNo":"2-4B","Type":"3","BlID":"17081","BusCityName":"양주"},{"BusNo":"3-3","Type":"3","BlID":"17086","BusCityName":"양주"},{"BusNo":"2-4","Type":"3","BlID":"17088","BusCityName":"양주"},{"BusNo":"7100","Type":"5","BlID":"10592","BusCityName":"광주"},{"BusNo":"108(TS아파트)","Type":"11","BlID":"1736","BusCityName":"서울"},{"BusNo":"3300","Type":"22","BlID":"10000","BusCityName":"광주"}]}]}]}}}