{"result": {"stationName":"녹양","stationID":108,"type":1,"laneName":"수도권 1호선","laneCity":"수도권","x":127.0422894,"y":37.7594238,"prevOBJ": {"station": [{"stationName":"양주","stationID":107,"type":1,"laneName":"수도권 1호선","laneCity":"수도권","x":127.0447428,"y":37.7742925}]},"nextOBJ": {"station": [{"stationName":"가능","stationID":110,"type":1,"laneName":"수도권 1호선","laneCity":"수도권","x":127.04427,"y":37.7483664}]},"defaultInfo": {"address":"경기도 의정부시 녹양동 96-1","new_address":"경기도 의정부시 평화로 757","tel":"1544-7788"},"useInfo": {"platform":2,"meetingPlace":0,"restroom":2,"offDoor":0,"crossOver":2,"publicPlace":0,"handicapCount":0,"parkingCount":0,"bicycleCount":1,"civilCount":0},"exitInfo": {"gate": [{"GateNo":"1","GateLink": ["녹양동주민센터","의정부지방법원"],"BUSSTOP": [{"StopName":"녹양역남문","StopID":"180084","Bus": [{"BusNo":"208-1","Type":"3","BlID":"9061","BusCityName":"의정부"}]},{"StopName":"녹양역서부광장","StopID":"196757","Bus": [{"BusNo":"5","Type":"1","BlID":"9015","BusCityName":"의정부"},{"BusNo":"12-3","Type":"1","BlID":"9045","BusCityName":"의정부"}]}]},{"GateNo":"2","GateLink": ["녹양공원"],"BUSSTOP": [{"StopName":"녹양역","StopID":"110238","Bus": [{"BusNo":"26","Type":"1","BlID":"9018","BusCityName":"의정부"},{"BusNo":"25","Type":"1","BlID":"9022","BusCityName":"의정부"},{"BusNo":"27","Type":"1","BlID":"9025","BusCityName":"의정부"},{"BusNo":"25-1","Type":"1","BlID":"9028","BusCityName":"의정부"},{"BusNo":"36","Type":"1","BlID":"9031","BusCityName":"의정부"},{"BusNo":"35","Type":"1","BlID":"9040","BusCityName":"의정부"},{"BusNo":"7","Type":"1","BlID":"9041","BusCityName":"의정부"},{"BusNo":"12-3","Type":"1","BlID":"9045","BusCityName":"의정부"},{"BusNo":"39","Type":"1","BlID":"9048","BusCityName":"의정부"},{"BusNo":"39-4","Type":"1","BlID":"9050","BusCityName":"의정부"},{"BusNo":"36(심야)","Type":"1","BlID":"9055","BusCityName":"의정부"},{"BusNo":"48","Type":"1","BlID":"17006","BusCityName":"양주"},{"BusNo":"55-1","Type":"1","BlID":"17015","BusCityName":"양주"},{"BusNo":"31","Type":"1","BlID":"17017","BusCityName":"양주"},{"BusNo":"50","Type":"1","BlID":"17019","BusCityName":"양주"},{"BusNo":"51","Type":"1","BlID":"17020","BusCityName":"양주"},{"BusNo":"55","Type":"1","BlID":"17021","BusCityName":"양주"},{"BusNo":"48-1","Type":"1","BlID":"17033","BusCityName":"양주"},{"BusNo":"50-1","Type":"1","BlID":"17034","BusCityName":"양주"},{"BusNo":"50-2","Type":"1","BlID":"17035","BusCityName":"양주"},{"BusNo":"39-1","Type":"1","BlID":"17048","BusCityName":"양주"},{"BusNo":"208-1","Type":"3","BlID":"9061","BusCityName":"의정부"},{"BusNo":"108(TS아파트)","Type":"11","BlID":"1736","BusCityName":"서울"}]}]}]}}}