{"result": {"stationName":"가능","stationID":110,"type":1,"laneName":"수도권 1호선","laneCity":"수도권","x":127.04427,"y":37.7483664,"prevOBJ": {"station": [{"stationName":"녹양","stationID":108,"type":1,"laneName":"수도권 1호선","laneCity":"수도권","x":127.0422894,"y":37.7594238}]},"nextOBJ": {"station": [{"stationName":"의정부","stationID":111,"type":1,"laneName":"수도권 1호선","laneCity":"수도권","x":127.04602,"y":37.7384333}]},"defaultInfo": {"address":"경기도 의정부시 가능동 197-1","new_address":"경기도 의정부시 평화로 633","tel":"1544-7788"},"useInfo": {"platform":2,"meetingPlace":0,"restroom":2,"offDoor":0,"crossOver":2,"publicPlace":0,"handicapCount":0,"parkingCount":1,"bicycleCount":1,"civilCount":0},"exitInfo": {"gate": [{"GateNo":"1","GateLink": ["가능1동주민센터","대한적십자사"],"BUSSTOP": [{"StopName":"가능역","StopID":"114565","Bus": [{"BusNo":"11","Type":"1","BlID":"9005","BusCityName":"의정부"},{"BusNo":"8","Type":"1","BlID":"9014","BusCityName":"의정부"}]},{"StopName":"가능역","StopID":"114566","Bus": [{"BusNo":"11","Type":"1","BlID":"9005","BusCityName":"의정부"},{"BusNo":"8","Type":"1","BlID":"9014","BusCityName":"의정부"},{"BusNo":"208","Type":"3","BlID":"9077","BusCityName":"의정부"}]}]},{"GateNo":"2","GateLink": ["배영초등학교","경기도교육청제2청사"],"BUSSTOP": [{"StopName":"가능역.성베드로병원","StopID":"107033","Bus": [{"BusNo":"23-1","Type":"1","BlID":"9010","BusCityName":"의정부"},{"BusNo":"26","Type":"1","BlID":"9018","BusCityName":"의정부"},{"BusNo":"25","Type":"1","BlID":"9022","BusCityName":"의정부"},{"BusNo":"27","Type":"1","BlID":"9025","BusCityName":"의정부"},{"BusNo":"25-1","Type":"1","BlID":"9028","BusCityName":"의정부"},{"BusNo":"35","Type":"1","BlID":"9040","BusCityName":"의정부"},{"BusNo":"7","Type":"1","BlID":"9041","BusCityName":"의정부"},{"BusNo":"39","Type":"1","BlID":"9048","BusCityName":"의정부"},{"BusNo":"39-4","Type":"1","BlID":"9050","BusCityName":"의정부"},{"BusNo":"48","Type":"1","BlID":"17006","BusCityName":"양주"},{"BusNo":"55-1","Type":"1","BlID":"17015","BusCityName":"양주"},{"BusNo":"31","Type":"1","BlID":"17017","BusCityName":"양주"},{"BusNo":"50","Type":"1","BlID":"17019","BusCityName":"양주"},{"BusNo":"51","Type":"1","BlID":"17020","BusCityName":"양주"},{"BusNo":"55","Type":"1","BlID":"17021","BusCityName":"양주"},{"BusNo":"48-1","Type":"1","BlID":"17033","BusCityName":"양주"},{"BusNo":"50-1","Type":"1","BlID":"17034","BusCityName":"양주"},{"BusNo":"50-2","Type":"1","BlID":"17035","BusCityName":"양주"},{"BusNo":"39-1","Type":"1","BlID":"17048","BusCityName":"양주"},{"BusNo":"106","Type":"11","BlID":"773","BusCityName":"서울"},{"BusNo":"108(TS아파트)","Type":"11","BlID":"1736","BusCityName":"서울"}]}]},{"GateNo":"3","GateLink": ["주차장"],"BUSSTOP": [{"StopName":"가능역.성베드로병원","StopID":"107030","Bus": [{"BusNo":"23-1","Type":"1","BlID":"9010","BusCityName":"의정부"},{"BusNo":"26","Type":"1","BlID":"9018","BusCityName":"의정부"},{"BusNo":"25","Type":"1","BlID":"9022","BusCityName":"의정부"},{"BusNo":"27","Type":"1","BlID":"9025","BusCityName":"의정부"},{"BusNo":"25-1","Type":"1","BlID":"9028","BusCityName":"의정부"},{"BusNo":"35","Type":"1","BlID":"9040","BusCityName":"의정부"},{"BusNo":"7","Type":"1","BlID":"9041","BusCityName":"의정부"},{"BusNo":"39","Type":"1","BlID":"9048","BusCityName":"의정부"},{"BusNo":"39-4","Type":"1","BlID":"9050","BusCityName":"의정부"},{"BusNo":"48","Type":"1","BlID":"17006","BusCityName":"양주"},{"BusNo":"55-1","Type":"1","BlID":"17015","BusCityName":"양주"},{"BusNo":"31","Type":"1","BlID":"17017","BusCityName":"양주"},{"BusNo":"50","Type":"1","BlID":"17019","BusCityName":"양주"},{"BusNo":"51","Type":"1","BlID":"17020","BusCityName":"양주"},{"BusNo":"55","Type":"1","BlID":"17021","BusCityName":"양주"},{"BusNo":"48-1","Type":"1","BlID":"17033","BusCityName":"양주"},{"BusNo":"50-1","Type":"1","BlID":"17034","BusCityName":"양주"},{"BusNo":"50-2","Type":"1","BlID":"17035","BusCityName":"양주"},{"BusNo":"39-1","Type":"1","BlID":"17048","BusCityName":"양주"},{"BusNo":"106","Type":"11","BlID":"773","BusCityName":"서울"},{"BusNo":"108(TS아파트)","Type":"11","BlID":"1736","BusCityName":"서울"}]},{"StopName":"가능역앞","StopID":"154528","Bus": [{"BusNo":"360","Type":"1","BlID":"12024","BusCityName":"파주"},{"BusNo":"34","Type":"1","BlID":"12026","BusCityName":"파주"},{"BusNo":"38","Type":"1","BlID":"12052","BusCityName":"파주"}]}]}]}}}