{"result": {"stationName":"회룡","stationID":11002,"type":110,"laneName":"의정부경전철","laneCity":"수도권","x":127.0471107,"y":37.7250169,"exOBJ": {"station": [{"stationName":"회룡","stationID":112,"type":1,"laneName":"수도권 1호선","laneCity":"수도권"}]},"prevOBJ": {"station": [{"stationName":"발곡","stationID":11001,"type":110,"laneName":"의정부경전철","laneCity":"수도권","x":127.0529049,"y":37.7269917}]},"nextOBJ": {"station": [{"stationName":"범골","stationID":11003,"type":110,"laneName":"의정부경전철","laneCity":"수도권","x":127.043659,"y":37.7288003}]},"defaultInfo": {"address":"경기도 의정부시 호원동 50-5","new_address":"경기도 의정부시 평화로 363","tel":"031-820-1000"},"useInfo": {"platform":2,"meetingPlace":0,"restroom":1,"offDoor":1,"crossOver":2,"publicPlace":0,"handicapCount":1,"parkingCount":0,"bicycleCount":1,"civilCount":0},"exitInfo": {"gate": [{"GateNo":"1","GateLink": ["공영주차장"],"BUSSTOP": [{"StopName":"미도아파트(마을)","StopID":"199393","Bus": [{"BusNo":"202","Type":"3","BlID":"9071","BusCityName":"의정부"},{"BusNo":"202-1","Type":"3","BlID":"9075","BusCityName":"의정부"}]}]},{"GateNo":"2","GateLink": ["호원2동주민센터"],"BUSSTOP": [{"StopName":"한신아파트","StopID":"186656","Bus": [{"BusNo":"133","Type":"1","BlID":"9035","BusCityName":"의정부"},{"BusNo":"206-2","Type":"3","BlID":"9070","BusCityName":"의정부"}]},{"StopName":"한신아파트","StopID":"186657","Bus": [{"BusNo":"133","Type":"1","BlID":"9035","BusCityName":"의정부"},{"BusNo":"206-2","Type":"3","BlID":"9070","BusCityName":"의정부"}]}]},{"GateNo":"3","GateLink": ["신일아파트","쌍용아파트","미도아파트","뉴삼익아파트","한신아파트","신원아파트","호원중학교","사패산"]}]}}}