{"result": {"stationName":"의정부중앙","stationID":11007,"type":110,"laneName":"의정부경전철","laneCity":"수도권","x":127.0496631,"y":37.7436796,"prevOBJ": {"station": [{"stationName":"흥선","stationID":11006,"type":110,"laneName":"의정부경전철","laneCity":"수도권","x":127.0371189,"y":37.7432806}]},"nextOBJ": {"station": [{"stationName":"동오","stationID":11008,"type":110,"laneName":"의정부경전철","laneCity":"수도권","x":127.0569842,"y":37.74527}]},"defaultInfo": {"address":"경기도 의정부시 의정부동 15-10","new_address":"경기도 의정부시 호국로 1305","tel":"031-828-1600"},"useInfo": {"platform":2,"meetingPlace":0,"restroom":1,"offDoor":1,"crossOver":2,"publicPlace":0,"handicapCount":1,"parkingCount":0,"bicycleCount":1,"civilCount":0},"exitInfo": {"gate": [{"GateNo":"1","GateLink": ["의정부1동우체국"],"BUSSTOP": [{"StopName":"의정부부대찌개거리.중앙역","StopID":"107226","Bus": [{"BusNo":"1-5","Type":"1","BlID":"9004","BusCityName":"의정부"},{"BusNo":"23-1","Type":"1","BlID":"9010","BusCityName":"의정부"},{"BusNo":"1-6","Type":"1","BlID":"9017","BusCityName":"의정부"},{"BusNo":"360","Type":"1","BlID":"12024","BusCityName":"파주"},{"BusNo":"34","Type":"1","BlID":"12026","BusCityName":"파주"},{"BusNo":"38","Type":"1","BlID":"12052","BusCityName":"파주"},{"BusNo":"48","Type":"1","BlID":"17006","BusCityName":"양주"},{"BusNo":"31","Type":"1","BlID":"17017","BusCityName":"양주"},{"BusNo":"48-1","Type":"1","BlID":"17033","BusCityName":"양주"},{"BusNo":"72","Type":"1","BlID":"17503","BusCityName":"포천"},{"BusNo":"72-3","Type":"1","BlID":"17511","BusCityName":"포천"},{"BusNo":"7300","Type":"5","BlID":"10194","BusCityName":"광주"},{"BusNo":"7200","Type":"5","BlID":"10452","BusCityName":"광주"},{"BusNo":"7100","Type":"5","BlID":"10592","BusCityName":"광주"},{"BusNo":"8906","Type":"6","BlID":"10240","BusCityName":"광주"}]}]},{"GateNo":"2","GateLink": ["의정부중앙초등학교"],"BUSSTOP": [{"StopName":"의정부부대찌개거리.중앙역","StopID":"107269","Bus": [{"BusNo":"21","Type":"1","BlID":"9006","BusCityName":"의정부"},{"BusNo":"23-1","Type":"1","BlID":"9010","BusCityName":"의정부"},{"BusNo":"8-1","Type":"1","BlID":"9011","BusCityName":"의정부"},{"BusNo":"8","Type":"1","BlID":"9014","BusCityName":"의정부"},{"BusNo":"360","Type":"1","BlID":"12024","BusCityName":"파주"},{"BusNo":"34","Type":"1","BlID":"12026","BusCityName":"파주"},{"BusNo":"38","Type":"1","BlID":"12052","BusCityName":"파주"},{"BusNo":"48","Type":"1","BlID":"17006","BusCityName":"양주"},{"BusNo":"55-1","Type":"1","BlID":"17015","BusCityName":"양주"},{"BusNo":"50","Type":"1","BlID":"17019","BusCityName":"양주"},{"BusNo":"51","Type":"1","BlID":"17020","BusCityName":"양주"},{"BusNo":"55","Type":"1","BlID":"17021","BusCityName":"양주"},{"BusNo":"48-1","Type":"1","BlID":"17033","BusCityName":"양주"},{"BusNo":"50-1","Type":"1","BlID":"17034","BusCityName":"양주"},{"BusNo":"50-2","Type":"1","BlID":"17035","BusCityName":"양주"},{"BusNo":"72","Type":"1","BlID":"17503","BusCityName":"포천"},{"BusNo":"72-3","Type":"1","BlID":"17511","BusCityName":"포천"},{"BusNo":"33","Type":"1","BlID":"17512","BusCityName":"포천"},{"BusNo":"88","Type":"1","BlID":"17624","BusCityName":"포천"},{"BusNo":"138","Type":"2","BlID":"17502","BusCityName":"포천"},{"BusNo":"138-5","Type":"2","BlID":"17507","BusCityName":"포천"},{"BusNo":"138-6","Type":"2","BlID":"17509","BusCityName":"포천"},{"BusNo":"138-7","Type":"2","BlID":"17602","BusCityName":"포천"},{"BusNo":"7300","Type":"5","BlID":"10194","BusCityName":"광주"},{"BusNo":"7200","Type":"5","BlID":"10452","BusCityName":"광주"},{"BusNo":"7100","Type":"5","BlID":"10592","BusCityName":"광주"},{"BusNo":"8906","Type":"6","BlID":"10240","BusCityName":"광주"}]}]}]}}}