{"result": {"stationName":"경전철의정부","stationID":11004,"type":110,"laneName":"의정부경전철","laneCity":"수도권","x":127.0433105,"y":37.7373842,"prevOBJ": {"station": [{"stationName":"범골","stationID":11003,"type":110,"laneName":"의정부경전철","laneCity":"수도권","x":127.043659,"y":37.7288003}]},"nextOBJ": {"station": [{"stationName":"의정부시청","stationID":11005,"type":110,"laneName":"의정부경전철","laneCity":"수도권","x":127.0348679,"y":37.7392436}]},"defaultInfo": {"address":"경기도 의정부시 의정부동 691","new_address":"경기도 의정부시 신흥로 237","tel":"031-828-1600"},"useInfo": {"platform":2,"meetingPlace":0,"restroom":1,"offDoor":1,"crossOver":2,"publicPlace":0,"handicapCount":1,"parkingCount":0,"bicycleCount":1,"civilCount":0},"exitInfo": {"gate": [{"GateNo":"1","GateLink": ["1호선의정부역"],"BUSSTOP": [{"StopName":"의정부서부역","StopID":"199297","Bus": [{"BusNo":"207-1","Type":"3","BlID":"9064","BusCityName":"의정부"},{"BusNo":"201","Type":"3","BlID":"9066","BusCityName":"의정부"},{"BusNo":"207","Type":"3","BlID":"9067","BusCityName":"의정부"},{"BusNo":"206-2","Type":"3","BlID":"9070","BusCityName":"의정부"},{"BusNo":"208","Type":"3","BlID":"9077","BusCityName":"의정부"}]}]},{"GateNo":"2","GateLink": ["한국감정원의정부지점"],"BUSSTOP": [{"StopName":"의정부서부역","StopID":"199638","Bus": [{"BusNo":"201","Type":"3","BlID":"9066","BusCityName":"의정부"},{"BusNo":"206-2","Type":"3","BlID":"9070","BusCityName":"의정부"}]}]}]}}}