{"result": {"stationName":"의정부시청","stationID":11005,"type":110,"laneName":"의정부경전철","laneCity":"수도권","x":127.0348679,"y":37.7392436,"prevOBJ": {"station": [{"stationName":"경전철의정부","stationID":11004,"type":110,"laneName":"의정부경전철","laneCity":"수도권","x":127.0433105,"y":37.7373842}]},"nextOBJ": {"station": [{"stationName":"흥선","stationID":11006,"type":110,"laneName":"의정부경전철","laneCity":"수도권","x":127.0371189,"y":37.7432806}]},"defaultInfo": {"address":"경기도 의정부시 의정부동 617","new_address":"경기도 의정부시 의정로 69","tel":"031-828-1600"},"useInfo": {"platform":2,"meetingPlace":0,"restroom":1,"offDoor":1,"crossOver":2,"publicPlace":0,"handicapCount":1,"parkingCount":0,"bicycleCount":1,"civilCount":0},"exitInfo": {"gate": [{"GateNo":"1","GateLink": ["평화의광장"],"BUSSTOP": [{"StopName":"의정부시청.세무서","StopID":"185878","Bus": [{"BusNo":"21","Type":"1","BlID":"9006","BusCityName":"의정부"},{"BusNo":"3","Type":"1","BlID":"9021","BusCityName":"의정부"},{"BusNo":"133","Type":"1","BlID":"9035","BusCityName":"의정부"},{"BusNo":"7300","Type":"5","BlID":"10194","BusCityName":"광주"},{"BusNo":"7200","Type":"5","BlID":"10452","BusCityName":"광주"},{"BusNo":"7100","Type":"5","BlID":"10592","BusCityName":"광주"},{"BusNo":"3800","Type":"22","BlID":"10038","BusCityName":"광주"}]}]},{"GateNo":"2","GateLink": ["의정부시청","직동테마공원"],"BUSSTOP": [{"StopName":"의정부시청.세무서","StopID":"185879","Bus": [{"BusNo":"21","Type":"1","BlID":"9006","BusCityName":"의정부"},{"BusNo":"3","Type":"1","BlID":"9021","BusCityName":"의정부"},{"BusNo":"133","Type":"1","BlID":"9035","BusCityName":"의정부"},{"BusNo":"7300","Type":"5","BlID":"10194","BusCityName":"광주"},{"BusNo":"7200","Type":"5","BlID":"10452","BusCityName":"광주"},{"BusNo":"7100","Type":"5","BlID":"10592","BusCityName":"광주"},{"BusNo":"3800","Type":"22","BlID":"10038","BusCityName":"광주"}]}]}]}}}