{"result": {"stationName":"동오","stationID":11008,"type":110,"laneName":"의정부경전철","laneCity":"수도권","x":127.0569842,"y":37.74527,"prevOBJ": {"station": [{"stationName":"의정부중앙","stationID":11007,"type":110,"laneName":"의정부경전철","laneCity":"수도권","x":127.0496631,"y":37.7436796}]},"nextOBJ": {"station": [{"stationName":"새말","stationID":11009,"type":110,"laneName":"의정부경전철","laneCity":"수도권","x":127.0637811,"y":37.7488651}]},"defaultInfo": {"address":"경기도 의정부시 신곡동 547-15","new_address":"경기도 의정부시 장곡로 471","tel":"031-828-1600"},"useInfo": {"platform":2,"meetingPlace":0,"restroom":1,"offDoor":1,"crossOver":2,"publicPlace":0,"handicapCount":1,"parkingCount":0,"bicycleCount":1,"civilCount":0},"exitInfo": {"gate": [{"GateNo":"1","GateLink": ["동오초등학교","의정부시외버스터미널"]},{"GateNo":"2","GateLink": ["의정부시외버스터미널","금오동신도브래뉴"],"BUSSTOP": [{"StopName":"의정부시외버스터미널","StopID":"107464","Bus": [{"BusNo":"23-1","Type":"1","BlID":"9010","BusCityName":"의정부"},{"BusNo":"1-1","Type":"1","BlID":"9016","BusCityName":"의정부"},{"BusNo":"23","Type":"1","BlID":"9019","BusCityName":"의정부"},{"BusNo":"1-3","Type":"1","BlID":"9056","BusCityName":"의정부"},{"BusNo":"118","Type":"1","BlID":"17047","BusCityName":"양주"},{"BusNo":"206","Type":"3","BlID":"9074","BusCityName":"의정부"},{"BusNo":"3500","Type":"4","BlID":"17501","BusCityName":"포천"},{"BusNo":"3600","Type":"4","BlID":"17506","BusCityName":"포천"},{"BusNo":"3200","Type":"4","BlID":"17516","BusCityName":"포천"},{"BusNo":"3100-1","Type":"4","BlID":"17540","BusCityName":"포천"},{"BusNo":"3100","Type":"4","BlID":"17573","BusCityName":"포천"}]},{"StopName":"의정부시외버스터미널.신도브래뉴아파트","StopID":"117101","Bus": [{"BusNo":"26","Type":"1","BlID":"9018","BusCityName":"의정부"},{"BusNo":"25","Type":"1","BlID":"9022","BusCityName":"의정부"},{"BusNo":"25-1","Type":"1","BlID":"9028","BusCityName":"의정부"},{"BusNo":"34","Type":"1","BlID":"12026","BusCityName":"파주"},{"BusNo":"38","Type":"1","BlID":"12052","BusCityName":"파주"},{"BusNo":"7300","Type":"5","BlID":"10194","BusCityName":"광주"}]},{"StopName":"버스터미널.신도브래뉴아파트","StopID":"126955","Bus": [{"BusNo":"21","Type":"1","BlID":"9006","BusCityName":"의정부"},{"BusNo":"8-1","Type":"1","BlID":"9011","BusCityName":"의정부"},{"BusNo":"26","Type":"1","BlID":"9018","BusCityName":"의정부"},{"BusNo":"25","Type":"1","BlID":"9022","BusCityName":"의정부"},{"BusNo":"27","Type":"1","BlID":"9025","BusCityName":"의정부"},{"BusNo":"25-1","Type":"1","BlID":"9028","BusCityName":"의정부"},{"BusNo":"35","Type":"1","BlID":"9040","BusCityName":"의정부"},{"BusNo":"360","Type":"1","BlID":"12024","BusCityName":"파주"},{"BusNo":"34","Type":"1","BlID":"12026","BusCityName":"파주"},{"BusNo":"38","Type":"1","BlID":"12052","BusCityName":"파주"},{"BusNo":"72","Type":"1","BlID":"17503","BusCityName":"포천"},{"BusNo":"72-3","Type":"1","BlID":"17511","BusCityName":"포천"},{"BusNo":"33","Type":"1","BlID":"17512","BusCityName":"포천"},{"BusNo":"88","Type":"1","BlID":"17624","BusCityName":"포천"},{"BusNo":"138","Type":"2","BlID":"17502","BusCityName":"포천"},{"BusNo":"138-5","Type":"2","BlID":"17507","BusCityName":"포천"},{"BusNo":"138-6","Type":"2","BlID":"17509","BusCityName":"포천"},{"BusNo":"138-7","Type":"2","BlID":"17602","BusCityName":"포천"},{"BusNo":"7300","Type":"5","BlID":"10194","BusCityName":"광주"},{"BusNo":"7200","Type":"5","BlID":"10452","BusCityName":"광주"},{"BusNo":"7100","Type":"5","BlID":"10592","BusCityName":"광주"},{"BusNo":"8906","Type":"6","BlID":"10240","BusCityName":"광주"},{"BusNo":"8409","Type":"6","BlID":"10601","BusCityName":"광주"}]},{"StopName":"의정부시외터미널(마을)","StopID":"157391","Bus": [{"BusNo":"207-1","Type":"3","BlID":"9064","BusCityName":"의정부"},{"BusNo":"205-1","Type":"3","BlID":"9065","BusCityName":"의정부"},{"BusNo":"207","Type":"3","BlID":"9067","BusCityName":"의정부"}]},{"StopName":"의정부시외버스터미널","StopID":"157396","Bus": [{"BusNo":"8409","Type":"6","BlID":"10601","BusCityName":"광주"}]},{"StopName":"의정부시외버스터미널","StopID":"197126","Bus": [{"BusNo":"7200","Type":"5","BlID":"10452","BusCityName":"광주"},{"BusNo":"7100","Type":"5","BlID":"10592","BusCityName":"광주"}]}]}]}}}