{"result": {"stationName":"발곡","stationID":11001,"type":110,"laneName":"의정부경전철","laneCity":"수도권","x":127.0529049,"y":37.7269917,"nextOBJ": {"station": [{"stationName":"회룡","stationID":11002,"type":110,"laneName":"의정부경전철","laneCity":"수도권","x":127.0471107,"y":37.7250169}]},"defaultInfo": {"address":"경기도 의정부시 신곡동 741-3","new_address":"경기도 의정부시 장곡로 258","tel":"031-828-1600"},"useInfo": {"platform":2,"meetingPlace":0,"restroom":1,"offDoor":1,"crossOver":2,"publicPlace":0,"handicapCount":1,"parkingCount":0,"bicycleCount":1,"civilCount":0},"exitInfo": {"gate": [{"GateNo":"1","GateLink": ["발곡근린공원","발곡중학교"]},{"GateNo":"2","GateLink": ["발곡중학교","발곡근린공원","장암동주민센터"],"BUSSTOP": [{"StopName":"장암동주민센터.발곡중학교","StopID":"113946","Bus": [{"BusNo":"11","Type":"1","BlID":"9005","BusCityName":"의정부"},{"BusNo":"10","Type":"1","BlID":"9020","BusCityName":"의정부"},{"BusNo":"48","Type":"1","BlID":"17006","BusCityName":"양주"},{"BusNo":"48-1","Type":"1","BlID":"17033","BusCityName":"양주"},{"BusNo":"118","Type":"1","BlID":"17047","BusCityName":"양주"},{"BusNo":"203-2","Type":"3","BlID":"9062","BusCityName":"의정부"},{"BusNo":"203-1","Type":"3","BlID":"9068","BusCityName":"의정부"},{"BusNo":"206-1","Type":"3","BlID":"9069","BusCityName":"의정부"},{"BusNo":"206-2","Type":"3","BlID":"9070","BusCityName":"의정부"},{"BusNo":"203","Type":"3","BlID":"9076","BusCityName":"의정부"}]},{"StopName":"장암동주민센터.발곡중학교","StopID":"185863","Bus": [{"BusNo":"11","Type":"1","BlID":"9005","BusCityName":"의정부"},{"BusNo":"10","Type":"1","BlID":"9020","BusCityName":"의정부"},{"BusNo":"48","Type":"1","BlID":"17006","BusCityName":"양주"},{"BusNo":"48-1","Type":"1","BlID":"17033","BusCityName":"양주"},{"BusNo":"118","Type":"1","BlID":"17047","BusCityName":"양주"},{"BusNo":"203-2","Type":"3","BlID":"9062","BusCityName":"의정부"},{"BusNo":"203-1","Type":"3","BlID":"9068","BusCityName":"의정부"},{"BusNo":"206-1","Type":"3","BlID":"9069","BusCityName":"의정부"},{"BusNo":"206-2","Type":"3","BlID":"9070","BusCityName":"의정부"},{"BusNo":"203","Type":"3","BlID":"9076","BusCityName":"의정부"}]}]}]}}}