{"result": {"stationName":"범골","stationID":11003,"type":110,"laneName":"의정부경전철","laneCity":"수도권","x":127.043659,"y":37.7288003,"prevOBJ": {"station": [{"stationName":"회룡","stationID":11002,"type":110,"laneName":"의정부경전철","laneCity":"수도권","x":127.0471107,"y":37.7250169}]},"nextOBJ": {"station": [{"stationName":"경전철의정부","stationID":11004,"type":110,"laneName":"의정부경전철","laneCity":"수도권","x":127.0433105,"y":37.7373842}]},"defaultInfo": {"address":"경기도 의정부시 호원동 326-24","new_address":"경기도 의정부시 신흥로 141","tel":"031-828-1600"},"useInfo": {"platform":2,"meetingPlace":0,"restroom":1,"offDoor":1,"crossOver":2,"publicPlace":0,"handicapCount":1,"parkingCount":0,"bicycleCount":1,"civilCount":0},"exitInfo": {"gate": [{"GateNo":"1","GateLink": ["의정부호동초등학교","호원2동주민센터","호원두산아파트"],"BUSSTOP": [{"StopName":"호동초등학교","StopID":"199645","Bus": [{"BusNo":"206-2","Type":"3","BlID":"9070","BusCityName":"의정부"}]}]},{"GateNo":"2","GateLink": ["의정부호동초등학교","호원2동주민센터","농협","상우고등학교"],"BUSSTOP": [{"StopName":"롯데슈퍼(마을)","StopID":"199397","Bus": [{"BusNo":"202","Type":"3","BlID":"9071","BusCityName":"의정부"}]},{"StopName":"롯데슈퍼(마을)","StopID":"199413","Bus": [{"BusNo":"202","Type":"3","BlID":"9071","BusCityName":"의정부"}]},{"StopName":"호동초등학교","StopID":"199646","Bus": [{"BusNo":"206-2","Type":"3","BlID":"9070","BusCityName":"의정부"}]}]}]}}}