{"result": {"stationName":"흥선","stationID":11006,"type":110,"laneName":"의정부경전철","laneCity":"수도권","x":127.0371189,"y":37.7432806,"prevOBJ": {"station": [{"stationName":"의정부시청","stationID":11005,"type":110,"laneName":"의정부경전철","laneCity":"수도권","x":127.0348679,"y":37.7392436}]},"nextOBJ": {"station": [{"stationName":"의정부중앙","stationID":11007,"type":110,"laneName":"의정부경전철","laneCity":"수도권","x":127.0496631,"y":37.7436796}]},"defaultInfo": {"address":"경기도 의정부시 가능동 343-52","new_address":"경기도 의정부시 호국로 1197","tel":"031-828-1600"},"useInfo": {"platform":2,"meetingPlace":0,"restroom":1,"offDoor":1,"crossOver":2,"publicPlace":0,"handicapCount":1,"parkingCount":0,"bicycleCount":1,"civilCount":0},"exitInfo": {"gate": [{"GateNo":"1","GateLink": ["의정부서중학교","의정부서초등학교"],"BUSSTOP": [{"StopName":"흥선광장","StopID":"113815","Bus": [{"BusNo":"1","Type":"1","BlID":"9001","BusCityName":"의정부"},{"BusNo":"5","Type":"1","BlID":"9015","BusCityName":"의정부"},{"BusNo":"23","Type":"1","BlID":"9019","BusCityName":"의정부"}]},{"StopName":"흥선광장","StopID":"113816","Bus": [{"BusNo":"1","Type":"1","BlID":"9001","BusCityName":"의정부"},{"BusNo":"23","Type":"1","BlID":"9019","BusCityName":"의정부"}]}]},{"GateNo":"2","GateLink": ["가능초등학교"],"BUSSTOP": [{"StopName":"흥선광장","StopID":"117092","Bus": [{"BusNo":"1","Type":"1","BlID":"9001","BusCityName":"의정부"},{"BusNo":"21","Type":"1","BlID":"9006","BusCityName":"의정부"},{"BusNo":"3","Type":"1","BlID":"9021","BusCityName":"의정부"},{"BusNo":"360","Type":"1","BlID":"12024","BusCityName":"파주"},{"BusNo":"34","Type":"1","BlID":"12026","BusCityName":"파주"},{"BusNo":"38","Type":"1","BlID":"12052","BusCityName":"파주"},{"BusNo":"201","Type":"3","BlID":"9066","BusCityName":"의정부"}]},{"StopName":"흥선광장","StopID":"185892","Bus": [{"BusNo":"1","Type":"1","BlID":"9001","BusCityName":"의정부"},{"BusNo":"21","Type":"1","BlID":"9006","BusCityName":"의정부"},{"BusNo":"3","Type":"1","BlID":"9021","BusCityName":"의정부"},{"BusNo":"360","Type":"1","BlID":"12024","BusCityName":"파주"},{"BusNo":"34","Type":"1","BlID":"12026","BusCityName":"파주"},{"BusNo":"38","Type":"1","BlID":"12052","BusCityName":"파주"},{"BusNo":"201","Type":"3","BlID":"9066","BusCityName":"의정부"},{"BusNo":"202","Type":"3","BlID":"9071","BusCityName":"의정부"}]}]}]}}}