{"result": {"stationName":"새말","stationID":11009,"type":110,"laneName":"의정부경전철","laneCity":"수도권","x":127.0637811,"y":37.7488651,"prevOBJ": {"station": [{"stationName":"동오","stationID":11008,"type":110,"laneName":"의정부경전철","laneCity":"수도권","x":127.0569842,"y":37.74527}]},"nextOBJ": {"station": [{"stationName":"경기도청북부청사","stationID":11010,"type":110,"laneName":"의정부경전철","laneCity":"수도권","x":127.0716097,"y":37.7507741}]},"defaultInfo": {"address":"경기도 의정부시 신곡동 815-1","new_address":"경기도 의정부시 장곡로 551","tel":"031-828-1600"},"useInfo": {"platform":2,"meetingPlace":0,"restroom":1,"offDoor":1,"crossOver":2,"publicPlace":0,"handicapCount":1,"parkingCount":0,"bicycleCount":1,"civilCount":0},"exitInfo": {"gate": [{"GateNo":"1","GateLink": ["의정부우체국","금오풍림아이원아파트"],"BUSSTOP": [{"StopName":"드림밸리아파트.새말역","StopID":"115766","Bus": [{"BusNo":"72-1","Type":"1","BlID":"9030","BusCityName":"의정부"},{"BusNo":"72","Type":"1","BlID":"17503","BusCityName":"포천"},{"BusNo":"72-3","Type":"1","BlID":"17511","BusCityName":"포천"},{"BusNo":"206-1","Type":"3","BlID":"9069","BusCityName":"의정부"},{"BusNo":"206-2","Type":"3","BlID":"9070","BusCityName":"의정부"},{"BusNo":"3100-1","Type":"4","BlID":"17540","BusCityName":"포천"},{"BusNo":"3100","Type":"4","BlID":"17573","BusCityName":"포천"}]},{"StopName":"의정부우체국","StopID":"185827","Bus": [{"BusNo":"23-1","Type":"1","BlID":"9010","BusCityName":"의정부"},{"BusNo":"1-1","Type":"1","BlID":"9016","BusCityName":"의정부"},{"BusNo":"23","Type":"1","BlID":"9019","BusCityName":"의정부"},{"BusNo":"10","Type":"1","BlID":"9020","BusCityName":"의정부"},{"BusNo":"72-1","Type":"1","BlID":"9030","BusCityName":"의정부"},{"BusNo":"206-1","Type":"3","BlID":"9069","BusCityName":"의정부"},{"BusNo":"206-2","Type":"3","BlID":"9070","BusCityName":"의정부"},{"BusNo":"202-1","Type":"3","BlID":"9075","BusCityName":"의정부"}]},{"StopName":"의정부우체국","StopID":"185828","Bus": [{"BusNo":"23-1","Type":"1","BlID":"9010","BusCityName":"의정부"},{"BusNo":"1-1","Type":"1","BlID":"9016","BusCityName":"의정부"},{"BusNo":"23","Type":"1","BlID":"9019","BusCityName":"의정부"},{"BusNo":"10","Type":"1","BlID":"9020","BusCityName":"의정부"},{"BusNo":"72-1","Type":"1","BlID":"9030","BusCityName":"의정부"},{"BusNo":"1-3","Type":"1","BlID":"9056","BusCityName":"의정부"},{"BusNo":"206-1","Type":"3","BlID":"9069","BusCityName":"의정부"},{"BusNo":"206-2","Type":"3","BlID":"9070","BusCityName":"의정부"},{"BusNo":"202-1","Type":"3","BlID":"9075","BusCityName":"의정부"}]},{"StopName":"드림밸리아파트.새말역","StopID":"194366","Bus": [{"BusNo":"72-1","Type":"1","BlID":"9030","BusCityName":"의정부"},{"BusNo":"72","Type":"1","BlID":"17503","BusCityName":"포천"},{"BusNo":"72-3","Type":"1","BlID":"17511","BusCityName":"포천"},{"BusNo":"206-1","Type":"3","BlID":"9069","BusCityName":"의정부"},{"BusNo":"206-2","Type":"3","BlID":"9070","BusCityName":"의정부"},{"BusNo":"3100-1","Type":"4","BlID":"17540","BusCityName":"포천"},{"BusNo":"3100","Type":"4","BlID":"17573","BusCityName":"포천"}]}]}]}}}