{"result": {"stationName":"탑석","stationID":11015,"type":110,"laneName":"의정부경전철","laneCity":"수도권","x":127.0889338,"y":37.7334652,"prevOBJ": {"station": [{"stationName":"송산","stationID":11014,"type":110,"laneName":"의정부경전철","laneCity":"수도권","x":127.0872309,"y":37.7372634}]},"defaultInfo": {"address":"경기도 의정부시 용현동 558","new_address":"경기도 의정부시 충의로 20","tel":"031-828-1600"},"useInfo": {"platform":2,"meetingPlace":0,"restroom":1,"offDoor":1,"crossOver":2,"publicPlace":0,"handicapCount":1,"parkingCount":0,"bicycleCount":1,"civilCount":0},"exitInfo": {"gate": [{"GateNo":"1","GateLink": ["용현현대1차아파트"],"BUSSTOP": [{"StopName":"송산1동주민센터","StopID":"108701","Bus": [{"BusNo":"10-2","Type":"1","BlID":"9012","BusCityName":"의정부"},{"BusNo":"3","Type":"1","BlID":"9021","BusCityName":"의정부"},{"BusNo":"10-1","Type":"1","BlID":"9042","BusCityName":"의정부"},{"BusNo":"111","Type":"1","BlID":"9053","BusCityName":"의정부"},{"BusNo":"107","Type":"11","BlID":"774","BusCityName":"서울"}]},{"StopName":"송산주공4단지","StopID":"108717","Bus": [{"BusNo":"10-2","Type":"1","BlID":"9012","BusCityName":"의정부"},{"BusNo":"3","Type":"1","BlID":"9021","BusCityName":"의정부"},{"BusNo":"10-1","Type":"1","BlID":"9042","BusCityName":"의정부"},{"BusNo":"111","Type":"1","BlID":"9053","BusCityName":"의정부"},{"BusNo":"107","Type":"11","BlID":"774","BusCityName":"서울"}]},{"StopName":"한라비발디앞","StopID":"199440","Bus": [{"BusNo":"8-2","Type":"1","BlID":"9023","BusCityName":"의정부"},{"BusNo":"203","Type":"3","BlID":"9076","BusCityName":"의정부"}]},{"StopName":"한라비발디아파트입구","StopID":"199454","Bus": [{"BusNo":"8-2","Type":"1","BlID":"9023","BusCityName":"의정부"},{"BusNo":"203","Type":"3","BlID":"9076","BusCityName":"의정부"}]}]}]}}}