{"result": {"stationName":"효자","stationID":11011,"type":110,"laneName":"의정부경전철","laneCity":"수도권","x":127.0772776,"y":37.7539991,"prevOBJ": {"station": [{"stationName":"경기도청북부청사","stationID":11010,"type":110,"laneName":"의정부경전철","laneCity":"수도권","x":127.0716097,"y":37.7507741}]},"nextOBJ": {"station": [{"stationName":"곤제","stationID":11012,"type":110,"laneName":"의정부경전철","laneCity":"수도권","x":127.0838454,"y":37.7505363}]},"defaultInfo": {"address":"경기도 의정부시 신곡동 773-2","new_address":"경기도 의정부시 부용로 159-40","tel":"031-828-1600"},"useInfo": {"platform":2,"meetingPlace":0,"restroom":1,"offDoor":1,"crossOver":2,"publicPlace":0,"handicapCount":1,"parkingCount":0,"bicycleCount":1,"civilCount":0},"exitInfo": {"gate": [{"GateNo":"1","GateLink": ["효자중학교","효자고등학교"],"BUSSTOP": [{"StopName":"효자중.고등학교.상록아파트","StopID":"114788","Bus": [{"BusNo":"23","Type":"1","BlID":"9019","BusCityName":"의정부"},{"BusNo":"10","Type":"1","BlID":"9020","BusCityName":"의정부"},{"BusNo":"206-2","Type":"3","BlID":"9070","BusCityName":"의정부"},{"BusNo":"206","Type":"3","BlID":"9074","BusCityName":"의정부"},{"BusNo":"203","Type":"3","BlID":"9076","BusCityName":"의정부"}]}]}]}}}