{"result": {"stationName":"경기도청북부청사","stationID":11010,"type":110,"laneName":"의정부경전철","laneCity":"수도권","x":127.0716097,"y":37.7507741,"prevOBJ": {"station": [{"stationName":"새말","stationID":11009,"type":110,"laneName":"의정부경전철","laneCity":"수도권","x":127.0637811,"y":37.7488651}]},"nextOBJ": {"station": [{"stationName":"효자","stationID":11011,"type":110,"laneName":"의정부경전철","laneCity":"수도권","x":127.0772776,"y":37.7539991}]},"defaultInfo": {"address":"경기도 의정부시 신곡동 815-3","new_address":"경기도 의정부시 부용로 159-40","tel":"031-828-1600"},"useInfo": {"platform":2,"meetingPlace":0,"restroom":1,"offDoor":1,"crossOver":2,"publicPlace":0,"handicapCount":1,"parkingCount":0,"bicycleCount":1,"civilCount":0},"exitInfo": {"gate": [{"GateNo":"1","GateLink": ["경기도북부청사","새말초등학교"],"BUSSTOP": [{"StopName":"경기도청북부청사.경전철역","StopID":"114797","Bus": [{"BusNo":"23","Type":"1","BlID":"9019","BusCityName":"의정부"},{"BusNo":"10","Type":"1","BlID":"9020","BusCityName":"의정부"},{"BusNo":"72","Type":"1","BlID":"17503","BusCityName":"포천"},{"BusNo":"72-3","Type":"1","BlID":"17511","BusCityName":"포천"}]},{"StopName":"경기도청북부청사.경전철역","StopID":"114798","Bus": [{"BusNo":"23","Type":"1","BlID":"9019","BusCityName":"의정부"},{"BusNo":"10","Type":"1","BlID":"9020","BusCityName":"의정부"},{"BusNo":"72","Type":"1","BlID":"17503","BusCityName":"포천"},{"BusNo":"72-3","Type":"1","BlID":"17511","BusCityName":"포천"}]}]},{"GateNo":"2","GateLink": ["경기도북부청사","삼성진흥아파트"],"BUSSTOP": [{"StopName":"삼성진흥래미안아파트정문","StopID":"199258","Bus": [{"BusNo":"72-1","Type":"1","BlID":"9030","BusCityName":"의정부"},{"BusNo":"205-1","Type":"3","BlID":"9065","BusCityName":"의정부"}]},{"StopName":"삼성진흥래미안아파트정문","StopID":"199280","Bus": [{"BusNo":"72-1","Type":"1","BlID":"9030","BusCityName":"의정부"},{"BusNo":"205-1","Type":"3","BlID":"9065","BusCityName":"의정부"}]}]}]}}}