{"result": {"stationName":"송산","stationID":11014,"type":110,"laneName":"의정부경전철","laneCity":"수도권","x":127.0872309,"y":37.7372634,"prevOBJ": {"station": [{"stationName":"어룡","stationID":11013,"type":110,"laneName":"의정부경전철","laneCity":"수도권","x":127.085224,"y":37.7426991}]},"nextOBJ": {"station": [{"stationName":"탑석","stationID":11015,"type":110,"laneName":"의정부경전철","laneCity":"수도권","x":127.0889338,"y":37.7334652}]},"defaultInfo": {"address":"경기도 의정부시 용현동 558","new_address":"경기도 의정부시 충의로 59","tel":"031-828-1600"},"useInfo": {"platform":2,"meetingPlace":0,"restroom":1,"offDoor":1,"crossOver":2,"publicPlace":0,"handicapCount":1,"parkingCount":0,"bicycleCount":1,"civilCount":0},"exitInfo": {"gate": [{"GateNo":"1","GateLink": ["클나무지역아동센터","장미1차아파트","농협","용현주공3단지아파트"],"BUSSTOP": [{"StopName":"용현초교앞","StopID":"199453","Bus": [{"BusNo":"8-2","Type":"1","BlID":"9023","BusCityName":"의정부"},{"BusNo":"203","Type":"3","BlID":"9076","BusCityName":"의정부"}]}]},{"GateNo":"2","GateLink": ["의정부용현초등학교","국민은행","의정부부용초등학교","부용중.고등학교","송산2동주민센터","한라비발디아파트"],"BUSSTOP": [{"StopName":"용현초등학교앞","StopID":"199441","Bus": [{"BusNo":"8-2","Type":"1","BlID":"9023","BusCityName":"의정부"},{"BusNo":"203","Type":"3","BlID":"9076","BusCityName":"의정부"}]},{"StopName":"송산역.용현초등학교","StopID":"199590","Bus": [{"BusNo":"1-2","Type":"1","BlID":"9009","BusCityName":"의정부"},{"BusNo":"203-2","Type":"3","BlID":"9062","BusCityName":"의정부"}]}]}]}}}