{"result": {"stationName":"곤제","stationID":11012,"type":110,"laneName":"의정부경전철","laneCity":"수도권","x":127.0838454,"y":37.7505363,"prevOBJ": {"station": [{"stationName":"효자","stationID":11011,"type":110,"laneName":"의정부경전철","laneCity":"수도권","x":127.0772776,"y":37.7539991}]},"nextOBJ": {"station": [{"stationName":"어룡","stationID":11013,"type":110,"laneName":"의정부경전철","laneCity":"수도권","x":127.085224,"y":37.7426991}]},"defaultInfo": {"address":"경기도 의정부시 금오동 3-3","new_address":"경기도 의정부시 천보로 173","tel":"031-828-1600"},"useInfo": {"platform":2,"meetingPlace":0,"restroom":1,"offDoor":1,"crossOver":2,"publicPlace":0,"handicapCount":1,"parkingCount":0,"bicycleCount":1,"civilCount":0},"exitInfo": {"gate": [{"GateNo":"1","GateLink": ["곤제근린공원","효자중.고등학교","의정부효자초등학교","송산중공1차아파트","어룡초등학교"],"BUSSTOP": [{"StopName":"송산주공1.9단지","StopID":"185841","Bus": [{"BusNo":"23-1","Type":"1","BlID":"9010","BusCityName":"의정부"},{"BusNo":"23","Type":"1","BlID":"9019","BusCityName":"의정부"},{"BusNo":"10","Type":"1","BlID":"9020","BusCityName":"의정부"},{"BusNo":"72-1","Type":"1","BlID":"9030","BusCityName":"의정부"},{"BusNo":"206","Type":"3","BlID":"9074","BusCityName":"의정부"},{"BusNo":"203","Type":"3","BlID":"9076","BusCityName":"의정부"},{"BusNo":"8401","Type":"4","BlID":"9003","BusCityName":"의정부"}]},{"StopName":"송산주공1.9단지","StopID":"185842","Bus": [{"BusNo":"23-1","Type":"1","BlID":"9010","BusCityName":"의정부"},{"BusNo":"23","Type":"1","BlID":"9019","BusCityName":"의정부"},{"BusNo":"10","Type":"1","BlID":"9020","BusCityName":"의정부"},{"BusNo":"72-1","Type":"1","BlID":"9030","BusCityName":"의정부"},{"BusNo":"205-1","Type":"3","BlID":"9065","BusCityName":"의정부"},{"BusNo":"206","Type":"3","BlID":"9074","BusCityName":"의정부"},{"BusNo":"203","Type":"3","BlID":"9076","BusCityName":"의정부"},{"BusNo":"8401","Type":"4","BlID":"9003","BusCityName":"의정부"}]},{"StopName":"송산주공1단지후문","StopID":"199380","Bus": [{"BusNo":"206-2","Type":"3","BlID":"9070","BusCityName":"의정부"}]}]},{"GateNo":"2","GateLink": ["어룡초등학교","의정부효자초등학교","의정부세관"],"BUSSTOP": [{"StopName":"민락동종점","StopID":"157197","Bus": [{"BusNo":"1-2","Type":"1","BlID":"9009","BusCityName":"의정부"},{"BusNo":"1-1","Type":"1","BlID":"9016","BusCityName":"의정부"},{"BusNo":"10","Type":"1","BlID":"9020","BusCityName":"의정부"},{"BusNo":"72-1","Type":"1","BlID":"9030","BusCityName":"의정부"},{"BusNo":"1-3","Type":"1","BlID":"9056","BusCityName":"의정부"}]},{"StopName":"민락동종점","StopID":"157198","Bus": [{"BusNo":"1-2","Type":"1","BlID":"9009","BusCityName":"의정부"},{"BusNo":"1-1","Type":"1","BlID":"9016","BusCityName":"의정부"},{"BusNo":"10","Type":"1","BlID":"9020","BusCityName":"의정부"},{"BusNo":"72-1","Type":"1","BlID":"9030","BusCityName":"의정부"},{"BusNo":"1-3","Type":"1","BlID":"9056","BusCityName":"의정부"}]}]}]}}}