{"result": {"stationName":"어룡","stationID":11013,"type":110,"laneName":"의정부경전철","laneCity":"수도권","x":127.085224,"y":37.7426991,"prevOBJ": {"station": [{"stationName":"곤제","stationID":11012,"type":110,"laneName":"의정부경전철","laneCity":"수도권","x":127.0838454,"y":37.7505363}]},"nextOBJ": {"station": [{"stationName":"송산","stationID":11014,"type":110,"laneName":"의정부경전철","laneCity":"수도권","x":127.0872309,"y":37.7372634}]},"defaultInfo": {"address":"경기도 의정부시 용현동 564","new_address":"경기도 의정부시 충의로 125","tel":"031-828-1600"},"useInfo": {"platform":2,"meetingPlace":0,"restroom":1,"offDoor":1,"crossOver":2,"publicPlace":0,"handicapCount":1,"parkingCount":0,"bicycleCount":1,"civilCount":0},"exitInfo": {"gate": [{"GateNo":"1","GateLink": ["롯데마트의정부점","의정부우편집중국","신도브래뉴아파트"],"BUSSTOP": [{"StopName":"어룡역.롯데마트","StopID":"108688","Bus": [{"BusNo":"1-2","Type":"1","BlID":"9009","BusCityName":"의정부"},{"BusNo":"3","Type":"1","BlID":"9021","BusCityName":"의정부"},{"BusNo":"10-1","Type":"1","BlID":"9042","BusCityName":"의정부"},{"BusNo":"111","Type":"1","BlID":"9053","BusCityName":"의정부"},{"BusNo":"203","Type":"3","BlID":"9076","BusCityName":"의정부"},{"BusNo":"107","Type":"11","BlID":"774","BusCityName":"서울"}]},{"StopName":"롯데마트.의정부고용노동지청.","StopID":"199443","Bus": [{"BusNo":"203-2","Type":"3","BlID":"9062","BusCityName":"의정부"},{"BusNo":"203","Type":"3","BlID":"9076","BusCityName":"의정부"}]}]},{"GateNo":"2","GateLink": ["신한은행","충의중학교","오동초등학교","송현고등학교","송산2동주민센터","의정부용현초등학교","송산푸르지오아파트","송산주공2.5.7단지아파트","근제근린공원"],"BUSSTOP": [{"StopName":"어룡역.롯데마트","StopID":"108679","Bus": [{"BusNo":"1-2","Type":"1","BlID":"9009","BusCityName":"의정부"},{"BusNo":"3","Type":"1","BlID":"9021","BusCityName":"의정부"},{"BusNo":"10-1","Type":"1","BlID":"9042","BusCityName":"의정부"},{"BusNo":"111","Type":"1","BlID":"9053","BusCityName":"의정부"},{"BusNo":"203-2","Type":"3","BlID":"9062","BusCityName":"의정부"},{"BusNo":"107","Type":"11","BlID":"774","BusCityName":"서울"}]},{"StopName":"의정부고용노동지청.동부보건지소","StopID":"114749","Bus": [{"BusNo":"1-2","Type":"1","BlID":"9009","BusCityName":"의정부"},{"BusNo":"23-1","Type":"1","BlID":"9010","BusCityName":"의정부"},{"BusNo":"23","Type":"1","BlID":"9019","BusCityName":"의정부"},{"BusNo":"72-1","Type":"1","BlID":"9030","BusCityName":"의정부"},{"BusNo":"206","Type":"3","BlID":"9074","BusCityName":"의정부"}]}]}]}}}