{"result": {"stationName":"의정부","stationID":111,"type":1,"laneName":"수도권 1호선","laneCity":"수도권","x":127.04602,"y":37.7384333,"prevOBJ": {"station": [{"stationName":"가능","stationID":110,"type":1,"laneName":"수도권 1호선","laneCity":"수도권","x":127.04427,"y":37.7483664}]},"nextOBJ": {"station": [{"stationName":"회룡","stationID":112,"type":1,"laneName":"수도권 1호선","laneCity":"수도권","x":127.0473386,"y":37.7240456}]},"defaultInfo": {"address":"경기도 의정부시 의정부동 168-54","new_address":"경기도 의정부시 평화로 525","tel":"1544-7788"},"useInfo": {"platform":3,"meetingPlace":0,"restroom":2,"offDoor":2,"crossOver":2,"publicPlace":0,"handicapCount":1,"parkingCount":1,"bicycleCount":0,"civilCount":0},"exitInfo": {"gate": [{"GateNo":"1","GateLink": ["의정부등기소","경기도제2소방재난본부","대한석탄공사","의정부보훈회관"],"BUSSTOP": [{"StopName":"NH농협은행(마을)","StopID":"199298","Bus": [{"BusNo":"207-1","Type":"3","BlID":"9064","BusCityName":"의정부"},{"BusNo":"201","Type":"3","BlID":"9066","BusCityName":"의정부"},{"BusNo":"207","Type":"3","BlID":"9067","BusCityName":"의정부"},{"BusNo":"208","Type":"3","BlID":"9077","BusCityName":"의정부"}]},{"StopName":"삼천리회관","StopID":"199364","Bus": [{"BusNo":"206-2","Type":"3","BlID":"9070","BusCityName":"의정부"}]},{"StopName":"삼천리회관","StopID":"199368","Bus": [{"BusNo":"206-2","Type":"3","BlID":"9070","BusCityName":"의정부"}]}]},{"GateNo":"2","GateLink": ["의정부소방서","의정부보건소","의정부시청","한국장애인고용공단"],"BUSSTOP": [{"StopName":"의정부역.서부광장","StopID":"185875","Bus": [{"BusNo":"21","Type":"1","BlID":"9006","BusCityName":"의정부"},{"BusNo":"3","Type":"1","BlID":"9021","BusCityName":"의정부"},{"BusNo":"207","Type":"3","BlID":"9067","BusCityName":"의정부"},{"BusNo":"206-2","Type":"3","BlID":"9070","BusCityName":"의정부"},{"BusNo":"202","Type":"3","BlID":"9071","BusCityName":"의정부"},{"BusNo":"202-1","Type":"3","BlID":"9075","BusCityName":"의정부"},{"BusNo":"208","Type":"3","BlID":"9077","BusCityName":"의정부"}]},{"StopName":"의정부서부역","StopID":"199297","Bus": [{"BusNo":"207-1","Type":"3","BlID":"9064","BusCityName":"의정부"},{"BusNo":"201","Type":"3","BlID":"9066","BusCityName":"의정부"},{"BusNo":"207","Type":"3","BlID":"9067","BusCityName":"의정부"},{"BusNo":"206-2","Type":"3","BlID":"9070","BusCityName":"의정부"},{"BusNo":"208","Type":"3","BlID":"9077","BusCityName":"의정부"}]},{"StopName":"의정부서부역","StopID":"199638","Bus": [{"BusNo":"201","Type":"3","BlID":"9066","BusCityName":"의정부"},{"BusNo":"206-2","Type":"3","BlID":"9070","BusCityName":"의정부"}]}]},{"GateNo":"3","GateLink": ["경기도의료원의정부병원","의정부고용센터","국민건강보험공단","근로복지공단"],"BUSSTOP": [{"StopName":"의정부2동주민센터","StopID":"185873","Bus": [{"BusNo":"21","Type":"1","BlID":"9006","BusCityName":"의정부"},{"BusNo":"3","Type":"1","BlID":"9021","BusCityName":"의정부"}]},{"StopName":"의정부역.서부광장","StopID":"185874","Bus": [{"BusNo":"21","Type":"1","BlID":"9006","BusCityName":"의정부"},{"BusNo":"3","Type":"1","BlID":"9021","BusCityName":"의정부"},{"BusNo":"206-2","Type":"3","BlID":"9070","BusCityName":"의정부"},{"BusNo":"202","Type":"3","BlID":"9071","BusCityName":"의정부"},{"BusNo":"202-1","Type":"3","BlID":"9075","BusCityName":"의정부"}]}]},{"GateNo":"4","GateLink": ["동부광장"],"BUSSTOP": [{"StopName":"의정부역.동부광장","StopID":"107136","Bus": [{"BusNo":"1","Type":"1","BlID":"9001","BusCityName":"의정부"},{"BusNo":"21","Type":"1","BlID":"9006","BusCityName":"의정부"},{"BusNo":"8-1","Type":"1","BlID":"9011","BusCityName":"의정부"},{"BusNo":"5","Type":"1","BlID":"9015","BusCityName":"의정부"},{"BusNo":"23","Type":"1","BlID":"9019","BusCityName":"의정부"},{"BusNo":"3","Type":"1","BlID":"9021","BusCityName":"의정부"},{"BusNo":"207-1","Type":"3","BlID":"9064","BusCityName":"의정부"},{"BusNo":"207","Type":"3","BlID":"9067","BusCityName":"의정부"},{"BusNo":"206","Type":"3","BlID":"9074","BusCityName":"의정부"},{"BusNo":"7300","Type":"5","BlID":"10194","BusCityName":"광주"},{"BusNo":"7200","Type":"5","BlID":"10452","BusCityName":"광주"},{"BusNo":"7100","Type":"5","BlID":"10592","BusCityName":"광주"},{"BusNo":"8906","Type":"6","BlID":"10240","BusCityName":"광주"},{"BusNo":"8409","Type":"6","BlID":"10601","BusCityName":"광주"},{"BusNo":"3800","Type":"22","BlID":"10038","BusCityName":"광주"}]}]},{"GateNo":"5","GateLink": ["의정부경찰서","경기도교육청북부청사","의정부시외(고속)버스터미널","경기도청북부청사"],"BUSSTOP": [{"StopName":"의정부역.동부광장","StopID":"107161","Bus": [{"BusNo":"1","Type":"1","BlID":"9001","BusCityName":"의정부"},{"BusNo":"5","Type":"1","BlID":"9015","BusCityName":"의정부"},{"BusNo":"23","Type":"1","BlID":"9019","BusCityName":"의정부"},{"BusNo":"3","Type":"1","BlID":"9021","BusCityName":"의정부"},{"BusNo":"207-1","Type":"3","BlID":"9064","BusCityName":"의정부"},{"BusNo":"207","Type":"3","BlID":"9067","BusCityName":"의정부"},{"BusNo":"206","Type":"3","BlID":"9074","BusCityName":"의정부"},{"BusNo":"208","Type":"3","BlID":"9077","BusCityName":"의정부"},{"BusNo":"7300","Type":"5","BlID":"10194","BusCityName":"광주"},{"BusNo":"7200","Type":"5","BlID":"10452","BusCityName":"광주"},{"BusNo":"7100","Type":"5","BlID":"10592","BusCityName":"광주"},{"BusNo":"8906","Type":"6","BlID":"10240","BusCityName":"광주"},{"BusNo":"8409","Type":"6","BlID":"10601","BusCityName":"광주"},{"BusNo":"3800","Type":"22","BlID":"10038","BusCityName":"광주"}]},{"StopName":"제일시장입구","StopID":"107214","Bus": [{"BusNo":"1","Type":"1","BlID":"9001","BusCityName":"의정부"},{"BusNo":"1-5","Type":"1","BlID":"9004","BusCityName":"의정부"},{"BusNo":"11","Type":"1","BlID":"9005","BusCityName":"의정부"},{"BusNo":"5","Type":"1","BlID":"9015","BusCityName":"의정부"},{"BusNo":"1-6","Type":"1","BlID":"9017","BusCityName":"의정부"},{"BusNo":"26","Type":"1","BlID":"9018","BusCityName":"의정부"},{"BusNo":"23","Type":"1","BlID":"9019","BusCityName":"의정부"},{"BusNo":"3","Type":"1","BlID":"9021","BusCityName":"의정부"},{"BusNo":"25","Type":"1","BlID":"9022","BusCityName":"의정부"},{"BusNo":"27","Type":"1","BlID":"9025","BusCityName":"의정부"},{"BusNo":"25-1","Type":"1","BlID":"9028","BusCityName":"의정부"},{"BusNo":"35","Type":"1","BlID":"9040","BusCityName":"의정부"},{"BusNo":"31","Type":"1","BlID":"17017","BusCityName":"양주"},{"BusNo":"207-1","Type":"3","BlID":"9064","BusCityName":"의정부"},{"BusNo":"201","Type":"3","BlID":"9066","BusCityName":"의정부"},{"BusNo":"207","Type":"3","BlID":"9067","BusCityName":"의정부"},{"BusNo":"206","Type":"3","BlID":"9074","BusCityName":"의정부"},{"BusNo":"202-1","Type":"3","BlID":"9075","BusCityName":"의정부"}]},{"StopName":"시장앞","StopID":"107330","Bus": [{"BusNo":"1-5","Type":"1","BlID":"9004","BusCityName":"의정부"},{"BusNo":"1-1","Type":"1","BlID":"9016","BusCityName":"의정부"},{"BusNo":"1-6","Type":"1","BlID":"9017","BusCityName":"의정부"},{"BusNo":"26","Type":"1","BlID":"9018","BusCityName":"의정부"},{"BusNo":"23","Type":"1","BlID":"9019","BusCityName":"의정부"},{"BusNo":"25","Type":"1","BlID":"9022","BusCityName":"의정부"},{"BusNo":"27","Type":"1","BlID":"9025","BusCityName":"의정부"},{"BusNo":"25-1","Type":"1","BlID":"9028","BusCityName":"의정부"},{"BusNo":"36","Type":"1","BlID":"9031","BusCityName":"의정부"},{"BusNo":"35","Type":"1","BlID":"9040","BusCityName":"의정부"},{"BusNo":"36(심야)","Type":"1","BlID":"9055","BusCityName":"의정부"},{"BusNo":"1-3","Type":"1","BlID":"9056","BusCityName":"의정부"},{"BusNo":"48","Type":"1","BlID":"17006","BusCityName":"양주"},{"BusNo":"31","Type":"1","BlID":"17017","BusCityName":"양주"},{"BusNo":"48-1","Type":"1","BlID":"17033","BusCityName":"양주"},{"BusNo":"207-1","Type":"3","BlID":"9064","BusCityName":"의정부"},{"BusNo":"207","Type":"3","BlID":"9067","BusCityName":"의정부"},{"BusNo":"206","Type":"3","BlID":"9074","BusCityName":"의정부"}]},{"StopName":"시장앞","StopID":"107344","Bus": [{"BusNo":"21","Type":"1","BlID":"9006","BusCityName":"의정부"},{"BusNo":"8-1","Type":"1","BlID":"9011","BusCityName":"의정부"},{"BusNo":"8","Type":"1","BlID":"9014","BusCityName":"의정부"},{"BusNo":"1-1","Type":"1","BlID":"9016","BusCityName":"의정부"},{"BusNo":"26","Type":"1","BlID":"9018","BusCityName":"의정부"},{"BusNo":"23","Type":"1","BlID":"9019","BusCityName":"의정부"},{"BusNo":"25","Type":"1","BlID":"9022","BusCityName":"의정부"},{"BusNo":"27","Type":"1","BlID":"9025","BusCityName":"의정부"},{"BusNo":"25-1","Type":"1","BlID":"9028","BusCityName":"의정부"},{"BusNo":"36","Type":"1","BlID":"9031","BusCityName":"의정부"},{"BusNo":"35","Type":"1","BlID":"9040","BusCityName":"의정부"},{"BusNo":"36(심야)","Type":"1","BlID":"9055","BusCityName":"의정부"},{"BusNo":"1-3","Type":"1","BlID":"9056","BusCityName":"의정부"},{"BusNo":"48","Type":"1","BlID":"17006","BusCityName":"양주"},{"BusNo":"55-1","Type":"1","BlID":"17015","BusCityName":"양주"},{"BusNo":"50","Type":"1","BlID":"17019","BusCityName":"양주"},{"BusNo":"51","Type":"1","BlID":"17020","BusCityName":"양주"},{"BusNo":"55","Type":"1","BlID":"17021","BusCityName":"양주"},{"BusNo":"48-1","Type":"1","BlID":"17033","BusCityName":"양주"},{"BusNo":"50-1","Type":"1","BlID":"17034","BusCityName":"양주"},{"BusNo":"50-2","Type":"1","BlID":"17035","BusCityName":"양주"},{"BusNo":"33","Type":"1","BlID":"17512","BusCityName":"포천"},{"BusNo":"88","Type":"1","BlID":"17624","BusCityName":"포천"},{"BusNo":"138","Type":"2","BlID":"17502","BusCityName":"포천"},{"BusNo":"138-5","Type":"2","BlID":"17507","BusCityName":"포천"},{"BusNo":"138-6","Type":"2","BlID":"17509","BusCityName":"포천"},{"BusNo":"138-7","Type":"2","BlID":"17602","BusCityName":"포천"},{"BusNo":"207-1","Type":"3","BlID":"9064","BusCityName":"의정부"},{"BusNo":"207","Type":"3","BlID":"9067","BusCityName":"의정부"},{"BusNo":"206","Type":"3","BlID":"9074","BusCityName":"의정부"}]},{"StopName":"오혜숙산부인과","StopID":"199409","Bus": [{"BusNo":"201","Type":"3","BlID":"9066","BusCityName":"의정부"},{"BusNo":"206","Type":"3","BlID":"9074","BusCityName":"의정부"},{"BusNo":"202-1","Type":"3","BlID":"9075","BusCityName":"의정부"}]}]},{"GateNo":"6","GateLink": ["신세계백화점(입구)"],"BUSSTOP": [{"StopName":"한화생명입구","StopID":"107206","Bus": [{"BusNo":"1","Type":"1","BlID":"9001","BusCityName":"의정부"},{"BusNo":"11","Type":"1","BlID":"9005","BusCityName":"의정부"},{"BusNo":"21","Type":"1","BlID":"9006","BusCityName":"의정부"},{"BusNo":"8-1","Type":"1","BlID":"9011","BusCityName":"의정부"},{"BusNo":"8","Type":"1","BlID":"9014","BusCityName":"의정부"},{"BusNo":"5","Type":"1","BlID":"9015","BusCityName":"의정부"},{"BusNo":"26","Type":"1","BlID":"9018","BusCityName":"의정부"},{"BusNo":"23","Type":"1","BlID":"9019","BusCityName":"의정부"},{"BusNo":"3","Type":"1","BlID":"9021","BusCityName":"의정부"},{"BusNo":"25","Type":"1","BlID":"9022","BusCityName":"의정부"},{"BusNo":"27","Type":"1","BlID":"9025","BusCityName":"의정부"},{"BusNo":"25-1","Type":"1","BlID":"9028","BusCityName":"의정부"},{"BusNo":"35","Type":"1","BlID":"9040","BusCityName":"의정부"},{"BusNo":"55-1","Type":"1","BlID":"17015","BusCityName":"양주"},{"BusNo":"50","Type":"1","BlID":"17019","BusCityName":"양주"},{"BusNo":"51","Type":"1","BlID":"17020","BusCityName":"양주"},{"BusNo":"55","Type":"1","BlID":"17021","BusCityName":"양주"},{"BusNo":"50-1","Type":"1","BlID":"17034","BusCityName":"양주"},{"BusNo":"50-2","Type":"1","BlID":"17035","BusCityName":"양주"},{"BusNo":"33","Type":"1","BlID":"17512","BusCityName":"포천"},{"BusNo":"88","Type":"1","BlID":"17624","BusCityName":"포천"},{"BusNo":"138","Type":"2","BlID":"17502","BusCityName":"포천"},{"BusNo":"138-5","Type":"2","BlID":"17507","BusCityName":"포천"},{"BusNo":"138-6","Type":"2","BlID":"17509","BusCityName":"포천"},{"BusNo":"138-7","Type":"2","BlID":"17602","BusCityName":"포천"},{"BusNo":"207-1","Type":"3","BlID":"9064","BusCityName":"의정부"},{"BusNo":"201","Type":"3","BlID":"9066","BusCityName":"의정부"},{"BusNo":"207","Type":"3","BlID":"9067","BusCityName":"의정부"},{"BusNo":"206","Type":"3","BlID":"9074","BusCityName":"의정부"},{"BusNo":"202-1","Type":"3","BlID":"9075","BusCityName":"의정부"}]}]},{"GateNo":"7","GateLink": ["법무부의정부보호관찰소","의정부3동우체국","경의초등학교","의정부3동주민센터","경기지방경찰청제2청","청룡초등학교","신세계백화점(입구)"],"BUSSTOP": [{"StopName":"의정부3동우체국","StopID":"107163","Bus": [{"BusNo":"7","Type":"1","BlID":"9041","BusCityName":"의정부"},{"BusNo":"39","Type":"1","BlID":"9048","BusCityName":"의정부"},{"BusNo":"39-4","Type":"1","BlID":"9050","BusCityName":"의정부"},{"BusNo":"39-1","Type":"1","BlID":"17048","BusCityName":"양주"},{"BusNo":"72","Type":"1","BlID":"17503","BusCityName":"포천"},{"BusNo":"72-3","Type":"1","BlID":"17511","BusCityName":"포천"},{"BusNo":"7300","Type":"5","BlID":"10194","BusCityName":"광주"},{"BusNo":"7200","Type":"5","BlID":"10452","BusCityName":"광주"},{"BusNo":"7100","Type":"5","BlID":"10592","BusCityName":"광주"},{"BusNo":"106","Type":"11","BlID":"773","BusCityName":"서울"},{"BusNo":"108(TS아파트)","Type":"11","BlID":"1736","BusCityName":"서울"}]},{"StopName":"의정부3동우체국","StopID":"107177","Bus": [{"BusNo":"7","Type":"1","BlID":"9041","BusCityName":"의정부"},{"BusNo":"39","Type":"1","BlID":"9048","BusCityName":"의정부"},{"BusNo":"39-4","Type":"1","BlID":"9050","BusCityName":"의정부"},{"BusNo":"39-1","Type":"1","BlID":"17048","BusCityName":"양주"},{"BusNo":"72","Type":"1","BlID":"17503","BusCityName":"포천"},{"BusNo":"72-3","Type":"1","BlID":"17511","BusCityName":"포천"},{"BusNo":"7300","Type":"5","BlID":"10194","BusCityName":"광주"},{"BusNo":"7200","Type":"5","BlID":"10452","BusCityName":"광주"},{"BusNo":"7100","Type":"5","BlID":"10592","BusCityName":"광주"},{"BusNo":"106","Type":"11","BlID":"773","BusCityName":"서울"},{"BusNo":"108(TS아파트)","Type":"11","BlID":"1736","BusCityName":"서울"}]}]},{"GateNo":"8","GateLink": ["지하상가"]}]}}}