{"result": {"stationName":"송도","stationID":11129,"type":111,"laneName":"수인선","laneCity":"수도권","x":126.6544983,"y":37.4297253,"prevOBJ": {"station": [{"stationName":"연수","stationID":11128,"type":111,"laneName":"수인선","laneCity":"수도권","x":126.6782139,"y":37.418162}]},"nextOBJ": {"station": [{"stationName":"인하대","stationID":11131,"type":111,"laneName":"수인선","laneCity":"수도권","x":126.6498506,"y":37.4482066}]},"defaultInfo": {"address":"인천광역시 연수구 옥련동 산 51-3","new_address":"인천광역시 연수구 비류대로 175","tel":"1544-7788"},"useInfo": {"platform":1,"meetingPlace":1,"restroom":2,"offDoor":0,"crossOver":2,"publicPlace":0,"handicapCount":1,"parkingCount":0,"bicycleCount":0,"civilCount":0},"exitInfo": {"gate": [{"GateNo":"1","GateLink": ["옥련치안센터","송도초등학교","옥련1동주민센터","옥련중학교","능허대중학교","옥련여자고등학교"],"BUSSTOP": [{"StopName":"송도역","StopID":"122531","Bus": [{"BusNo":"523","Type":"12","BlID":"21061","BusCityName":"인천"}]},{"StopName":"옥련고개","StopID":"181410","Bus": [{"BusNo":"8","Type":"11","BlID":"21007","BusCityName":"인천"},{"BusNo":"46","Type":"11","BlID":"21038","BusCityName":"인천"},{"BusNo":"112","Type":"11","BlID":"21121","BusCityName":"인천"},{"BusNo":"6-1","Type":"11","BlID":"21125","BusCityName":"인천"},{"BusNo":"9","Type":"11","BlID":"21204","BusCityName":"인천"}]},{"StopName":"옥련고개","StopID":"181411","Bus": [{"BusNo":"6","Type":"11","BlID":"21006","BusCityName":"인천"},{"BusNo":"8","Type":"11","BlID":"21007","BusCityName":"인천"},{"BusNo":"46","Type":"11","BlID":"21038","BusCityName":"인천"},{"BusNo":"112","Type":"11","BlID":"21121","BusCityName":"인천"},{"BusNo":"9","Type":"11","BlID":"21204","BusCityName":"인천"},{"BusNo":"523","Type":"12","BlID":"21061","BusCityName":"인천"}]}]}]}}}