{"result": {"stationName":"호구포","stationID":11125,"type":111,"laneName":"수인선","laneCity":"수도권","x":126.708694,"y":37.401631,"prevOBJ": {"station": [{"stationName":"인천논현","stationID":11124,"type":111,"laneName":"수인선","laneCity":"수도권","x":126.7225124,"y":37.4006547}]},"nextOBJ": {"station": [{"stationName":"남동인더스파크","stationID":11126,"type":111,"laneName":"수인선","laneCity":"수도권","x":126.6952487,"y":37.4077818}]},"defaultInfo": {"address":"인천광역시 남동구 논현동 731-1","new_address":"인천광역시 남동구 호구포로 205","tel":"1544-7788"},"useInfo": {"platform":2,"meetingPlace":1,"restroom":2,"offDoor":1,"crossOver":2,"publicPlace":0,"handicapCount":1,"parkingCount":0,"bicycleCount":0,"civilCount":0},"exitInfo": {"gate": [{"GateNo":"1","GateLink": ["호구포길사거리","청능대로"],"BUSSTOP": [{"StopName":"해양기계","StopID":"80436","Bus": [{"BusNo":"27","Type":"11","BlID":"21023","BusCityName":"인천"},{"BusNo":"103-1","Type":"11","BlID":"21146","BusCityName":"인천"}]},{"StopName":"해양기계","StopID":"182579","Bus": [{"BusNo":"27","Type":"11","BlID":"21023","BusCityName":"인천"},{"BusNo":"35","Type":"11","BlID":"21030","BusCityName":"인천"},{"BusNo":"103-1","Type":"11","BlID":"21146","BusCityName":"인천"}]}]},{"GateNo":"2","GateLink": ["논현포대근린공원","논현2동주민센터","논현포대","인천동방초등학교","인천동방중학교"],"BUSSTOP": [{"StopName":"호구포역","StopID":"128357","Bus": [{"BusNo":"65","Type":"11","BlID":"21111","BusCityName":"인천"},{"BusNo":"112","Type":"11","BlID":"21121","BusCityName":"인천"},{"BusNo":"3-2","Type":"11","BlID":"21186","BusCityName":"인천"}]},{"StopName":"호구포역","StopID":"128358","Bus": [{"BusNo":"65","Type":"11","BlID":"21111","BusCityName":"인천"},{"BusNo":"112","Type":"11","BlID":"21121","BusCityName":"인천"},{"BusNo":"3-2","Type":"11","BlID":"21186","BusCityName":"인천"}]},{"StopName":"논현주공3단지하늘마을","StopID":"152254","Bus": [{"BusNo":"20","Type":"11","BlID":"21018","BusCityName":"인천"},{"BusNo":"38","Type":"11","BlID":"21032","BusCityName":"인천"},{"BusNo":"65","Type":"11","BlID":"21111","BusCityName":"인천"},{"BusNo":"112","Type":"11","BlID":"21121","BusCityName":"인천"},{"BusNo":"51-2","Type":"12","BlID":"21235","BusCityName":"인천"}]},{"StopName":"논현주공3단지하늘마을","StopID":"182657","Bus": [{"BusNo":"20","Type":"11","BlID":"21018","BusCityName":"인천"},{"BusNo":"38","Type":"11","BlID":"21032","BusCityName":"인천"},{"BusNo":"65","Type":"11","BlID":"21111","BusCityName":"인천"},{"BusNo":"112","Type":"11","BlID":"21121","BusCityName":"인천"},{"BusNo":"51-1","Type":"12","BlID":"21234","BusCityName":"인천"}]}]}]}}}