{"result": {"stationName":"월곶","stationID":11122,"type":111,"laneName":"수인선","laneCity":"수도권","x":126.7431553,"y":37.3913606,"prevOBJ": {"station": [{"stationName":"달월","stationID":11150,"type":111,"laneName":"수인선","laneCity":"수도권","x":126.7454449,"y":37.3800046}]},"nextOBJ": {"station": [{"stationName":"소래포구","stationID":11123,"type":111,"laneName":"수인선","laneCity":"수도권","x":126.7335416,"y":37.4009714}]},"defaultInfo": {"address":"경기도 시흥시 월곶동 992-8","new_address":"경기도 시흥시 월곶중앙로 14번길 56","tel":"1544-7788"},"useInfo": {"platform":1,"meetingPlace":1,"restroom":2,"offDoor":0,"crossOver":2,"publicPlace":0,"handicapCount":1,"parkingCount":0,"bicycleCount":0,"civilCount":0},"exitInfo": {"gate": [{"GateNo":"1","GateLink": ["월곶중앙로","월곶중학교","월곶초등학교","월곶출장소","월곶문화센터","풍림아이원1~4차아파트"],"BUSSTOP": [{"StopName":"소래포구입구","StopID":"119034","Bus": [{"BusNo":"33-2","Type":"1","BlID":"6525","BusCityName":"안산"},{"BusNo":"33-1","Type":"1","BlID":"6554","BusCityName":"안산"},{"BusNo":"23","Type":"1","BlID":"11502","BusCityName":"시흥"},{"BusNo":"510","Type":"1","BlID":"11505","BusCityName":"시흥"},{"BusNo":"63","Type":"1","BlID":"11508","BusCityName":"시흥"},{"BusNo":"11-C(주말운행)","Type":"1","BlID":"11531","BusCityName":"시흥"},{"BusNo":"1","Type":"1","BlID":"12500","BusCityName":"광명"},{"BusNo":"11-3","Type":"1","BlID":"12515","BusCityName":"광명"},{"BusNo":"21-1","Type":"11","BlID":"21110","BusCityName":"인천"}]},{"StopName":"월곶역","StopID":"155298","Bus": [{"BusNo":"33-2","Type":"1","BlID":"6525","BusCityName":"안산"},{"BusNo":"33-1","Type":"1","BlID":"6554","BusCityName":"안산"},{"BusNo":"23","Type":"1","BlID":"11502","BusCityName":"시흥"},{"BusNo":"510","Type":"1","BlID":"11505","BusCityName":"시흥"},{"BusNo":"63","Type":"1","BlID":"11508","BusCityName":"시흥"},{"BusNo":"1","Type":"1","BlID":"12500","BusCityName":"광명"},{"BusNo":"11-3","Type":"1","BlID":"12515","BusCityName":"광명"}]},{"StopName":"월곶역","StopID":"155299","Bus": [{"BusNo":"33-2","Type":"1","BlID":"6525","BusCityName":"안산"},{"BusNo":"33-1","Type":"1","BlID":"6554","BusCityName":"안산"},{"BusNo":"23","Type":"1","BlID":"11502","BusCityName":"시흥"},{"BusNo":"510","Type":"1","BlID":"11505","BusCityName":"시흥"},{"BusNo":"63","Type":"1","BlID":"11508","BusCityName":"시흥"},{"BusNo":"1","Type":"1","BlID":"12500","BusCityName":"광명"},{"BusNo":"11-3","Type":"1","BlID":"12515","BusCityName":"광명"}]},{"StopName":"풍림2단지","StopID":"165438","Bus": [{"BusNo":"33-2","Type":"1","BlID":"6525","BusCityName":"안산"},{"BusNo":"32","Type":"1","BlID":"6532","BusCityName":"안산"},{"BusNo":"33-1","Type":"1","BlID":"6554","BusCityName":"안산"},{"BusNo":"23","Type":"1","BlID":"11502","BusCityName":"시흥"},{"BusNo":"510","Type":"1","BlID":"11505","BusCityName":"시흥"},{"BusNo":"63","Type":"1","BlID":"11508","BusCityName":"시흥"},{"BusNo":"11-C(주말운행)","Type":"1","BlID":"11531","BusCityName":"시흥"},{"BusNo":"1","Type":"1","BlID":"12500","BusCityName":"광명"},{"BusNo":"11-3","Type":"1","BlID":"12515","BusCityName":"광명"},{"BusNo":"21-1","Type":"11","BlID":"21110","BusCityName":"인천"}]},{"StopName":"풍림2단지정문","StopID":"189188","Bus": [{"BusNo":"32","Type":"1","BlID":"6532","BusCityName":"안산"}]}]}]}}}