{"result": {"stationName":"남동인더스파크","stationID":11126,"type":111,"laneName":"수인선","laneCity":"수도권","x":126.6952487,"y":37.4077818,"prevOBJ": {"station": [{"stationName":"호구포","stationID":11125,"type":111,"laneName":"수인선","laneCity":"수도권","x":126.708694,"y":37.401631}]},"nextOBJ": {"station": [{"stationName":"원인재","stationID":11127,"type":111,"laneName":"수인선","laneCity":"수도권","x":126.6864455,"y":37.4131988}]},"defaultInfo": {"address":"인천광역시 남동구 고잔동 970-8","new_address":"인천광역시 남동구 은청로 17","tel":"1544-7788"},"useInfo": {"platform":1,"meetingPlace":1,"restroom":2,"offDoor":0,"crossOver":2,"publicPlace":0,"handicapCount":1,"parkingCount":0,"bicycleCount":0,"civilCount":0},"exitInfo": {"gate": [{"GateNo":"1","GateLink": ["인천공단소방서","한국산업단지공단인천지역본부","남동구출장소","인천종합비즈니스센터","대한상공회의소인천인력개발원","월례공원"],"BUSSTOP": [{"StopName":"인천인력개발원","StopID":"182568","Bus": [{"BusNo":"103","Type":"2","BlID":"21043","BusCityName":"인천"},{"BusNo":"34","Type":"11","BlID":"21029","BusCityName":"인천"}]},{"StopName":"인천인력개발원","StopID":"182569","Bus": [{"BusNo":"103","Type":"2","BlID":"21043","BusCityName":"인천"},{"BusNo":"34","Type":"11","BlID":"21029","BusCityName":"인천"}]}]},{"GateNo":"2","GateLink": ["남동공단우체국","인천상공회의소","남동공단지구대","남동공단근린공원","인천지방중소기업청"],"BUSSTOP": [{"StopName":"남동공단2호공원","StopID":"182564","Bus": [{"BusNo":"103","Type":"2","BlID":"21043","BusCityName":"인천"},{"BusNo":"34","Type":"11","BlID":"21029","BusCityName":"인천"},{"BusNo":"35","Type":"11","BlID":"21030","BusCityName":"인천"},{"BusNo":"907","Type":"26","BlID":"21250","BusCityName":"인천"}]},{"StopName":"남동공단근린공원앞","StopID":"182565","Bus": [{"BusNo":"103","Type":"2","BlID":"21043","BusCityName":"인천"},{"BusNo":"34","Type":"11","BlID":"21029","BusCityName":"인천"},{"BusNo":"35","Type":"11","BlID":"21030","BusCityName":"인천"},{"BusNo":"907","Type":"26","BlID":"21250","BusCityName":"인천"}]},{"StopName":"남동공단우체국","StopID":"182566","Bus": [{"BusNo":"103","Type":"2","BlID":"21043","BusCityName":"인천"},{"BusNo":"34","Type":"11","BlID":"21029","BusCityName":"인천"}]},{"StopName":"남동인더스파크역","StopID":"182567","Bus": [{"BusNo":"103","Type":"2","BlID":"21043","BusCityName":"인천"},{"BusNo":"34","Type":"11","BlID":"21029","BusCityName":"인천"}]}]}]}}}