{"result": {"stationName":"소래포구","stationID":11123,"type":111,"laneName":"수인선","laneCity":"수도권","x":126.7335416,"y":37.4009714,"prevOBJ": {"station": [{"stationName":"월곶","stationID":11122,"type":111,"laneName":"수인선","laneCity":"수도권","x":126.7431553,"y":37.3913606}]},"nextOBJ": {"station": [{"stationName":"인천논현","stationID":11124,"type":111,"laneName":"수인선","laneCity":"수도권","x":126.7225124,"y":37.4006547}]},"defaultInfo": {"address":"인천광역시 남동구 논현동 731-7","new_address":"인천광역시 남동구 소래역로 51","tel":"1544-7788"},"useInfo": {"platform":2,"meetingPlace":1,"restroom":2,"offDoor":1,"crossOver":2,"publicPlace":0,"handicapCount":1,"parkingCount":0,"bicycleCount":0,"civilCount":0},"exitInfo": {"gate": [{"GateNo":"1","GateLink": ["논현고잔동주민센터","원동초등학교","고잔중학교","힐스테이트아파트","에코메트로 5단지아파트","에코메트로 12단지아파트"],"BUSSTOP": [{"StopName":"에코메트로5단지","StopID":"195147","Bus": [{"BusNo":"20","Type":"11","BlID":"21018","BusCityName":"인천"},{"BusNo":"21","Type":"11","BlID":"21019","BusCityName":"인천"},{"BusNo":"27","Type":"11","BlID":"21023","BusCityName":"인천"},{"BusNo":"65","Type":"11","BlID":"21111","BusCityName":"인천"},{"BusNo":"754","Type":"11","BlID":"21217","BusCityName":"인천"},{"BusNo":"51-2","Type":"12","BlID":"21235","BusCityName":"인천"}]},{"StopName":"에코메트로5단지","StopID":"195148","Bus": [{"BusNo":"51-1","Type":"12","BlID":"21234","BusCityName":"인천"}]},{"StopName":"소래포구역","StopID":"206641","Bus": [{"BusNo":"51-2","Type":"12","BlID":"21235","BusCityName":"인천"},{"BusNo":"1302","Type":"14","BlID":"21240","BusCityName":"인천"},{"BusNo":"907","Type":"26","BlID":"21250","BusCityName":"인천"}]}]},{"GateNo":"2","GateLink": ["논현고등학교","논현초등학교","소래초등학교","장도초등학교","논현중학교","냇마을신영지웰아파트","뜨란채8단지","논현웰카운티","논현주공뜨란채11단지"],"BUSSTOP": [{"StopName":"소래포구역","StopID":"195145","Bus": [{"BusNo":"20","Type":"11","BlID":"21018","BusCityName":"인천"},{"BusNo":"21","Type":"11","BlID":"21019","BusCityName":"인천"},{"BusNo":"27","Type":"11","BlID":"21023","BusCityName":"인천"},{"BusNo":"65","Type":"11","BlID":"21111","BusCityName":"인천"},{"BusNo":"754","Type":"11","BlID":"21217","BusCityName":"인천"}]},{"StopName":"소래포구역","StopID":"206640","Bus": [{"BusNo":"51-1","Type":"12","BlID":"21234","BusCityName":"인천"},{"BusNo":"1302","Type":"14","BlID":"21240","BusCityName":"인천"},{"BusNo":"907","Type":"26","BlID":"21250","BusCityName":"인천"}]}]}]}}}