{"result": {"stationName":"연수","stationID":11128,"type":111,"laneName":"수인선","laneCity":"수도권","x":126.6782139,"y":37.418162,"prevOBJ": {"station": [{"stationName":"원인재","stationID":11127,"type":111,"laneName":"수인선","laneCity":"수도권","x":126.6864455,"y":37.4131988}]},"nextOBJ": {"station": [{"stationName":"송도","stationID":11129,"type":111,"laneName":"수인선","laneCity":"수도권","x":126.6544983,"y":37.4297253}]},"defaultInfo": {"address":"인천광역시 연수구 연수동 589","new_address":"인천광역시 연수구 벚꽃로 115","tel":"1544-7788"},"useInfo": {"platform":1,"meetingPlace":1,"restroom":2,"offDoor":0,"crossOver":2,"publicPlace":0,"handicapCount":1,"parkingCount":0,"bicycleCount":0,"civilCount":0},"exitInfo": {"gate": [{"GateNo":"1","GateLink": ["한국마사회연수지점","남구.연수구선거관리위원회","용담근린공원","연수구보건소","연수지구대","연수구보훈회관","청학중학교","늘푸른어린이도서관","연화중학교","연수고등학교","연수2동우편취급국","국민건강보험공단인천남부지사연수출장소","연수2동주민센터","연화초등학교","연화중학교","연수경찰서","연수구청방면"],"BUSSTOP": [{"StopName":"국민은행","StopID":"181465","Bus": [{"BusNo":"780-1","Type":"2","BlID":"21136","BusCityName":"인천"},{"BusNo":"4","Type":"11","BlID":"21004","BusCityName":"인천"}]},{"StopName":"국민은행","StopID":"181466","Bus": [{"BusNo":"780-1","Type":"2","BlID":"21136","BusCityName":"인천"},{"BusNo":"4","Type":"11","BlID":"21004","BusCityName":"인천"}]}]},{"GateNo":"2","GateLink": ["문화공원","문남초등학교","연수1동주민센터","연수1치안센터","인천연수도서관","연수중학교","인천중앙초등학교","인천생활과학고등학교","인천함박초등학교","인천사할린동포복지회관","대학공원","경인의료재활센터병원"],"BUSSTOP": [{"StopName":"영남아파트","StopID":"181461","Bus": [{"BusNo":"780","Type":"2","BlID":"21224","BusCityName":"인천"},{"BusNo":"523","Type":"12","BlID":"21061","BusCityName":"인천"}]},{"StopName":"영남아파트","StopID":"181462","Bus": [{"BusNo":"780","Type":"2","BlID":"21224","BusCityName":"인천"},{"BusNo":"523","Type":"12","BlID":"21061","BusCityName":"인천"}]}]},{"GateNo":"3","GateLink": ["문남초등학교","연수1동주민센터","인천생활과학고등학교","인천함박초등학교"]},{"GateNo":"4","GateLink": ["연수구선거관리위원회","용담근린공원","연수구보건소","연수지구대","청학중학교"]}]}}}