{"result": {"stationName":"원인재","stationID":11127,"type":111,"laneName":"수인선","laneCity":"수도권","x":126.6864455,"y":37.4131988,"exOBJ": {"station": [{"stationName":"원인재","stationID":20130,"type":21,"laneName":"인천 1호선","laneCity":"인천"}]},"prevOBJ": {"station": [{"stationName":"남동인더스파크","stationID":11126,"type":111,"laneName":"수인선","laneCity":"수도권","x":126.6952487,"y":37.4077818}]},"nextOBJ": {"station": [{"stationName":"연수","stationID":11128,"type":111,"laneName":"수인선","laneCity":"수도권","x":126.6782139,"y":37.418162}]},"defaultInfo": {"address":"인천광역시 연수구 연수동 585-1","new_address":"인천광역시 연수구 벚꽃로 195","tel":"1544-7788"},"useInfo": {"platform":2,"meetingPlace":1,"restroom":2,"offDoor":1,"crossOver":2,"publicPlace":0,"handicapCount":1,"parkingCount":0,"bicycleCount":0,"civilCount":0},"exitInfo": {"gate": [{"GateNo":"1","GateLink": ["한국산업인력공단","대한상공회의소인천인력개발원","한국산업단지공단경인지역본부","남동공단소방서","원인재","인천종합비즈니스센터","인천공단소방서"],"BUSSTOP": [{"StopName":"원인재역(1번출구)","StopID":"187437","Bus": [{"BusNo":"304","Type":"2","BlID":"21124","BusCityName":"인천"},{"BusNo":"522","Type":"12","BlID":"21060","BusCityName":"인천"},{"BusNo":"51-1","Type":"12","BlID":"21234","BusCityName":"인천"},{"BusNo":"525","Type":"12","BlID":"21246","BusCityName":"인천"},{"BusNo":"909","Type":"26","BlID":"21249","BusCityName":"인천"},{"BusNo":"908","Type":"26","BlID":"21252","BusCityName":"인천"}]}]},{"GateNo":"2","GateLink": ["연수체육공원","대한상공회의소인천인력개발원","한국산업인력공단","인천종합비즈니스센터","한국산업단지공단경인지역본부","남동공단소방서","인천전직지원센터","인천상공회의소"]},{"GateNo":"3","GateLink": ["연수경찰서","연수2동주민센터","연화초등학교","연화중학교","연수고등학교"],"BUSSTOP": [{"StopName":"우성2차아파트","StopID":"122761","Bus": [{"BusNo":"522","Type":"12","BlID":"21060","BusCityName":"인천"}]},{"StopName":"원인재역","StopID":"122766","Bus": [{"BusNo":"522","Type":"12","BlID":"21060","BusCityName":"인천"}]}]},{"GateNo":"4","GateLink": ["연수중학교","중앙초등학교","연수시영아파트","승기마을아파트","연수2치안센터","연수2동주민센터","늘푸른어린이도서관","연화초등학교","연화중학교","연수고등학교","연수경찰서","국민건강보험공단인천남부지사연수출장소","연수2동우편취급국","연수시졍아파트","연수KRA Plaza"],"BUSSTOP": [{"StopName":"우성2차아파트","StopID":"122761","Bus": [{"BusNo":"522","Type":"12","BlID":"21060","BusCityName":"인천"}]},{"StopName":"원인재역","StopID":"122766","Bus": [{"BusNo":"522","Type":"12","BlID":"21060","BusCityName":"인천"}]}]},{"GateNo":"5","GateLink": ["연수중학교","인천중앙초등학교","인천연수도서관","문화공원","대학공원","경인의료재활센터병원","인천적십자병원","솔밭공원","연수구보훈회관"],"BUSSTOP": [{"StopName":"연수1차아파트","StopID":"181455","Bus": [{"BusNo":"303","Type":"2","BlID":"21135","BusCityName":"인천"},{"BusNo":"780","Type":"2","BlID":"21224","BusCityName":"인천"},{"BusNo":"27","Type":"11","BlID":"21023","BusCityName":"인천"},{"BusNo":"46","Type":"11","BlID":"21038","BusCityName":"인천"},{"BusNo":"63","Type":"11","BlID":"21040","BusCityName":"인천"},{"BusNo":"65","Type":"11","BlID":"21111","BusCityName":"인천"},{"BusNo":"112","Type":"11","BlID":"21121","BusCityName":"인천"}]},{"StopName":"연수주공3차아파트","StopID":"182512","Bus": [{"BusNo":"303","Type":"2","BlID":"21135","BusCityName":"인천"},{"BusNo":"780","Type":"2","BlID":"21224","BusCityName":"인천"},{"BusNo":"27","Type":"11","BlID":"21023","BusCityName":"인천"},{"BusNo":"46","Type":"11","BlID":"21038","BusCityName":"인천"},{"BusNo":"63","Type":"11","BlID":"21040","BusCityName":"인천"},{"BusNo":"65","Type":"11","BlID":"21111","BusCityName":"인천"},{"BusNo":"112","Type":"11","BlID":"21121","BusCityName":"인천"}]},{"StopName":"원인재역(1번출구)","StopID":"187437","Bus": [{"BusNo":"304","Type":"2","BlID":"21124","BusCityName":"인천"},{"BusNo":"522","Type":"12","BlID":"21060","BusCityName":"인천"},{"BusNo":"51-1","Type":"12","BlID":"21234","BusCityName":"인천"},{"BusNo":"525","Type":"12","BlID":"21246","BusCityName":"인천"},{"BusNo":"909","Type":"26","BlID":"21249","BusCityName":"인천"},{"BusNo":"908","Type":"26","BlID":"21252","BusCityName":"인천"}]},{"StopName":"원인재역(6번출구)","StopID":"187438","Bus": [{"BusNo":"304","Type":"2","BlID":"21124","BusCityName":"인천"},{"BusNo":"522","Type":"12","BlID":"21060","BusCityName":"인천"},{"BusNo":"51-2","Type":"12","BlID":"21235","BusCityName":"인천"},{"BusNo":"525","Type":"12","BlID":"21246","BusCityName":"인천"},{"BusNo":"909","Type":"26","BlID":"21249","BusCityName":"인천"},{"BusNo":"908","Type":"26","BlID":"21252","BusCityName":"인천"}]}]},{"GateNo":"6","GateLink": ["연수중하교","인천중앙초등학교"],"BUSSTOP": [{"StopName":"솔밭마을","StopID":"122765","Bus": [{"BusNo":"522","Type":"12","BlID":"21060","BusCityName":"인천"},{"BusNo":"51-2","Type":"12","BlID":"21235","BusCityName":"인천"}]},{"StopName":"원인재역(6번출구)","StopID":"187438","Bus": [{"BusNo":"304","Type":"2","BlID":"21124","BusCityName":"인천"},{"BusNo":"522","Type":"12","BlID":"21060","BusCityName":"인천"},{"BusNo":"51-2","Type":"12","BlID":"21235","BusCityName":"인천"},{"BusNo":"525","Type":"12","BlID":"21246","BusCityName":"인천"},{"BusNo":"909","Type":"26","BlID":"21249","BusCityName":"인천"},{"BusNo":"908","Type":"26","BlID":"21252","BusCityName":"인천"}]}]}]}}}