{"result": {"stationName":"인천논현","stationID":11124,"type":111,"laneName":"수인선","laneCity":"수도권","x":126.7225124,"y":37.4006547,"prevOBJ": {"station": [{"stationName":"소래포구","stationID":11123,"type":111,"laneName":"수인선","laneCity":"수도권","x":126.7335416,"y":37.4009714}]},"nextOBJ": {"station": [{"stationName":"호구포","stationID":11125,"type":111,"laneName":"수인선","laneCity":"수도권","x":126.708694,"y":37.401631}]},"defaultInfo": {"address":"인천광역시 남동구 논현동 731-4","new_address":"인천광역시 남동구 청능대로 567","tel":"1544-7788"},"useInfo": {"platform":1,"meetingPlace":1,"restroom":2,"offDoor":0,"crossOver":2,"publicPlace":0,"handicapCount":1,"parkingCount":0,"bicycleCount":0,"civilCount":0},"exitInfo": {"gate": [{"GateNo":"1","GateLink": ["원동초등학교","고잔중학교","인천소래휴먼시아3단지","힐스테이트아파트","논현고잔동주민센터"],"BUSSTOP": [{"StopName":"인천논현역앞","StopID":"206047","Bus": [{"BusNo":"112","Type":"11","BlID":"21121","BusCityName":"인천"},{"BusNo":"16-1","Type":"11","BlID":"21227","BusCityName":"인천"},{"BusNo":"537","Type":"12","BlID":"21068","BusCityName":"인천"},{"BusNo":"51-2","Type":"12","BlID":"21235","BusCityName":"인천"},{"BusNo":"905","Type":"26","BlID":"21243","BusCityName":"인천"}]},{"StopName":"인천논현역앞","StopID":"206049","Bus": [{"BusNo":"112","Type":"11","BlID":"21121","BusCityName":"인천"},{"BusNo":"16-1","Type":"11","BlID":"21227","BusCityName":"인천"},{"BusNo":"537","Type":"12","BlID":"21068","BusCityName":"인천"},{"BusNo":"905","Type":"26","BlID":"21243","BusCityName":"인천"}]}]},{"GateNo":"2","GateLink": ["송천초등학교","송천고등학교","소래휴먼시아1단지아파트","소래도서관","남동문화예술회관"],"BUSSTOP": [{"StopName":"인천논현역","StopID":"152794","Bus": [{"BusNo":"51-2","Type":"12","BlID":"21235","BusCityName":"인천"}]}]},{"GateNo":"3","GateLink": ["동방초등학교","동방중학교","논현2동주민센터","호구포근린공원","휴먼시아5단지아파트","꿈에그린6단지아파트"],"BUSSTOP": [{"StopName":"인천논현역","StopID":"152790","Bus": [{"BusNo":"103-1","Type":"11","BlID":"21146","BusCityName":"인천"},{"BusNo":"51-1","Type":"12","BlID":"21234","BusCityName":"인천"},{"BusNo":"907","Type":"26","BlID":"21250","BusCityName":"인천"}]}]},{"GateNo":"4","GateLink": ["은봉초등학교","논현고등학교","남동고등학교","신일해피트리7단지아파트","냇마을신영지웰아파트","뜨란채8단지","온현1동주민센터"],"BUSSTOP": [{"StopName":"청능로사거리","StopID":"128364","Bus": [{"BusNo":"303-1","Type":"2","BlID":"21263","BusCityName":"인천"},{"BusNo":"20","Type":"11","BlID":"21018","BusCityName":"인천"},{"BusNo":"27","Type":"11","BlID":"21023","BusCityName":"인천"},{"BusNo":"38","Type":"11","BlID":"21032","BusCityName":"인천"},{"BusNo":"21-1","Type":"11","BlID":"21110","BusCityName":"인천"},{"BusNo":"65","Type":"11","BlID":"21111","BusCityName":"인천"},{"BusNo":"112","Type":"11","BlID":"21121","BusCityName":"인천"},{"BusNo":"103-1","Type":"11","BlID":"21146","BusCityName":"인천"},{"BusNo":"16-1","Type":"11","BlID":"21227","BusCityName":"인천"},{"BusNo":"537","Type":"12","BlID":"21068","BusCityName":"인천"},{"BusNo":"M6410","Type":"14","BlID":"6565","BusCityName":"안산"},{"BusNo":"1301","Type":"14","BlID":"21213","BusCityName":"인천"},{"BusNo":"907","Type":"26","BlID":"21250","BusCityName":"인천"}]},{"StopName":"청능로사거리","StopID":"128377","Bus": [{"BusNo":"303-1","Type":"2","BlID":"21263","BusCityName":"인천"},{"BusNo":"20","Type":"11","BlID":"21018","BusCityName":"인천"},{"BusNo":"27","Type":"11","BlID":"21023","BusCityName":"인천"},{"BusNo":"38","Type":"11","BlID":"21032","BusCityName":"인천"},{"BusNo":"21-1","Type":"11","BlID":"21110","BusCityName":"인천"},{"BusNo":"65","Type":"11","BlID":"21111","BusCityName":"인천"},{"BusNo":"112","Type":"11","BlID":"21121","BusCityName":"인천"},{"BusNo":"103-1","Type":"11","BlID":"21146","BusCityName":"인천"},{"BusNo":"16-1","Type":"11","BlID":"21227","BusCityName":"인천"},{"BusNo":"537","Type":"12","BlID":"21068","BusCityName":"인천"},{"BusNo":"M6410","Type":"14","BlID":"6565","BusCityName":"안산"},{"BusNo":"1301","Type":"14","BlID":"21213","BusCityName":"인천"},{"BusNo":"907","Type":"26","BlID":"21250","BusCityName":"인천"}]}]}]}}}