{"result": {"stationName":"인하대","stationID":11131,"type":111,"laneName":"수인선","laneCity":"수도권","x":126.6498506,"y":37.4482066,"prevOBJ": {"station": [{"stationName":"송도","stationID":11129,"type":111,"laneName":"수인선","laneCity":"수도권","x":126.6544983,"y":37.4297253}]},"nextOBJ": {"station": [{"stationName":"숭의","stationID":11132,"type":111,"laneName":"수인선","laneCity":"수도권","x":126.6380932,"y":37.4609025}]},"defaultInfo": {"address":"인천시 남구 용현동 294-3","new_address":null,"tel":"1544-7788"},"useInfo": {"platform":2,"meetingPlace":0,"restroom":2,"offDoor":0,"crossOver":2,"publicPlace":0,"handicapCount":1,"parkingCount":0,"bicycleCount":1,"civilCount":0},"exitInfo": {"gate": [{"GateNo":"1","GateLink": ["교통방송사거리"],"BUSSTOP": [{"StopName":"인하대역(1번출구)","StopID":"181852","Bus": [{"BusNo":"3001","Type":"4","BlID":"12516","BusCityName":"광명"},{"BusNo":"6","Type":"11","BlID":"21006","BusCityName":"인천"},{"BusNo":"8","Type":"11","BlID":"21007","BusCityName":"인천"},{"BusNo":"13","Type":"11","BlID":"21012","BusCityName":"인천"},{"BusNo":"5","Type":"11","BlID":"21027","BusCityName":"인천"},{"BusNo":"38","Type":"11","BlID":"21032","BusCityName":"인천"},{"BusNo":"46","Type":"11","BlID":"21038","BusCityName":"인천"},{"BusNo":"111-2","Type":"11","BlID":"21116","BusCityName":"인천"},{"BusNo":"112","Type":"11","BlID":"21121","BusCityName":"인천"},{"BusNo":"5-1","Type":"11","BlID":"21141","BusCityName":"인천"},{"BusNo":"9200","Type":"14","BlID":"21133","BusCityName":"인천"}]}]},{"GateNo":"2","GateLink": ["비룡삼거리"]},{"GateNo":"3","GateLink": ["용현동"],"BUSSTOP": [{"StopName":"SK물류센터","StopID":"181850","Bus": [{"BusNo":"6","Type":"11","BlID":"21006","BusCityName":"인천"},{"BusNo":"38","Type":"11","BlID":"21032","BusCityName":"인천"},{"BusNo":"46","Type":"11","BlID":"21038","BusCityName":"인천"},{"BusNo":"112","Type":"11","BlID":"21121","BusCityName":"인천"},{"BusNo":"9","Type":"11","BlID":"21204","BusCityName":"인천"}]}]},{"GateNo":"4","GateLink": ["인하대학교"],"BUSSTOP": [{"StopName":"용현동우체국","StopID":"181849","Bus": [{"BusNo":"38","Type":"11","BlID":"21032","BusCityName":"인천"},{"BusNo":"46","Type":"11","BlID":"21038","BusCityName":"인천"},{"BusNo":"112","Type":"11","BlID":"21121","BusCityName":"인천"},{"BusNo":"6-1","Type":"11","BlID":"21125","BusCityName":"인천"},{"BusNo":"9","Type":"11","BlID":"21204","BusCityName":"인천"}]}]},{"GateNo":"5","GateLink": ["인하공업전문대학교"]},{"GateNo":"6","GateLink": ["인하대기숙사"]},{"GateNo":"7","GateLink": ["TBN인천교통방송"],"BUSSTOP": [{"StopName":"인하대역(7번출구)","StopID":"181851","Bus": [{"BusNo":"3001","Type":"4","BlID":"12516","BusCityName":"광명"},{"BusNo":"8","Type":"11","BlID":"21007","BusCityName":"인천"},{"BusNo":"13","Type":"11","BlID":"21012","BusCityName":"인천"},{"BusNo":"5","Type":"11","BlID":"21027","BusCityName":"인천"},{"BusNo":"38","Type":"11","BlID":"21032","BusCityName":"인천"},{"BusNo":"46","Type":"11","BlID":"21038","BusCityName":"인천"},{"BusNo":"111-2","Type":"11","BlID":"21116","BusCityName":"인천"},{"BusNo":"112","Type":"11","BlID":"21121","BusCityName":"인천"},{"BusNo":"6-1","Type":"11","BlID":"21125","BusCityName":"인천"},{"BusNo":"5-1","Type":"11","BlID":"21141","BusCityName":"인천"},{"BusNo":"517","Type":"12","BlID":"21055","BusCityName":"인천"},{"BusNo":"519","Type":"12","BlID":"21057","BusCityName":"인천"},{"BusNo":"9200","Type":"14","BlID":"21133","BusCityName":"인천"}]}]}]}}}