{"result": {"stationName":"신포","stationID":11133,"type":111,"laneName":"수인선","laneCity":"수도권","x":126.6245266,"y":37.4684583,"prevOBJ": {"station": [{"stationName":"숭의","stationID":11132,"type":111,"laneName":"수인선","laneCity":"수도권","x":126.6380932,"y":37.4609025}]},"nextOBJ": {"station": [{"stationName":"인천","stationID":11134,"type":111,"laneName":"수인선","laneCity":"수도권","x":126.617393,"y":37.4764753}]},"defaultInfo": {"address":"인천광역시 중구 사동 26-19","new_address":null,"tel":"1544-7788"},"useInfo": {"platform":2,"meetingPlace":0,"restroom":2,"offDoor":0,"crossOver":1,"publicPlace":0,"handicapCount":1,"parkingCount":0,"bicycleCount":1,"civilCount":0},"exitInfo": {"gate": [{"GateNo":"1","GateLink": ["인천항제2국제여객터미널"],"BUSSTOP": [{"StopName":"제2국제여객터미널","StopID":"187298","Bus": [{"BusNo":"23","Type":"11","BlID":"21021","BusCityName":"인천"},{"BusNo":"24","Type":"11","BlID":"21022","BusCityName":"인천"},{"BusNo":"72","Type":"11","BlID":"21200","BusCityName":"인천"},{"BusNo":"9","Type":"11","BlID":"21204","BusCityName":"인천"}]}]},{"GateNo":"2","GateLink": ["인천제1부두"]},{"GateNo":"3","GateLink": ["인천중부소방서"],"BUSSTOP": [{"StopName":"신포동주민센터","StopID":"181966","Bus": [{"BusNo":"306","Type":"2","BlID":"21120","BusCityName":"인천"},{"BusNo":"15","Type":"11","BlID":"21014","BusCityName":"인천"},{"BusNo":"28","Type":"11","BlID":"21024","BusCityName":"인천"}]},{"StopName":"신포동주민센터","StopID":"181967","Bus": [{"BusNo":"306","Type":"2","BlID":"21120","BusCityName":"인천"},{"BusNo":"15","Type":"11","BlID":"21014","BusCityName":"인천"},{"BusNo":"28","Type":"11","BlID":"21024","BusCityName":"인천"}]}]},{"GateNo":"4","GateLink": ["신포동주민센터"],"BUSSTOP": [{"StopName":"신포역","StopID":"181968","Bus": [{"BusNo":"23","Type":"11","BlID":"21021","BusCityName":"인천"},{"BusNo":"24","Type":"11","BlID":"21022","BusCityName":"인천"},{"BusNo":"72","Type":"11","BlID":"21200","BusCityName":"인천"},{"BusNo":"9","Type":"11","BlID":"21204","BusCityName":"인천"}]}]},{"GateNo":"5","GateLink": ["인천신흥초등학교"],"BUSSTOP": [{"StopName":"인천여상","StopID":"181969","Bus": [{"BusNo":"23","Type":"11","BlID":"21021","BusCityName":"인천"},{"BusNo":"24","Type":"11","BlID":"21022","BusCityName":"인천"},{"BusNo":"72","Type":"11","BlID":"21200","BusCityName":"인천"},{"BusNo":"9","Type":"11","BlID":"21204","BusCityName":"인천"}]}]},{"GateNo":"6","GateLink": ["인천여자상업고등학교"],"BUSSTOP": [{"StopName":"제2국제여객터미널","StopID":"187277","Bus": [{"BusNo":"23","Type":"11","BlID":"21021","BusCityName":"인천"},{"BusNo":"24","Type":"11","BlID":"21022","BusCityName":"인천"},{"BusNo":"72","Type":"11","BlID":"21200","BusCityName":"인천"},{"BusNo":"9","Type":"11","BlID":"21204","BusCityName":"인천"}]}]}]}}}