{"result": {"stationName":"숭의","stationID":11132,"type":111,"laneName":"수인선","laneCity":"수도권","x":126.6380932,"y":37.4609025,"prevOBJ": {"station": [{"stationName":"인하대","stationID":11131,"type":111,"laneName":"수인선","laneCity":"수도권","x":126.6498506,"y":37.4482066}]},"nextOBJ": {"station": [{"stationName":"신포","stationID":11133,"type":111,"laneName":"수인선","laneCity":"수도권","x":126.6245266,"y":37.4684583}]},"defaultInfo": {"address":"인천시 남구 숭의동 379-72","new_address":null,"tel":"1544-7788"},"useInfo": {"platform":2,"meetingPlace":0,"restroom":2,"offDoor":0,"crossOver":2,"publicPlace":0,"handicapCount":1,"parkingCount":0,"bicycleCount":1,"civilCount":0},"exitInfo": {"gate": [{"GateNo":"1","GateLink": ["남부역삼거리"],"BUSSTOP": [{"StopName":"(구)터미널","StopID":"81760","Bus": [{"BusNo":"8848","Type":"22","BlID":"6589","BusCityName":"안산"},{"BusNo":"8851","Type":"22","BlID":"6590","BusCityName":"안산"},{"BusNo":"8855","Type":"22","BlID":"6592","BusCityName":"광주"}]},{"StopName":"엑슬루타워","StopID":"150915","Bus": [{"BusNo":"14","Type":"11","BlID":"21013","BusCityName":"인천"},{"BusNo":"16","Type":"11","BlID":"21015","BusCityName":"인천"},{"BusNo":"5","Type":"11","BlID":"21027","BusCityName":"인천"},{"BusNo":"25","Type":"11","BlID":"21223","BusCityName":"인천"},{"BusNo":"517","Type":"12","BlID":"21055","BusCityName":"인천"}]},{"StopName":"숭의역(1번출구)","StopID":"181911","Bus": [{"BusNo":"14","Type":"11","BlID":"21013","BusCityName":"인천"},{"BusNo":"16","Type":"11","BlID":"21015","BusCityName":"인천"},{"BusNo":"33","Type":"11","BlID":"21028","BusCityName":"인천"},{"BusNo":"36","Type":"11","BlID":"21031","BusCityName":"인천"},{"BusNo":"9","Type":"11","BlID":"21204","BusCityName":"인천"},{"BusNo":"25","Type":"11","BlID":"21223","BusCityName":"인천"},{"BusNo":"517","Type":"12","BlID":"21055","BusCityName":"인천"},{"BusNo":"519","Type":"12","BlID":"21057","BusCityName":"인천"},{"BusNo":"521","Type":"12","BlID":"21059","BusCityName":"인천"},{"BusNo":"9100","Type":"14","BlID":"21132","BusCityName":"인천"},{"BusNo":"790","Type":"14","BlID":"21171","BusCityName":"인천"}]}]},{"GateNo":"2","GateLink": ["인하대병원"],"BUSSTOP": [{"StopName":"숭의역(2번출구)","StopID":"181912","Bus": [{"BusNo":"14","Type":"11","BlID":"21013","BusCityName":"인천"},{"BusNo":"16","Type":"11","BlID":"21015","BusCityName":"인천"},{"BusNo":"33","Type":"11","BlID":"21028","BusCityName":"인천"},{"BusNo":"36","Type":"11","BlID":"21031","BusCityName":"인천"},{"BusNo":"9","Type":"11","BlID":"21204","BusCityName":"인천"},{"BusNo":"25","Type":"11","BlID":"21223","BusCityName":"인천"},{"BusNo":"521","Type":"12","BlID":"21059","BusCityName":"인천"},{"BusNo":"9100","Type":"14","BlID":"21132","BusCityName":"인천"},{"BusNo":"790","Type":"14","BlID":"21171","BusCityName":"인천"},{"BusNo":"8848","Type":"22","BlID":"6589","BusCityName":"안산"},{"BusNo":"8851","Type":"22","BlID":"6590","BusCityName":"안산"},{"BusNo":"8855","Type":"22","BlID":"6592","BusCityName":"광주"},{"BusNo":"8850","Type":"22","BlID":"10725","BusCityName":"광주"}]}]},{"GateNo":"3","GateLink": ["인천신광초등학교"],"BUSSTOP": [{"StopName":"숭의역(3번출구)","StopID":"182001","Bus": [{"BusNo":"16","Type":"11","BlID":"21015","BusCityName":"인천"},{"BusNo":"25","Type":"11","BlID":"21223","BusCityName":"인천"},{"BusNo":"521","Type":"12","BlID":"21059","BusCityName":"인천"}]}]},{"GateNo":"4","GateLink": ["인천수의동우체국"],"BUSSTOP": [{"StopName":"숭의역(4번출구)","StopID":"182002","Bus": [{"BusNo":"16","Type":"11","BlID":"21015","BusCityName":"인천"},{"BusNo":"521","Type":"12","BlID":"21059","BusCityName":"인천"}]}]}]}}}