{"result": {"stationName":"인천","stationID":11134,"type":111,"laneName":"수인선","laneCity":"수도권","x":126.617393,"y":37.4764753,"exOBJ": {"station": [{"stationName":"인천","stationID":161,"type":1,"laneName":"수도권 1호선","laneCity":"수도권"}]},"prevOBJ": {"station": [{"stationName":"신포","stationID":11133,"type":111,"laneName":"수인선","laneCity":"수도권","x":126.6245266,"y":37.4684583}]},"defaultInfo": {"address":"인천광역시 중구 북성동 2가 14","new_address":null,"tel":"1544-7788"},"useInfo": {"platform":1,"meetingPlace":0,"restroom":2,"offDoor":1,"crossOver":2,"publicPlace":0,"handicapCount":1,"parkingCount":0,"bicycleCount":1,"civilCount":0},"exitInfo": {"gate": [{"GateNo":"1","GateLink": ["인천제8부두"],"BUSSTOP": [{"StopName":"인천역(차이나타운)","StopID":"187241","Bus": [{"BusNo":"306","Type":"2","BlID":"21120","BusCityName":"인천"},{"BusNo":"307","Type":"2","BlID":"21221","BusCityName":"인천"},{"BusNo":"15","Type":"11","BlID":"21014","BusCityName":"인천"},{"BusNo":"23","Type":"11","BlID":"21021","BusCityName":"인천"},{"BusNo":"28","Type":"11","BlID":"21024","BusCityName":"인천"},{"BusNo":"45","Type":"11","BlID":"21037","BusCityName":"인천"},{"BusNo":"2","Type":"11","BlID":"21109","BusCityName":"인천"}]}]},{"GateNo":"2","GateLink": ["한국철도공사수도권서부본부"],"BUSSTOP": [{"StopName":"송월동동화마을","StopID":"122458","Bus": [{"BusNo":"15","Type":"11","BlID":"21014","BusCityName":"인천"},{"BusNo":"23","Type":"11","BlID":"21021","BusCityName":"인천"},{"BusNo":"28","Type":"11","BlID":"21024","BusCityName":"인천"},{"BusNo":"45","Type":"11","BlID":"21037","BusCityName":"인천"},{"BusNo":"2","Type":"11","BlID":"21109","BusCityName":"인천"}]},{"StopName":"송월동동화마을","StopID":"122459","Bus": [{"BusNo":"15","Type":"11","BlID":"21014","BusCityName":"인천"},{"BusNo":"23","Type":"11","BlID":"21021","BusCityName":"인천"},{"BusNo":"28","Type":"11","BlID":"21024","BusCityName":"인천"},{"BusNo":"45","Type":"11","BlID":"21037","BusCityName":"인천"},{"BusNo":"2","Type":"11","BlID":"21109","BusCityName":"인천"}]}]},{"GateNo":"3","GateLink": ["인천차이나타운"],"BUSSTOP": [{"StopName":"인천역(차이나타운)","StopID":"187242","Bus": [{"BusNo":"306","Type":"2","BlID":"21120","BusCityName":"인천"},{"BusNo":"307","Type":"2","BlID":"21221","BusCityName":"인천"},{"BusNo":"15","Type":"11","BlID":"21014","BusCityName":"인천"},{"BusNo":"23","Type":"11","BlID":"21021","BusCityName":"인천"},{"BusNo":"28","Type":"11","BlID":"21024","BusCityName":"인천"},{"BusNo":"45","Type":"11","BlID":"21037","BusCityName":"인천"},{"BusNo":"2","Type":"11","BlID":"21109","BusCityName":"인천"}]}]}]}}}