{"result": {"stationName":"달월","stationID":11150,"type":111,"laneName":"수인선","laneCity":"수도권","x":126.7454449,"y":37.3800046,"prevOBJ": {"station": [{"stationName":"오이도","stationID":11121,"type":111,"laneName":"수인선","laneCity":"수도권","x":126.7388236,"y":37.3627242}]},"nextOBJ": {"station": [{"stationName":"월곶","stationID":11122,"type":111,"laneName":"수인선","laneCity":"수도권","x":126.7431553,"y":37.3913606}]},"defaultInfo": {"address":"경기도 시흥시 월곶동 662-3","new_address":"경기도 시흥시 서해안로 736번길 55","tel":"1544-7788"},"useInfo": {"platform":2,"meetingPlace":1,"restroom":2,"offDoor":0,"crossOver":2,"publicPlace":0,"handicapCount":1,"parkingCount":1,"bicycleCount":1,"civilCount":0},"exitInfo": {"gate": [{"GateNo":"1","GateLink": ["버스정류장"]},{"GateNo":"2","GateLink": ["주차장"]}]}}}