{"result": {"stationName":"회룡","stationID":112,"type":1,"laneName":"수도권 1호선","laneCity":"수도권","x":127.0473386,"y":37.7240456,"exOBJ": {"station": [{"stationName":"회룡","stationID":11002,"type":110,"laneName":"의정부경전철","laneCity":"수도권"}]},"prevOBJ": {"station": [{"stationName":"의정부","stationID":111,"type":1,"laneName":"수도권 1호선","laneCity":"수도권","x":127.04602,"y":37.7384333}]},"nextOBJ": {"station": [{"stationName":"망월사","stationID":113,"type":1,"laneName":"수도권 1호선","laneCity":"수도권","x":127.0473757,"y":37.7105035}]},"defaultInfo": {"address":"경기도 의정부시 호원동 50-5","new_address":"경기도 의정부시 평화로 363","tel":"1544-7788"},"useInfo": {"platform":2,"meetingPlace":0,"restroom":2,"offDoor":0,"crossOver":2,"publicPlace":0,"handicapCount":1,"parkingCount":1,"bicycleCount":1,"civilCount":0},"exitInfo": {"gate": [{"GateNo":"1","GateLink": ["공영주차장"],"BUSSTOP": [{"StopName":"미도아파트(마을)","StopID":"199393","Bus": [{"BusNo":"202","Type":"3","BlID":"9071","BusCityName":"의정부"},{"BusNo":"202-1","Type":"3","BlID":"9075","BusCityName":"의정부"}]}]},{"GateNo":"2","GateLink": ["호원2동주민센터"],"BUSSTOP": [{"StopName":"한신아파트","StopID":"186656","Bus": [{"BusNo":"133","Type":"1","BlID":"9035","BusCityName":"의정부"},{"BusNo":"206-2","Type":"3","BlID":"9070","BusCityName":"의정부"}]},{"StopName":"한신아파트","StopID":"186657","Bus": [{"BusNo":"133","Type":"1","BlID":"9035","BusCityName":"의정부"},{"BusNo":"206-2","Type":"3","BlID":"9070","BusCityName":"의정부"}]}]},{"GateNo":"3","GateLink": ["신일아파트","쌍용아파트","미도아파트","뉴삼익아파트","한신아파트","신원아파트","호원중학교","사패산"]}]}}}