{"result": {"stationName":"망월사","stationID":113,"type":1,"laneName":"수도권 1호선","laneCity":"수도권","x":127.0473757,"y":37.7105035,"prevOBJ": {"station": [{"stationName":"회룡","stationID":112,"type":1,"laneName":"수도권 1호선","laneCity":"수도권","x":127.0473386,"y":37.7240456}]},"nextOBJ": {"station": [{"stationName":"도봉산","stationID":114,"type":1,"laneName":"수도권 1호선","laneCity":"수도권","x":127.0460668,"y":37.6895981}]},"defaultInfo": {"address":"경기도 의정부시 호원동 50-5","new_address":"경기도 의정부시 평화로 221","tel":"1544-7788"},"useInfo": {"platform":2,"meetingPlace":0,"restroom":1,"offDoor":0,"crossOver":2,"publicPlace":0,"handicapCount":1,"parkingCount":0,"bicycleCount":0,"civilCount":0},"exitInfo": {"gate": [{"GateNo":"1","GateLink": ["우성아파트","유원아파트","월드아파트","호원동주민센터","농협중앙회 호원동지점"],"BUSSTOP": [{"StopName":"안말입구.망월사역북문","StopID":"175254","Bus": [{"BusNo":"203-2","Type":"3","BlID":"9062","BusCityName":"의정부"},{"BusNo":"203-1","Type":"3","BlID":"9068","BusCityName":"의정부"},{"BusNo":"202","Type":"3","BlID":"9071","BusCityName":"의정부"},{"BusNo":"202-1","Type":"3","BlID":"9075","BusCityName":"의정부"},{"BusNo":"203","Type":"3","BlID":"9076","BusCityName":"의정부"}]}]},{"GateNo":"2","GateLink": ["회룡중학교","회룡초등학교","호원중학교"]},{"GateNo":"3","GateLink": ["건영아파트","망월사","신흥대학","한국표준협회(경기북부벤처센터)","호암초등학교","호원고등학교","호원치안센터"],"BUSSTOP": [{"StopName":"장수원.신한대학교","StopID":"107181","Bus": [{"BusNo":"5","Type":"1","BlID":"9015","BusCityName":"의정부"},{"BusNo":"10","Type":"1","BlID":"9020","BusCityName":"의정부"},{"BusNo":"36","Type":"1","BlID":"9031","BusCityName":"의정부"},{"BusNo":"133","Type":"1","BlID":"9035","BusCityName":"의정부"},{"BusNo":"7","Type":"1","BlID":"9041","BusCityName":"의정부"},{"BusNo":"39","Type":"1","BlID":"9048","BusCityName":"의정부"},{"BusNo":"39-4","Type":"1","BlID":"9050","BusCityName":"의정부"},{"BusNo":"36(심야)","Type":"1","BlID":"9055","BusCityName":"의정부"},{"BusNo":"48","Type":"1","BlID":"17006","BusCityName":"양주"},{"BusNo":"48-1","Type":"1","BlID":"17033","BusCityName":"양주"},{"BusNo":"118","Type":"1","BlID":"17047","BusCityName":"양주"},{"BusNo":"39-1","Type":"1","BlID":"17048","BusCityName":"양주"},{"BusNo":"72","Type":"1","BlID":"17503","BusCityName":"포천"},{"BusNo":"72-3","Type":"1","BlID":"17511","BusCityName":"포천"},{"BusNo":"203-2","Type":"3","BlID":"9062","BusCityName":"의정부"},{"BusNo":"203-1","Type":"3","BlID":"9068","BusCityName":"의정부"},{"BusNo":"202","Type":"3","BlID":"9071","BusCityName":"의정부"},{"BusNo":"202-1","Type":"3","BlID":"9075","BusCityName":"의정부"},{"BusNo":"203","Type":"3","BlID":"9076","BusCityName":"의정부"},{"BusNo":"8409","Type":"6","BlID":"10601","BusCityName":"광주"},{"BusNo":"106","Type":"11","BlID":"773","BusCityName":"서울"},{"BusNo":"108(TS아파트)","Type":"11","BlID":"1736","BusCityName":"서울"}]},{"StopName":"장수원.신한대학교","StopID":"107195","Bus": [{"BusNo":"5","Type":"1","BlID":"9015","BusCityName":"의정부"},{"BusNo":"10","Type":"1","BlID":"9020","BusCityName":"의정부"},{"BusNo":"36","Type":"1","BlID":"9031","BusCityName":"의정부"},{"BusNo":"133","Type":"1","BlID":"9035","BusCityName":"의정부"},{"BusNo":"7","Type":"1","BlID":"9041","BusCityName":"의정부"},{"BusNo":"39","Type":"1","BlID":"9048","BusCityName":"의정부"},{"BusNo":"39-4","Type":"1","BlID":"9050","BusCityName":"의정부"},{"BusNo":"36(심야)","Type":"1","BlID":"9055","BusCityName":"의정부"},{"BusNo":"48","Type":"1","BlID":"17006","BusCityName":"양주"},{"BusNo":"48-1","Type":"1","BlID":"17033","BusCityName":"양주"},{"BusNo":"118","Type":"1","BlID":"17047","BusCityName":"양주"},{"BusNo":"39-1","Type":"1","BlID":"17048","BusCityName":"양주"},{"BusNo":"72","Type":"1","BlID":"17503","BusCityName":"포천"},{"BusNo":"72-3","Type":"1","BlID":"17511","BusCityName":"포천"},{"BusNo":"8409","Type":"6","BlID":"10601","BusCityName":"광주"},{"BusNo":"106","Type":"11","BlID":"773","BusCityName":"서울"},{"BusNo":"108(TS아파트)","Type":"11","BlID":"1736","BusCityName":"서울"}]},{"StopName":"망월사역.신한대학교","StopID":"179884","Bus": [{"BusNo":"203-2","Type":"3","BlID":"9062","BusCityName":"의정부"},{"BusNo":"203-1","Type":"3","BlID":"9068","BusCityName":"의정부"},{"BusNo":"202","Type":"3","BlID":"9071","BusCityName":"의정부"},{"BusNo":"202-1","Type":"3","BlID":"9075","BusCityName":"의정부"},{"BusNo":"203","Type":"3","BlID":"9076","BusCityName":"의정부"}]}]}]}}}