{"result": {"stationName":"도봉산","stationID":114,"type":1,"laneName":"수도권 1호선","laneCity":"수도권","x":127.0460668,"y":37.6895981,"exOBJ": {"station": [{"stationName":"도봉산","stationID":710,"type":7,"laneName":"수도권 7호선","laneCity":"수도권"}]},"prevOBJ": {"station": [{"stationName":"망월사","stationID":113,"type":1,"laneName":"수도권 1호선","laneCity":"수도권","x":127.0473757,"y":37.7105035}]},"nextOBJ": {"station": [{"stationName":"도봉","stationID":115,"type":1,"laneName":"수도권 1호선","laneCity":"수도권","x":127.045539,"y":37.6794483}]},"defaultInfo": {"address":"서울특별시 도봉구 도봉동 18-1","new_address":"서울특별시 도봉구 도봉로 964-33","tel":"1544-7788"},"useInfo": {"platform":2,"meetingPlace":0,"restroom":2,"offDoor":0,"crossOver":2,"publicPlace":0,"handicapCount":1,"parkingCount":0,"bicycleCount":0,"civilCount":0},"exitInfo": {"gate": [{"GateNo":"1","GateLink": ["도봉1동새마을회관","도봉1동우체국","도봉고등학교","도봉산입구","도봉산환승주차장","도봉청소년수련원","도봉회관","북서울중학교","서울가든아파트","서울안강고등학교","제일은행"],"BUSSTOP": [{"StopName":"도봉고등학교","StopID":"106938","Bus": [{"BusNo":"141","Type":"11","BlID":"869","BusCityName":"서울"},{"BusNo":"142","Type":"11","BlID":"871","BusCityName":"서울"},{"BusNo":"1127","Type":"12","BlID":"1414","BusCityName":"서울"},{"BusNo":"1128","Type":"12","BlID":"1415","BusCityName":"서울"}]},{"StopName":"도봉산역","StopID":"107036","Bus": [{"BusNo":"5","Type":"1","BlID":"9015","BusCityName":"의정부"},{"BusNo":"36","Type":"1","BlID":"9031","BusCityName":"의정부"},{"BusNo":"133","Type":"1","BlID":"9035","BusCityName":"의정부"},{"BusNo":"7","Type":"1","BlID":"9041","BusCityName":"의정부"},{"BusNo":"10-1","Type":"1","BlID":"9042","BusCityName":"의정부"},{"BusNo":"36(심야)","Type":"1","BlID":"9055","BusCityName":"의정부"},{"BusNo":"118","Type":"1","BlID":"17047","BusCityName":"양주"},{"BusNo":"72","Type":"1","BlID":"17503","BusCityName":"포천"},{"BusNo":"72-3","Type":"1","BlID":"17511","BusCityName":"포천"},{"BusNo":"N16","Type":"11","BlID":"572","BusCityName":"서울"},{"BusNo":"106","Type":"11","BlID":"773","BusCityName":"서울"},{"BusNo":"107","Type":"11","BlID":"774","BusCityName":"서울"},{"BusNo":"140","Type":"11","BlID":"868","BusCityName":"서울"},{"BusNo":"150","Type":"11","BlID":"878","BusCityName":"서울"},{"BusNo":"160","Type":"11","BlID":"1449","BusCityName":"서울"},{"BusNo":"108(TS아파트)","Type":"11","BlID":"1736","BusCityName":"서울"},{"BusNo":"3005","Type":"22","BlID":"10496","BusCityName":"광주"},{"BusNo":"3003","Type":"22","BlID":"10669","BusCityName":"광주"}]},{"StopName":"도봉산역","StopID":"107043","Bus": [{"BusNo":"5","Type":"1","BlID":"9015","BusCityName":"의정부"},{"BusNo":"36","Type":"1","BlID":"9031","BusCityName":"의정부"},{"BusNo":"133","Type":"1","BlID":"9035","BusCityName":"의정부"},{"BusNo":"7","Type":"1","BlID":"9041","BusCityName":"의정부"},{"BusNo":"10-1","Type":"1","BlID":"9042","BusCityName":"의정부"},{"BusNo":"36(심야)","Type":"1","BlID":"9055","BusCityName":"의정부"},{"BusNo":"118","Type":"1","BlID":"17047","BusCityName":"양주"},{"BusNo":"72","Type":"1","BlID":"17503","BusCityName":"포천"},{"BusNo":"72-3","Type":"1","BlID":"17511","BusCityName":"포천"},{"BusNo":"N16","Type":"11","BlID":"572","BusCityName":"서울"},{"BusNo":"106","Type":"11","BlID":"773","BusCityName":"서울"},{"BusNo":"107","Type":"11","BlID":"774","BusCityName":"서울"},{"BusNo":"140","Type":"11","BlID":"868","BusCityName":"서울"},{"BusNo":"150","Type":"11","BlID":"878","BusCityName":"서울"},{"BusNo":"160","Type":"11","BlID":"1449","BusCityName":"서울"},{"BusNo":"108(TS아파트)","Type":"11","BlID":"1736","BusCityName":"서울"},{"BusNo":"3005","Type":"22","BlID":"10496","BusCityName":"광주"},{"BusNo":"3003","Type":"22","BlID":"10669","BusCityName":"광주"}]}]},{"GateNo":"2","GateLink": ["누원고등학교","누원초등학교","서울북부지방법원","서울창포원","수락리버시티아파트","한신아파트"],"BUSSTOP": [{"StopName":"도봉파크빌3단지","StopID":"125047","Bus": [{"BusNo":"도봉09","Type":"3","BlID":"1631","BusCityName":"서울"}]},{"StopName":"도봉파크빌3단지","StopID":"125053","Bus": [{"BusNo":"도봉09","Type":"3","BlID":"1631","BusCityName":"서울"}]}]}]}}}