{"result": {"stationName":"도봉","stationID":115,"type":1,"laneName":"수도권 1호선","laneCity":"수도권","x":127.045539,"y":37.6794483,"prevOBJ": {"station": [{"stationName":"도봉산","stationID":114,"type":1,"laneName":"수도권 1호선","laneCity":"수도권","x":127.0460668,"y":37.6895981}]},"nextOBJ": {"station": [{"stationName":"방학","stationID":116,"type":1,"laneName":"수도권 1호선","laneCity":"수도권","x":127.0443092,"y":37.6674817}]},"defaultInfo": {"address":"서울특별시 도봉구 도봉동 639","new_address":"서울특별시 도봉구 도봉로 170길 2","tel":"1544-7788"},"useInfo": {"platform":2,"meetingPlace":0,"restroom":1,"offDoor":0,"crossOver":2,"publicPlace":0,"handicapCount":1,"parkingCount":0,"bicycleCount":0,"civilCount":0},"exitInfo": {"gate": [{"GateNo":"1","GateLink": ["도봉1동주민센터","도봉초등학교","상계1동주민센터","수락초등학교","도봉1치안센터","누원초등학교","도봉산지구대","노일초등학교","도봉1동우체국","노일중학교","럭키아파트","북서울중학교","삼환아파트","유원아파트","한신아파트"],"BUSSTOP": [{"StopName":"도봉동한신아파트","StopID":"107042","Bus": [{"BusNo":"1127","Type":"12","BlID":"1414","BusCityName":"서울"},{"BusNo":"1128","Type":"12","BlID":"1415","BusCityName":"서울"}]},{"StopName":"도봉동한신아파트","StopID":"107061","Bus": [{"BusNo":"1127","Type":"12","BlID":"1414","BusCityName":"서울"},{"BusNo":"1128","Type":"12","BlID":"1415","BusCityName":"서울"}]},{"StopName":"도봉역","StopID":"107098","Bus": [{"BusNo":"7","Type":"1","BlID":"9041","BusCityName":"의정부"},{"BusNo":"1139","Type":"12","BlID":"822","BusCityName":"서울"},{"BusNo":"1127","Type":"12","BlID":"1414","BusCityName":"서울"}]},{"StopName":"삼환.동아에코빌아파트","StopID":"125023","Bus": [{"BusNo":"도봉09","Type":"3","BlID":"1631","BusCityName":"서울"}]},{"StopName":"도봉역","StopID":"125025","Bus": [{"BusNo":"도봉09","Type":"3","BlID":"1631","BusCityName":"서울"}]}]},{"GateNo":"2","GateLink": ["도봉1동주민센터","한신아파트","도봉1치안센터","럭키아파트","대한법률구조공단서울북부지부"],"BUSSTOP": [{"StopName":"성황당","StopID":"106941","Bus": [{"BusNo":"도봉08","Type":"3","BlID":"1625","BusCityName":"서울"}]},{"StopName":"성황당","StopID":"106947","Bus": [{"BusNo":"도봉08","Type":"3","BlID":"1625","BusCityName":"서울"}]},{"StopName":"서울북부지방법원.검찰청.도봉역성황당","StopID":"106998","Bus": [{"BusNo":"1139","Type":"12","BlID":"822","BusCityName":"서울"},{"BusNo":"1128","Type":"12","BlID":"1415","BusCityName":"서울"}]},{"StopName":"서울북부지방법원.검찰청.도봉역성황당","StopID":"107007","Bus": [{"BusNo":"5","Type":"1","BlID":"9015","BusCityName":"의정부"},{"BusNo":"36","Type":"1","BlID":"9031","BusCityName":"의정부"},{"BusNo":"133","Type":"1","BlID":"9035","BusCityName":"의정부"},{"BusNo":"10-1","Type":"1","BlID":"9042","BusCityName":"의정부"},{"BusNo":"36(심야)","Type":"1","BlID":"9055","BusCityName":"의정부"},{"BusNo":"118","Type":"1","BlID":"17047","BusCityName":"양주"},{"BusNo":"72","Type":"1","BlID":"17503","BusCityName":"포천"},{"BusNo":"72-3","Type":"1","BlID":"17511","BusCityName":"포천"},{"BusNo":"N16","Type":"11","BlID":"572","BusCityName":"서울"},{"BusNo":"106","Type":"11","BlID":"773","BusCityName":"서울"},{"BusNo":"107","Type":"11","BlID":"774","BusCityName":"서울"},{"BusNo":"140","Type":"11","BlID":"868","BusCityName":"서울"},{"BusNo":"141","Type":"11","BlID":"869","BusCityName":"서울"},{"BusNo":"142","Type":"11","BlID":"871","BusCityName":"서울"},{"BusNo":"150","Type":"11","BlID":"878","BusCityName":"서울"},{"BusNo":"160","Type":"11","BlID":"1449","BusCityName":"서울"},{"BusNo":"108(TS아파트)","Type":"11","BlID":"1736","BusCityName":"서울"}]},{"StopName":"서울북부지방법원.검찰청.도봉역성황당","StopID":"107019","Bus": [{"BusNo":"5","Type":"1","BlID":"9015","BusCityName":"의정부"},{"BusNo":"36","Type":"1","BlID":"9031","BusCityName":"의정부"},{"BusNo":"133","Type":"1","BlID":"9035","BusCityName":"의정부"},{"BusNo":"10-1","Type":"1","BlID":"9042","BusCityName":"의정부"},{"BusNo":"36(심야)","Type":"1","BlID":"9055","BusCityName":"의정부"},{"BusNo":"118","Type":"1","BlID":"17047","BusCityName":"양주"},{"BusNo":"72","Type":"1","BlID":"17503","BusCityName":"포천"},{"BusNo":"72-3","Type":"1","BlID":"17511","BusCityName":"포천"},{"BusNo":"N16","Type":"11","BlID":"572","BusCityName":"서울"},{"BusNo":"106","Type":"11","BlID":"773","BusCityName":"서울"},{"BusNo":"107","Type":"11","BlID":"774","BusCityName":"서울"},{"BusNo":"140","Type":"11","BlID":"868","BusCityName":"서울"},{"BusNo":"141","Type":"11","BlID":"869","BusCityName":"서울"},{"BusNo":"142","Type":"11","BlID":"871","BusCityName":"서울"},{"BusNo":"150","Type":"11","BlID":"878","BusCityName":"서울"},{"BusNo":"160","Type":"11","BlID":"1449","BusCityName":"서울"},{"BusNo":"108(TS아파트)","Type":"11","BlID":"1736","BusCityName":"서울"}]},{"StopName":"서울북부지방법원.검찰청.도봉역성황당","StopID":"107020","Bus": [{"BusNo":"1139","Type":"12","BlID":"822","BusCityName":"서울"},{"BusNo":"1128","Type":"12","BlID":"1415","BusCityName":"서울"}]}]},{"GateNo":"3","GateLink": ["서울북부지방법원","도봉시장","서울북부지방검찰청","서원아파트","도봉2동우체국","성균관대학도봉선수촌"],"BUSSTOP": [{"StopName":"서울북부지방법원","StopID":"125021","Bus": [{"BusNo":"도봉09","Type":"3","BlID":"1631","BusCityName":"서울"}]}]}]}}}