{"result": {"stationName":"방학","stationID":116,"type":1,"laneName":"수도권 1호선","laneCity":"수도권","x":127.0443092,"y":37.6674817,"prevOBJ": {"station": [{"stationName":"도봉","stationID":115,"type":1,"laneName":"수도권 1호선","laneCity":"수도권","x":127.045539,"y":37.6794483}]},"nextOBJ": {"station": [{"stationName":"창동","stationID":117,"type":1,"laneName":"수도권 1호선","laneCity":"수도권","x":127.0474996,"y":37.6537397}]},"defaultInfo": {"address":"서울특별시 도봉구 방학동 728","new_address":"서울특별시 도봉구 도봉로 150다길 3","tel":"1544-7788"},"useInfo": {"platform":2,"meetingPlace":0,"restroom":1,"offDoor":0,"crossOver":2,"publicPlace":0,"handicapCount":1,"parkingCount":0,"bicycleCount":0,"civilCount":0},"exitInfo": {"gate": [{"GateNo":"1","GateLink": ["방학1동주민센터","방학우체국","방학2동주민센터","신도봉시장","도봉119안전센터","제일시장","방학파출소","법무부 서울대안교육센터"],"BUSSTOP": [{"StopName":"방학역","StopID":"106948","Bus": [{"BusNo":"1139","Type":"12","BlID":"822","BusCityName":"서울"}]},{"StopName":"신도봉시장.도봉구청.방학북부역","StopID":"177284","Bus": [{"BusNo":"5","Type":"1","BlID":"9015","BusCityName":"의정부"},{"BusNo":"36","Type":"1","BlID":"9031","BusCityName":"의정부"},{"BusNo":"133","Type":"1","BlID":"9035","BusCityName":"의정부"},{"BusNo":"10-1","Type":"1","BlID":"9042","BusCityName":"의정부"},{"BusNo":"36(심야)","Type":"1","BlID":"9055","BusCityName":"의정부"},{"BusNo":"118","Type":"1","BlID":"17047","BusCityName":"양주"},{"BusNo":"72","Type":"1","BlID":"17503","BusCityName":"포천"},{"BusNo":"72-3","Type":"1","BlID":"17511","BusCityName":"포천"},{"BusNo":"N16","Type":"11","BlID":"572","BusCityName":"서울"},{"BusNo":"106","Type":"11","BlID":"773","BusCityName":"서울"},{"BusNo":"107","Type":"11","BlID":"774","BusCityName":"서울"},{"BusNo":"140","Type":"11","BlID":"868","BusCityName":"서울"},{"BusNo":"141","Type":"11","BlID":"869","BusCityName":"서울"},{"BusNo":"142","Type":"11","BlID":"871","BusCityName":"서울"},{"BusNo":"150","Type":"11","BlID":"878","BusCityName":"서울"},{"BusNo":"160","Type":"11","BlID":"1449","BusCityName":"서울"},{"BusNo":"108(TS아파트)","Type":"11","BlID":"1736","BusCityName":"서울"}]},{"StopName":"신도봉시장.도봉구청.방학북부역","StopID":"177285","Bus": [{"BusNo":"5","Type":"1","BlID":"9015","BusCityName":"의정부"},{"BusNo":"36","Type":"1","BlID":"9031","BusCityName":"의정부"},{"BusNo":"133","Type":"1","BlID":"9035","BusCityName":"의정부"},{"BusNo":"10-1","Type":"1","BlID":"9042","BusCityName":"의정부"},{"BusNo":"36(심야)","Type":"1","BlID":"9055","BusCityName":"의정부"},{"BusNo":"118","Type":"1","BlID":"17047","BusCityName":"양주"},{"BusNo":"72","Type":"1","BlID":"17503","BusCityName":"포천"},{"BusNo":"72-3","Type":"1","BlID":"17511","BusCityName":"포천"},{"BusNo":"N16","Type":"11","BlID":"572","BusCityName":"서울"},{"BusNo":"106","Type":"11","BlID":"773","BusCityName":"서울"},{"BusNo":"107","Type":"11","BlID":"774","BusCityName":"서울"},{"BusNo":"140","Type":"11","BlID":"868","BusCityName":"서울"},{"BusNo":"141","Type":"11","BlID":"869","BusCityName":"서울"},{"BusNo":"142","Type":"11","BlID":"871","BusCityName":"서울"},{"BusNo":"150","Type":"11","BlID":"878","BusCityName":"서울"},{"BusNo":"160","Type":"11","BlID":"1449","BusCityName":"서울"},{"BusNo":"108(TS아파트)","Type":"11","BlID":"1736","BusCityName":"서울"}]}]},{"GateNo":"2","GateLink": ["도봉2동주민센터","도봉중학교","도봉구청","도봉구선거관리위원회","도봉구치매지원센터"],"BUSSTOP": [{"StopName":"도봉구청","StopID":"107074","Bus": [{"BusNo":"146","Type":"11","BlID":"875","BusCityName":"서울"},{"BusNo":"1127","Type":"12","BlID":"1414","BusCityName":"서울"}]},{"StopName":"도봉구청","StopID":"107089","Bus": [{"BusNo":"146","Type":"11","BlID":"875","BusCityName":"서울"},{"BusNo":"1127","Type":"12","BlID":"1414","BusCityName":"서울"}]},{"StopName":"도봉구청","StopID":"124992","Bus": [{"BusNo":"도봉08","Type":"3","BlID":"1625","BusCityName":"서울"},{"BusNo":"도봉09","Type":"3","BlID":"1631","BusCityName":"서울"}]}]},{"GateNo":"3","GateLink": ["상계8동주민센터","창도초등학교","서울북부보훈지청","창동중학교","대상타운현대아파트","서울문화고등학교","도봉시립청소년독서실"],"BUSSTOP": [{"StopName":"도봉소방서.방학남부역","StopID":"106920","Bus": [{"BusNo":"36","Type":"1","BlID":"9031","BusCityName":"의정부"},{"BusNo":"133","Type":"1","BlID":"9035","BusCityName":"의정부"},{"BusNo":"10-1","Type":"1","BlID":"9042","BusCityName":"의정부"},{"BusNo":"36(심야)","Type":"1","BlID":"9055","BusCityName":"의정부"},{"BusNo":"118","Type":"1","BlID":"17047","BusCityName":"양주"},{"BusNo":"72","Type":"1","BlID":"17503","BusCityName":"포천"},{"BusNo":"N16","Type":"11","BlID":"572","BusCityName":"서울"},{"BusNo":"106","Type":"11","BlID":"773","BusCityName":"서울"},{"BusNo":"107","Type":"11","BlID":"774","BusCityName":"서울"},{"BusNo":"140","Type":"11","BlID":"868","BusCityName":"서울"},{"BusNo":"142","Type":"11","BlID":"871","BusCityName":"서울"},{"BusNo":"150","Type":"11","BlID":"878","BusCityName":"서울"},{"BusNo":"160","Type":"11","BlID":"1449","BusCityName":"서울"},{"BusNo":"108(TS아파트)","Type":"11","BlID":"1736","BusCityName":"서울"}]},{"StopName":"방학1동대상타운현대삼성아파트","StopID":"107068","Bus": [{"BusNo":"146","Type":"11","BlID":"875","BusCityName":"서울"},{"BusNo":"1127","Type":"12","BlID":"1414","BusCityName":"서울"}]},{"StopName":"방학1동대상타운현대삼성아파트","StopID":"107095","Bus": [{"BusNo":"146","Type":"11","BlID":"875","BusCityName":"서울"},{"BusNo":"1127","Type":"12","BlID":"1414","BusCityName":"서울"}]},{"StopName":"대상타운현대아파트","StopID":"124903","Bus": [{"BusNo":"도봉08","Type":"3","BlID":"1625","BusCityName":"서울"},{"BusNo":"도봉09","Type":"3","BlID":"1631","BusCityName":"서울"}]},{"StopName":"대상타운현대아파트","StopID":"124996","Bus": [{"BusNo":"도봉08","Type":"3","BlID":"1625","BusCityName":"서울"},{"BusNo":"도봉09","Type":"3","BlID":"1631","BusCityName":"서울"}]}]}]}}}