{"result": {"stationName":"광명","stationID":1175,"type":1,"laneName":"수도권 1호선","laneCity":"수도권","x":126.8845405,"y":37.4160066,"prevOBJ": {"station": [{"stationName":"금천구청","stationID":174,"type":1,"laneName":"수도권 1호선","laneCity":"수도권","x":126.8940234,"y":37.4556519}]},"defaultInfo": {"address":"경기도 광명시 일직동 276-8","new_address":"경기도 광명시 광명역로 21","tel":"1544-7788"},"useInfo": {"platform":2,"meetingPlace":1,"restroom":2,"offDoor":0,"crossOver":1,"publicPlace":1,"handicapCount":0,"parkingCount":0,"bicycleCount":0,"civilCount":0},"exitInfo": {"gate": [{"GateNo":"1","GateLink": ["A주차장","C주자창","B.D주차장"]},{"GateNo":"2","GateLink": ["A주차장","C주자창","B.D주차장"],"BUSSTOP": [{"StopName":"고속철도광명역","StopID":"117007","Bus": [{"BusNo":"3","Type":"1","BlID":"6003","BusCityName":"안양"},{"BusNo":"8-2","Type":"1","BlID":"6005","BusCityName":"안양"},{"BusNo":"3-1","Type":"1","BlID":"6047","BusCityName":"안양"},{"BusNo":"11-3","Type":"1","BlID":"12515","BusCityName":"광명"},{"BusNo":"5601","Type":"2","BlID":"6529","BusCityName":"안산"},{"BusNo":"8446","Type":"22","BlID":"10638","BusCityName":"광주"}]}]},{"GateNo":"3","GateLink": ["A.C주차장","B주차장","D주차장"],"BUSSTOP": [{"StopName":"광명역B주차장","StopID":"200585","Bus": [{"BusNo":"22","Type":"1","BlID":"12508","BusCityName":"광명"},{"BusNo":"1-3","Type":"3","BlID":"12520","BusCityName":"광명"},{"BusNo":"1-1","Type":"3","BlID":"12524","BusCityName":"광명"}]}]},{"GateNo":"4","GateLink": ["A.C주차장","B주차장","D주차장"]},{"GateNo":"5","GateLink": ["C주차장","D주차장"]},{"GateNo":"6","GateLink": ["C주차장","D주차장","고속시외버스터미널"],"BUSSTOP": [{"StopName":"고속철도광명역","StopID":"193188","Bus": [{"BusNo":"3","Type":"1","BlID":"6003","BusCityName":"안양"},{"BusNo":"3-1","Type":"1","BlID":"6047","BusCityName":"안양"},{"BusNo":"75","Type":"1","BlID":"7055","BusCityName":"부천"},{"BusNo":"7","Type":"1","BlID":"12501","BusCityName":"광명"},{"BusNo":"22","Type":"1","BlID":"12508","BusCityName":"광명"},{"BusNo":"5601","Type":"2","BlID":"6529","BusCityName":"안산"},{"BusNo":"1-3","Type":"3","BlID":"12520","BusCityName":"광명"},{"BusNo":"1-1","Type":"3","BlID":"12524","BusCityName":"광명"},{"BusNo":"505","Type":"11","BlID":"1094","BusCityName":"서울"},{"BusNo":"5627","Type":"12","BlID":"1145","BusCityName":"서울"},{"BusNo":"5633","Type":"12","BlID":"1424","BusCityName":"서울"}]},{"StopName":"광명고속철도역","StopID":"193580","Bus": [{"BusNo":"6014","Type":"5","BlID":"1794","BusCityName":"서울"},{"BusNo":"6004","Type":"5","BlID":"1805","BusCityName":"서울"}]}]},{"GateNo":"7","GateLink": ["C주차장","D주차장","고속시외버스터미널"],"BUSSTOP": [{"StopName":"고속철도광명역","StopID":"112201","Bus": [{"BusNo":"3","Type":"1","BlID":"6003","BusCityName":"안양"},{"BusNo":"8-2","Type":"1","BlID":"6005","BusCityName":"안양"},{"BusNo":"3-1","Type":"1","BlID":"6047","BusCityName":"안양"},{"BusNo":"17","Type":"1","BlID":"12505","BusCityName":"광명"},{"BusNo":"12","Type":"1","BlID":"12507","BusCityName":"광명"},{"BusNo":"11-3","Type":"1","BlID":"12515","BusCityName":"광명"},{"BusNo":"5601","Type":"2","BlID":"6529","BusCityName":"안산"},{"BusNo":"3002","Type":"4","BlID":"12513","BusCityName":"광명"},{"BusNo":"3001","Type":"4","BlID":"12516","BusCityName":"광명"},{"BusNo":"505","Type":"11","BlID":"1094","BusCityName":"서울"},{"BusNo":"5627","Type":"12","BlID":"1145","BusCityName":"서울"},{"BusNo":"5633","Type":"12","BlID":"1424","BusCityName":"서울"},{"BusNo":"8446","Type":"22","BlID":"10638","BusCityName":"광주"}]}]},{"GateNo":"8","GateLink": ["C주차장","D주차장","고속시외버스터미널"]}]}}}