{"result": {"stationName":"녹천","stationID":118,"type":1,"laneName":"수도권 1호선","laneCity":"수도권","x":127.0514235,"y":37.6446077,"prevOBJ": {"station": [{"stationName":"창동","stationID":117,"type":1,"laneName":"수도권 1호선","laneCity":"수도권","x":127.0474996,"y":37.6537397}]},"nextOBJ": {"station": [{"stationName":"월계","stationID":119,"type":1,"laneName":"수도권 1호선","laneCity":"수도권","x":127.0588543,"y":37.6331249}]},"defaultInfo": {"address":"서울특별시 도봉구 창동 57-11","new_address":"서울특별시 도봉구 덕릉로 376","tel":"1544-7788"},"useInfo": {"platform":2,"meetingPlace":0,"restroom":1,"offDoor":0,"crossOver":2,"publicPlace":0,"handicapCount":1,"parkingCount":0,"bicycleCount":0,"civilCount":0},"exitInfo": {"gate": [{"GateNo":"1","GateLink": ["창동주공4단지","신창시장","창일초등학교","창일중학교","삼성아파트","창림초등학교","창1동치안센터","창1동주민센터","창동주공3단지","창동종합사회복지관","창동 대우그린아파트"],"BUSSTOP": [{"StopName":"창동주공4단지","StopID":"107135","Bus": [{"BusNo":"노원14","Type":"3","BlID":"1459","BusCityName":"서울"},{"BusNo":"102","Type":"11","BlID":"767","BusCityName":"서울"}]},{"StopName":"창동주공4단지","StopID":"107194","Bus": [{"BusNo":"노원14","Type":"3","BlID":"1459","BusCityName":"서울"},{"BusNo":"102","Type":"11","BlID":"767","BusCityName":"서울"}]},{"StopName":"녹천북부역","StopID":"121748","Bus": [{"BusNo":"노원14","Type":"3","BlID":"1459","BusCityName":"서울"}]}]},{"GateNo":"2","GateLink": ["주공아파트18단지","주공아파트19단지","노곡중학교","동아아파트","창4동주민센터","상천초등학교","상계주공1단지","당현초등학교","노원중학교","상계주공2단지"],"BUSSTOP": [{"StopName":"창동주공18단지","StopID":"107401","Bus": [{"BusNo":"1119","Type":"12","BlID":"801","BusCityName":"서울"},{"BusNo":"1120","Type":"12","BlID":"802","BusCityName":"서울"},{"BusNo":"1144","Type":"12","BlID":"827","BusCityName":"서울"}]},{"StopName":"창동주공18단지","StopID":"107413","Bus": [{"BusNo":"1119","Type":"12","BlID":"801","BusCityName":"서울"},{"BusNo":"1120","Type":"12","BlID":"802","BusCityName":"서울"},{"BusNo":"1144","Type":"12","BlID":"827","BusCityName":"서울"}]},{"StopName":"창동주공17단지","StopID":"107443","Bus": [{"BusNo":"102","Type":"11","BlID":"767","BusCityName":"서울"},{"BusNo":"1120","Type":"12","BlID":"802","BusCityName":"서울"},{"BusNo":"1144","Type":"12","BlID":"827","BusCityName":"서울"}]},{"StopName":"창동주공17단지","StopID":"107447","Bus": [{"BusNo":"102","Type":"11","BlID":"767","BusCityName":"서울"},{"BusNo":"1120","Type":"12","BlID":"802","BusCityName":"서울"},{"BusNo":"1144","Type":"12","BlID":"827","BusCityName":"서울"}]}]},{"GateNo":"3","GateLink": ["주공아파트17단지","서울상계직업전문학교"]},{"GateNo":"4","GateLink": ["초안산근린공원"]}]}}}