{"result": {"stationName":"당정","stationID":1181,"type":1,"laneName":"수도권 1호선","laneCity":"수도권","x":126.9483979,"y":37.3433884,"prevOBJ": {"station": [{"stationName":"군포","stationID":180,"type":1,"laneName":"수도권 1호선","laneCity":"수도권","x":126.9485358,"y":37.3537429}]},"nextOBJ": {"station": [{"stationName":"의왕","stationID":181,"type":1,"laneName":"수도권 1호선","laneCity":"수도권","x":126.9481163,"y":37.3206608}]},"defaultInfo": {"address":"경기도 군포시 당정동 938","new_address":"경기도 군포시 당정역로 91","tel":"1544-7788"},"useInfo": {"platform":2,"meetingPlace":1,"restroom":2,"offDoor":0,"crossOver":2,"publicPlace":0,"handicapCount":1,"parkingCount":0,"bicycleCount":1,"civilCount":0},"exitInfo": {"gate": [{"GateNo":"1","GateLink": ["한세대학교","당정초등학교"],"BUSSTOP": [{"StopName":"한세대학교","StopID":"113168","Bus": [{"BusNo":"8-2","Type":"1","BlID":"6005","BusCityName":"안양"},{"BusNo":"87","Type":"1","BlID":"6006","BusCityName":"안양"},{"BusNo":"15-2","Type":"1","BlID":"6020","BusCityName":"안양"},{"BusNo":"22","Type":"1","BlID":"6033","BusCityName":"안양"},{"BusNo":"10","Type":"3","BlID":"18701","BusCityName":"군포"},{"BusNo":"5","Type":"3","BlID":"18708","BusCityName":"군포"},{"BusNo":"3100","Type":"4","BlID":"6542","BusCityName":"안산"},{"BusNo":"3500","Type":"4","BlID":"10596","BusCityName":"광주"},{"BusNo":"1002","Type":"4","BlID":"16092","BusCityName":"화성"}]},{"StopName":"당정지하차도","StopID":"113169","Bus": [{"BusNo":"8-2","Type":"1","BlID":"6005","BusCityName":"안양"},{"BusNo":"87","Type":"1","BlID":"6006","BusCityName":"안양"},{"BusNo":"15-2","Type":"1","BlID":"6020","BusCityName":"안양"},{"BusNo":"22","Type":"1","BlID":"6033","BusCityName":"안양"},{"BusNo":"10","Type":"3","BlID":"18701","BusCityName":"군포"},{"BusNo":"5","Type":"3","BlID":"18708","BusCityName":"군포"}]},{"StopName":"당정역","StopID":"204231","Bus": [{"BusNo":"10","Type":"3","BlID":"18701","BusCityName":"군포"},{"BusNo":"5","Type":"3","BlID":"18708","BusCityName":"군포"}]},{"StopName":"당정역","StopID":"204232","Bus": [{"BusNo":"10","Type":"3","BlID":"18701","BusCityName":"군포"}]}]},{"GateNo":"2","GateLink": ["의왕터미널","울림공원"],"BUSSTOP": [{"StopName":"대우아파트","StopID":"204018","Bus": [{"BusNo":"10","Type":"3","BlID":"18701","BusCityName":"군포"},{"BusNo":"5","Type":"3","BlID":"18708","BusCityName":"군포"}]},{"StopName":"대우아파트","StopID":"204019","Bus": [{"BusNo":"10","Type":"3","BlID":"18701","BusCityName":"군포"}]}]},{"GateNo":"3","GateLink": ["군포2동주민센터","군포초등학교","용호중학교","군포옥천초등학교","용호초등.고등학교"],"BUSSTOP": [{"StopName":"당정역","StopID":"194679","Bus": [{"BusNo":"12","Type":"3","BlID":"18703","BusCityName":"군포"},{"BusNo":"3-1","Type":"3","BlID":"18714","BusCityName":"군포"},{"BusNo":"3","Type":"3","BlID":"18715","BusCityName":"군포"}]}]}]}}}