{"result": {"stationName":"서동탄","stationID":1187,"type":1,"laneName":"수도권 1호선","laneCity":"수도권","x":127.0519022,"y":37.1956811,"prevOBJ": {"station": [{"stationName":"병점","stationID":186,"type":1,"laneName":"수도권 1호선","laneCity":"수도권","x":127.033276,"y":37.2068305}]},"defaultInfo": {"address":"경기도 오산시 외삼미동 242","new_address":"경기도 오산시 외삼미로 15번길 75-60","tel":"1544-7788"},"useInfo": {"platform":1,"meetingPlace":0,"restroom":2,"offDoor":2,"crossOver":2,"publicPlace":0,"handicapCount":1,"parkingCount":0,"bicycleCount":1,"civilCount":0},"exitInfo": {"gate": [{"GateNo":"1","GateLink": ["동탄신도시"],"BUSSTOP": [{"StopName":"서동탄역신일해피트리(중)","StopID":"128416","Bus": [{"BusNo":"45","Type":"1","BlID":"9550","BusCityName":"수원"},{"BusNo":"5-1","Type":"1","BlID":"9572","BusCityName":"수원"},{"BusNo":"701","Type":"1","BlID":"16019","BusCityName":"화성"},{"BusNo":"700","Type":"1","BlID":"16020","BusCityName":"화성"},{"BusNo":"1001","Type":"1","BlID":"16029","BusCityName":"화성"},{"BusNo":"708","Type":"1","BlID":"16051","BusCityName":"화성"},{"BusNo":"1000","Type":"1","BlID":"16068","BusCityName":"화성"},{"BusNo":"19","Type":"3","BlID":"16098","BusCityName":"화성"},{"BusNo":"19(도로교통연구원)","Type":"3","BlID":"16194","BusCityName":"화성"},{"BusNo":"1551","Type":"4","BlID":"10040","BusCityName":"광주"}]},{"StopName":"서동탄역신일해피트리(중)","StopID":"128417","Bus": [{"BusNo":"45","Type":"1","BlID":"9550","BusCityName":"수원"},{"BusNo":"5-1","Type":"1","BlID":"9572","BusCityName":"수원"},{"BusNo":"701","Type":"1","BlID":"16019","BusCityName":"화성"},{"BusNo":"700","Type":"1","BlID":"16020","BusCityName":"화성"},{"BusNo":"1001","Type":"1","BlID":"16029","BusCityName":"화성"},{"BusNo":"708","Type":"1","BlID":"16051","BusCityName":"화성"},{"BusNo":"1000","Type":"1","BlID":"16068","BusCityName":"화성"},{"BusNo":"61(오후운행)","Type":"3","BlID":"15064","BusCityName":"오산"},{"BusNo":"19","Type":"3","BlID":"16098","BusCityName":"화성"},{"BusNo":"19(도로교통연구원)","Type":"3","BlID":"16194","BusCityName":"화성"},{"BusNo":"1551","Type":"4","BlID":"10040","BusCityName":"광주"}]},{"StopName":"서동탄역","StopID":"194207","Bus": [{"BusNo":"709","Type":"1","BlID":"16166","BusCityName":"화성"},{"BusNo":"709-1","Type":"1","BlID":"16167","BusCityName":"화성"}]},{"StopName":"신일해피트리아파트","StopID":"209128","Bus": [{"BusNo":"720-3","Type":"1","BlID":"10106","BusCityName":"광주"},{"BusNo":"72","Type":"1","BlID":"16053","BusCityName":"화성"},{"BusNo":"709","Type":"1","BlID":"16166","BusCityName":"화성"},{"BusNo":"709-1","Type":"1","BlID":"16167","BusCityName":"화성"},{"BusNo":"17-1","Type":"3","BlID":"16183","BusCityName":"화성"},{"BusNo":"17","Type":"3","BlID":"16198","BusCityName":"화성"},{"BusNo":"1551B","Type":"4","BlID":"10696","BusCityName":"광주"}]}]},{"GateNo":"2","GateLink": ["외삼미리제2저수지"]}]}}}