{"result": {"stationName":"월계","stationID":119,"type":1,"laneName":"수도권 1호선","laneCity":"수도권","x":127.0588543,"y":37.6331249,"prevOBJ": {"station": [{"stationName":"녹천","stationID":118,"type":1,"laneName":"수도권 1호선","laneCity":"수도권","x":127.0514235,"y":37.6446077}]},"nextOBJ": {"station": [{"stationName":"광운대","stationID":120,"type":1,"laneName":"수도권 1호선","laneCity":"수도권","x":127.0616787,"y":37.6238396}]},"defaultInfo": {"address":"서울특별시 노원구 월계동 263-1","new_address":"서울특별시 노원구 월계로 53길 40","tel":"1544-7788"},"useInfo": {"platform":2,"meetingPlace":0,"restroom":1,"offDoor":0,"crossOver":2,"publicPlace":0,"handicapCount":1,"parkingCount":1,"bicycleCount":0,"civilCount":0},"exitInfo": {"gate": [{"GateNo":"1","GateLink": ["서울연지초등학교","월계지구대"],"BUSSTOP": [{"StopName":"월계역","StopID":"107658","Bus": [{"BusNo":"147","Type":"11","BlID":"876","BusCityName":"서울"},{"BusNo":"1131","Type":"12","BlID":"814","BusCityName":"서울"}]},{"StopName":"월계역","StopID":"107670","Bus": [{"BusNo":"노원15","Type":"3","BlID":"1463","BusCityName":"서울"},{"BusNo":"147","Type":"11","BlID":"876","BusCityName":"서울"},{"BusNo":"1131","Type":"12","BlID":"814","BusCityName":"서울"}]}]},{"GateNo":"2","GateLink": ["공사중"]},{"GateNo":"3","GateLink": ["월계2치안센터","신계초등학교","월계119안전센터","월계중학교","인덕대학","인덕공업고등학교"]}]}}}