{"result": {"stationName":"광운대","stationID":120,"type":1,"laneName":"수도권 1호선","laneCity":"수도권","x":127.0616787,"y":37.6238396,"prevOBJ": {"station": [{"stationName":"월계","stationID":119,"type":1,"laneName":"수도권 1호선","laneCity":"수도권","x":127.0588543,"y":37.6331249}]},"nextOBJ": {"station": [{"stationName":"석계","stationID":121,"type":1,"laneName":"수도권 1호선","laneCity":"수도권","x":127.0656155,"y":37.6152118}]},"defaultInfo": {"address":"서울특별시 노원구 월계동 85","new_address":"서울특별시 노원구 석계로 98-2","tel":"1544-7788"},"useInfo": {"platform":3,"meetingPlace":0,"restroom":2,"offDoor":2,"crossOver":2,"publicPlace":0,"handicapCount":0,"parkingCount":0,"bicycleCount":0,"civilCount":0},"exitInfo": {"gate": [{"GateNo":"1","GateLink": ["광운대학교방면","월계1동","월계근린공원"],"BUSSTOP": [{"StopName":"월계삼거리","StopID":"107689","Bus": [{"BusNo":"261","Type":"11","BlID":"1438","BusCityName":"서울"},{"BusNo":"1017","Type":"12","BlID":"764","BusCityName":"서울"},{"BusNo":"1137","Type":"12","BlID":"820","BusCityName":"서울"},{"BusNo":"1140","Type":"12","BlID":"823","BusCityName":"서울"}]},{"StopName":"월계삼거리","StopID":"107693","Bus": [{"BusNo":"261","Type":"11","BlID":"1438","BusCityName":"서울"},{"BusNo":"1017","Type":"12","BlID":"764","BusCityName":"서울"},{"BusNo":"1137","Type":"12","BlID":"820","BusCityName":"서울"}]},{"StopName":"광운대역","StopID":"107723","Bus": [{"BusNo":"노원09","Type":"3","BlID":"1584","BusCityName":"서울"}]},{"StopName":"광운대역","StopID":"107724","Bus": [{"BusNo":"노원09","Type":"3","BlID":"1584","BusCityName":"서울"}]}]},{"GateNo":"2","GateLink": ["광운대학교방면","광운전자공업고등학교","광운중학교","선곡초등학교","월계2동"],"BUSSTOP": [{"StopName":"광운대역","StopID":"107753","Bus": [{"BusNo":"163","Type":"11","BlID":"899","BusCityName":"서울"},{"BusNo":"261","Type":"11","BlID":"1438","BusCityName":"서울"},{"BusNo":"1130","Type":"12","BlID":"813","BusCityName":"서울"},{"BusNo":"1133","Type":"12","BlID":"816","BusCityName":"서울"}]},{"StopName":"광운대역","StopID":"107792","Bus": [{"BusNo":"163","Type":"11","BlID":"899","BusCityName":"서울"},{"BusNo":"261","Type":"11","BlID":"1438","BusCityName":"서울"},{"BusNo":"1130","Type":"12","BlID":"813","BusCityName":"서울"},{"BusNo":"1133","Type":"12","BlID":"816","BusCityName":"서울"}]}]},{"GateNo":"3","GateLink": ["성북승무사무소","월계3동"]}]}}}