{"result": {"stationName":"석계","stationID":121,"type":1,"laneName":"수도권 1호선","laneCity":"수도권","x":127.0656155,"y":37.6152118,"exOBJ": {"station": [{"stationName":"석계","stationID":644,"type":6,"laneName":"수도권 6호선","laneCity":"수도권"}]},"prevOBJ": {"station": [{"stationName":"광운대","stationID":120,"type":1,"laneName":"수도권 1호선","laneCity":"수도권","x":127.0616787,"y":37.6238396}]},"nextOBJ": {"station": [{"stationName":"신이문","stationID":122,"type":1,"laneName":"수도권 1호선","laneCity":"수도권","x":127.0673681,"y":37.6018362}]},"defaultInfo": {"address":"서울특별시 노원구 월계동 36-4","new_address":"서울특별시 노원구 화랑로 341","tel":"1544-7788"},"useInfo": {"platform":1,"meetingPlace":0,"restroom":1,"offDoor":1,"crossOver":2,"publicPlace":0,"handicapCount":0,"parkingCount":0,"bicycleCount":1,"civilCount":0},"exitInfo": {"gate": [{"GateNo":"1","GateLink": ["광운대학교","월계1동주민센터","동신.삼창.우남.현대아파트"],"BUSSTOP": [{"StopName":"석계역1번출구.A","StopID":"107886","Bus": [{"BusNo":"74","Type":"1","BlID":"9007","BusCityName":"남양주"},{"BusNo":"73","Type":"1","BlID":"18556","BusCityName":"남양주"},{"BusNo":"노원13","Type":"3","BlID":"566","BusCityName":"서울"},{"BusNo":"노원03","Type":"3","BlID":"1562","BusCityName":"서울"},{"BusNo":"노원04","Type":"3","BlID":"1563","BusCityName":"서울"},{"BusNo":"1131","Type":"12","BlID":"814","BusCityName":"서울"},{"BusNo":"1132","Type":"12","BlID":"815","BusCityName":"서울"},{"BusNo":"1135","Type":"12","BlID":"818","BusCityName":"서울"},{"BusNo":"1136","Type":"12","BlID":"819","BusCityName":"서울"},{"BusNo":"1141","Type":"12","BlID":"824","BusCityName":"서울"},{"BusNo":"1155","Type":"12","BlID":"836","BusCityName":"서울"},{"BusNo":"1156","Type":"12","BlID":"837","BusCityName":"서울"},{"BusNo":"2114","Type":"12","BlID":"1466","BusCityName":"서울"},{"BusNo":"2113","Type":"12","BlID":"1492","BusCityName":"서울"}]},{"StopName":"석계역1번출구","StopID":"151579","Bus": [{"BusNo":"65-1","Type":"1","BlID":"18551","BusCityName":"남양주"},{"BusNo":"261","Type":"11","BlID":"1438","BusCityName":"서울"}]},{"StopName":"석계역","StopID":"193500","Bus": [{"BusNo":"노원09","Type":"3","BlID":"1584","BusCityName":"서울"}]},{"StopName":"석계역","StopID":"194282","Bus": [{"BusNo":"노원09","Type":"3","BlID":"1584","BusCityName":"서울"}]},{"StopName":"석계역1번출구.B","StopID":"197812","Bus": [{"BusNo":"N13","Type":"11","BlID":"571","BusCityName":"서울"},{"BusNo":"163","Type":"11","BlID":"899","BusCityName":"서울"},{"BusNo":"1130","Type":"12","BlID":"813","BusCityName":"서울"},{"BusNo":"1133","Type":"12","BlID":"816","BusCityName":"서울"},{"BusNo":"1222","Type":"12","BlID":"858","BusCityName":"서울"}]}]},{"GateNo":"2","GateLink": ["월계1.2.3동","성북방면","풍림아이원","현대자동차"],"BUSSTOP": [{"StopName":"석계역2번출구","StopID":"107941","Bus": [{"BusNo":"74","Type":"1","BlID":"9007","BusCityName":"남양주"},{"BusNo":"65-1","Type":"1","BlID":"18551","BusCityName":"남양주"},{"BusNo":"73","Type":"1","BlID":"18556","BusCityName":"남양주"},{"BusNo":"N13","Type":"11","BlID":"571","BusCityName":"서울"},{"BusNo":"1131","Type":"12","BlID":"814","BusCityName":"서울"},{"BusNo":"1132","Type":"12","BlID":"815","BusCityName":"서울"},{"BusNo":"1135","Type":"12","BlID":"818","BusCityName":"서울"},{"BusNo":"1136","Type":"12","BlID":"819","BusCityName":"서울"},{"BusNo":"1141","Type":"12","BlID":"824","BusCityName":"서울"},{"BusNo":"1155","Type":"12","BlID":"836","BusCityName":"서울"},{"BusNo":"1156","Type":"12","BlID":"837","BusCityName":"서울"},{"BusNo":"1222","Type":"12","BlID":"858","BusCityName":"서울"},{"BusNo":"2114","Type":"12","BlID":"1466","BusCityName":"서울"},{"BusNo":"2113","Type":"12","BlID":"1492","BusCityName":"서울"}]},{"StopName":"석계역2번출구","StopID":"124112","Bus": [{"BusNo":"1132","Type":"12","BlID":"815","BusCityName":"서울"},{"BusNo":"2114","Type":"12","BlID":"1466","BusCityName":"서울"}]},{"StopName":"6호선석계역","StopID":"152658","Bus": [{"BusNo":"노원13","Type":"3","BlID":"566","BusCityName":"서울"},{"BusNo":"노원03","Type":"3","BlID":"1562","BusCityName":"서울"},{"BusNo":"노원04","Type":"3","BlID":"1563","BusCityName":"서울"}]}]},{"GateNo":"3","GateLink": ["한천초등학교","월릉교","태릉방면","한진.한화 그랑빌","우남아파트"],"BUSSTOP": [{"StopName":"한진한화그랑빌아파트","StopID":"108053","Bus": [{"BusNo":"74","Type":"1","BlID":"9007","BusCityName":"남양주"},{"BusNo":"65-1","Type":"1","BlID":"18551","BusCityName":"남양주"},{"BusNo":"73","Type":"1","BlID":"18556","BusCityName":"남양주"},{"BusNo":"노원13","Type":"3","BlID":"566","BusCityName":"서울"},{"BusNo":"노원03","Type":"3","BlID":"1562","BusCityName":"서울"},{"BusNo":"노원04","Type":"3","BlID":"1563","BusCityName":"서울"},{"BusNo":"N13","Type":"11","BlID":"571","BusCityName":"서울"},{"BusNo":"1131","Type":"12","BlID":"814","BusCityName":"서울"},{"BusNo":"1132","Type":"12","BlID":"815","BusCityName":"서울"},{"BusNo":"1135","Type":"12","BlID":"818","BusCityName":"서울"},{"BusNo":"1136","Type":"12","BlID":"819","BusCityName":"서울"},{"BusNo":"1141","Type":"12","BlID":"824","BusCityName":"서울"},{"BusNo":"1155","Type":"12","BlID":"836","BusCityName":"서울"},{"BusNo":"1156","Type":"12","BlID":"837","BusCityName":"서울"},{"BusNo":"1222","Type":"12","BlID":"858","BusCityName":"서울"},{"BusNo":"2114","Type":"12","BlID":"1466","BusCityName":"서울"}]}]},{"GateNo":"4","GateLink": ["서울특별시민방위교육장","중랑천","두산아파트","성북종합레포츠타운"],"BUSSTOP": [{"StopName":"석계역","StopID":"107948","Bus": [{"BusNo":"74","Type":"1","BlID":"9007","BusCityName":"남양주"},{"BusNo":"65-1","Type":"1","BlID":"18551","BusCityName":"남양주"},{"BusNo":"73","Type":"1","BlID":"18556","BusCityName":"남양주"},{"BusNo":"노원13","Type":"3","BlID":"566","BusCityName":"서울"},{"BusNo":"노원03","Type":"3","BlID":"1562","BusCityName":"서울"},{"BusNo":"노원04","Type":"3","BlID":"1563","BusCityName":"서울"},{"BusNo":"3500","Type":"4","BlID":"17501","BusCityName":"포천"},{"BusNo":"3600","Type":"4","BlID":"17506","BusCityName":"포천"},{"BusNo":"3100-1","Type":"4","BlID":"17540","BusCityName":"포천"},{"BusNo":"3100","Type":"4","BlID":"17573","BusCityName":"포천"},{"BusNo":"N13","Type":"11","BlID":"571","BusCityName":"서울"},{"BusNo":"1131","Type":"12","BlID":"814","BusCityName":"서울"},{"BusNo":"1132","Type":"12","BlID":"815","BusCityName":"서울"},{"BusNo":"1135","Type":"12","BlID":"818","BusCityName":"서울"},{"BusNo":"1136","Type":"12","BlID":"819","BusCityName":"서울"},{"BusNo":"1141","Type":"12","BlID":"824","BusCityName":"서울"},{"BusNo":"1155","Type":"12","BlID":"836","BusCityName":"서울"},{"BusNo":"1156","Type":"12","BlID":"837","BusCityName":"서울"},{"BusNo":"1222","Type":"12","BlID":"858","BusCityName":"서울"},{"BusNo":"2114","Type":"12","BlID":"1466","BusCityName":"서울"},{"BusNo":"2113","Type":"12","BlID":"1492","BusCityName":"서울"}]},{"StopName":"석계역","StopID":"124067","Bus": [{"BusNo":"1132","Type":"12","BlID":"815","BusCityName":"서울"},{"BusNo":"1135","Type":"12","BlID":"818","BusCityName":"서울"},{"BusNo":"1136","Type":"12","BlID":"819","BusCityName":"서울"},{"BusNo":"2114","Type":"12","BlID":"1466","BusCityName":"서울"}]}]},{"GateNo":"5","GateLink": ["석관동","석관중.고등학교","석관1동","중앙하이츠","삼성아파트"],"BUSSTOP": [{"StopName":"석계역","StopID":"107888","Bus": [{"BusNo":"261","Type":"11","BlID":"1438","BusCityName":"서울"}]},{"StopName":"석계역","StopID":"151578","Bus": [{"BusNo":"261","Type":"11","BlID":"1438","BusCityName":"서울"}]}]},{"GateNo":"6","GateLink": ["석관지구대","석관초등학교"],"BUSSTOP": [{"StopName":"석계역굴다리앞","StopID":"107920","Bus": [{"BusNo":"163","Type":"11","BlID":"899","BusCityName":"서울"},{"BusNo":"1131","Type":"12","BlID":"814","BusCityName":"서울"},{"BusNo":"1132","Type":"12","BlID":"815","BusCityName":"서울"},{"BusNo":"1135","Type":"12","BlID":"818","BusCityName":"서울"},{"BusNo":"1136","Type":"12","BlID":"819","BusCityName":"서울"},{"BusNo":"1141","Type":"12","BlID":"824","BusCityName":"서울"},{"BusNo":"1155","Type":"12","BlID":"836","BusCityName":"서울"},{"BusNo":"1156","Type":"12","BlID":"837","BusCityName":"서울"},{"BusNo":"1222","Type":"12","BlID":"858","BusCityName":"서울"}]},{"StopName":"석계역굴다리앞","StopID":"197814","Bus": [{"BusNo":"1132","Type":"12","BlID":"815","BusCityName":"서울"},{"BusNo":"1135","Type":"12","BlID":"818","BusCityName":"서울"},{"BusNo":"1136","Type":"12","BlID":"819","BusCityName":"서울"}]}]},{"GateNo":"7","GateLink": ["석관동주민센터","장위사거리","서울숲","석관초등학교","우리은행"],"BUSSTOP": [{"StopName":"석계역","StopID":"124593","Bus": [{"BusNo":"성북12","Type":"3","BlID":"1594","BusCityName":"서울"},{"BusNo":"성북13","Type":"3","BlID":"1599","BusCityName":"서울"},{"BusNo":"성북14","Type":"3","BlID":"1603","BusCityName":"서울"}]}]}]}}}