{"result": {"stationName":"신이문","stationID":122,"type":1,"laneName":"수도권 1호선","laneCity":"수도권","x":127.0673681,"y":37.6018362,"prevOBJ": {"station": [{"stationName":"석계","stationID":121,"type":1,"laneName":"수도권 1호선","laneCity":"수도권","x":127.0656155,"y":37.6152118}]},"nextOBJ": {"station": [{"stationName":"외대앞","stationID":123,"type":1,"laneName":"수도권 1호선","laneCity":"수도권","x":127.0635885,"y":37.5961657}]},"defaultInfo": {"address":"서울특별시 동대문구 이문동 7","new_address":"서울특별시 동대문구 한천로 472","tel":"1544-7788"},"useInfo": {"platform":2,"meetingPlace":0,"restroom":1,"offDoor":0,"crossOver":2,"publicPlace":0,"handicapCount":1,"parkingCount":0,"bicycleCount":1,"civilCount":0},"exitInfo": {"gate": [{"GateNo":"1","GateLink": ["이문동방면","한국예술종합학교","의릉.이문초등학교","이문2주민센터","이문e-편한세상 아파트"],"BUSSTOP": [{"StopName":"의릉입구","StopID":"107784","Bus": [{"BusNo":"N13","Type":"11","BlID":"571","BusCityName":"서울"},{"BusNo":"147","Type":"11","BlID":"876","BusCityName":"서울"},{"BusNo":"261","Type":"11","BlID":"1438","BusCityName":"서울"},{"BusNo":"120","Type":"11","BlID":"1500","BusCityName":"서울"},{"BusNo":"1222","Type":"12","BlID":"858","BusCityName":"서울"}]},{"StopName":"의릉입구","StopID":"107800","Bus": [{"BusNo":"N13","Type":"11","BlID":"571","BusCityName":"서울"},{"BusNo":"147","Type":"11","BlID":"876","BusCityName":"서울"},{"BusNo":"261","Type":"11","BlID":"1438","BusCityName":"서울"},{"BusNo":"120","Type":"11","BlID":"1500","BusCityName":"서울"},{"BusNo":"1222","Type":"12","BlID":"858","BusCityName":"서울"}]},{"StopName":"석관동코오롱아파트","StopID":"107924","Bus": [{"BusNo":"145","Type":"11","BlID":"874","BusCityName":"서울"},{"BusNo":"1218","Type":"12","BlID":"1410","BusCityName":"서울"},{"BusNo":"1122","Type":"12","BlID":"1807","BusCityName":"서울"}]},{"StopName":"석관동코오롱아파트","StopID":"107936","Bus": [{"BusNo":"145","Type":"11","BlID":"874","BusCityName":"서울"},{"BusNo":"1218","Type":"12","BlID":"1410","BusCityName":"서울"},{"BusNo":"1122","Type":"12","BlID":"1807","BusCityName":"서울"}]}]},{"GateNo":"2","GateLink": ["신내동 방면","마을버스","이경지구대 중랑천"],"BUSSTOP": [{"StopName":"쌍용아파트","StopID":"111944","Bus": [{"BusNo":"중랑01","Type":"3","BlID":"1698","BusCityName":"서울"},{"BusNo":"2235","Type":"12","BlID":"1468","BusCityName":"서울"},{"BusNo":"1122","Type":"12","BlID":"1807","BusCityName":"서울"}]},{"StopName":"쌍용아파트","StopID":"121800","Bus": [{"BusNo":"2235","Type":"12","BlID":"1468","BusCityName":"서울"}]},{"StopName":"신이문역","StopID":"166639","Bus": [{"BusNo":"중랑01","Type":"3","BlID":"1698","BusCityName":"서울"},{"BusNo":"2235","Type":"12","BlID":"1468","BusCityName":"서울"},{"BusNo":"1122","Type":"12","BlID":"1807","BusCityName":"서울"}]}]},{"GateNo":"3","GateLink": ["한국철도공사 KORAIL","수도권동부본부","이문차량사업소","이문체육문화센터","이문 1.2차 푸르지오 아파트","이문현대아파트"],"BUSSTOP": [{"StopName":"이문동현대아파트앞","StopID":"108131","Bus": [{"BusNo":"중랑01","Type":"3","BlID":"1698","BusCityName":"서울"},{"BusNo":"273","Type":"11","BlID":"941","BusCityName":"서울"},{"BusNo":"2235","Type":"12","BlID":"1468","BusCityName":"서울"},{"BusNo":"1122","Type":"12","BlID":"1807","BusCityName":"서울"}]},{"StopName":"이문동현대아파트","StopID":"108135","Bus": [{"BusNo":"273","Type":"11","BlID":"941","BusCityName":"서울"},{"BusNo":"2235","Type":"12","BlID":"1468","BusCityName":"서울"},{"BusNo":"1122","Type":"12","BlID":"1807","BusCityName":"서울"}]}]},{"GateNo":"4","GateLink": ["이문2동치안센터","이문동우체국"],"BUSSTOP": [{"StopName":"이문동우체국","StopID":"107778","Bus": [{"BusNo":"N13","Type":"11","BlID":"571","BusCityName":"서울"},{"BusNo":"147","Type":"11","BlID":"876","BusCityName":"서울"},{"BusNo":"261","Type":"11","BlID":"1438","BusCityName":"서울"},{"BusNo":"120","Type":"11","BlID":"1500","BusCityName":"서울"},{"BusNo":"1222","Type":"12","BlID":"858","BusCityName":"서울"}]},{"StopName":"이문동교회","StopID":"107796","Bus": [{"BusNo":"N13","Type":"11","BlID":"571","BusCityName":"서울"},{"BusNo":"147","Type":"11","BlID":"876","BusCityName":"서울"},{"BusNo":"261","Type":"11","BlID":"1438","BusCityName":"서울"},{"BusNo":"120","Type":"11","BlID":"1500","BusCityName":"서울"},{"BusNo":"1222","Type":"12","BlID":"858","BusCityName":"서울"}]}]},{"GateNo":"5","GateLink": ["이경지구대"],"BUSSTOP": [{"StopName":"한천로쌍용아파트앞","StopID":"107981","Bus": [{"BusNo":"145","Type":"11","BlID":"874","BusCityName":"서울"},{"BusNo":"1218","Type":"12","BlID":"1410","BusCityName":"서울"},{"BusNo":"1122","Type":"12","BlID":"1807","BusCityName":"서울"}]},{"StopName":"한천로쌍용아파트앞","StopID":"108007","Bus": [{"BusNo":"145","Type":"11","BlID":"874","BusCityName":"서울"},{"BusNo":"1218","Type":"12","BlID":"1410","BusCityName":"서울"},{"BusNo":"1122","Type":"12","BlID":"1807","BusCityName":"서울"}]}]}]}}}