{"result": {"stationName":"외대앞","stationID":123,"type":1,"laneName":"수도권 1호선","laneCity":"수도권","x":127.0635885,"y":37.5961657,"prevOBJ": {"station": [{"stationName":"신이문","stationID":122,"type":1,"laneName":"수도권 1호선","laneCity":"수도권","x":127.0673681,"y":37.6018362}]},"nextOBJ": {"station": [{"stationName":"회기","stationID":124,"type":1,"laneName":"수도권 1호선","laneCity":"수도권","x":127.0579498,"y":37.5898136}]},"defaultInfo": {"address":"서울특별시 동대문구 이문동 360-5","new_address":"서울특별시 동대문구 휘경로 27","tel":"1544-7788"},"useInfo": {"platform":2,"meetingPlace":0,"restroom":1,"offDoor":2,"crossOver":2,"publicPlace":0,"handicapCount":0,"parkingCount":0,"bicycleCount":1,"civilCount":0},"exitInfo": {"gate": [{"GateNo":"1","GateLink": ["이문2동주민센터","이문2동치안센터","이문동우체국","한국외국어대학교","경희여중고등학교","이문시장","경희의료원","경희대학교"],"BUSSTOP": [{"StopName":"외대앞역","StopID":"107797","Bus": [{"BusNo":"동대문02","Type":"3","BlID":"1636","BusCityName":"서울"}]},{"StopName":"외대역앞","StopID":"111837","Bus": [{"BusNo":"273","Type":"11","BlID":"941","BusCityName":"서울"}]}]},{"GateNo":"2","GateLink": ["중앙하이츠아파트","이경시장","삼익아파트","이문1동주민센터","휘경1동주민센터","이경지구대"],"BUSSTOP": [{"StopName":"이경시장","StopID":"111835","Bus": [{"BusNo":"273","Type":"11","BlID":"941","BusCityName":"서울"}]},{"StopName":"종로사약국","StopID":"111836","Bus": [{"BusNo":"273","Type":"11","BlID":"941","BusCityName":"서울"}]}]},{"GateNo":"3","GateLink": ["중랑교"]},{"GateNo":"4","GateLink": ["롯데낙천대아파트","휘경미소지움아파트"]},{"GateNo":"5","GateLink": ["한국외국어대학교","삼성래미안2차아파트"],"BUSSTOP": [{"StopName":"외대앞","StopID":"107677","Bus": [{"BusNo":"N13","Type":"11","BlID":"571","BusCityName":"서울"},{"BusNo":"147","Type":"11","BlID":"876","BusCityName":"서울"},{"BusNo":"273","Type":"11","BlID":"941","BusCityName":"서울"},{"BusNo":"261","Type":"11","BlID":"1438","BusCityName":"서울"},{"BusNo":"120","Type":"11","BlID":"1500","BusCityName":"서울"},{"BusNo":"1222","Type":"12","BlID":"858","BusCityName":"서울"}]},{"StopName":"외대앞","StopID":"107694","Bus": [{"BusNo":"N13","Type":"11","BlID":"571","BusCityName":"서울"},{"BusNo":"147","Type":"11","BlID":"876","BusCityName":"서울"},{"BusNo":"273","Type":"11","BlID":"941","BusCityName":"서울"},{"BusNo":"261","Type":"11","BlID":"1438","BusCityName":"서울"},{"BusNo":"120","Type":"11","BlID":"1500","BusCityName":"서울"},{"BusNo":"1222","Type":"12","BlID":"858","BusCityName":"서울"}]}]},{"GateNo":"6","GateLink": ["한국외국어대학교","사이버한국외국어대학교"],"BUSSTOP": [{"StopName":"외대역앞","StopID":"111834","Bus": [{"BusNo":"273","Type":"11","BlID":"941","BusCityName":"서울"}]}]}]}}}