{"result": {"stationName":"청량리","stationID":125,"type":1,"laneName":"수도권 1호선","laneCity":"수도권","x":127.0447587,"y":37.5800215,"exOBJ": {"station": [{"stationName":"청량리","stationID":191,"type":104,"laneName":"경의중앙선","laneCity":"수도권"}]},"prevOBJ": {"station": [{"stationName":"회기","stationID":124,"type":1,"laneName":"수도권 1호선","laneCity":"수도권","x":127.0579498,"y":37.5898136}]},"nextOBJ": {"station": [{"stationName":"제기동","stationID":126,"type":1,"laneName":"수도권 1호선","laneCity":"수도권","x":127.0349101,"y":37.5781665}]},"defaultInfo": {"address":"서울특별시 동대문구 전농동 620-67","new_address":"서울특별시 동대문구 왕산로 205","tel":"02-6110-1241"},"useInfo": {"platform":1,"meetingPlace":0,"restroom":2,"offDoor":1,"crossOver":2,"publicPlace":0,"handicapCount":1,"parkingCount":0,"bicycleCount":1,"civilCount":0},"exitInfo": {"gate": [{"GateNo":"1","GateLink": ["제기동방면","경동.동서시장"]},{"GateNo":"2","GateLink": ["홍릉방면(영휘원)","서울청량리우체국","동대문경찰서","청량리전화국","기업은행"],"BUSSTOP": [{"StopName":"현대코아","StopID":"107011","Bus": [{"BusNo":"동대문05","Type":"3","BlID":"514","BusCityName":"서울"},{"BusNo":"201","Type":"11","BlID":"942","BusCityName":"서울"},{"BusNo":"3216","Type":"12","BlID":"1017","BusCityName":"서울"}]},{"StopName":"청량리역환승센터","StopID":"117374","Bus": [{"BusNo":"동대문05","Type":"3","BlID":"514","BusCityName":"서울"},{"BusNo":"120","Type":"11","BlID":"1500","BusCityName":"서울"},{"BusNo":"1227","Type":"12","BlID":"830","BusCityName":"서울"},{"BusNo":"1224","Type":"12","BlID":"860","BusCityName":"서울"},{"BusNo":"2311","Type":"12","BlID":"1016","BusCityName":"서울"},{"BusNo":"3216","Type":"12","BlID":"1017","BusCityName":"서울"}]},{"StopName":"현대코아","StopID":"156731","Bus": [{"BusNo":"51","Type":"1","BlID":"8502","BusCityName":"구리"},{"BusNo":"3","Type":"1","BlID":"8505","BusCityName":"구리"},{"BusNo":"52","Type":"1","BlID":"8506","BusCityName":"구리"},{"BusNo":"30","Type":"1","BlID":"10045","BusCityName":"광주"},{"BusNo":"165","Type":"1","BlID":"18513","BusCityName":"남양주"},{"BusNo":"166-1","Type":"1","BlID":"18517","BusCityName":"남양주"},{"BusNo":"167","Type":"1","BlID":"18518","BusCityName":"남양주"},{"BusNo":"202","Type":"1","BlID":"18524","BusCityName":"남양주"},{"BusNo":"65","Type":"1","BlID":"18550","BusCityName":"남양주"},{"BusNo":"707","Type":"1","BlID":"18554","BusCityName":"남양주"},{"BusNo":"7-5","Type":"1","BlID":"18559","BusCityName":"남양주"},{"BusNo":"88","Type":"1","BlID":"18565","BusCityName":"남양주"},{"BusNo":"330-1","Type":"2","BlID":"18589","BusCityName":"남양주"},{"BusNo":"1330-4","Type":"4","BlID":"13501","BusCityName":"가평군"},{"BusNo":"1330-2","Type":"4","BlID":"13504","BusCityName":"가평군"},{"BusNo":"1330-44","Type":"4","BlID":"13507","BusCityName":"가평군"},{"BusNo":"3200","Type":"4","BlID":"17516","BusCityName":"포천"},{"BusNo":"8005","Type":"6","BlID":"13595","BusCityName":"가평군"},{"BusNo":"201","Type":"11","BlID":"942","BusCityName":"서울"},{"BusNo":"2311","Type":"12","BlID":"1016","BusCityName":"서울"},{"BusNo":"1226","Type":"12","BlID":"1432","BusCityName":"서울"},{"BusNo":"2230","Type":"12","BlID":"1714","BusCityName":"서울"}]}]},{"GateNo":"3","GateLink": ["동대문세무서","미주아파트","풀잎문화센터 청량리지부","정암미용고등학교","동대문노인종합복지관"],"BUSSTOP": [{"StopName":"청량리미주상가앞","StopID":"107130","Bus": [{"BusNo":"동대문05","Type":"3","BlID":"514","BusCityName":"서울"},{"BusNo":"1227","Type":"12","BlID":"830","BusCityName":"서울"},{"BusNo":"1224","Type":"12","BlID":"860","BusCityName":"서울"},{"BusNo":"3216","Type":"12","BlID":"1017","BusCityName":"서울"}]}]},{"GateNo":"4","GateLink": ["청량리역광장"],"BUSSTOP": [{"StopName":"청량리역환승센타","StopID":"117337","Bus": [{"BusNo":"51","Type":"1","BlID":"8502","BusCityName":"구리"},{"BusNo":"167","Type":"1","BlID":"18518","BusCityName":"남양주"},{"BusNo":"65","Type":"1","BlID":"18550","BusCityName":"남양주"},{"BusNo":"88","Type":"1","BlID":"18565","BusCityName":"남양주"},{"BusNo":"3200","Type":"4","BlID":"17516","BusCityName":"포천"},{"BusNo":"N26","Type":"11","BlID":"510","BusCityName":"서울"},{"BusNo":"N13","Type":"11","BlID":"571","BusCityName":"서울"},{"BusNo":"105","Type":"11","BlID":"772","BusCityName":"서울"},{"BusNo":"202","Type":"11","BlID":"775","BusCityName":"서울"},{"BusNo":"121","Type":"11","BlID":"851","BusCityName":"서울"},{"BusNo":"147","Type":"11","BlID":"876","BusCityName":"서울"},{"BusNo":"270","Type":"11","BlID":"988","BusCityName":"서울"},{"BusNo":"271","Type":"11","BlID":"989","BusCityName":"서울"},{"BusNo":"272","Type":"11","BlID":"990","BusCityName":"서울"},{"BusNo":"420","Type":"11","BlID":"1054","BusCityName":"서울"},{"BusNo":"720","Type":"11","BlID":"1270","BusCityName":"서울"},{"BusNo":"261","Type":"11","BlID":"1438","BusCityName":"서울"},{"BusNo":"260","Type":"11","BlID":"1447","BusCityName":"서울"},{"BusNo":"241","Type":"11","BlID":"1710","BusCityName":"서울"},{"BusNo":"2115","Type":"12","BlID":"578","BusCityName":"서울"},{"BusNo":"1213","Type":"12","BlID":"849","BusCityName":"서울"},{"BusNo":"1222","Type":"12","BlID":"858","BusCityName":"서울"},{"BusNo":"2311","Type":"12","BlID":"1016","BusCityName":"서울"},{"BusNo":"2230","Type":"12","BlID":"1714","BusCityName":"서울"}]},{"StopName":"청량리역환승센터","StopID":"117338","Bus": [{"BusNo":"N13","Type":"11","BlID":"571","BusCityName":"서울"},{"BusNo":"121","Type":"11","BlID":"851","BusCityName":"서울"},{"BusNo":"271","Type":"11","BlID":"989","BusCityName":"서울"},{"BusNo":"272","Type":"11","BlID":"990","BusCityName":"서울"},{"BusNo":"420","Type":"11","BlID":"1054","BusCityName":"서울"},{"BusNo":"720","Type":"11","BlID":"1270","BusCityName":"서울"},{"BusNo":"1213","Type":"12","BlID":"849","BusCityName":"서울"},{"BusNo":"2311","Type":"12","BlID":"1016","BusCityName":"서울"},{"BusNo":"3216","Type":"12","BlID":"1017","BusCityName":"서울"},{"BusNo":"3220","Type":"12","BlID":"1045","BusCityName":"서울"},{"BusNo":"2230","Type":"12","BlID":"1714","BusCityName":"서울"}]},{"StopName":"청량리역환승센터","StopID":"117339","Bus": [{"BusNo":"3200","Type":"4","BlID":"17516","BusCityName":"포천"},{"BusNo":"105","Type":"11","BlID":"772","BusCityName":"서울"},{"BusNo":"202","Type":"11","BlID":"775","BusCityName":"서울"},{"BusNo":"147","Type":"11","BlID":"876","BusCityName":"서울"},{"BusNo":"261","Type":"11","BlID":"1438","BusCityName":"서울"},{"BusNo":"120","Type":"11","BlID":"1500","BusCityName":"서울"},{"BusNo":"1227","Type":"12","BlID":"830","BusCityName":"서울"},{"BusNo":"1222","Type":"12","BlID":"858","BusCityName":"서울"},{"BusNo":"1224","Type":"12","BlID":"860","BusCityName":"서울"}]},{"StopName":"청량리역환승센타","StopID":"117340","Bus": [{"BusNo":"51","Type":"1","BlID":"8502","BusCityName":"구리"},{"BusNo":"167","Type":"1","BlID":"18518","BusCityName":"남양주"},{"BusNo":"65","Type":"1","BlID":"18550","BusCityName":"남양주"},{"BusNo":"707","Type":"1","BlID":"18554","BusCityName":"남양주"},{"BusNo":"330-1","Type":"2","BlID":"18589","BusCityName":"남양주"},{"BusNo":"1330-4","Type":"4","BlID":"13501","BusCityName":"가평군"},{"BusNo":"1330-2","Type":"4","BlID":"13504","BusCityName":"가평군"},{"BusNo":"1330-44","Type":"4","BlID":"13507","BusCityName":"가평군"},{"BusNo":"8005","Type":"6","BlID":"13595","BusCityName":"가평군"},{"BusNo":"N26","Type":"11","BlID":"510","BusCityName":"서울"},{"BusNo":"270","Type":"11","BlID":"988","BusCityName":"서울"},{"BusNo":"260","Type":"11","BlID":"1447","BusCityName":"서울"},{"BusNo":"241","Type":"11","BlID":"1710","BusCityName":"서울"},{"BusNo":"2115","Type":"12","BlID":"578","BusCityName":"서울"},{"BusNo":"2311","Type":"12","BlID":"1016","BusCityName":"서울"}]},{"StopName":"청량리역","StopID":"166257","Bus": [{"BusNo":"6002","Type":"5","BlID":"1803","BusCityName":"서울"}]}]},{"GateNo":"5","GateLink": ["버스환승센터"]},{"GateNo":"6","GateLink": ["용두1동","동부청과시장","가톨릭대학교 성바오로병원"],"BUSSTOP": [{"StopName":"청량리청과물도매시장","StopID":"106870","Bus": [{"BusNo":"N26","Type":"11","BlID":"510","BusCityName":"서울"},{"BusNo":"N13","Type":"11","BlID":"571","BusCityName":"서울"},{"BusNo":"105","Type":"11","BlID":"772","BusCityName":"서울"},{"BusNo":"202","Type":"11","BlID":"775","BusCityName":"서울"},{"BusNo":"147","Type":"11","BlID":"876","BusCityName":"서울"},{"BusNo":"201","Type":"11","BlID":"942","BusCityName":"서울"},{"BusNo":"270","Type":"11","BlID":"988","BusCityName":"서울"},{"BusNo":"271","Type":"11","BlID":"989","BusCityName":"서울"},{"BusNo":"272","Type":"11","BlID":"990","BusCityName":"서울"},{"BusNo":"420","Type":"11","BlID":"1054","BusCityName":"서울"},{"BusNo":"720","Type":"11","BlID":"1270","BusCityName":"서울"},{"BusNo":"261","Type":"11","BlID":"1438","BusCityName":"서울"},{"BusNo":"262","Type":"11","BlID":"1439","BusCityName":"서울"},{"BusNo":"260","Type":"11","BlID":"1447","BusCityName":"서울"},{"BusNo":"120","Type":"11","BlID":"1500","BusCityName":"서울"},{"BusNo":"241","Type":"11","BlID":"1710","BusCityName":"서울"},{"BusNo":"2221","Type":"12","BlID":"965","BusCityName":"서울"},{"BusNo":"2233","Type":"12","BlID":"978","BusCityName":"서울"}]},{"StopName":"성바오로병원앞","StopID":"106916","Bus": [{"BusNo":"262","Type":"11","BlID":"1439","BusCityName":"서울"},{"BusNo":"2221","Type":"12","BlID":"965","BusCityName":"서울"},{"BusNo":"2233","Type":"12","BlID":"978","BusCityName":"서울"},{"BusNo":"3220","Type":"12","BlID":"1045","BusCityName":"서울"}]},{"StopName":"성바오로병원앞","StopID":"106935","Bus": [{"BusNo":"262","Type":"11","BlID":"1439","BusCityName":"서울"},{"BusNo":"2221","Type":"12","BlID":"965","BusCityName":"서울"},{"BusNo":"2233","Type":"12","BlID":"978","BusCityName":"서울"}]}]}]}}}