{"result": {"stationName":"제기동","stationID":126,"type":1,"laneName":"수도권 1호선","laneCity":"수도권","x":127.0349101,"y":37.5781665,"prevOBJ": {"station": [{"stationName":"청량리","stationID":125,"type":1,"laneName":"수도권 1호선","laneCity":"수도권","x":127.0447587,"y":37.5800215}]},"nextOBJ": {"station": [{"stationName":"신설동","stationID":127,"type":1,"laneName":"수도권 1호선","laneCity":"수도권","x":127.0244996,"y":37.5760267}]},"defaultInfo": {"address":"서울특별시 동대문구 제기동 65","new_address":"서울특별시 동대문구 왕산로 93","tel":"02-6110-1251"},"useInfo": {"platform":2,"meetingPlace":0,"restroom":2,"offDoor":0,"crossOver":2,"publicPlace":0,"handicapCount":1,"parkingCount":0,"bicycleCount":1,"civilCount":0},"exitInfo": {"gate": [{"GateNo":"1","GateLink": ["고려대학교","이수브라운스톤","동대문종합사회복지관","용두치안센터","미주.현대.공성아파트","종암초등학교","성일중학교","용두시장","선농단","대한정신보건가족협회"]},{"GateNo":"2","GateLink": ["청량리방면","서울약령시장","경동시장","FITI시험연구원"],"BUSSTOP": [{"StopName":"제기동역.서울약령시","StopID":"80615","Bus": [{"BusNo":"N26","Type":"11","BlID":"510","BusCityName":"서울"},{"BusNo":"N13","Type":"11","BlID":"571","BusCityName":"서울"},{"BusNo":"105","Type":"11","BlID":"772","BusCityName":"서울"},{"BusNo":"202","Type":"11","BlID":"775","BusCityName":"서울"},{"BusNo":"147","Type":"11","BlID":"876","BusCityName":"서울"},{"BusNo":"201","Type":"11","BlID":"942","BusCityName":"서울"},{"BusNo":"270","Type":"11","BlID":"988","BusCityName":"서울"},{"BusNo":"271","Type":"11","BlID":"989","BusCityName":"서울"},{"BusNo":"272","Type":"11","BlID":"990","BusCityName":"서울"},{"BusNo":"420","Type":"11","BlID":"1054","BusCityName":"서울"},{"BusNo":"720","Type":"11","BlID":"1270","BusCityName":"서울"},{"BusNo":"261","Type":"11","BlID":"1438","BusCityName":"서울"},{"BusNo":"262","Type":"11","BlID":"1439","BusCityName":"서울"},{"BusNo":"260","Type":"11","BlID":"1447","BusCityName":"서울"},{"BusNo":"241","Type":"11","BlID":"1710","BusCityName":"서울"},{"BusNo":"421","Type":"11","BlID":"1808","BusCityName":"서울"},{"BusNo":"2221","Type":"12","BlID":"965","BusCityName":"서울"},{"BusNo":"2233","Type":"12","BlID":"978","BusCityName":"서울"}]},{"StopName":"제기동역.서울약령시","StopID":"80616","Bus": [{"BusNo":"6002","Type":"5","BlID":"1803","BusCityName":"서울"},{"BusNo":"N26","Type":"11","BlID":"510","BusCityName":"서울"},{"BusNo":"N13","Type":"11","BlID":"571","BusCityName":"서울"},{"BusNo":"105","Type":"11","BlID":"772","BusCityName":"서울"},{"BusNo":"202","Type":"11","BlID":"775","BusCityName":"서울"},{"BusNo":"147","Type":"11","BlID":"876","BusCityName":"서울"},{"BusNo":"201","Type":"11","BlID":"942","BusCityName":"서울"},{"BusNo":"270","Type":"11","BlID":"988","BusCityName":"서울"},{"BusNo":"271","Type":"11","BlID":"989","BusCityName":"서울"},{"BusNo":"272","Type":"11","BlID":"990","BusCityName":"서울"},{"BusNo":"420","Type":"11","BlID":"1054","BusCityName":"서울"},{"BusNo":"720","Type":"11","BlID":"1270","BusCityName":"서울"},{"BusNo":"261","Type":"11","BlID":"1438","BusCityName":"서울"},{"BusNo":"262","Type":"11","BlID":"1439","BusCityName":"서울"},{"BusNo":"260","Type":"11","BlID":"1447","BusCityName":"서울"},{"BusNo":"120","Type":"11","BlID":"1500","BusCityName":"서울"},{"BusNo":"241","Type":"11","BlID":"1710","BusCityName":"서울"},{"BusNo":"2221","Type":"12","BlID":"965","BusCityName":"서울"},{"BusNo":"2233","Type":"12","BlID":"978","BusCityName":"서울"}]},{"StopName":"제기역약령시장","StopID":"106550","Bus": [{"BusNo":"3200","Type":"4","BlID":"17516","BusCityName":"포천"},{"BusNo":"2115","Type":"12","BlID":"578","BusCityName":"서울"}]}]},{"GateNo":"3","GateLink": ["무장동","동대문구청","서울약령시 한의약박물관(동의보감타워 지하2층)","국민건강보험공단"],"BUSSTOP": [{"StopName":"제기역약령시장","StopID":"106594","Bus": [{"BusNo":"421","Type":"11","BlID":"1808","BusCityName":"서울"}]}]},{"GateNo":"4","GateLink": ["용두동","정릉천"]},{"GateNo":"5","GateLink": ["정릉천"]},{"GateNo":"6","GateLink": ["신설동방면","용두초등학교","용두2동주민센터","(재)한국항공전문학교","시립동부병원","한국건강관리협회"]}]}}}