{"result": {"stationName":"신설동","stationID":127,"type":1,"laneName":"수도권 1호선","laneCity":"수도권","x":127.0244996,"y":37.5760267,"exOBJ": {"station": [{"stationName":"신설동","stationID":253,"type":2,"laneName":"수도권 2호선","laneCity":"수도권"}]},"prevOBJ": {"station": [{"stationName":"제기동","stationID":126,"type":1,"laneName":"수도권 1호선","laneCity":"수도권","x":127.0349101,"y":37.5781665}]},"nextOBJ": {"station": [{"stationName":"동묘앞","stationID":199,"type":1,"laneName":"수도권 1호선","laneCity":"수도권","x":127.0163515,"y":37.573211}]},"defaultInfo": {"address":"서울특별시 동대문구 신설동 76-5","new_address":"서울특별시 동대문구 왕산로 1","tel":"02-6110-1261"},"useInfo": {"platform":2,"meetingPlace":0,"restroom":2,"offDoor":0,"crossOver":2,"publicPlace":0,"handicapCount":1,"parkingCount":0,"bicycleCount":1,"civilCount":0},"exitInfo": {"gate": [{"GateNo":"1","GateLink": ["용두동방면","대광초등학교","대광중.고등학교"],"BUSSTOP": [{"StopName":"신설동역","StopID":"80610","Bus": [{"BusNo":"N26","Type":"11","BlID":"510","BusCityName":"서울"},{"BusNo":"N13","Type":"11","BlID":"571","BusCityName":"서울"},{"BusNo":"105","Type":"11","BlID":"772","BusCityName":"서울"},{"BusNo":"201","Type":"11","BlID":"942","BusCityName":"서울"},{"BusNo":"270","Type":"11","BlID":"988","BusCityName":"서울"},{"BusNo":"271","Type":"11","BlID":"989","BusCityName":"서울"},{"BusNo":"420","Type":"11","BlID":"1054","BusCityName":"서울"},{"BusNo":"720","Type":"11","BlID":"1270","BusCityName":"서울"},{"BusNo":"261","Type":"11","BlID":"1438","BusCityName":"서울"},{"BusNo":"262","Type":"11","BlID":"1439","BusCityName":"서울"},{"BusNo":"260","Type":"11","BlID":"1447","BusCityName":"서울"},{"BusNo":"2233","Type":"12","BlID":"978","BusCityName":"서울"}]}]},{"GateNo":"2","GateLink": ["보문동방면","대광중.고등학교","신설치안센터"]},{"GateNo":"3","GateLink": ["용두동방면","제기동방면","용두시장","한국의류시험연구원"],"BUSSTOP": [{"StopName":"신설동역","StopID":"106164","Bus": [{"BusNo":"성북04","Type":"3","BlID":"1575","BusCityName":"서울"},{"BusNo":"272","Type":"11","BlID":"990","BusCityName":"서울"},{"BusNo":"421","Type":"11","BlID":"1808","BusCityName":"서울"},{"BusNo":"7211","Type":"12","BlID":"1271","BusCityName":"서울"}]}]},{"GateNo":"4","GateLink": ["용두2동","동대문등기소","용두초등학교","시립동부병원","동서울병원","(재)한국항공전문학교"],"BUSSTOP": [{"StopName":"신설동역","StopID":"106167","Bus": [{"BusNo":"303","Type":"11","BlID":"1008","BusCityName":"서울"},{"BusNo":"421","Type":"11","BlID":"1808","BusCityName":"서울"},{"BusNo":"2221","Type":"12","BlID":"965","BusCityName":"서울"}]}]},{"GateNo":"5","GateLink": ["동대문우체국","동대문도서관","기업은행","전문건설공제조합","국민연금동대문중랑지사"],"BUSSTOP": [{"StopName":"신설동역","StopID":"80611","Bus": [{"BusNo":"6002","Type":"5","BlID":"1803","BusCityName":"서울"},{"BusNo":"N26","Type":"11","BlID":"510","BusCityName":"서울"},{"BusNo":"N13","Type":"11","BlID":"571","BusCityName":"서울"},{"BusNo":"105","Type":"11","BlID":"772","BusCityName":"서울"},{"BusNo":"201","Type":"11","BlID":"942","BusCityName":"서울"},{"BusNo":"270","Type":"11","BlID":"988","BusCityName":"서울"},{"BusNo":"271","Type":"11","BlID":"989","BusCityName":"서울"},{"BusNo":"272","Type":"11","BlID":"990","BusCityName":"서울"},{"BusNo":"420","Type":"11","BlID":"1054","BusCityName":"서울"},{"BusNo":"720","Type":"11","BlID":"1270","BusCityName":"서울"},{"BusNo":"261","Type":"11","BlID":"1438","BusCityName":"서울"},{"BusNo":"262","Type":"11","BlID":"1439","BusCityName":"서울"},{"BusNo":"260","Type":"11","BlID":"1447","BusCityName":"서울"},{"BusNo":"2233","Type":"12","BlID":"978","BusCityName":"서울"}]}]},{"GateNo":"6","GateLink": ["동대문 우체국","동대문 도서관","신설동종합시장","서울교수학습지원센터(구.숭인중학교 내)","아름다운가게","청계천방면","국제인재능력개발원"]},{"GateNo":"7","GateLink": ["동대문등기소"],"BUSSTOP": [{"StopName":"신설동역.서울풍물시장","StopID":"106162","Bus": [{"BusNo":"9301","Type":"4","BlID":"10594","BusCityName":"광주"},{"BusNo":"6002","Type":"5","BlID":"1803","BusCityName":"서울"},{"BusNo":"N30","Type":"11","BlID":"573","BusCityName":"서울"},{"BusNo":"303","Type":"11","BlID":"1008","BusCityName":"서울"},{"BusNo":"370","Type":"11","BlID":"1044","BusCityName":"서울"},{"BusNo":"721","Type":"11","BlID":"1259","BusCityName":"서울"},{"BusNo":"2112","Type":"12","BlID":"955","BusCityName":"서울"},{"BusNo":"2221","Type":"12","BlID":"965","BusCityName":"서울"},{"BusNo":"9403","Type":"14","BlID":"1348","BusCityName":"서울"}]}]},{"GateNo":"8","GateLink": ["용두동방면","용두초등학교","시립동부병원"]},{"GateNo":"9","GateLink": ["청계청방면","서울풍물시장","서울교수학습지원센터(구.숭인중학교 내)","동대문도서관"]},{"GateNo":"10","GateLink": ["신설동 로터리","동대문 우체국","동대문 도서관","신설동 종합시장","청계천방면","서울 풍물시장","서울교수학습지원센터(구.숭인중학교 내)","성북수도사업소"],"BUSSTOP": [{"StopName":"동대문우체국.서울풍물시장","StopID":"106104","Bus": [{"BusNo":"9301","Type":"4","BlID":"10594","BusCityName":"광주"},{"BusNo":"N30","Type":"11","BlID":"573","BusCityName":"서울"},{"BusNo":"370","Type":"11","BlID":"1044","BusCityName":"서울"},{"BusNo":"721","Type":"11","BlID":"1259","BusCityName":"서울"},{"BusNo":"2112","Type":"12","BlID":"955","BusCityName":"서울"},{"BusNo":"9403","Type":"14","BlID":"1348","BusCityName":"서울"}]},{"StopName":"신설동로터리.서울풍물시장","StopID":"166982","Bus": [{"BusNo":"163","Type":"11","BlID":"899","BusCityName":"서울"},{"BusNo":"421","Type":"11","BlID":"1808","BusCityName":"서울"}]},{"StopName":"신설동로터리.신한은행앞.서울풍물시장","StopID":"167022","Bus": [{"BusNo":"163","Type":"11","BlID":"899","BusCityName":"서울"},{"BusNo":"421","Type":"11","BlID":"1808","BusCityName":"서울"}]}]},{"GateNo":"11","GateLink": ["동대문방면","묘각사(템플스테이)","신용보증기금 동대문지점"],"BUSSTOP": [{"StopName":"신설동로타리","StopID":"105991","Bus": [{"BusNo":"111","Type":"1","BlID":"9053","BusCityName":"의정부"},{"BusNo":"N15","Type":"11","BlID":"558","BusCityName":"서울"},{"BusNo":"101","Type":"11","BlID":"755","BusCityName":"서울"},{"BusNo":"103","Type":"11","BlID":"763","BusCityName":"서울"},{"BusNo":"144","Type":"11","BlID":"873","BusCityName":"서울"},{"BusNo":"152","Type":"11","BlID":"884","BusCityName":"서울"},{"BusNo":"1014","Type":"12","BlID":"762","BusCityName":"서울"}]}]},{"GateNo":"12","GateLink": ["보문동 방면","동대문세무서별관"]}]}}}