{"result": {"stationName":"동대문","stationID":128,"type":1,"laneName":"수도권 1호선","laneCity":"수도권","x":127.0110726,"y":37.5717613,"exOBJ": {"station": [{"stationName":"동대문","stationID":421,"type":4,"laneName":"수도권 4호선","laneCity":"수도권"}]},"prevOBJ": {"station": [{"stationName":"동묘앞","stationID":199,"type":1,"laneName":"수도권 1호선","laneCity":"수도권","x":127.0163515,"y":37.573211}]},"nextOBJ": {"station": [{"stationName":"종로5가","stationID":129,"type":1,"laneName":"수도권 1호선","laneCity":"수도권","x":127.0019358,"y":37.5709997}]},"defaultInfo": {"address":"서울특별시 종로구 창신동 492-1","new_address":"서울특별시 종로구 종로 302","tel":"02-6110-1281"},"useInfo": {"platform":2,"meetingPlace":0,"restroom":2,"offDoor":0,"crossOver":2,"publicPlace":0,"handicapCount":1,"parkingCount":0,"bicycleCount":0,"civilCount":1},"exitInfo": {"gate": [{"GateNo":"1","GateLink": ["종로5가","동대문","창신2동","율곡로방면","덕산파출소","동대문종합상가"]},{"GateNo":"2","GateLink": ["창신동","창신2동","율곡로 방면"],"BUSSTOP": [{"StopName":"동대문역.2번출구","StopID":"125987","Bus": [{"BusNo":"종로03","Type":"3","BlID":"1693","BusCityName":"서울"}]}]},{"GateNo":"3","GateLink": ["창신동","숭인동","창신2동 주민센터","창신초등학교","기업은행","종로구민회관","종로구 시설관리공단"],"BUSSTOP": [{"StopName":"동대문(흥인지문)","StopID":"80606","Bus": [{"BusNo":"111","Type":"1","BlID":"9053","BusCityName":"의정부"},{"BusNo":"9301","Type":"4","BlID":"10594","BusCityName":"광주"},{"BusNo":"6002","Type":"5","BlID":"1803","BusCityName":"서울"},{"BusNo":"N26","Type":"11","BlID":"510","BusCityName":"서울"},{"BusNo":"N15","Type":"11","BlID":"558","BusCityName":"서울"},{"BusNo":"N13","Type":"11","BlID":"571","BusCityName":"서울"},{"BusNo":"N30","Type":"11","BlID":"573","BusCityName":"서울"},{"BusNo":"101","Type":"11","BlID":"755","BusCityName":"서울"},{"BusNo":"103","Type":"11","BlID":"763","BusCityName":"서울"},{"BusNo":"105","Type":"11","BlID":"772","BusCityName":"서울"},{"BusNo":"144","Type":"11","BlID":"873","BusCityName":"서울"},{"BusNo":"152","Type":"11","BlID":"884","BusCityName":"서울"},{"BusNo":"201","Type":"11","BlID":"942","BusCityName":"서울"},{"BusNo":"270","Type":"11","BlID":"988","BusCityName":"서울"},{"BusNo":"271","Type":"11","BlID":"989","BusCityName":"서울"},{"BusNo":"370","Type":"11","BlID":"1044","BusCityName":"서울"},{"BusNo":"420","Type":"11","BlID":"1054","BusCityName":"서울"},{"BusNo":"721","Type":"11","BlID":"1259","BusCityName":"서울"},{"BusNo":"720","Type":"11","BlID":"1270","BusCityName":"서울"},{"BusNo":"261","Type":"11","BlID":"1438","BusCityName":"서울"},{"BusNo":"262","Type":"11","BlID":"1439","BusCityName":"서울"},{"BusNo":"260","Type":"11","BlID":"1447","BusCityName":"서울"},{"BusNo":"2112","Type":"12","BlID":"955","BusCityName":"서울"},{"BusNo":"2233","Type":"12","BlID":"978","BusCityName":"서울"}]},{"StopName":"동묘역","StopID":"196593","Bus": [{"BusNo":"종로03","Type":"3","BlID":"1693","BusCityName":"서울"}]}]},{"GateNo":"4","GateLink": ["신설동","창신1동주민센터","숭신초등학교","중앙시장","문구.완구 도매상가"],"BUSSTOP": [{"StopName":"동대문","StopID":"105523","Bus": [{"BusNo":"N26","Type":"11","BlID":"510","BusCityName":"서울"},{"BusNo":"N15","Type":"11","BlID":"558","BusCityName":"서울"},{"BusNo":"N13","Type":"11","BlID":"571","BusCityName":"서울"},{"BusNo":"N30","Type":"11","BlID":"573","BusCityName":"서울"},{"BusNo":"101","Type":"11","BlID":"755","BusCityName":"서울"},{"BusNo":"103","Type":"11","BlID":"763","BusCityName":"서울"},{"BusNo":"105","Type":"11","BlID":"772","BusCityName":"서울"},{"BusNo":"144","Type":"11","BlID":"873","BusCityName":"서울"},{"BusNo":"152","Type":"11","BlID":"884","BusCityName":"서울"},{"BusNo":"201","Type":"11","BlID":"942","BusCityName":"서울"},{"BusNo":"270","Type":"11","BlID":"988","BusCityName":"서울"},{"BusNo":"271","Type":"11","BlID":"989","BusCityName":"서울"},{"BusNo":"420","Type":"11","BlID":"1054","BusCityName":"서울"},{"BusNo":"720","Type":"11","BlID":"1270","BusCityName":"서울"},{"BusNo":"261","Type":"11","BlID":"1438","BusCityName":"서울"},{"BusNo":"262","Type":"11","BlID":"1439","BusCityName":"서울"},{"BusNo":"260","Type":"11","BlID":"1447","BusCityName":"서울"},{"BusNo":"2112","Type":"12","BlID":"955","BusCityName":"서울"},{"BusNo":"2233","Type":"12","BlID":"978","BusCityName":"서울"}]},{"StopName":"동대문역","StopID":"193398","Bus": [{"BusNo":"6002","Type":"5","BlID":"1803","BusCityName":"서울"}]},{"StopName":"동대문","StopID":"193685","Bus": [{"BusNo":"111","Type":"1","BlID":"9053","BusCityName":"의정부"},{"BusNo":"9301","Type":"4","BlID":"10594","BusCityName":"광주"},{"BusNo":"370","Type":"11","BlID":"1044","BusCityName":"서울"},{"BusNo":"721","Type":"11","BlID":"1259","BusCityName":"서울"},{"BusNo":"9403","Type":"14","BlID":"1348","BusCityName":"서울"}]}]},{"GateNo":"5","GateLink": ["청계천","동대문","동대문종합상가","평화.흥인시장","동문시장","청계천 6가"],"BUSSTOP": [{"StopName":"동대문역5번출구","StopID":"125992","Bus": [{"BusNo":"종로03","Type":"3","BlID":"1693","BusCityName":"서울"}]}]},{"GateNo":"6","GateLink": ["청계천","동대문(흥인지문)","동대문종합상가","평화.흥인시장","동문시장","서울관광안내소","동대문운동장"]},{"GateNo":"7","GateLink": ["청계천6가","동대문","창신동","신발도매상가","신평화의류상가","흥인시장","동문시장","문구.완구 도매상가","서울관광안내소","동신교회","남평화상가"],"BUSSTOP": [{"StopName":"청계7가.맑은내다리","StopID":"105577","Bus": [{"BusNo":"163","Type":"11","BlID":"899","BusCityName":"서울"}]}]},{"GateNo":"8","GateLink": ["청계천5가","동대문종합시장","평화시장","중고서적상가","종로6가","청계천 방면"],"BUSSTOP": [{"StopName":"청계6가.오간수교","StopID":"110259","Bus": [{"BusNo":"163","Type":"11","BlID":"899","BusCityName":"서울"}]},{"StopName":"청계6가.버들다리","StopID":"150984","Bus": [{"BusNo":"163","Type":"11","BlID":"899","BusCityName":"서울"}]}]},{"GateNo":"9","GateLink": ["종로5가","동대문쇼핑타운","동대문종합시장","기업은행종로6가 지점","외환은행 동대문"],"BUSSTOP": [{"StopName":"종로6가","StopID":"151703","Bus": [{"BusNo":"201","Type":"11","BlID":"942","BusCityName":"서울"},{"BusNo":"407","Type":"11","BlID":"1355","BusCityName":"서울"},{"BusNo":"7212","Type":"12","BlID":"518","BusCityName":"서울"},{"BusNo":"2014","Type":"12","BlID":"945","BusCityName":"서울"}]}]},{"GateNo":"10","GateLink": ["종로5가","종로6가","한방약국가","창신동","풀잎문화연합회"],"BUSSTOP": [{"StopName":"동대문","StopID":"105369","Bus": [{"BusNo":"N16","Type":"11","BlID":"572","BusCityName":"서울"},{"BusNo":"102","Type":"11","BlID":"767","BusCityName":"서울"},{"BusNo":"107","Type":"11","BlID":"774","BusCityName":"서울"},{"BusNo":"301","Type":"11","BlID":"1006","BusCityName":"서울"},{"BusNo":"108(TS아파트)","Type":"11","BlID":"1736","BusCityName":"서울"},{"BusNo":"7025","Type":"12","BlID":"1265","BusCityName":"서울"}]},{"StopName":"종로중부새마을금고","StopID":"150985","Bus": [{"BusNo":"N13","Type":"11","BlID":"571","BusCityName":"서울"},{"BusNo":"N30","Type":"11","BlID":"573","BusCityName":"서울"},{"BusNo":"105","Type":"11","BlID":"772","BusCityName":"서울"},{"BusNo":"144","Type":"11","BlID":"873","BusCityName":"서울"},{"BusNo":"420","Type":"11","BlID":"1054","BusCityName":"서울"},{"BusNo":"261","Type":"11","BlID":"1438","BusCityName":"서울"},{"BusNo":"2233","Type":"12","BlID":"978","BusCityName":"서울"}]},{"StopName":"동대문종합시장종로6가","StopID":"166245","Bus": [{"BusNo":"6002","Type":"5","BlID":"1803","BusCityName":"서울"}]},{"StopName":"동대문종합시장","StopID":"194392","Bus": [{"BusNo":"종로03","Type":"3","BlID":"1693","BusCityName":"서울"}]}]}]}}}