{"result": {"stationName":"종로5가","stationID":129,"type":1,"laneName":"수도권 1호선","laneCity":"수도권","x":127.0019358,"y":37.5709997,"prevOBJ": {"station": [{"stationName":"동대문","stationID":128,"type":1,"laneName":"수도권 1호선","laneCity":"수도권","x":127.0110726,"y":37.5717613}]},"nextOBJ": {"station": [{"stationName":"종로3가","stationID":130,"type":1,"laneName":"수도권 1호선","laneCity":"수도권","x":126.9921854,"y":37.5704304}]},"defaultInfo": {"address":"서울특별시 종로구 종로5가 82-1","new_address":"서울특별시 종로구 종로 216","tel":"02-6110-1291"},"useInfo": {"platform":2,"meetingPlace":0,"restroom":2,"offDoor":0,"crossOver":2,"publicPlace":0,"handicapCount":1,"parkingCount":0,"bicycleCount":0,"civilCount":0},"exitInfo": {"gate": [{"GateNo":"1","GateLink": ["종로4가 방면","서울혜화경찰서","종로5가우체국","중앙선거관리위원회 선거연수원","서울특별시선거관리위원회","국민건강보험공단 종로지사","서울신용보증재단","종로5가 하나은행"],"BUSSTOP": [{"StopName":"종로5가","StopID":"105207","Bus": [{"BusNo":"111","Type":"1","BlID":"9053","BusCityName":"의정부"},{"BusNo":"9301","Type":"4","BlID":"10594","BusCityName":"광주"},{"BusNo":"101","Type":"11","BlID":"755","BusCityName":"서울"},{"BusNo":"103","Type":"11","BlID":"763","BusCityName":"서울"},{"BusNo":"370","Type":"11","BlID":"1044","BusCityName":"서울"},{"BusNo":"721","Type":"11","BlID":"1259","BusCityName":"서울"},{"BusNo":"720","Type":"11","BlID":"1270","BusCityName":"서울"},{"BusNo":"7212","Type":"12","BlID":"518","BusCityName":"서울"}]},{"StopName":"종로5가","StopID":"118368","Bus": [{"BusNo":"N26","Type":"11","BlID":"510","BusCityName":"서울"},{"BusNo":"N15","Type":"11","BlID":"558","BusCityName":"서울"},{"BusNo":"N62","Type":"11","BlID":"576","BusCityName":"서울"},{"BusNo":"201","Type":"11","BlID":"942","BusCityName":"서울"},{"BusNo":"270","Type":"11","BlID":"988","BusCityName":"서울"},{"BusNo":"271","Type":"11","BlID":"989","BusCityName":"서울"},{"BusNo":"262","Type":"11","BlID":"1439","BusCityName":"서울"},{"BusNo":"260","Type":"11","BlID":"1447","BusCityName":"서울"}]}]},{"GateNo":"2","GateLink": ["대학로방면","서울보증보험"]},{"GateNo":"3","GateLink": ["서울특별시중부교육지원청","효제초등학교","효제동"],"BUSSTOP": [{"StopName":"종로5가.효제초등학교","StopID":"105238","Bus": [{"BusNo":"102","Type":"11","BlID":"767","BusCityName":"서울"},{"BusNo":"100","Type":"11","BlID":"770","BusCityName":"서울"},{"BusNo":"104","Type":"11","BlID":"771","BusCityName":"서울"},{"BusNo":"106","Type":"11","BlID":"773","BusCityName":"서울"},{"BusNo":"107","Type":"11","BlID":"774","BusCityName":"서울"},{"BusNo":"140","Type":"11","BlID":"868","BusCityName":"서울"},{"BusNo":"150","Type":"11","BlID":"878","BusCityName":"서울"},{"BusNo":"710","Type":"11","BlID":"895","BusCityName":"서울"},{"BusNo":"273","Type":"11","BlID":"941","BusCityName":"서울"},{"BusNo":"160","Type":"11","BlID":"1449","BusCityName":"서울"},{"BusNo":"108(TS아파트)","Type":"11","BlID":"1736","BusCityName":"서울"},{"BusNo":"2112","Type":"12","BlID":"955","BusCityName":"서울"},{"BusNo":"7025","Type":"12","BlID":"1265","BusCityName":"서울"}]},{"StopName":"종로5가.3번출구","StopID":"206690","Bus": [{"BusNo":"종로03","Type":"3","BlID":"1693","BusCityName":"서울"},{"BusNo":"종로08","Type":"3","BlID":"1696","BusCityName":"서울"}]}]},{"GateNo":"4","GateLink": ["동대문방면","종로6가","효제동","종로5.6가동주민센터"],"BUSSTOP": [{"StopName":"종로6가","StopID":"118366","Bus": [{"BusNo":"103","Type":"11","BlID":"763","BusCityName":"서울"},{"BusNo":"102","Type":"11","BlID":"767","BusCityName":"서울"},{"BusNo":"107","Type":"11","BlID":"774","BusCityName":"서울"},{"BusNo":"108(TS아파트)","Type":"11","BlID":"1736","BusCityName":"서울"},{"BusNo":"2112","Type":"12","BlID":"955","BusCityName":"서울"},{"BusNo":"7025","Type":"12","BlID":"1265","BusCityName":"서울"}]},{"StopName":"동대문종합시장종로6가","StopID":"166245","Bus": [{"BusNo":"6002","Type":"5","BlID":"1803","BusCityName":"서울"}]}]},{"GateNo":"5","GateLink": ["동대문방면","종로6가","동대문 시장"],"BUSSTOP": [{"StopName":"종로6가.종로신진시장","StopID":"105269","Bus": [{"BusNo":"111","Type":"1","BlID":"9053","BusCityName":"의정부"},{"BusNo":"9301","Type":"4","BlID":"10594","BusCityName":"광주"},{"BusNo":"N26","Type":"11","BlID":"510","BusCityName":"서울"},{"BusNo":"N15","Type":"11","BlID":"558","BusCityName":"서울"},{"BusNo":"N62","Type":"11","BlID":"576","BusCityName":"서울"},{"BusNo":"101","Type":"11","BlID":"755","BusCityName":"서울"},{"BusNo":"103","Type":"11","BlID":"763","BusCityName":"서울"},{"BusNo":"270","Type":"11","BlID":"988","BusCityName":"서울"},{"BusNo":"271","Type":"11","BlID":"989","BusCityName":"서울"},{"BusNo":"370","Type":"11","BlID":"1044","BusCityName":"서울"},{"BusNo":"721","Type":"11","BlID":"1259","BusCityName":"서울"},{"BusNo":"720","Type":"11","BlID":"1270","BusCityName":"서울"},{"BusNo":"407","Type":"11","BlID":"1355","BusCityName":"서울"},{"BusNo":"262","Type":"11","BlID":"1439","BusCityName":"서울"},{"BusNo":"260","Type":"11","BlID":"1447","BusCityName":"서울"},{"BusNo":"2112","Type":"12","BlID":"955","BusCityName":"서울"}]},{"StopName":"동대문종합시장종로6가","StopID":"166246","Bus": [{"BusNo":"6002","Type":"5","BlID":"1803","BusCityName":"서울"}]}]},{"GateNo":"6","GateLink": ["청계천5가","평화 시장","동대문 시장","풀잎문화센터 종로지부"],"BUSSTOP": [{"StopName":"종로5가","StopID":"105240","Bus": [{"BusNo":"100","Type":"11","BlID":"770","BusCityName":"서울"},{"BusNo":"104","Type":"11","BlID":"771","BusCityName":"서울"},{"BusNo":"407","Type":"11","BlID":"1355","BusCityName":"서울"},{"BusNo":"2014","Type":"12","BlID":"945","BusCityName":"서울"}]},{"StopName":"청계6가.동대문시장","StopID":"105285","Bus": [{"BusNo":"163","Type":"11","BlID":"899","BusCityName":"서울"}]}]},{"GateNo":"7","GateLink": ["청계천5가","광장.방산 시장","종로5가 지구대"],"BUSSTOP": [{"StopName":"청계5가.광장시장","StopID":"111712","Bus": [{"BusNo":"163","Type":"11","BlID":"899","BusCityName":"서울"}]}]},{"GateNo":"8","GateLink": ["종로4가 방면","광장시장","예지동"],"BUSSTOP": [{"StopName":"종로5가.광장시장","StopID":"105185","Bus": [{"BusNo":"111","Type":"1","BlID":"9053","BusCityName":"의정부"},{"BusNo":"9301","Type":"4","BlID":"10594","BusCityName":"광주"},{"BusNo":"N26","Type":"11","BlID":"510","BusCityName":"서울"},{"BusNo":"N15","Type":"11","BlID":"558","BusCityName":"서울"},{"BusNo":"N62","Type":"11","BlID":"576","BusCityName":"서울"},{"BusNo":"101","Type":"11","BlID":"755","BusCityName":"서울"},{"BusNo":"103","Type":"11","BlID":"763","BusCityName":"서울"},{"BusNo":"201","Type":"11","BlID":"942","BusCityName":"서울"},{"BusNo":"270","Type":"11","BlID":"988","BusCityName":"서울"},{"BusNo":"271","Type":"11","BlID":"989","BusCityName":"서울"},{"BusNo":"370","Type":"11","BlID":"1044","BusCityName":"서울"},{"BusNo":"721","Type":"11","BlID":"1259","BusCityName":"서울"},{"BusNo":"720","Type":"11","BlID":"1270","BusCityName":"서울"},{"BusNo":"262","Type":"11","BlID":"1439","BusCityName":"서울"},{"BusNo":"260","Type":"11","BlID":"1447","BusCityName":"서울"},{"BusNo":"7212","Type":"12","BlID":"518","BusCityName":"서울"},{"BusNo":"2112","Type":"12","BlID":"955","BusCityName":"서울"}]},{"StopName":"종로5가역","StopID":"126040","Bus": [{"BusNo":"종로08","Type":"3","BlID":"1696","BusCityName":"서울"}]},{"StopName":"종로5가","StopID":"197889","Bus": [{"BusNo":"106","Type":"11","BlID":"773","BusCityName":"서울"},{"BusNo":"140","Type":"11","BlID":"868","BusCityName":"서울"},{"BusNo":"143","Type":"11","BlID":"872","BusCityName":"서울"},{"BusNo":"150","Type":"11","BlID":"878","BusCityName":"서울"},{"BusNo":"273","Type":"11","BlID":"941","BusCityName":"서울"},{"BusNo":"160","Type":"11","BlID":"1449","BusCityName":"서울"}]}]}]}}}