{"result": {"stationName":"용문","stationID":1300,"type":104,"laneName":"경의중앙선","laneCity":"수도권","x":127.594263,"y":37.4820909,"prevOBJ": {"station": [{"stationName":"원덕","stationID":1301,"type":104,"laneName":"경의중앙선","laneCity":"수도권","x":127.547487,"y":37.4685855}]},"defaultInfo": {"address":"경기도 양평군 용문면 다문리 736-13","new_address":"경기도 양평군 용문면 용문역길 21","tel":"1544-7788"},"useInfo": {"platform":2,"meetingPlace":1,"restroom":2,"offDoor":2,"crossOver":1,"publicPlace":0,"handicapCount":1,"parkingCount":0,"bicycleCount":1,"civilCount":0},"exitInfo": {"gate": [{"GateNo":"1","GateLink": ["용문파출소","용문버스터미널","다문초등학교","용문우체국","용문면사무소","용문도서관","용문보건지소","용문면주민자치센터","양평종합사회복지관","다문교","연수교","산림청양평경영팀","용문중.고교"],"BUSSTOP": [{"StopName":"용문터미널","StopID":"157114","Bus": [{"BusNo":"987-1","Type":"1","BlID":"10130","BusCityName":"광주"},{"BusNo":"987-2","Type":"1","BlID":"10173","BusCityName":"광주"},{"BusNo":"987-5","Type":"1","BlID":"10309","BusCityName":"광주"},{"BusNo":"987-3","Type":"1","BlID":"10317","BusCityName":"광주"},{"BusNo":"987-4","Type":"1","BlID":"10319","BusCityName":"광주"},{"BusNo":"987-6","Type":"1","BlID":"10485","BusCityName":"광주"},{"BusNo":"7","Type":"1","BlID":"14005","BusCityName":"양평군"},{"BusNo":"2","Type":"1","BlID":"14007","BusCityName":"양평군"},{"BusNo":"7-1","Type":"1","BlID":"14034","BusCityName":"양평군"},{"BusNo":"7-2","Type":"1","BlID":"14035","BusCityName":"양평군"},{"BusNo":"7-3","Type":"1","BlID":"14036","BusCityName":"양평군"},{"BusNo":"7-4","Type":"1","BlID":"14037","BusCityName":"양평군"},{"BusNo":"7-5","Type":"1","BlID":"14038","BusCityName":"양평군"},{"BusNo":"7-7","Type":"1","BlID":"14040","BusCityName":"양평군"},{"BusNo":"23","Type":"1","BlID":"14041","BusCityName":"양평군"},{"BusNo":"24","Type":"1","BlID":"14051","BusCityName":"양평군"},{"BusNo":"1-3","Type":"1","BlID":"14055","BusCityName":"양평군"},{"BusNo":"2-10","Type":"1","BlID":"14063","BusCityName":"양평군"},{"BusNo":"2-11","Type":"1","BlID":"14064","BusCityName":"양평군"},{"BusNo":"2-2","Type":"1","BlID":"14065","BusCityName":"양평군"},{"BusNo":"2-3","Type":"1","BlID":"14066","BusCityName":"양평군"},{"BusNo":"2-5","Type":"1","BlID":"14068","BusCityName":"양평군"},{"BusNo":"2-6","Type":"1","BlID":"14069","BusCityName":"양평군"},{"BusNo":"2-8","Type":"1","BlID":"14071","BusCityName":"양평군"},{"BusNo":"2-9","Type":"1","BlID":"14072","BusCityName":"양평군"},{"BusNo":"22","Type":"1","BlID":"14078","BusCityName":"양평군"},{"BusNo":"7-8","Type":"1","BlID":"14080","BusCityName":"양평군"},{"BusNo":"2-1","Type":"1","BlID":"14081","BusCityName":"양평군"},{"BusNo":"7-10","Type":"1","BlID":"14088","BusCityName":"양평군"},{"BusNo":"7-9","Type":"1","BlID":"14094","BusCityName":"양평군"},{"BusNo":"7-12","Type":"1","BlID":"14095","BusCityName":"양평군"}]},{"StopName":"용문터미널","StopID":"157116","Bus": [{"BusNo":"987-1","Type":"1","BlID":"10130","BusCityName":"광주"},{"BusNo":"987-5","Type":"1","BlID":"10309","BusCityName":"광주"},{"BusNo":"987-3","Type":"1","BlID":"10317","BusCityName":"광주"},{"BusNo":"987-4","Type":"1","BlID":"10319","BusCityName":"광주"},{"BusNo":"7","Type":"1","BlID":"14005","BusCityName":"양평군"},{"BusNo":"2","Type":"1","BlID":"14007","BusCityName":"양평군"},{"BusNo":"7-1","Type":"1","BlID":"14034","BusCityName":"양평군"},{"BusNo":"7-2","Type":"1","BlID":"14035","BusCityName":"양평군"},{"BusNo":"7-3","Type":"1","BlID":"14036","BusCityName":"양평군"},{"BusNo":"7-4","Type":"1","BlID":"14037","BusCityName":"양평군"},{"BusNo":"7-5","Type":"1","BlID":"14038","BusCityName":"양평군"},{"BusNo":"7-7","Type":"1","BlID":"14040","BusCityName":"양평군"},{"BusNo":"23","Type":"1","BlID":"14041","BusCityName":"양평군"},{"BusNo":"24","Type":"1","BlID":"14051","BusCityName":"양평군"},{"BusNo":"1-3","Type":"1","BlID":"14055","BusCityName":"양평군"},{"BusNo":"2-10","Type":"1","BlID":"14063","BusCityName":"양평군"},{"BusNo":"2-11","Type":"1","BlID":"14064","BusCityName":"양평군"},{"BusNo":"2-2","Type":"1","BlID":"14065","BusCityName":"양평군"},{"BusNo":"2-3","Type":"1","BlID":"14066","BusCityName":"양평군"},{"BusNo":"2-5","Type":"1","BlID":"14068","BusCityName":"양평군"},{"BusNo":"2-6","Type":"1","BlID":"14069","BusCityName":"양평군"},{"BusNo":"2-8","Type":"1","BlID":"14071","BusCityName":"양평군"},{"BusNo":"2-9","Type":"1","BlID":"14072","BusCityName":"양평군"},{"BusNo":"22","Type":"1","BlID":"14078","BusCityName":"양평군"},{"BusNo":"7-8","Type":"1","BlID":"14080","BusCityName":"양평군"},{"BusNo":"2-1","Type":"1","BlID":"14081","BusCityName":"양평군"},{"BusNo":"7-10","Type":"1","BlID":"14088","BusCityName":"양평군"},{"BusNo":"7-11","Type":"1","BlID":"14092","BusCityName":"양평군"},{"BusNo":"7-9","Type":"1","BlID":"14094","BusCityName":"양평군"},{"BusNo":"7-12","Type":"1","BlID":"14095","BusCityName":"양평군"}]},{"StopName":"용문역","StopID":"197582","Bus": [{"BusNo":"7-4","Type":"1","BlID":"14037","BusCityName":"양평군"},{"BusNo":"7-8","Type":"1","BlID":"14080","BusCityName":"양평군"}]}]},{"GateNo":"2","GateLink": ["용문파출소","용문버스터미널","다문초등학교","용문우체국","용문면사무소","용문도서관","용문보건지소","용문면주민자치센터","양평종합사회복지관","다문교","연수교","산림청양평경영팀","용문중.고교"],"BUSSTOP": [{"StopName":"용문축협","StopID":"157115","Bus": [{"BusNo":"987-1","Type":"1","BlID":"10130","BusCityName":"광주"},{"BusNo":"987-2","Type":"1","BlID":"10173","BusCityName":"광주"},{"BusNo":"987-5","Type":"1","BlID":"10309","BusCityName":"광주"},{"BusNo":"987-3","Type":"1","BlID":"10317","BusCityName":"광주"},{"BusNo":"987-4","Type":"1","BlID":"10319","BusCityName":"광주"},{"BusNo":"987-6","Type":"1","BlID":"10485","BusCityName":"광주"},{"BusNo":"7","Type":"1","BlID":"14005","BusCityName":"양평군"},{"BusNo":"2","Type":"1","BlID":"14007","BusCityName":"양평군"},{"BusNo":"7-1","Type":"1","BlID":"14034","BusCityName":"양평군"},{"BusNo":"7-2","Type":"1","BlID":"14035","BusCityName":"양평군"},{"BusNo":"7-3","Type":"1","BlID":"14036","BusCityName":"양평군"},{"BusNo":"7-4","Type":"1","BlID":"14037","BusCityName":"양평군"},{"BusNo":"7-5","Type":"1","BlID":"14038","BusCityName":"양평군"},{"BusNo":"23","Type":"1","BlID":"14041","BusCityName":"양평군"},{"BusNo":"24","Type":"1","BlID":"14051","BusCityName":"양평군"},{"BusNo":"1-3","Type":"1","BlID":"14055","BusCityName":"양평군"},{"BusNo":"2-10","Type":"1","BlID":"14063","BusCityName":"양평군"},{"BusNo":"2-11","Type":"1","BlID":"14064","BusCityName":"양평군"},{"BusNo":"2-2","Type":"1","BlID":"14065","BusCityName":"양평군"},{"BusNo":"2-3","Type":"1","BlID":"14066","BusCityName":"양평군"},{"BusNo":"2-5","Type":"1","BlID":"14068","BusCityName":"양평군"},{"BusNo":"2-6","Type":"1","BlID":"14069","BusCityName":"양평군"},{"BusNo":"2-8","Type":"1","BlID":"14071","BusCityName":"양평군"},{"BusNo":"2-9","Type":"1","BlID":"14072","BusCityName":"양평군"},{"BusNo":"22","Type":"1","BlID":"14078","BusCityName":"양평군"},{"BusNo":"7-8","Type":"1","BlID":"14080","BusCityName":"양평군"},{"BusNo":"2-1","Type":"1","BlID":"14081","BusCityName":"양평군"},{"BusNo":"7-10","Type":"1","BlID":"14088","BusCityName":"양평군"},{"BusNo":"7-11","Type":"1","BlID":"14092","BusCityName":"양평군"},{"BusNo":"7-9","Type":"1","BlID":"14094","BusCityName":"양평군"},{"BusNo":"7-12","Type":"1","BlID":"14095","BusCityName":"양평군"}]},{"StopName":"용문축협","StopID":"157120","Bus": [{"BusNo":"987-1","Type":"1","BlID":"10130","BusCityName":"광주"},{"BusNo":"987-2","Type":"1","BlID":"10173","BusCityName":"광주"},{"BusNo":"987-5","Type":"1","BlID":"10309","BusCityName":"광주"},{"BusNo":"987-3","Type":"1","BlID":"10317","BusCityName":"광주"},{"BusNo":"987-4","Type":"1","BlID":"10319","BusCityName":"광주"},{"BusNo":"987-6","Type":"1","BlID":"10485","BusCityName":"광주"},{"BusNo":"7","Type":"1","BlID":"14005","BusCityName":"양평군"},{"BusNo":"2","Type":"1","BlID":"14007","BusCityName":"양평군"},{"BusNo":"7-2","Type":"1","BlID":"14035","BusCityName":"양평군"},{"BusNo":"7-4","Type":"1","BlID":"14037","BusCityName":"양평군"},{"BusNo":"7-5","Type":"1","BlID":"14038","BusCityName":"양평군"},{"BusNo":"7-7","Type":"1","BlID":"14040","BusCityName":"양평군"},{"BusNo":"23","Type":"1","BlID":"14041","BusCityName":"양평군"},{"BusNo":"24","Type":"1","BlID":"14051","BusCityName":"양평군"},{"BusNo":"1-3","Type":"1","BlID":"14055","BusCityName":"양평군"},{"BusNo":"2-10","Type":"1","BlID":"14063","BusCityName":"양평군"},{"BusNo":"2-11","Type":"1","BlID":"14064","BusCityName":"양평군"},{"BusNo":"2-2","Type":"1","BlID":"14065","BusCityName":"양평군"},{"BusNo":"2-3","Type":"1","BlID":"14066","BusCityName":"양평군"},{"BusNo":"2-5","Type":"1","BlID":"14068","BusCityName":"양평군"},{"BusNo":"2-6","Type":"1","BlID":"14069","BusCityName":"양평군"},{"BusNo":"2-8","Type":"1","BlID":"14071","BusCityName":"양평군"},{"BusNo":"2-9","Type":"1","BlID":"14072","BusCityName":"양평군"},{"BusNo":"22","Type":"1","BlID":"14078","BusCityName":"양평군"},{"BusNo":"7-8","Type":"1","BlID":"14080","BusCityName":"양평군"},{"BusNo":"2-1","Type":"1","BlID":"14081","BusCityName":"양평군"},{"BusNo":"7-9","Type":"1","BlID":"14094","BusCityName":"양평군"},{"BusNo":"7-12","Type":"1","BlID":"14095","BusCityName":"양평군"}]}]},{"GateNo":"3","GateLink": ["용문양묘사업소","용문하수종말처리장","용문체육공원","흑천"]}]}}}