{"result": {"stationName":"원덕","stationID":1301,"type":104,"laneName":"경의중앙선","laneCity":"수도권","x":127.547487,"y":37.4685855,"prevOBJ": {"station": [{"stationName":"양평","stationID":1302,"type":104,"laneName":"경의중앙선","laneCity":"수도권","x":127.4918725,"y":37.4926803}]},"nextOBJ": {"station": [{"stationName":"용문","stationID":1300,"type":104,"laneName":"경의중앙선","laneCity":"수도권","x":127.594263,"y":37.4820909}]},"defaultInfo": {"address":"경기도 양평군 양평읍 원덕리 306-4","new_address":"경기도 양평군 양평읍 원덕흑천길 94-22","tel":"1544-7788"},"useInfo": {"platform":2,"meetingPlace":0,"restroom":2,"offDoor":0,"crossOver":2,"publicPlace":0,"handicapCount":1,"parkingCount":0,"bicycleCount":1,"civilCount":0},"exitInfo": {"gate": [{"GateNo":"1","GateLink": ["원덕초등학교","흑천","원덕교","추읍산방면","원덕리"]}]}}}