{"result": {"stationName":"양평","stationID":1302,"type":104,"laneName":"경의중앙선","laneCity":"수도권","x":127.4918725,"y":37.4926803,"prevOBJ": {"station": [{"stationName":"오빈","stationID":1394,"type":104,"laneName":"경의중앙선","laneCity":"수도권","x":127.4740693,"y":37.5060647}]},"nextOBJ": {"station": [{"stationName":"원덕","stationID":1301,"type":104,"laneName":"경의중앙선","laneCity":"수도권","x":127.547487,"y":37.4685855}]},"defaultInfo": {"address":"경기도 양평군 양평읍 양근리 130-37","new_address":"경기도 양평군 양평읍 역전길 30","tel":"1544-7788"},"useInfo": {"platform":2,"meetingPlace":1,"restroom":2,"offDoor":0,"crossOver":1,"publicPlace":0,"handicapCount":1,"parkingCount":0,"bicycleCount":1,"civilCount":0},"exitInfo": {"gate": [{"GateNo":"1","GateLink": ["양평군청","양평초등학교","양평경찰서","양평교육청"],"BUSSTOP": [{"StopName":"양평군청.양평역.군농협","StopID":"117387","Bus": [{"BusNo":"2000-1","Type":"1","BlID":"14000","BusCityName":"양평군"},{"BusNo":"2000-2","Type":"1","BlID":"14001","BusCityName":"양평군"},{"BusNo":"1","Type":"1","BlID":"14003","BusCityName":"양평군"},{"BusNo":"6","Type":"1","BlID":"14004","BusCityName":"양평군"},{"BusNo":"3-5","Type":"1","BlID":"14009","BusCityName":"양평군"},{"BusNo":"5-1","Type":"1","BlID":"14021","BusCityName":"양평군"},{"BusNo":"5-2","Type":"1","BlID":"14022","BusCityName":"양평군"},{"BusNo":"5-3","Type":"1","BlID":"14023","BusCityName":"양평군"},{"BusNo":"5-4","Type":"1","BlID":"14024","BusCityName":"양평군"},{"BusNo":"5-5","Type":"1","BlID":"14025","BusCityName":"양평군"},{"BusNo":"6-1","Type":"1","BlID":"14027","BusCityName":"양평군"},{"BusNo":"6-2","Type":"1","BlID":"14029","BusCityName":"양평군"},{"BusNo":"6-3","Type":"1","BlID":"14030","BusCityName":"양평군"},{"BusNo":"6-5","Type":"1","BlID":"14031","BusCityName":"양평군"},{"BusNo":"6-6","Type":"1","BlID":"14032","BusCityName":"양평군"},{"BusNo":"6-8","Type":"1","BlID":"14033","BusCityName":"양평군"},{"BusNo":"2000-4","Type":"1","BlID":"14039","BusCityName":"양평군"},{"BusNo":"9-5","Type":"1","BlID":"14046","BusCityName":"양평군"},{"BusNo":"9-6","Type":"1","BlID":"14047","BusCityName":"양평군"},{"BusNo":"24","Type":"1","BlID":"14051","BusCityName":"양평군"},{"BusNo":"1-1","Type":"1","BlID":"14052","BusCityName":"양평군"},{"BusNo":"1-2","Type":"1","BlID":"14054","BusCityName":"양평군"},{"BusNo":"1-3","Type":"1","BlID":"14055","BusCityName":"양평군"},{"BusNo":"1-4","Type":"1","BlID":"14056","BusCityName":"양평군"},{"BusNo":"1-5","Type":"1","BlID":"14057","BusCityName":"양평군"},{"BusNo":"1-7","Type":"1","BlID":"14059","BusCityName":"양평군"},{"BusNo":"2000-3","Type":"1","BlID":"14062","BusCityName":"양평군"},{"BusNo":"2-10","Type":"1","BlID":"14063","BusCityName":"양평군"},{"BusNo":"2-11","Type":"1","BlID":"14064","BusCityName":"양평군"},{"BusNo":"2-2","Type":"1","BlID":"14065","BusCityName":"양평군"},{"BusNo":"2-3","Type":"1","BlID":"14066","BusCityName":"양평군"},{"BusNo":"2-5","Type":"1","BlID":"14068","BusCityName":"양평군"},{"BusNo":"2-6","Type":"1","BlID":"14069","BusCityName":"양평군"},{"BusNo":"2-8","Type":"1","BlID":"14071","BusCityName":"양평군"},{"BusNo":"2-9","Type":"1","BlID":"14072","BusCityName":"양평군"},{"BusNo":"3-2","Type":"1","BlID":"14074","BusCityName":"양평군"},{"BusNo":"9-7","Type":"1","BlID":"14079","BusCityName":"양평군"},{"BusNo":"2-1","Type":"1","BlID":"14081","BusCityName":"양평군"},{"BusNo":"5-7","Type":"1","BlID":"14089","BusCityName":"양평군"},{"BusNo":"5-8","Type":"1","BlID":"14091","BusCityName":"양평군"},{"BusNo":"6-4","Type":"1","BlID":"14093","BusCityName":"양평군"}]},{"StopName":"양평군청사거리.양평역.농협","StopID":"162168","Bus": [{"BusNo":"2000-1","Type":"1","BlID":"14000","BusCityName":"양평군"},{"BusNo":"2000-2","Type":"1","BlID":"14001","BusCityName":"양평군"},{"BusNo":"1","Type":"1","BlID":"14003","BusCityName":"양평군"},{"BusNo":"6","Type":"1","BlID":"14004","BusCityName":"양평군"},{"BusNo":"3-5","Type":"1","BlID":"14009","BusCityName":"양평군"},{"BusNo":"5-1","Type":"1","BlID":"14021","BusCityName":"양평군"},{"BusNo":"5-2","Type":"1","BlID":"14022","BusCityName":"양평군"},{"BusNo":"5-3","Type":"1","BlID":"14023","BusCityName":"양평군"},{"BusNo":"5-4","Type":"1","BlID":"14024","BusCityName":"양평군"},{"BusNo":"5-5","Type":"1","BlID":"14025","BusCityName":"양평군"},{"BusNo":"6-1","Type":"1","BlID":"14027","BusCityName":"양평군"},{"BusNo":"6-2","Type":"1","BlID":"14029","BusCityName":"양평군"},{"BusNo":"6-3","Type":"1","BlID":"14030","BusCityName":"양평군"},{"BusNo":"6-5","Type":"1","BlID":"14031","BusCityName":"양평군"},{"BusNo":"6-6","Type":"1","BlID":"14032","BusCityName":"양평군"},{"BusNo":"6-8","Type":"1","BlID":"14033","BusCityName":"양평군"},{"BusNo":"23","Type":"1","BlID":"14041","BusCityName":"양평군"},{"BusNo":"9-5","Type":"1","BlID":"14046","BusCityName":"양평군"},{"BusNo":"24","Type":"1","BlID":"14051","BusCityName":"양평군"},{"BusNo":"1-1","Type":"1","BlID":"14052","BusCityName":"양평군"},{"BusNo":"1-2","Type":"1","BlID":"14054","BusCityName":"양평군"},{"BusNo":"1-3","Type":"1","BlID":"14055","BusCityName":"양평군"},{"BusNo":"1-4","Type":"1","BlID":"14056","BusCityName":"양평군"},{"BusNo":"1-5","Type":"1","BlID":"14057","BusCityName":"양평군"},{"BusNo":"1-7","Type":"1","BlID":"14059","BusCityName":"양평군"},{"BusNo":"2000-3","Type":"1","BlID":"14062","BusCityName":"양평군"},{"BusNo":"2-10","Type":"1","BlID":"14063","BusCityName":"양평군"},{"BusNo":"2-11","Type":"1","BlID":"14064","BusCityName":"양평군"},{"BusNo":"2-2","Type":"1","BlID":"14065","BusCityName":"양평군"},{"BusNo":"2-3","Type":"1","BlID":"14066","BusCityName":"양평군"},{"BusNo":"2-5","Type":"1","BlID":"14068","BusCityName":"양평군"},{"BusNo":"2-6","Type":"1","BlID":"14069","BusCityName":"양평군"},{"BusNo":"2-8","Type":"1","BlID":"14071","BusCityName":"양평군"},{"BusNo":"2-9","Type":"1","BlID":"14072","BusCityName":"양평군"},{"BusNo":"3-2","Type":"1","BlID":"14074","BusCityName":"양평군"},{"BusNo":"9-7","Type":"1","BlID":"14079","BusCityName":"양평군"},{"BusNo":"2-1","Type":"1","BlID":"14081","BusCityName":"양평군"},{"BusNo":"5-7","Type":"1","BlID":"14089","BusCityName":"양평군"},{"BusNo":"5-8","Type":"1","BlID":"14091","BusCityName":"양평군"},{"BusNo":"6-4","Type":"1","BlID":"14093","BusCityName":"양평군"}]}]},{"GateNo":"2","GateLink": ["양일중.고등학교","양평중학교"],"BUSSTOP": [{"StopName":"KT양평","StopID":"117389","Bus": [{"BusNo":"36-11","Type":"1","BlID":"10120","BusCityName":"광주"},{"BusNo":"36-12","Type":"1","BlID":"10397","BusCityName":"광주"},{"BusNo":"36","Type":"1","BlID":"10530","BusCityName":"광주"},{"BusNo":"36-1","Type":"1","BlID":"10533","BusCityName":"광주"},{"BusNo":"2000-1","Type":"1","BlID":"14000","BusCityName":"양평군"},{"BusNo":"2000-2","Type":"1","BlID":"14001","BusCityName":"양평군"},{"BusNo":"1","Type":"1","BlID":"14003","BusCityName":"양평군"},{"BusNo":"6","Type":"1","BlID":"14004","BusCityName":"양평군"},{"BusNo":"3-5","Type":"1","BlID":"14009","BusCityName":"양평군"},{"BusNo":"4-1","Type":"1","BlID":"14011","BusCityName":"양평군"},{"BusNo":"4-10","Type":"1","BlID":"14012","BusCityName":"양평군"},{"BusNo":"4-2","Type":"1","BlID":"14013","BusCityName":"양평군"},{"BusNo":"4-3","Type":"1","BlID":"14014","BusCityName":"양평군"},{"BusNo":"4-4","Type":"1","BlID":"14015","BusCityName":"양평군"},{"BusNo":"4-6","Type":"1","BlID":"14017","BusCityName":"양평군"},{"BusNo":"4-7","Type":"1","BlID":"14018","BusCityName":"양평군"},{"BusNo":"4-8","Type":"1","BlID":"14019","BusCityName":"양평군"},{"BusNo":"4-9","Type":"1","BlID":"14020","BusCityName":"양평군"},{"BusNo":"5-1","Type":"1","BlID":"14021","BusCityName":"양평군"},{"BusNo":"5-2","Type":"1","BlID":"14022","BusCityName":"양평군"},{"BusNo":"5-3","Type":"1","BlID":"14023","BusCityName":"양평군"},{"BusNo":"5-4","Type":"1","BlID":"14024","BusCityName":"양평군"},{"BusNo":"5-5","Type":"1","BlID":"14025","BusCityName":"양평군"},{"BusNo":"6-1","Type":"1","BlID":"14027","BusCityName":"양평군"},{"BusNo":"6-2","Type":"1","BlID":"14029","BusCityName":"양평군"},{"BusNo":"6-3","Type":"1","BlID":"14030","BusCityName":"양평군"},{"BusNo":"6-5","Type":"1","BlID":"14031","BusCityName":"양평군"},{"BusNo":"6-6","Type":"1","BlID":"14032","BusCityName":"양평군"},{"BusNo":"6-8","Type":"1","BlID":"14033","BusCityName":"양평군"},{"BusNo":"2000-4","Type":"1","BlID":"14039","BusCityName":"양평군"},{"BusNo":"9-5","Type":"1","BlID":"14046","BusCityName":"양평군"},{"BusNo":"9-6","Type":"1","BlID":"14047","BusCityName":"양평군"},{"BusNo":"24","Type":"1","BlID":"14051","BusCityName":"양평군"},{"BusNo":"1-1","Type":"1","BlID":"14052","BusCityName":"양평군"},{"BusNo":"1-2","Type":"1","BlID":"14054","BusCityName":"양평군"},{"BusNo":"1-3","Type":"1","BlID":"14055","BusCityName":"양평군"},{"BusNo":"1-5","Type":"1","BlID":"14057","BusCityName":"양평군"},{"BusNo":"4-11","Type":"1","BlID":"14058","BusCityName":"양평군"},{"BusNo":"1-7","Type":"1","BlID":"14059","BusCityName":"양평군"},{"BusNo":"2000-3","Type":"1","BlID":"14062","BusCityName":"양평군"},{"BusNo":"2-10","Type":"1","BlID":"14063","BusCityName":"양평군"},{"BusNo":"2-11","Type":"1","BlID":"14064","BusCityName":"양평군"},{"BusNo":"2-2","Type":"1","BlID":"14065","BusCityName":"양평군"},{"BusNo":"2-3","Type":"1","BlID":"14066","BusCityName":"양평군"},{"BusNo":"2-5","Type":"1","BlID":"14068","BusCityName":"양평군"},{"BusNo":"2-6","Type":"1","BlID":"14069","BusCityName":"양평군"},{"BusNo":"2-8","Type":"1","BlID":"14071","BusCityName":"양평군"},{"BusNo":"2-9","Type":"1","BlID":"14072","BusCityName":"양평군"},{"BusNo":"3-2","Type":"1","BlID":"14074","BusCityName":"양평군"},{"BusNo":"5","Type":"1","BlID":"14076","BusCityName":"양평군"},{"BusNo":"9-7","Type":"1","BlID":"14079","BusCityName":"양평군"},{"BusNo":"2-1","Type":"1","BlID":"14081","BusCityName":"양평군"},{"BusNo":"5-7","Type":"1","BlID":"14089","BusCityName":"양평군"},{"BusNo":"5-8","Type":"1","BlID":"14091","BusCityName":"양평군"},{"BusNo":"6-4","Type":"1","BlID":"14093","BusCityName":"양평군"}]},{"StopName":"KT양평","StopID":"154570","Bus": [{"BusNo":"36-11","Type":"1","BlID":"10120","BusCityName":"광주"},{"BusNo":"36-12","Type":"1","BlID":"10397","BusCityName":"광주"},{"BusNo":"36","Type":"1","BlID":"10530","BusCityName":"광주"},{"BusNo":"36-1","Type":"1","BlID":"10533","BusCityName":"광주"},{"BusNo":"36-15","Type":"1","BlID":"10631","BusCityName":"광주"},{"BusNo":"2000-1","Type":"1","BlID":"14000","BusCityName":"양평군"},{"BusNo":"2000-2","Type":"1","BlID":"14001","BusCityName":"양평군"},{"BusNo":"1","Type":"1","BlID":"14003","BusCityName":"양평군"},{"BusNo":"6","Type":"1","BlID":"14004","BusCityName":"양평군"},{"BusNo":"3-5","Type":"1","BlID":"14009","BusCityName":"양평군"},{"BusNo":"4-1","Type":"1","BlID":"14011","BusCityName":"양평군"},{"BusNo":"4-10","Type":"1","BlID":"14012","BusCityName":"양평군"},{"BusNo":"4-2","Type":"1","BlID":"14013","BusCityName":"양평군"},{"BusNo":"4-3","Type":"1","BlID":"14014","BusCityName":"양평군"},{"BusNo":"4-4","Type":"1","BlID":"14015","BusCityName":"양평군"},{"BusNo":"4-6","Type":"1","BlID":"14017","BusCityName":"양평군"},{"BusNo":"4-9","Type":"1","BlID":"14020","BusCityName":"양평군"},{"BusNo":"5-1","Type":"1","BlID":"14021","BusCityName":"양평군"},{"BusNo":"5-2","Type":"1","BlID":"14022","BusCityName":"양평군"},{"BusNo":"5-3","Type":"1","BlID":"14023","BusCityName":"양평군"},{"BusNo":"5-4","Type":"1","BlID":"14024","BusCityName":"양평군"},{"BusNo":"5-5","Type":"1","BlID":"14025","BusCityName":"양평군"},{"BusNo":"6-1","Type":"1","BlID":"14027","BusCityName":"양평군"},{"BusNo":"6-2","Type":"1","BlID":"14029","BusCityName":"양평군"},{"BusNo":"6-3","Type":"1","BlID":"14030","BusCityName":"양평군"},{"BusNo":"6-5","Type":"1","BlID":"14031","BusCityName":"양평군"},{"BusNo":"6-6","Type":"1","BlID":"14032","BusCityName":"양평군"},{"BusNo":"6-8","Type":"1","BlID":"14033","BusCityName":"양평군"},{"BusNo":"23","Type":"1","BlID":"14041","BusCityName":"양평군"},{"BusNo":"9-5","Type":"1","BlID":"14046","BusCityName":"양평군"},{"BusNo":"24","Type":"1","BlID":"14051","BusCityName":"양평군"},{"BusNo":"1-1","Type":"1","BlID":"14052","BusCityName":"양평군"},{"BusNo":"1-2","Type":"1","BlID":"14054","BusCityName":"양평군"},{"BusNo":"1-3","Type":"1","BlID":"14055","BusCityName":"양평군"},{"BusNo":"1-4","Type":"1","BlID":"14056","BusCityName":"양평군"},{"BusNo":"1-5","Type":"1","BlID":"14057","BusCityName":"양평군"},{"BusNo":"4-11","Type":"1","BlID":"14058","BusCityName":"양평군"},{"BusNo":"1-7","Type":"1","BlID":"14059","BusCityName":"양평군"},{"BusNo":"2000-3","Type":"1","BlID":"14062","BusCityName":"양평군"},{"BusNo":"2-10","Type":"1","BlID":"14063","BusCityName":"양평군"},{"BusNo":"2-11","Type":"1","BlID":"14064","BusCityName":"양평군"},{"BusNo":"2-2","Type":"1","BlID":"14065","BusCityName":"양평군"},{"BusNo":"2-3","Type":"1","BlID":"14066","BusCityName":"양평군"},{"BusNo":"2-5","Type":"1","BlID":"14068","BusCityName":"양평군"},{"BusNo":"2-6","Type":"1","BlID":"14069","BusCityName":"양평군"},{"BusNo":"2-8","Type":"1","BlID":"14071","BusCityName":"양평군"},{"BusNo":"2-9","Type":"1","BlID":"14072","BusCityName":"양평군"},{"BusNo":"3-2","Type":"1","BlID":"14074","BusCityName":"양평군"},{"BusNo":"9-7","Type":"1","BlID":"14079","BusCityName":"양평군"},{"BusNo":"2-1","Type":"1","BlID":"14081","BusCityName":"양평군"},{"BusNo":"5-7","Type":"1","BlID":"14089","BusCityName":"양평군"},{"BusNo":"5-8","Type":"1","BlID":"14091","BusCityName":"양평군"},{"BusNo":"6-4","Type":"1","BlID":"14093","BusCityName":"양평군"}]},{"StopName":"현대아파트.휴먼빌아파트","StopID":"156254","Bus": [{"BusNo":"32-9","Type":"1","BlID":"13536","BusCityName":"가평군"},{"BusNo":"6-10","Type":"1","BlID":"14028","BusCityName":"양평군"},{"BusNo":"23","Type":"1","BlID":"14041","BusCityName":"양평군"},{"BusNo":"24","Type":"1","BlID":"14051","BusCityName":"양평군"},{"BusNo":"1-3","Type":"1","BlID":"14055","BusCityName":"양평군"},{"BusNo":"1-4","Type":"1","BlID":"14056","BusCityName":"양평군"},{"BusNo":"2-10","Type":"1","BlID":"14063","BusCityName":"양평군"},{"BusNo":"2-11","Type":"1","BlID":"14064","BusCityName":"양평군"},{"BusNo":"2-2","Type":"1","BlID":"14065","BusCityName":"양평군"},{"BusNo":"2-3","Type":"1","BlID":"14066","BusCityName":"양평군"},{"BusNo":"2-5","Type":"1","BlID":"14068","BusCityName":"양평군"},{"BusNo":"2-6","Type":"1","BlID":"14069","BusCityName":"양평군"},{"BusNo":"2-8","Type":"1","BlID":"14071","BusCityName":"양평군"},{"BusNo":"2-9","Type":"1","BlID":"14072","BusCityName":"양평군"},{"BusNo":"2-1","Type":"1","BlID":"14081","BusCityName":"양평군"}]}]}]}}}