{"result": {"stationName":"아신","stationID":1303,"type":104,"laneName":"경의중앙선","laneCity":"수도권","x":127.4432568,"y":37.5139615,"prevOBJ": {"station": [{"stationName":"국수","stationID":1304,"type":104,"laneName":"경의중앙선","laneCity":"수도권","x":127.3995182,"y":37.5161987}]},"nextOBJ": {"station": [{"stationName":"오빈","stationID":1394,"type":104,"laneName":"경의중앙선","laneCity":"수도권","x":127.4740693,"y":37.5060647}]},"defaultInfo": {"address":"경기도 양평군 옥천면 아신리 산 112-2","new_address":"경기도 양평군 옥천면 아신역1길 23","tel":"1544-7788"},"useInfo": {"platform":1,"meetingPlace":0,"restroom":2,"offDoor":0,"crossOver":2,"publicPlace":0,"handicapCount":1,"parkingCount":0,"bicycleCount":1,"civilCount":0},"exitInfo": {"gate": [{"GateNo":"1","GateLink": ["옥천면사무소","옥천초등학교"],"BUSSTOP": [{"StopName":"아신2리","StopID":"117367","Bus": [{"BusNo":"2000-2","Type":"1","BlID":"14001","BusCityName":"양평군"}]},{"StopName":"아신2리","StopID":"117376","Bus": [{"BusNo":"2000-2","Type":"1","BlID":"14001","BusCityName":"양평군"}]},{"StopName":"아신리.아신역입구","StopID":"184951","Bus": [{"BusNo":"2000-1","Type":"1","BlID":"14000","BusCityName":"양평군"},{"BusNo":"2000-2","Type":"1","BlID":"14001","BusCityName":"양평군"},{"BusNo":"6","Type":"1","BlID":"14004","BusCityName":"양평군"},{"BusNo":"3-5","Type":"1","BlID":"14009","BusCityName":"양평군"},{"BusNo":"6-2","Type":"1","BlID":"14029","BusCityName":"양평군"},{"BusNo":"6-5","Type":"1","BlID":"14031","BusCityName":"양평군"},{"BusNo":"6-6","Type":"1","BlID":"14032","BusCityName":"양평군"},{"BusNo":"2000-4","Type":"1","BlID":"14039","BusCityName":"양평군"},{"BusNo":"9-5","Type":"1","BlID":"14046","BusCityName":"양평군"},{"BusNo":"9-6","Type":"1","BlID":"14047","BusCityName":"양평군"},{"BusNo":"2000-3","Type":"1","BlID":"14062","BusCityName":"양평군"},{"BusNo":"3-2","Type":"1","BlID":"14074","BusCityName":"양평군"},{"BusNo":"9-7","Type":"1","BlID":"14079","BusCityName":"양평군"}]},{"StopName":"아신리아신역입구","StopID":"184952","Bus": [{"BusNo":"2000-1","Type":"1","BlID":"14000","BusCityName":"양평군"},{"BusNo":"2000-2","Type":"1","BlID":"14001","BusCityName":"양평군"},{"BusNo":"6","Type":"1","BlID":"14004","BusCityName":"양평군"},{"BusNo":"3-5","Type":"1","BlID":"14009","BusCityName":"양평군"},{"BusNo":"6-1","Type":"1","BlID":"14027","BusCityName":"양평군"},{"BusNo":"6-3","Type":"1","BlID":"14030","BusCityName":"양평군"},{"BusNo":"6-5","Type":"1","BlID":"14031","BusCityName":"양평군"},{"BusNo":"6-6","Type":"1","BlID":"14032","BusCityName":"양평군"},{"BusNo":"2000-4","Type":"1","BlID":"14039","BusCityName":"양평군"},{"BusNo":"9-5","Type":"1","BlID":"14046","BusCityName":"양평군"},{"BusNo":"2000-3","Type":"1","BlID":"14062","BusCityName":"양평군"},{"BusNo":"3-2","Type":"1","BlID":"14074","BusCityName":"양평군"},{"BusNo":"9-7","Type":"1","BlID":"14079","BusCityName":"양평군"}]}]}]}}}