{"result": {"stationName":"국수","stationID":1304,"type":104,"laneName":"경의중앙선","laneCity":"수도권","x":127.3995182,"y":37.5161987,"prevOBJ": {"station": [{"stationName":"신원","stationID":1305,"type":104,"laneName":"경의중앙선","laneCity":"수도권","x":127.3727626,"y":37.5259267}]},"nextOBJ": {"station": [{"stationName":"아신","stationID":1303,"type":104,"laneName":"경의중앙선","laneCity":"수도권","x":127.4432568,"y":37.5139615}]},"defaultInfo": {"address":"경기도 양평군 양서면 국수리 258-25","new_address":"경기도 양평군 양서면 국수역길 45","tel":"1544-7788"},"useInfo": {"platform":3,"meetingPlace":1,"restroom":2,"offDoor":0,"crossOver":2,"publicPlace":0,"handicapCount":0,"parkingCount":0,"bicycleCount":1,"civilCount":0},"exitInfo": {"gate": [{"GateNo":"1","GateLink": ["양서면국수출장소","국수중학교","국수보건지소","양평공업고등학교"],"BUSSTOP": [{"StopName":"우연모텔","StopID":"165259","Bus": [{"BusNo":"3-5","Type":"1","BlID":"14009","BusCityName":"양평군"},{"BusNo":"9-9","Type":"1","BlID":"14026","BusCityName":"양평군"},{"BusNo":"9-5","Type":"1","BlID":"14046","BusCityName":"양평군"},{"BusNo":"9-7","Type":"1","BlID":"14079","BusCityName":"양평군"}]},{"StopName":"국수리.양평전자과학고등학교","StopID":"184943","Bus": [{"BusNo":"2000-2","Type":"1","BlID":"14001","BusCityName":"양평군"},{"BusNo":"2000-3","Type":"1","BlID":"14062","BusCityName":"양평군"}]},{"StopName":"국수리.양평전자과학고등학교","StopID":"184944","Bus": [{"BusNo":"2000-1","Type":"1","BlID":"14000","BusCityName":"양평군"},{"BusNo":"2000-2","Type":"1","BlID":"14001","BusCityName":"양평군"},{"BusNo":"2000-4","Type":"1","BlID":"14039","BusCityName":"양평군"},{"BusNo":"9-5","Type":"1","BlID":"14046","BusCityName":"양평군"},{"BusNo":"9-6","Type":"1","BlID":"14047","BusCityName":"양평군"},{"BusNo":"2000-3","Type":"1","BlID":"14062","BusCityName":"양평군"},{"BusNo":"3-2","Type":"1","BlID":"14074","BusCityName":"양평군"},{"BusNo":"9-7","Type":"1","BlID":"14079","BusCityName":"양평군"}]},{"StopName":"복포1리","StopID":"184945","Bus": [{"BusNo":"2000-1","Type":"1","BlID":"14000","BusCityName":"양평군"},{"BusNo":"2000-2","Type":"1","BlID":"14001","BusCityName":"양평군"},{"BusNo":"3-5","Type":"1","BlID":"14009","BusCityName":"양평군"},{"BusNo":"2000-4","Type":"1","BlID":"14039","BusCityName":"양평군"},{"BusNo":"9-5","Type":"1","BlID":"14046","BusCityName":"양평군"},{"BusNo":"2000-3","Type":"1","BlID":"14062","BusCityName":"양평군"},{"BusNo":"3-2","Type":"1","BlID":"14074","BusCityName":"양평군"},{"BusNo":"9-7","Type":"1","BlID":"14079","BusCityName":"양평군"}]},{"StopName":"복지1리.보은정사","StopID":"197473","Bus": [{"BusNo":"2000-1","Type":"1","BlID":"14000","BusCityName":"양평군"},{"BusNo":"2000-2","Type":"1","BlID":"14001","BusCityName":"양평군"},{"BusNo":"2000-4","Type":"1","BlID":"14039","BusCityName":"양평군"},{"BusNo":"9-5","Type":"1","BlID":"14046","BusCityName":"양평군"},{"BusNo":"9-6","Type":"1","BlID":"14047","BusCityName":"양평군"},{"BusNo":"2000-3","Type":"1","BlID":"14062","BusCityName":"양평군"},{"BusNo":"3-2","Type":"1","BlID":"14074","BusCityName":"양평군"},{"BusNo":"9-7","Type":"1","BlID":"14079","BusCityName":"양평군"}]},{"StopName":"국수리.양평공고","StopID":"197545","Bus": [{"BusNo":"2000-1","Type":"1","BlID":"14000","BusCityName":"양평군"},{"BusNo":"9-9","Type":"1","BlID":"14026","BusCityName":"양평군"},{"BusNo":"2000-4","Type":"1","BlID":"14039","BusCityName":"양평군"},{"BusNo":"9-5","Type":"1","BlID":"14046","BusCityName":"양평군"},{"BusNo":"3-2","Type":"1","BlID":"14074","BusCityName":"양평군"},{"BusNo":"9-7","Type":"1","BlID":"14079","BusCityName":"양평군"}]}]}]}}}