{"result": {"stationName":"신원","stationID":1305,"type":104,"laneName":"경의중앙선","laneCity":"수도권","x":127.3727626,"y":37.5259267,"prevOBJ": {"station": [{"stationName":"양수","stationID":1306,"type":104,"laneName":"경의중앙선","laneCity":"수도권","x":127.3289686,"y":37.5460056}]},"nextOBJ": {"station": [{"stationName":"국수","stationID":1304,"type":104,"laneName":"경의중앙선","laneCity":"수도권","x":127.3995182,"y":37.5161987}]},"defaultInfo": {"address":"경기도 양평군 양서면 신원리 480-29","new_address":"경기도 양평군 양서면 신원역길 7","tel":"1544-7788"},"useInfo": {"platform":2,"meetingPlace":1,"restroom":2,"offDoor":0,"crossOver":2,"publicPlace":0,"handicapCount":1,"parkingCount":0,"bicycleCount":1,"civilCount":0},"exitInfo": {"gate": [{"GateNo":"1","GateLink": ["부용산방면","신원리방면"],"BUSSTOP": [{"StopName":"신원역","StopID":"184939","Bus": [{"BusNo":"2000-1","Type":"1","BlID":"14000","BusCityName":"양평군"},{"BusNo":"2000-2","Type":"1","BlID":"14001","BusCityName":"양평군"},{"BusNo":"9-9","Type":"1","BlID":"14026","BusCityName":"양평군"},{"BusNo":"2000-4","Type":"1","BlID":"14039","BusCityName":"양평군"},{"BusNo":"9-5","Type":"1","BlID":"14046","BusCityName":"양평군"},{"BusNo":"2000-3","Type":"1","BlID":"14062","BusCityName":"양평군"},{"BusNo":"3-2","Type":"1","BlID":"14074","BusCityName":"양평군"},{"BusNo":"9-7","Type":"1","BlID":"14079","BusCityName":"양평군"}]},{"StopName":"신원역","StopID":"184940","Bus": [{"BusNo":"2000-1","Type":"1","BlID":"14000","BusCityName":"양평군"},{"BusNo":"2000-2","Type":"1","BlID":"14001","BusCityName":"양평군"},{"BusNo":"2000-4","Type":"1","BlID":"14039","BusCityName":"양평군"},{"BusNo":"9-5","Type":"1","BlID":"14046","BusCityName":"양평군"},{"BusNo":"9-6","Type":"1","BlID":"14047","BusCityName":"양평군"},{"BusNo":"2000-3","Type":"1","BlID":"14062","BusCityName":"양평군"},{"BusNo":"3-2","Type":"1","BlID":"14074","BusCityName":"양평군"},{"BusNo":"9-7","Type":"1","BlID":"14079","BusCityName":"양평군"}]}]}]}}}