{"result": {"stationName":"양수","stationID":1306,"type":104,"laneName":"경의중앙선","laneCity":"수도권","x":127.3289686,"y":37.5460056,"prevOBJ": {"station": [{"stationName":"운길산","stationID":1307,"type":104,"laneName":"경의중앙선","laneCity":"수도권","x":127.3101032,"y":37.5546644}]},"nextOBJ": {"station": [{"stationName":"신원","stationID":1305,"type":104,"laneName":"경의중앙선","laneCity":"수도권","x":127.3727626,"y":37.5259267}]},"defaultInfo": {"address":"경기도 양평군 양서면 용담리 255-2","new_address":"경기도 양평군 양서면 목왕로 55-10","tel":"1544-7788"},"useInfo": {"platform":3,"meetingPlace":1,"restroom":2,"offDoor":0,"crossOver":2,"publicPlace":0,"handicapCount":0,"parkingCount":0,"bicycleCount":1,"civilCount":0},"exitInfo": {"gate": [{"GateNo":"1","GateLink": ["양서면사무소","세미원","두물머리","양서파출소"],"BUSSTOP": [{"StopName":"양수역","StopID":"155940","Bus": [{"BusNo":"2000-3","Type":"1","BlID":"14062","BusCityName":"양평군"},{"BusNo":"8-6","Type":"1","BlID":"14084","BusCityName":"양평군"},{"BusNo":"8-3","Type":"1","BlID":"14096","BusCityName":"양평군"}]},{"StopName":"양수역","StopID":"155943","Bus": [{"BusNo":"8-4","Type":"1","BlID":"14042","BusCityName":"양평군"},{"BusNo":"9-6","Type":"1","BlID":"14047","BusCityName":"양평군"},{"BusNo":"8-2","Type":"1","BlID":"14048","BusCityName":"양평군"},{"BusNo":"2000-3","Type":"1","BlID":"14062","BusCityName":"양평군"},{"BusNo":"8-5","Type":"1","BlID":"14077","BusCityName":"양평군"},{"BusNo":"8-7","Type":"1","BlID":"14085","BusCityName":"양평군"},{"BusNo":"8-8","Type":"1","BlID":"14086","BusCityName":"양평군"},{"BusNo":"8-9","Type":"1","BlID":"14090","BusCityName":"양평군"},{"BusNo":"8-3","Type":"1","BlID":"14096","BusCityName":"양평군"}]}]},{"GateNo":"2","GateLink": ["양서고등학교"]}]}}}