{"result": {"stationName":"운길산","stationID":1307,"type":104,"laneName":"경의중앙선","laneCity":"수도권","x":127.3101032,"y":37.5546644,"prevOBJ": {"station": [{"stationName":"팔당","stationID":1308,"type":104,"laneName":"경의중앙선","laneCity":"수도권","x":127.2439102,"y":37.5473217}]},"nextOBJ": {"station": [{"stationName":"양수","stationID":1306,"type":104,"laneName":"경의중앙선","laneCity":"수도권","x":127.3289686,"y":37.5460056}]},"defaultInfo": {"address":"경기도 남양주시 조안면 진중리 229-1","new_address":"경기도 남양주시 조안면 운길산로 20","tel":"1544-7788"},"useInfo": {"platform":3,"meetingPlace":1,"restroom":2,"offDoor":0,"crossOver":2,"publicPlace":0,"handicapCount":0,"parkingCount":0,"bicycleCount":1,"civilCount":0},"exitInfo": {"gate": [{"GateNo":"1","GateLink": ["조안면체육공원","조안면복지회관","진중생태문화회관","조안보건지소","진중리생태마을","운길산","진중삼거리","양수교","진중리","조안리","수종사","실학박물관"],"BUSSTOP": [{"StopName":"진중리.조안면체육공원","StopID":"184032","Bus": [{"BusNo":"167","Type":"1","BlID":"18518","BusCityName":"남양주"},{"BusNo":"56","Type":"1","BlID":"18595","BusCityName":"남양주"},{"BusNo":"63","Type":"3","BlID":"18618","BusCityName":"남양주"}]},{"StopName":"진중리.조안면체육공원","StopID":"184033","Bus": [{"BusNo":"167","Type":"1","BlID":"18518","BusCityName":"남양주"},{"BusNo":"56","Type":"1","BlID":"18595","BusCityName":"남양주"},{"BusNo":"63","Type":"3","BlID":"18618","BusCityName":"남양주"}]},{"StopName":"운길산역","StopID":"206802","Bus": [{"BusNo":"63","Type":"3","BlID":"18618","BusCityName":"남양주"}]},{"StopName":"운길산역","StopID":"206803","Bus": [{"BusNo":"63","Type":"3","BlID":"18618","BusCityName":"남양주"}]}]},{"GateNo":"2","GateLink": ["조안면체육공원","조안면복지회관","진중생태문화회관","조안보건지소","진중리생태마을","운길산","진중삼거리","양수교","진중리","조안리","수종사","실학박물관"],"BUSSTOP": [{"StopName":"운길산역","StopID":"197313","Bus": [{"BusNo":"167","Type":"1","BlID":"18518","BusCityName":"남양주"},{"BusNo":"56","Type":"1","BlID":"18595","BusCityName":"남양주"}]},{"StopName":"운길산역","StopID":"197315","Bus": [{"BusNo":"167","Type":"1","BlID":"18518","BusCityName":"남양주"},{"BusNo":"56","Type":"1","BlID":"18595","BusCityName":"남양주"}]}]}]}}}