{"result": {"stationName":"팔당","stationID":1308,"type":104,"laneName":"경의중앙선","laneCity":"수도권","x":127.2439102,"y":37.5473217,"prevOBJ": {"station": [{"stationName":"도심","stationID":1309,"type":104,"laneName":"경의중앙선","laneCity":"수도권","x":127.2228201,"y":37.5796321}]},"nextOBJ": {"station": [{"stationName":"운길산","stationID":1307,"type":104,"laneName":"경의중앙선","laneCity":"수도권","x":127.3101032,"y":37.5546644}]},"defaultInfo": {"address":"경기도 남양주시 와부읍 팔당리 360","new_address":"경기도 남양주시 와부읍 팔당로 107","tel":"1544-7788"},"useInfo": {"platform":1,"meetingPlace":0,"restroom":2,"offDoor":0,"crossOver":2,"publicPlace":0,"handicapCount":0,"parkingCount":0,"bicycleCount":1,"civilCount":0},"exitInfo": {"gate": [{"GateNo":"1","GateLink": ["팔당교","팔당대교","예봉산","한강","팔당1리","팔당2리","실학박물관"],"BUSSTOP": [{"StopName":"팔당역","StopID":"165256","Bus": [{"BusNo":"2000-1","Type":"1","BlID":"14000","BusCityName":"양평군"},{"BusNo":"2000-4","Type":"1","BlID":"14039","BusCityName":"양평군"},{"BusNo":"2000-3","Type":"1","BlID":"14062","BusCityName":"양평군"},{"BusNo":"167","Type":"1","BlID":"18518","BusCityName":"남양주"},{"BusNo":"50","Type":"3","BlID":"8011","BusCityName":"하남"},{"BusNo":"63","Type":"3","BlID":"18618","BusCityName":"남양주"}]},{"StopName":"새마을주택앞","StopID":"183858","Bus": [{"BusNo":"2000-1","Type":"1","BlID":"14000","BusCityName":"양평군"},{"BusNo":"2000-4","Type":"1","BlID":"14039","BusCityName":"양평군"},{"BusNo":"2000-3","Type":"1","BlID":"14062","BusCityName":"양평군"},{"BusNo":"8-8","Type":"1","BlID":"14086","BusCityName":"양평군"},{"BusNo":"167","Type":"1","BlID":"18518","BusCityName":"남양주"},{"BusNo":"63","Type":"3","BlID":"18618","BusCityName":"남양주"}]},{"StopName":"팔당역","StopID":"192907","Bus": [{"BusNo":"2000-1","Type":"1","BlID":"14000","BusCityName":"양평군"},{"BusNo":"2000-4","Type":"1","BlID":"14039","BusCityName":"양평군"},{"BusNo":"2000-3","Type":"1","BlID":"14062","BusCityName":"양평군"},{"BusNo":"8-8","Type":"1","BlID":"14086","BusCityName":"양평군"},{"BusNo":"167","Type":"1","BlID":"18518","BusCityName":"남양주"},{"BusNo":"50","Type":"3","BlID":"8011","BusCityName":"하남"},{"BusNo":"63","Type":"3","BlID":"18618","BusCityName":"남양주"}]}]}]}}}