{"result": {"stationName":"도심","stationID":1309,"type":104,"laneName":"경의중앙선","laneCity":"수도권","x":127.2228201,"y":37.5796321,"prevOBJ": {"station": [{"stationName":"덕소","stationID":1310,"type":104,"laneName":"경의중앙선","laneCity":"수도권","x":127.2088515,"y":37.5869011}]},"nextOBJ": {"station": [{"stationName":"팔당","stationID":1308,"type":104,"laneName":"경의중앙선","laneCity":"수도권","x":127.2439102,"y":37.5473217}]},"defaultInfo": {"address":"경기도 남양주시 와부읍 도곡리 1024-2","new_address":"경기도 남양주시 와부읍 덕소로 237","tel":"1544-7788"},"useInfo": {"platform":1,"meetingPlace":0,"restroom":2,"offDoor":0,"crossOver":2,"publicPlace":0,"handicapCount":0,"parkingCount":0,"bicycleCount":1,"civilCount":0},"exitInfo": {"gate": [{"GateNo":"1","GateLink": ["덕소중학교","도심초등학교","도곡리"]},{"GateNo":"2","GateLink": ["남양주도곡초등학교","남양주도곡초등학교병설 유치원","덕소고등학교","도곡근린공원","도곡교","덕소강변대교","와부119안전센터 방면"],"BUSSTOP": [{"StopName":"도심역","StopID":"110125","Bus": [{"BusNo":"15","Type":"1","BlID":"10148","BusCityName":"광주"},{"BusNo":"2000-1","Type":"1","BlID":"14000","BusCityName":"양평군"},{"BusNo":"2000-4","Type":"1","BlID":"14039","BusCityName":"양평군"},{"BusNo":"2000-3","Type":"1","BlID":"14062","BusCityName":"양평군"},{"BusNo":"112-1","Type":"1","BlID":"18509","BusCityName":"남양주"},{"BusNo":"166-1","Type":"1","BlID":"18517","BusCityName":"남양주"},{"BusNo":"167","Type":"1","BlID":"18518","BusCityName":"남양주"},{"BusNo":"168","Type":"1","BlID":"18521","BusCityName":"남양주"},{"BusNo":"30-15","Type":"1","BlID":"18564","BusCityName":"남양주"},{"BusNo":"63","Type":"3","BlID":"18618","BusCityName":"남양주"},{"BusNo":"1670","Type":"4","BlID":"10271","BusCityName":"광주"},{"BusNo":"1660","Type":"4","BlID":"18516","BusCityName":"남양주"},{"BusNo":"1700","Type":"4","BlID":"18522","BusCityName":"남양주"}]},{"StopName":"도심역","StopID":"152026","Bus": [{"BusNo":"15","Type":"1","BlID":"10148","BusCityName":"광주"},{"BusNo":"2000-1","Type":"1","BlID":"14000","BusCityName":"양평군"},{"BusNo":"2000-4","Type":"1","BlID":"14039","BusCityName":"양평군"},{"BusNo":"2000-3","Type":"1","BlID":"14062","BusCityName":"양평군"},{"BusNo":"112-1","Type":"1","BlID":"18509","BusCityName":"남양주"},{"BusNo":"166-1","Type":"1","BlID":"18517","BusCityName":"남양주"},{"BusNo":"167","Type":"1","BlID":"18518","BusCityName":"남양주"},{"BusNo":"168","Type":"1","BlID":"18521","BusCityName":"남양주"},{"BusNo":"30-15","Type":"1","BlID":"18564","BusCityName":"남양주"},{"BusNo":"99-1","Type":"3","BlID":"18613","BusCityName":"남양주"},{"BusNo":"99-2(단축)","Type":"3","BlID":"18616","BusCityName":"남양주"},{"BusNo":"63","Type":"3","BlID":"18618","BusCityName":"남양주"},{"BusNo":"99-2","Type":"3","BlID":"18620","BusCityName":"남양주"},{"BusNo":"1670","Type":"4","BlID":"10271","BusCityName":"광주"},{"BusNo":"1660","Type":"4","BlID":"18516","BusCityName":"남양주"},{"BusNo":"1700","Type":"4","BlID":"18522","BusCityName":"남양주"}]}]}]}}}