{"result": {"stationName":"종각","stationID":131,"type":1,"laneName":"수도권 1호선","laneCity":"수도권","x":126.9831213,"y":37.5701816,"prevOBJ": {"station": [{"stationName":"종로3가","stationID":130,"type":1,"laneName":"수도권 1호선","laneCity":"수도권","x":126.9921854,"y":37.5704304}]},"nextOBJ": {"station": [{"stationName":"시청","stationID":132,"type":1,"laneName":"수도권 1호선","laneCity":"수도권","x":126.9771409,"y":37.5654536}]},"defaultInfo": {"address":"서울특별시 종로구 종로1가 54","new_address":"서울특별시 종로구 종로 55","tel":"02-6110-1311"},"useInfo": {"platform":2,"meetingPlace":0,"restroom":2,"offDoor":0,"crossOver":2,"publicPlace":0,"handicapCount":1,"parkingCount":0,"bicycleCount":1,"civilCount":0},"exitInfo": {"gate": [{"GateNo":"1","GateLink": ["종로구청","광화문광장","종로소방서","미국대사관","외교통상부여권.이주.영사관","국세청","SC제일은행 본점","국무총리 조세심판원"],"BUSSTOP": [{"StopName":"종로1가","StopID":"104832","Bus": [{"BusNo":"N26","Type":"11","BlID":"510","BusCityName":"서울"},{"BusNo":"N37","Type":"11","BlID":"524","BusCityName":"서울"},{"BusNo":"103","Type":"11","BlID":"763","BusCityName":"서울"},{"BusNo":"273","Type":"11","BlID":"941","BusCityName":"서울"},{"BusNo":"270","Type":"11","BlID":"988","BusCityName":"서울"},{"BusNo":"271","Type":"11","BlID":"989","BusCityName":"서울"},{"BusNo":"370","Type":"11","BlID":"1044","BusCityName":"서울"},{"BusNo":"470","Type":"11","BlID":"1071","BusCityName":"서울"},{"BusNo":"471","Type":"11","BlID":"1072","BusCityName":"서울"},{"BusNo":"721","Type":"11","BlID":"1259","BusCityName":"서울"},{"BusNo":"720","Type":"11","BlID":"1270","BusCityName":"서울"},{"BusNo":"109","Type":"11","BlID":"1403","BusCityName":"서울"},{"BusNo":"260","Type":"11","BlID":"1447","BusCityName":"서울"},{"BusNo":"160","Type":"11","BlID":"1449","BusCityName":"서울"},{"BusNo":"7212","Type":"12","BlID":"518","BusCityName":"서울"},{"BusNo":"1020","Type":"12","BlID":"769","BusCityName":"서울"}]},{"StopName":"종로1가","StopID":"104843","Bus": [{"BusNo":"101","Type":"11","BlID":"755","BusCityName":"서울"},{"BusNo":"150","Type":"11","BlID":"878","BusCityName":"서울"},{"BusNo":"710","Type":"11","BlID":"895","BusCityName":"서울"},{"BusNo":"601","Type":"11","BlID":"1498","BusCityName":"서울"},{"BusNo":"606","Type":"11","BlID":"1738","BusCityName":"서울"}]}]},{"GateNo":"2","GateLink": ["안국동","조계사(템플스테이)","국무총리 조세심판원"],"BUSSTOP": [{"StopName":"조계사","StopID":"104905","Bus": [{"BusNo":"151","Type":"11","BlID":"879","BusCityName":"서울"},{"BusNo":"172","Type":"11","BlID":"909","BusCityName":"서울"},{"BusNo":"109","Type":"11","BlID":"1403","BusCityName":"서울"},{"BusNo":"162","Type":"11","BlID":"1437","BusCityName":"서울"},{"BusNo":"606","Type":"11","BlID":"1738","BusCityName":"서울"},{"BusNo":"1020","Type":"12","BlID":"769","BusCityName":"서울"}]}]},{"GateNo":"3","GateLink": ["국민연금공단 종로상담센터","인사동","서울기독교청년회","공평동","장애인공단 서울지사"],"BUSSTOP": [{"StopName":"인사동입구","StopID":"104914","Bus": [{"BusNo":"종로01","Type":"3","BlID":"1691","BusCityName":"서울"}]},{"StopName":"종로2가","StopID":"104947","Bus": [{"BusNo":"N26","Type":"11","BlID":"510","BusCityName":"서울"},{"BusNo":"N37","Type":"11","BlID":"524","BusCityName":"서울"},{"BusNo":"N62","Type":"11","BlID":"576","BusCityName":"서울"},{"BusNo":"103","Type":"11","BlID":"763","BusCityName":"서울"},{"BusNo":"150","Type":"11","BlID":"878","BusCityName":"서울"},{"BusNo":"710","Type":"11","BlID":"895","BusCityName":"서울"},{"BusNo":"273","Type":"11","BlID":"941","BusCityName":"서울"},{"BusNo":"270","Type":"11","BlID":"988","BusCityName":"서울"},{"BusNo":"271","Type":"11","BlID":"989","BusCityName":"서울"},{"BusNo":"370","Type":"11","BlID":"1044","BusCityName":"서울"},{"BusNo":"470","Type":"11","BlID":"1071","BusCityName":"서울"},{"BusNo":"471","Type":"11","BlID":"1072","BusCityName":"서울"},{"BusNo":"721","Type":"11","BlID":"1259","BusCityName":"서울"},{"BusNo":"720","Type":"11","BlID":"1270","BusCityName":"서울"},{"BusNo":"260","Type":"11","BlID":"1447","BusCityName":"서울"},{"BusNo":"160","Type":"11","BlID":"1449","BusCityName":"서울"},{"BusNo":"601","Type":"11","BlID":"1498","BusCityName":"서울"},{"BusNo":"7212","Type":"12","BlID":"518","BusCityName":"서울"}]},{"StopName":"종로2가","StopID":"112080","Bus": [{"BusNo":"111","Type":"1","BlID":"9053","BusCityName":"의정부"},{"BusNo":"1005-1","Type":"4","BlID":"10053","BusCityName":"광주"},{"BusNo":"5500","Type":"4","BlID":"10068","BusCityName":"광주"},{"BusNo":"5500-2","Type":"4","BlID":"10070","BusCityName":"광주"},{"BusNo":"5500-1","Type":"4","BlID":"10071","BusCityName":"광주"},{"BusNo":"9000-1","Type":"4","BlID":"10495","BusCityName":"광주"},{"BusNo":"9301","Type":"4","BlID":"10594","BusCityName":"광주"},{"BusNo":"9000","Type":"4","BlID":"10595","BusCityName":"광주"},{"BusNo":"N15","Type":"11","BlID":"558","BusCityName":"서울"},{"BusNo":"101","Type":"11","BlID":"755","BusCityName":"서울"},{"BusNo":"143","Type":"11","BlID":"872","BusCityName":"서울"},{"BusNo":"201","Type":"11","BlID":"942","BusCityName":"서울"},{"BusNo":"262","Type":"11","BlID":"1439","BusCityName":"서울"},{"BusNo":"9401","Type":"14","BlID":"1346","BusCityName":"서울"}]},{"StopName":"종각역YMCA","StopID":"125974","Bus": [{"BusNo":"종로01","Type":"3","BlID":"1691","BusCityName":"서울"},{"BusNo":"종로02","Type":"3","BlID":"1692","BusCityName":"서울"}]},{"StopName":"공평.종각","StopID":"125975","Bus": [{"BusNo":"종로01","Type":"3","BlID":"1691","BusCityName":"서울"},{"BusNo":"종로02","Type":"3","BlID":"1692","BusCityName":"서울"}]}]},{"GateNo":"3-1","GateLink": ["공평동"]},{"GateNo":"4","GateLink": ["보신각","관철동","서울고용노동청","서울고용센터","청계천방면","한국산업은행","청계천홍보관"],"BUSSTOP": [{"StopName":"종로2가","StopID":"104952","Bus": [{"BusNo":"111","Type":"1","BlID":"9053","BusCityName":"의정부"},{"BusNo":"9301","Type":"4","BlID":"10594","BusCityName":"광주"},{"BusNo":"8110","Type":"6","BlID":"5021","BusCityName":"성남"},{"BusNo":"N26","Type":"11","BlID":"510","BusCityName":"서울"},{"BusNo":"N15","Type":"11","BlID":"558","BusCityName":"서울"},{"BusNo":"N62","Type":"11","BlID":"576","BusCityName":"서울"},{"BusNo":"101","Type":"11","BlID":"755","BusCityName":"서울"},{"BusNo":"143","Type":"11","BlID":"872","BusCityName":"서울"},{"BusNo":"150","Type":"11","BlID":"878","BusCityName":"서울"},{"BusNo":"710","Type":"11","BlID":"895","BusCityName":"서울"},{"BusNo":"273","Type":"11","BlID":"941","BusCityName":"서울"},{"BusNo":"201","Type":"11","BlID":"942","BusCityName":"서울"},{"BusNo":"270","Type":"11","BlID":"988","BusCityName":"서울"},{"BusNo":"271","Type":"11","BlID":"989","BusCityName":"서울"},{"BusNo":"370","Type":"11","BlID":"1044","BusCityName":"서울"},{"BusNo":"721","Type":"11","BlID":"1259","BusCityName":"서울"},{"BusNo":"720","Type":"11","BlID":"1270","BusCityName":"서울"},{"BusNo":"262","Type":"11","BlID":"1439","BusCityName":"서울"},{"BusNo":"260","Type":"11","BlID":"1447","BusCityName":"서울"},{"BusNo":"160","Type":"11","BlID":"1449","BusCityName":"서울"}]},{"StopName":"종로2가","StopID":"112081","Bus": [{"BusNo":"6002","Type":"5","BlID":"1803","BusCityName":"서울"}]},{"StopName":"종로2가","StopID":"118361","Bus": [{"BusNo":"N37","Type":"11","BlID":"524","BusCityName":"서울"},{"BusNo":"103","Type":"11","BlID":"763","BusCityName":"서울"},{"BusNo":"470","Type":"11","BlID":"1071","BusCityName":"서울"},{"BusNo":"471","Type":"11","BlID":"1072","BusCityName":"서울"},{"BusNo":"501","Type":"11","BlID":"1089","BusCityName":"서울"},{"BusNo":"701","Type":"11","BlID":"1241","BusCityName":"서울"},{"BusNo":"7212","Type":"12","BlID":"518","BusCityName":"서울"},{"BusNo":"2500","Type":"14","BlID":"21216","BusCityName":"인천"}]}]},{"GateNo":"5","GateLink": ["한국관광공사","예금보험공사","청계천방면"]},{"GateNo":"6","GateLink": ["광화문 우체국","서린동","영풍문고","외환은행 서린"],"BUSSTOP": [{"StopName":"종로1가","StopID":"104833","Bus": [{"BusNo":"N37","Type":"11","BlID":"524","BusCityName":"서울"},{"BusNo":"101","Type":"11","BlID":"755","BusCityName":"서울"},{"BusNo":"471","Type":"11","BlID":"1072","BusCityName":"서울"},{"BusNo":"501","Type":"11","BlID":"1089","BusCityName":"서울"},{"BusNo":"702A(서오릉)","Type":"11","BlID":"1252","BusCityName":"서울"},{"BusNo":"721","Type":"11","BlID":"1259","BusCityName":"서울"},{"BusNo":"720","Type":"11","BlID":"1270","BusCityName":"서울"},{"BusNo":"702B(용두초교)","Type":"11","BlID":"1404","BusCityName":"서울"},{"BusNo":"506","Type":"11","BlID":"1405","BusCityName":"서울"},{"BusNo":"405","Type":"11","BlID":"1809","BusCityName":"서울"},{"BusNo":"7212","Type":"12","BlID":"518","BusCityName":"서울"},{"BusNo":"7018","Type":"12","BlID":"1249","BusCityName":"서울"}]},{"StopName":"종로1가","StopID":"104845","Bus": [{"BusNo":"111","Type":"1","BlID":"9053","BusCityName":"의정부"},{"BusNo":"N26","Type":"11","BlID":"510","BusCityName":"서울"},{"BusNo":"150","Type":"11","BlID":"878","BusCityName":"서울"},{"BusNo":"710","Type":"11","BlID":"895","BusCityName":"서울"},{"BusNo":"273","Type":"11","BlID":"941","BusCityName":"서울"},{"BusNo":"270","Type":"11","BlID":"988","BusCityName":"서울"},{"BusNo":"271","Type":"11","BlID":"989","BusCityName":"서울"},{"BusNo":"370","Type":"11","BlID":"1044","BusCityName":"서울"},{"BusNo":"470","Type":"11","BlID":"1071","BusCityName":"서울"},{"BusNo":"705","Type":"11","BlID":"1374","BusCityName":"서울"},{"BusNo":"260","Type":"11","BlID":"1447","BusCityName":"서울"},{"BusNo":"160","Type":"11","BlID":"1449","BusCityName":"서울"},{"BusNo":"9701","Type":"14","BlID":"1365","BusCityName":"서울"},{"BusNo":"2500","Type":"14","BlID":"21216","BusCityName":"인천"}]},{"StopName":"종로1가","StopID":"151435","Bus": [{"BusNo":"6002","Type":"5","BlID":"1803","BusCityName":"서울"}]}]}]}}}