{"result": {"stationName":"덕소","stationID":1310,"type":104,"laneName":"경의중앙선","laneCity":"수도권","x":127.2088515,"y":37.5869011,"prevOBJ": {"station": [{"stationName":"양정","stationID":1311,"type":104,"laneName":"경의중앙선","laneCity":"수도권","x":127.1946242,"y":37.6042764}]},"nextOBJ": {"station": [{"stationName":"도심","stationID":1309,"type":104,"laneName":"경의중앙선","laneCity":"수도권","x":127.2228201,"y":37.5796321}]},"defaultInfo": {"address":"경기도 남양주시 와부읍 덕소리 590-17","new_address":"경기도 남양주시 와부읍 덕소로 56","tel":"1544-7788"},"useInfo": {"platform":1,"meetingPlace":0,"restroom":2,"offDoor":0,"crossOver":2,"publicPlace":0,"handicapCount":0,"parkingCount":1,"bicycleCount":1,"civilCount":0},"exitInfo": {"gate": [{"GateNo":"1","GateLink": ["덕소초등학교","와부읍사무소","하나은행 덕소지점"],"BUSSTOP": [{"StopName":"덕소역","StopID":"110075","Bus": [{"BusNo":"15","Type":"1","BlID":"10148","BusCityName":"광주"},{"BusNo":"2000-1","Type":"1","BlID":"14000","BusCityName":"양평군"},{"BusNo":"2000-4","Type":"1","BlID":"14039","BusCityName":"양평군"},{"BusNo":"2000-3","Type":"1","BlID":"14062","BusCityName":"양평군"},{"BusNo":"166-1","Type":"1","BlID":"18517","BusCityName":"남양주"},{"BusNo":"167","Type":"1","BlID":"18518","BusCityName":"남양주"},{"BusNo":"168","Type":"1","BlID":"18521","BusCityName":"남양주"},{"BusNo":"99","Type":"3","BlID":"18602","BusCityName":"남양주"},{"BusNo":"99-2(출퇴근)","Type":"3","BlID":"18603","BusCityName":"남양주"},{"BusNo":"88-1","Type":"3","BlID":"18604","BusCityName":"남양주"},{"BusNo":"60","Type":"3","BlID":"18606","BusCityName":"남양주"},{"BusNo":"61","Type":"3","BlID":"18607","BusCityName":"남양주"},{"BusNo":"88-3","Type":"3","BlID":"18611","BusCityName":"남양주"},{"BusNo":"88-2","Type":"3","BlID":"18612","BusCityName":"남양주"},{"BusNo":"99-1","Type":"3","BlID":"18613","BusCityName":"남양주"},{"BusNo":"99-2(단축)","Type":"3","BlID":"18616","BusCityName":"남양주"},{"BusNo":"63","Type":"3","BlID":"18618","BusCityName":"남양주"},{"BusNo":"88","Type":"3","BlID":"18619","BusCityName":"남양주"},{"BusNo":"99-2","Type":"3","BlID":"18620","BusCityName":"남양주"},{"BusNo":"99-1(출퇴근)","Type":"3","BlID":"18621","BusCityName":"남양주"},{"BusNo":"1670","Type":"4","BlID":"10271","BusCityName":"광주"},{"BusNo":"1660","Type":"4","BlID":"18516","BusCityName":"남양주"},{"BusNo":"1700","Type":"4","BlID":"18522","BusCityName":"남양주"}]},{"StopName":"덕소역","StopID":"110082","Bus": [{"BusNo":"15","Type":"1","BlID":"10148","BusCityName":"광주"},{"BusNo":"2000-1","Type":"1","BlID":"14000","BusCityName":"양평군"},{"BusNo":"2000-4","Type":"1","BlID":"14039","BusCityName":"양평군"},{"BusNo":"2000-3","Type":"1","BlID":"14062","BusCityName":"양평군"},{"BusNo":"166-1","Type":"1","BlID":"18517","BusCityName":"남양주"},{"BusNo":"167","Type":"1","BlID":"18518","BusCityName":"남양주"},{"BusNo":"168","Type":"1","BlID":"18521","BusCityName":"남양주"},{"BusNo":"99","Type":"3","BlID":"18602","BusCityName":"남양주"},{"BusNo":"99-2(출퇴근)","Type":"3","BlID":"18603","BusCityName":"남양주"},{"BusNo":"88-1","Type":"3","BlID":"18604","BusCityName":"남양주"},{"BusNo":"60","Type":"3","BlID":"18606","BusCityName":"남양주"},{"BusNo":"61","Type":"3","BlID":"18607","BusCityName":"남양주"},{"BusNo":"88-3","Type":"3","BlID":"18611","BusCityName":"남양주"},{"BusNo":"88-2","Type":"3","BlID":"18612","BusCityName":"남양주"},{"BusNo":"99-1","Type":"3","BlID":"18613","BusCityName":"남양주"},{"BusNo":"99-2(단축)","Type":"3","BlID":"18616","BusCityName":"남양주"},{"BusNo":"63","Type":"3","BlID":"18618","BusCityName":"남양주"},{"BusNo":"88","Type":"3","BlID":"18619","BusCityName":"남양주"},{"BusNo":"99-2","Type":"3","BlID":"18620","BusCityName":"남양주"},{"BusNo":"99-1(출퇴근)","Type":"3","BlID":"18621","BusCityName":"남양주"},{"BusNo":"1670","Type":"4","BlID":"10271","BusCityName":"광주"},{"BusNo":"1660","Type":"4","BlID":"18516","BusCityName":"남양주"},{"BusNo":"1700","Type":"4","BlID":"18522","BusCityName":"남양주"}]}]},{"GateNo":"2","GateLink": ["현대홈타운2차","신한아파트"]},{"GateNo":"3","GateLink": ["삼익아파트"]}]}}}