{"result": {"stationName":"양정","stationID":1311,"type":104,"laneName":"경의중앙선","laneCity":"수도권","x":127.1946242,"y":37.6042764,"prevOBJ": {"station": [{"stationName":"도농","stationID":1312,"type":104,"laneName":"경의중앙선","laneCity":"수도권","x":127.1611184,"y":37.6087649}]},"nextOBJ": {"station": [{"stationName":"덕소","stationID":1310,"type":104,"laneName":"경의중앙선","laneCity":"수도권","x":127.2088515,"y":37.5869011}]},"defaultInfo": {"address":"경기도 남양주시 이패동 387","new_address":"경기도 남양주시 경강로 237","tel":"1544-7788"},"useInfo": {"platform":2,"meetingPlace":0,"restroom":2,"offDoor":0,"crossOver":2,"publicPlace":0,"handicapCount":0,"parkingCount":1,"bicycleCount":1,"civilCount":0},"exitInfo": {"gate": [{"GateNo":"1","GateLink": ["이패동"],"BUSSTOP": [{"StopName":"양정역.백천사입구","StopID":"180500","Bus": [{"BusNo":"167-1","Type":"1","BlID":"18520","BusCityName":"남양주"}]}]},{"GateNo":"2","GateLink": ["가운동"],"BUSSTOP": [{"StopName":"양정역.율석리입구.백천사입구","StopID":"110023","Bus": [{"BusNo":"15","Type":"1","BlID":"10148","BusCityName":"광주"},{"BusNo":"2000-1","Type":"1","BlID":"14000","BusCityName":"양평군"},{"BusNo":"2000-4","Type":"1","BlID":"14039","BusCityName":"양평군"},{"BusNo":"2000-3","Type":"1","BlID":"14062","BusCityName":"양평군"},{"BusNo":"167","Type":"1","BlID":"18518","BusCityName":"남양주"},{"BusNo":"167-1","Type":"1","BlID":"18520","BusCityName":"남양주"},{"BusNo":"168","Type":"1","BlID":"18521","BusCityName":"남양주"}]},{"StopName":"양정역","StopID":"164572","Bus": [{"BusNo":"15","Type":"1","BlID":"10148","BusCityName":"광주"},{"BusNo":"2000-1","Type":"1","BlID":"14000","BusCityName":"양평군"},{"BusNo":"2000-4","Type":"1","BlID":"14039","BusCityName":"양평군"},{"BusNo":"2000-3","Type":"1","BlID":"14062","BusCityName":"양평군"},{"BusNo":"167","Type":"1","BlID":"18518","BusCityName":"남양주"},{"BusNo":"168","Type":"1","BlID":"18521","BusCityName":"남양주"}]}]}]}}}