{"result": {"stationName":"도농","stationID":1312,"type":104,"laneName":"경의중앙선","laneCity":"수도권","x":127.1611184,"y":37.6087649,"prevOBJ": {"station": [{"stationName":"구리","stationID":1313,"type":104,"laneName":"경의중앙선","laneCity":"수도권","x":127.1437601,"y":37.6034144}]},"nextOBJ": {"station": [{"stationName":"양정","stationID":1311,"type":104,"laneName":"경의중앙선","laneCity":"수도권","x":127.1946242,"y":37.6042764}]},"defaultInfo": {"address":"경기도 남양주시 도농동 56-1","new_address":"경기도 남양주시 경춘로 433","tel":"1544-7788"},"useInfo": {"platform":2,"meetingPlace":0,"restroom":2,"offDoor":0,"crossOver":2,"publicPlace":0,"handicapCount":0,"parkingCount":1,"bicycleCount":1,"civilCount":0},"exitInfo": {"gate": [{"GateNo":"1","GateLink": ["도농중학교","부영아파트"]},{"GateNo":"2","GateLink": ["도농주민센터","IBK기업은행 남양주지점"],"BUSSTOP": [{"StopName":"도농역.동화중고교.부영A(중)","StopID":"194693","Bus": [{"BusNo":"93","Type":"1","BlID":"8517","BusCityName":"구리"},{"BusNo":"30","Type":"1","BlID":"10045","BusCityName":"광주"},{"BusNo":"15","Type":"1","BlID":"10148","BusCityName":"광주"},{"BusNo":"10-5","Type":"1","BlID":"10604","BusCityName":"광주"},{"BusNo":"2000-1","Type":"1","BlID":"14000","BusCityName":"양평군"},{"BusNo":"2000-4","Type":"1","BlID":"14039","BusCityName":"양평군"},{"BusNo":"2000-3","Type":"1","BlID":"14062","BusCityName":"양평군"},{"BusNo":"1-4","Type":"1","BlID":"18511","BusCityName":"남양주"},{"BusNo":"165","Type":"1","BlID":"18513","BusCityName":"남양주"},{"BusNo":"167","Type":"1","BlID":"18518","BusCityName":"남양주"},{"BusNo":"167-1","Type":"1","BlID":"18520","BusCityName":"남양주"},{"BusNo":"23","Type":"1","BlID":"18525","BusCityName":"남양주"},{"BusNo":"8","Type":"1","BlID":"18526","BusCityName":"남양주"},{"BusNo":"9-1","Type":"1","BlID":"18543","BusCityName":"남양주"},{"BusNo":"65","Type":"1","BlID":"18550","BusCityName":"남양주"},{"BusNo":"65-1","Type":"1","BlID":"18551","BusCityName":"남양주"},{"BusNo":"9","Type":"1","BlID":"18567","BusCityName":"남양주"},{"BusNo":"91","Type":"1","BlID":"18568","BusCityName":"남양주"},{"BusNo":"97","Type":"1","BlID":"18572","BusCityName":"남양주"},{"BusNo":"330-1","Type":"2","BlID":"18589","BusCityName":"남양주"},{"BusNo":"1330-4","Type":"4","BlID":"13501","BusCityName":"가평군"},{"BusNo":"1330-2","Type":"4","BlID":"13504","BusCityName":"가평군"},{"BusNo":"1330-44","Type":"4","BlID":"13507","BusCityName":"가평군"},{"BusNo":"1100","Type":"4","BlID":"18507","BusCityName":"남양주"},{"BusNo":"1000-2","Type":"4","BlID":"18575","BusCityName":"남양주"},{"BusNo":"1200-1","Type":"4","BlID":"18576","BusCityName":"남양주"},{"BusNo":"1200","Type":"4","BlID":"18588","BusCityName":"남양주"},{"BusNo":"8843","Type":"5","BlID":"10479","BusCityName":"광주"}]},{"StopName":"도농역.동화중고교.부영A(중)","StopID":"194694","Bus": [{"BusNo":"93","Type":"1","BlID":"8517","BusCityName":"구리"},{"BusNo":"30","Type":"1","BlID":"10045","BusCityName":"광주"},{"BusNo":"15","Type":"1","BlID":"10148","BusCityName":"광주"},{"BusNo":"10-5","Type":"1","BlID":"10604","BusCityName":"광주"},{"BusNo":"2000-1","Type":"1","BlID":"14000","BusCityName":"양평군"},{"BusNo":"2000-4","Type":"1","BlID":"14039","BusCityName":"양평군"},{"BusNo":"2000-3","Type":"1","BlID":"14062","BusCityName":"양평군"},{"BusNo":"1-4","Type":"1","BlID":"18511","BusCityName":"남양주"},{"BusNo":"165","Type":"1","BlID":"18513","BusCityName":"남양주"},{"BusNo":"167","Type":"1","BlID":"18518","BusCityName":"남양주"},{"BusNo":"167-1","Type":"1","BlID":"18520","BusCityName":"남양주"},{"BusNo":"23","Type":"1","BlID":"18525","BusCityName":"남양주"},{"BusNo":"9-1","Type":"1","BlID":"18543","BusCityName":"남양주"},{"BusNo":"65","Type":"1","BlID":"18550","BusCityName":"남양주"},{"BusNo":"65-1","Type":"1","BlID":"18551","BusCityName":"남양주"},{"BusNo":"9","Type":"1","BlID":"18567","BusCityName":"남양주"},{"BusNo":"91","Type":"1","BlID":"18568","BusCityName":"남양주"},{"BusNo":"97","Type":"1","BlID":"18572","BusCityName":"남양주"},{"BusNo":"330-1","Type":"2","BlID":"18589","BusCityName":"남양주"},{"BusNo":"1330-4","Type":"4","BlID":"13501","BusCityName":"가평군"},{"BusNo":"1330-2","Type":"4","BlID":"13504","BusCityName":"가평군"},{"BusNo":"1330-44","Type":"4","BlID":"13507","BusCityName":"가평군"},{"BusNo":"1100","Type":"4","BlID":"18507","BusCityName":"남양주"},{"BusNo":"1000-2","Type":"4","BlID":"18575","BusCityName":"남양주"},{"BusNo":"1200-1","Type":"4","BlID":"18576","BusCityName":"남양주"},{"BusNo":"1200","Type":"4","BlID":"18588","BusCityName":"남양주"}]}]}]}}}