{"result": {"stationName":"구리","stationID":1313,"type":104,"laneName":"경의중앙선","laneCity":"수도권","x":127.1437601,"y":37.6034144,"prevOBJ": {"station": [{"stationName":"양원","stationID":1314,"type":104,"laneName":"경의중앙선","laneCity":"수도권","x":127.1080808,"y":37.6066466}]},"nextOBJ": {"station": [{"stationName":"도농","stationID":1312,"type":104,"laneName":"경의중앙선","laneCity":"수도권","x":127.1611184,"y":37.6087649}]},"defaultInfo": {"address":"경기도 구리시 인창동 244-2","new_address":"경기도 구리시 건원대로 34번길 32-29","tel":"1544-7788"},"useInfo": {"platform":2,"meetingPlace":0,"restroom":2,"offDoor":0,"crossOver":2,"publicPlace":0,"handicapCount":0,"parkingCount":1,"bicycleCount":1,"civilCount":0},"exitInfo": {"gate": [{"GateNo":"1","GateLink": ["구리시민공원","인창우체국","KT구리지사"]},{"GateNo":"2","GateLink": ["구리우체국","인창우체국","구리등기소","롯데백화점"],"BUSSTOP": [{"StopName":"롯데백화점.구리역입구(중)","StopID":"194697","Bus": [{"BusNo":"3","Type":"1","BlID":"8505","BusCityName":"구리"},{"BusNo":"30","Type":"1","BlID":"10045","BusCityName":"광주"},{"BusNo":"10-5","Type":"1","BlID":"10604","BusCityName":"광주"},{"BusNo":"165","Type":"1","BlID":"18513","BusCityName":"남양주"},{"BusNo":"166-1","Type":"1","BlID":"18517","BusCityName":"남양주"},{"BusNo":"167","Type":"1","BlID":"18518","BusCityName":"남양주"},{"BusNo":"167-1","Type":"1","BlID":"18520","BusCityName":"남양주"},{"BusNo":"65","Type":"1","BlID":"18550","BusCityName":"남양주"},{"BusNo":"65-1","Type":"1","BlID":"18551","BusCityName":"남양주"},{"BusNo":"330-1","Type":"2","BlID":"18589","BusCityName":"남양주"},{"BusNo":"1115-6","Type":"4","BlID":"8503","BusCityName":"구리"},{"BusNo":"1330-4","Type":"4","BlID":"13501","BusCityName":"가평군"},{"BusNo":"1330-2","Type":"4","BlID":"13504","BusCityName":"가평군"},{"BusNo":"1330-44","Type":"4","BlID":"13507","BusCityName":"가평군"},{"BusNo":"8409","Type":"6","BlID":"10601","BusCityName":"광주"},{"BusNo":"8005","Type":"6","BlID":"13595","BusCityName":"가평군"}]},{"StopName":"구리역.롯데백화점","StopID":"202962","Bus": [{"BusNo":"2-1","Type":"3","BlID":"8500","BusCityName":"구리"},{"BusNo":"5-1","Type":"3","BlID":"8504","BusCityName":"구리"},{"BusNo":"2","Type":"3","BlID":"8518","BusCityName":"구리"},{"BusNo":"6","Type":"3","BlID":"8519","BusCityName":"구리"},{"BusNo":"5","Type":"3","BlID":"8522","BusCityName":"구리"}]}]},{"GateNo":"3","GateLink": ["구리시민공원","인창우체국","KT구리지사"],"BUSSTOP": [{"StopName":"구리시시외.공항버스정류장","StopID":"80989","Bus": [{"BusNo":"8843","Type":"5","BlID":"10479","BusCityName":"광주"}]},{"StopName":"구리시시외.공항버스정류장","StopID":"81746","Bus": [{"BusNo":"8843","Type":"5","BlID":"10479","BusCityName":"광주"}]},{"StopName":"롯데백화점.구리역입구(중)","StopID":"194698","Bus": [{"BusNo":"3","Type":"1","BlID":"8505","BusCityName":"구리"},{"BusNo":"95","Type":"1","BlID":"8507","BusCityName":"구리"},{"BusNo":"93","Type":"1","BlID":"8517","BusCityName":"구리"},{"BusNo":"30","Type":"1","BlID":"10045","BusCityName":"광주"},{"BusNo":"15","Type":"1","BlID":"10148","BusCityName":"광주"},{"BusNo":"10-5","Type":"1","BlID":"10604","BusCityName":"광주"},{"BusNo":"2000-1","Type":"1","BlID":"14000","BusCityName":"양평군"},{"BusNo":"2000-4","Type":"1","BlID":"14039","BusCityName":"양평군"},{"BusNo":"2000-3","Type":"1","BlID":"14062","BusCityName":"양평군"},{"BusNo":"1-4","Type":"1","BlID":"18511","BusCityName":"남양주"},{"BusNo":"165","Type":"1","BlID":"18513","BusCityName":"남양주"},{"BusNo":"166-1","Type":"1","BlID":"18517","BusCityName":"남양주"},{"BusNo":"167","Type":"1","BlID":"18518","BusCityName":"남양주"},{"BusNo":"167-1","Type":"1","BlID":"18520","BusCityName":"남양주"},{"BusNo":"23","Type":"1","BlID":"18525","BusCityName":"남양주"},{"BusNo":"9-1","Type":"1","BlID":"18543","BusCityName":"남양주"},{"BusNo":"65","Type":"1","BlID":"18550","BusCityName":"남양주"},{"BusNo":"65-1","Type":"1","BlID":"18551","BusCityName":"남양주"},{"BusNo":"9","Type":"1","BlID":"18567","BusCityName":"남양주"},{"BusNo":"97","Type":"1","BlID":"18572","BusCityName":"남양주"},{"BusNo":"330-1","Type":"2","BlID":"18589","BusCityName":"남양주"},{"BusNo":"1115-6","Type":"4","BlID":"8503","BusCityName":"구리"},{"BusNo":"1330-4","Type":"4","BlID":"13501","BusCityName":"가평군"},{"BusNo":"1330-2","Type":"4","BlID":"13504","BusCityName":"가평군"},{"BusNo":"1330-44","Type":"4","BlID":"13507","BusCityName":"가평군"},{"BusNo":"8409","Type":"6","BlID":"10601","BusCityName":"광주"},{"BusNo":"8005","Type":"6","BlID":"13595","BusCityName":"가평군"}]},{"StopName":"구리역.롯데백화점","StopID":"202961","Bus": [{"BusNo":"2-1","Type":"3","BlID":"8500","BusCityName":"구리"},{"BusNo":"5-1","Type":"3","BlID":"8504","BusCityName":"구리"},{"BusNo":"2","Type":"3","BlID":"8518","BusCityName":"구리"},{"BusNo":"6","Type":"3","BlID":"8519","BusCityName":"구리"},{"BusNo":"7","Type":"3","BlID":"8521","BusCityName":"구리"},{"BusNo":"5","Type":"3","BlID":"8522","BusCityName":"구리"}]},{"StopName":"구리역.롯데백화점","StopID":"202962","Bus": [{"BusNo":"2-1","Type":"3","BlID":"8500","BusCityName":"구리"},{"BusNo":"5-1","Type":"3","BlID":"8504","BusCityName":"구리"},{"BusNo":"2","Type":"3","BlID":"8518","BusCityName":"구리"},{"BusNo":"6","Type":"3","BlID":"8519","BusCityName":"구리"},{"BusNo":"5","Type":"3","BlID":"8522","BusCityName":"구리"}]}]}]}}}