{"result": {"stationName":"양원","stationID":1314,"type":104,"laneName":"경의중앙선","laneCity":"수도권","x":127.1080808,"y":37.6066466,"prevOBJ": {"station": [{"stationName":"망우","stationID":1315,"type":104,"laneName":"경의중앙선","laneCity":"수도권","x":127.0923366,"y":37.5992914}]},"nextOBJ": {"station": [{"stationName":"구리","stationID":1313,"type":104,"laneName":"경의중앙선","laneCity":"수도권","x":127.1437601,"y":37.6034144}]},"defaultInfo": {"address":"서울특별시 중랑구 망우동 269-5","new_address":"서울특별시 중랑구 송림길 147","tel":"1544-7788"},"useInfo": {"platform":2,"meetingPlace":0,"restroom":2,"offDoor":0,"crossOver":2,"publicPlace":0,"handicapCount":0,"parkingCount":0,"bicycleCount":1,"civilCount":0},"exitInfo": {"gate": [{"GateNo":"1","GateLink": ["송곡여자중.고등학교","송곡관광고등학교","링컨학교"]},{"GateNo":"2","GateLink": ["송곡고등학교","동원초.중학교","이화미디어고등학교","영란여자중학교","서울특별시 북부노인병원","망우청소년수련관","중랑캠핑숲","양원청소년독서실"],"BUSSTOP": [{"StopName":"송곡여고양원역","StopID":"109077","Bus": [{"BusNo":"2113","Type":"12","BlID":"1492","BusCityName":"서울"}]},{"StopName":"송곡여고양원역","StopID":"109078","Bus": [{"BusNo":"2113","Type":"12","BlID":"1492","BusCityName":"서울"}]},{"StopName":"양원역","StopID":"127307","Bus": [{"BusNo":"270","Type":"11","BlID":"988","BusCityName":"서울"}]},{"StopName":"양원역입구","StopID":"127309","Bus": [{"BusNo":"70","Type":"1","BlID":"5029","BusCityName":"성남"},{"BusNo":"270","Type":"11","BlID":"988","BusCityName":"서울"},{"BusNo":"262","Type":"11","BlID":"1439","BusCityName":"서울"},{"BusNo":"2234","Type":"12","BlID":"1467","BusCityName":"서울"}]},{"StopName":"양원역입구","StopID":"151583","Bus": [{"BusNo":"70","Type":"1","BlID":"5029","BusCityName":"성남"},{"BusNo":"262","Type":"11","BlID":"1439","BusCityName":"서울"},{"BusNo":"2234","Type":"12","BlID":"1467","BusCityName":"서울"}]}]}]}}}