{"result": {"stationName":"망우","stationID":1315,"type":104,"laneName":"경의중앙선","laneCity":"수도권","x":127.0923366,"y":37.5992914,"exOBJ": {"station": [{"stationName":"망우","stationID":1811,"type":108,"laneName":"경춘선","laneCity":"수도권"}]},"prevOBJ": {"station": [{"stationName":"상봉","stationID":1390,"type":104,"laneName":"경의중앙선","laneCity":"수도권","x":127.0847802,"y":37.5967462}]},"nextOBJ": {"station": [{"stationName":"양원","stationID":1314,"type":104,"laneName":"경의중앙선","laneCity":"수도권","x":127.1080808,"y":37.6066466}]},"defaultInfo": {"address":"서울특별시 중랑구 상봉동 172","new_address":"서울특별시 중랑구 망우로 55길 11-10","tel":"1544-7788"},"useInfo": {"platform":2,"meetingPlace":0,"restroom":2,"offDoor":0,"crossOver":2,"publicPlace":0,"handicapCount":0,"parkingCount":0,"bicycleCount":1,"civilCount":0},"exitInfo": {"gate": [{"GateNo":"1","GateLink": ["상봉터미널","망우2동주민센터","망우지구대","외환은행 망우역지점"],"BUSSTOP": [{"StopName":"망우역.상봉터미널","StopID":"117269","Bus": [{"BusNo":"51","Type":"1","BlID":"8502","BusCityName":"구리"},{"BusNo":"3","Type":"1","BlID":"8505","BusCityName":"구리"},{"BusNo":"52","Type":"1","BlID":"8506","BusCityName":"구리"},{"BusNo":"30","Type":"1","BlID":"10045","BusCityName":"광주"},{"BusNo":"165","Type":"1","BlID":"18513","BusCityName":"남양주"},{"BusNo":"166-1","Type":"1","BlID":"18517","BusCityName":"남양주"},{"BusNo":"167","Type":"1","BlID":"18518","BusCityName":"남양주"},{"BusNo":"202","Type":"1","BlID":"18524","BusCityName":"남양주"},{"BusNo":"65","Type":"1","BlID":"18550","BusCityName":"남양주"},{"BusNo":"707","Type":"1","BlID":"18554","BusCityName":"남양주"},{"BusNo":"7-5","Type":"1","BlID":"18559","BusCityName":"남양주"},{"BusNo":"88","Type":"1","BlID":"18565","BusCityName":"남양주"},{"BusNo":"330-1","Type":"2","BlID":"18589","BusCityName":"남양주"},{"BusNo":"1330-4","Type":"4","BlID":"13501","BusCityName":"가평군"},{"BusNo":"1330-2","Type":"4","BlID":"13504","BusCityName":"가평군"},{"BusNo":"1330-44","Type":"4","BlID":"13507","BusCityName":"가평군"},{"BusNo":"8005","Type":"6","BlID":"13595","BusCityName":"가평군"},{"BusNo":"N26","Type":"11","BlID":"510","BusCityName":"서울"},{"BusNo":"201","Type":"11","BlID":"942","BusCityName":"서울"},{"BusNo":"270","Type":"11","BlID":"988","BusCityName":"서울"},{"BusNo":"262","Type":"11","BlID":"1439","BusCityName":"서울"},{"BusNo":"260","Type":"11","BlID":"1447","BusCityName":"서울"},{"BusNo":"241","Type":"11","BlID":"1710","BusCityName":"서울"},{"BusNo":"2016","Type":"12","BlID":"522","BusCityName":"서울"},{"BusNo":"2312","Type":"12","BlID":"584","BusCityName":"서울"},{"BusNo":"2015","Type":"12","BlID":"947","BusCityName":"서울"},{"BusNo":"2235","Type":"12","BlID":"1468","BusCityName":"서울"}]},{"StopName":"망우역.상봉터미널","StopID":"117270","Bus": [{"BusNo":"51","Type":"1","BlID":"8502","BusCityName":"구리"},{"BusNo":"3","Type":"1","BlID":"8505","BusCityName":"구리"},{"BusNo":"52","Type":"1","BlID":"8506","BusCityName":"구리"},{"BusNo":"30","Type":"1","BlID":"10045","BusCityName":"광주"},{"BusNo":"165","Type":"1","BlID":"18513","BusCityName":"남양주"},{"BusNo":"166-1","Type":"1","BlID":"18517","BusCityName":"남양주"},{"BusNo":"167","Type":"1","BlID":"18518","BusCityName":"남양주"},{"BusNo":"202","Type":"1","BlID":"18524","BusCityName":"남양주"},{"BusNo":"65","Type":"1","BlID":"18550","BusCityName":"남양주"},{"BusNo":"707","Type":"1","BlID":"18554","BusCityName":"남양주"},{"BusNo":"7-5","Type":"1","BlID":"18559","BusCityName":"남양주"},{"BusNo":"88","Type":"1","BlID":"18565","BusCityName":"남양주"},{"BusNo":"330-1","Type":"2","BlID":"18589","BusCityName":"남양주"},{"BusNo":"1330-4","Type":"4","BlID":"13501","BusCityName":"가평군"},{"BusNo":"1330-2","Type":"4","BlID":"13504","BusCityName":"가평군"},{"BusNo":"1330-44","Type":"4","BlID":"13507","BusCityName":"가평군"},{"BusNo":"8005","Type":"6","BlID":"13595","BusCityName":"가평군"},{"BusNo":"N26","Type":"11","BlID":"510","BusCityName":"서울"},{"BusNo":"201","Type":"11","BlID":"942","BusCityName":"서울"},{"BusNo":"270","Type":"11","BlID":"988","BusCityName":"서울"},{"BusNo":"262","Type":"11","BlID":"1439","BusCityName":"서울"},{"BusNo":"260","Type":"11","BlID":"1447","BusCityName":"서울"},{"BusNo":"241","Type":"11","BlID":"1710","BusCityName":"서울"},{"BusNo":"2016","Type":"12","BlID":"522","BusCityName":"서울"},{"BusNo":"2312","Type":"12","BlID":"584","BusCityName":"서울"},{"BusNo":"2015","Type":"12","BlID":"947","BusCityName":"서울"}]},{"StopName":"망우역","StopID":"127169","Bus": [{"BusNo":"6100","Type":"5","BlID":"513","BusCityName":"서울"},{"BusNo":"2113","Type":"12","BlID":"1492","BusCityName":"서울"}]},{"StopName":"망우역","StopID":"177128","Bus": [{"BusNo":"2235","Type":"12","BlID":"1468","BusCityName":"서울"}]}]},{"GateNo":"2","GateLink": ["상봉중학교","중화초등학교","신현초.중.고등학교"]}]}}}