{"result": {"stationName":"중랑","stationID":1316,"type":104,"laneName":"경의중앙선","laneCity":"수도권","x":127.0761732,"y":37.5949583,"prevOBJ": {"station": [{"stationName":"회기","stationID":1317,"type":104,"laneName":"경의중앙선","laneCity":"수도권","x":127.0580416,"y":37.5897153}]},"nextOBJ": {"station": [{"stationName":"상봉","stationID":1390,"type":104,"laneName":"경의중앙선","laneCity":"수도권","x":127.0847802,"y":37.5967462}]},"defaultInfo": {"address":"서울특별시 중랑구 중화동 73-7","new_address":"서울특별시 중랑구 중랑역로 9","tel":"1544-7788"},"useInfo": {"platform":2,"meetingPlace":0,"restroom":2,"offDoor":0,"crossOver":1,"publicPlace":0,"handicapCount":0,"parkingCount":0,"bicycleCount":1,"civilCount":0},"exitInfo": {"gate": [{"GateNo":"1","GateLink": ["중화2동주민센터","중화2치안센터","신북초등학교"],"BUSSTOP": [{"StopName":"중화2동새마을금고","StopID":"108181","Bus": [{"BusNo":"2115","Type":"12","BlID":"578","BusCityName":"서울"}]},{"StopName":"중화2동새마을금고","StopID":"108194","Bus": [{"BusNo":"2115","Type":"12","BlID":"578","BusCityName":"서울"},{"BusNo":"2114","Type":"12","BlID":"1466","BusCityName":"서울"}]}]},{"GateNo":"2","GateLink": ["중화1동주민센터","태릉시장","장안중학교","중랑경찰서","상봉.묵동초등학교","중흥초등학교","상봉.중랑중학교","중화고등학교"],"BUSSTOP": [{"StopName":"태릉시장입구굴다리","StopID":"121787","Bus": [{"BusNo":"2114","Type":"12","BlID":"1466","BusCityName":"서울"}]}]},{"GateNo":"3","GateLink": ["중랑전화국","상봉역","동부시장","상봉2동주민센터","면동초등학교","중목초등학교"]},{"GateNo":"4","GateLink": ["중랑교","중랑초등학교","중랑노인복지관","면목한신아파트"],"BUSSTOP": [{"StopName":"중랑역동부시장1","StopID":"108290","Bus": [{"BusNo":"2114","Type":"12","BlID":"1466","BusCityName":"서울"}]},{"StopName":"중랑역.동부시장","StopID":"117265","Bus": [{"BusNo":"51","Type":"1","BlID":"8502","BusCityName":"구리"},{"BusNo":"3","Type":"1","BlID":"8505","BusCityName":"구리"},{"BusNo":"52","Type":"1","BlID":"8506","BusCityName":"구리"},{"BusNo":"30","Type":"1","BlID":"10045","BusCityName":"광주"},{"BusNo":"165","Type":"1","BlID":"18513","BusCityName":"남양주"},{"BusNo":"166-1","Type":"1","BlID":"18517","BusCityName":"남양주"},{"BusNo":"167","Type":"1","BlID":"18518","BusCityName":"남양주"},{"BusNo":"202","Type":"1","BlID":"18524","BusCityName":"남양주"},{"BusNo":"65","Type":"1","BlID":"18550","BusCityName":"남양주"},{"BusNo":"707","Type":"1","BlID":"18554","BusCityName":"남양주"},{"BusNo":"7-5","Type":"1","BlID":"18559","BusCityName":"남양주"},{"BusNo":"88","Type":"1","BlID":"18565","BusCityName":"남양주"},{"BusNo":"330-1","Type":"2","BlID":"18589","BusCityName":"남양주"},{"BusNo":"1330-4","Type":"4","BlID":"13501","BusCityName":"가평군"},{"BusNo":"1330-2","Type":"4","BlID":"13504","BusCityName":"가평군"},{"BusNo":"1330-44","Type":"4","BlID":"13507","BusCityName":"가평군"},{"BusNo":"8005","Type":"6","BlID":"13595","BusCityName":"가평군"},{"BusNo":"N26","Type":"11","BlID":"510","BusCityName":"서울"},{"BusNo":"105","Type":"11","BlID":"772","BusCityName":"서울"},{"BusNo":"202","Type":"11","BlID":"775","BusCityName":"서울"},{"BusNo":"201","Type":"11","BlID":"942","BusCityName":"서울"},{"BusNo":"270","Type":"11","BlID":"988","BusCityName":"서울"},{"BusNo":"272","Type":"11","BlID":"990","BusCityName":"서울"},{"BusNo":"260","Type":"11","BlID":"1447","BusCityName":"서울"},{"BusNo":"241","Type":"11","BlID":"1710","BusCityName":"서울"},{"BusNo":"1227","Type":"12","BlID":"830","BusCityName":"서울"},{"BusNo":"1224","Type":"12","BlID":"860","BusCityName":"서울"},{"BusNo":"2311","Type":"12","BlID":"1016","BusCityName":"서울"}]},{"StopName":"중랑역.동부시장","StopID":"117266","Bus": [{"BusNo":"51","Type":"1","BlID":"8502","BusCityName":"구리"},{"BusNo":"3","Type":"1","BlID":"8505","BusCityName":"구리"},{"BusNo":"52","Type":"1","BlID":"8506","BusCityName":"구리"},{"BusNo":"30","Type":"1","BlID":"10045","BusCityName":"광주"},{"BusNo":"165","Type":"1","BlID":"18513","BusCityName":"남양주"},{"BusNo":"166-1","Type":"1","BlID":"18517","BusCityName":"남양주"},{"BusNo":"167","Type":"1","BlID":"18518","BusCityName":"남양주"},{"BusNo":"202","Type":"1","BlID":"18524","BusCityName":"남양주"},{"BusNo":"65","Type":"1","BlID":"18550","BusCityName":"남양주"},{"BusNo":"707","Type":"1","BlID":"18554","BusCityName":"남양주"},{"BusNo":"7-5","Type":"1","BlID":"18559","BusCityName":"남양주"},{"BusNo":"88","Type":"1","BlID":"18565","BusCityName":"남양주"},{"BusNo":"330-1","Type":"2","BlID":"18589","BusCityName":"남양주"},{"BusNo":"1330-4","Type":"4","BlID":"13501","BusCityName":"가평군"},{"BusNo":"1330-2","Type":"4","BlID":"13504","BusCityName":"가평군"},{"BusNo":"1330-44","Type":"4","BlID":"13507","BusCityName":"가평군"},{"BusNo":"8005","Type":"6","BlID":"13595","BusCityName":"가평군"},{"BusNo":"N26","Type":"11","BlID":"510","BusCityName":"서울"},{"BusNo":"105","Type":"11","BlID":"772","BusCityName":"서울"},{"BusNo":"202","Type":"11","BlID":"775","BusCityName":"서울"},{"BusNo":"201","Type":"11","BlID":"942","BusCityName":"서울"},{"BusNo":"270","Type":"11","BlID":"988","BusCityName":"서울"},{"BusNo":"272","Type":"11","BlID":"990","BusCityName":"서울"},{"BusNo":"260","Type":"11","BlID":"1447","BusCityName":"서울"},{"BusNo":"241","Type":"11","BlID":"1710","BusCityName":"서울"},{"BusNo":"1227","Type":"12","BlID":"830","BusCityName":"서울"},{"BusNo":"1224","Type":"12","BlID":"860","BusCityName":"서울"},{"BusNo":"2311","Type":"12","BlID":"1016","BusCityName":"서울"}]}]}]}}}