{"result": {"stationName":"회기","stationID":1317,"type":104,"laneName":"경의중앙선","laneCity":"수도권","x":127.0580416,"y":37.5897153,"exOBJ": {"station": [{"stationName":"회기","stationID":124,"type":1,"laneName":"수도권 1호선","laneCity":"수도권"}]},"prevOBJ": {"station": [{"stationName":"청량리","stationID":191,"type":104,"laneName":"경의중앙선","laneCity":"수도권","x":127.0481182,"y":37.5802559}]},"nextOBJ": {"station": [{"stationName":"중랑","stationID":1316,"type":104,"laneName":"경의중앙선","laneCity":"수도권","x":127.0761732,"y":37.5949583}]},"defaultInfo": {"address":"서울특별시 동대문구 휘경동 317-101","new_address":"서울특별시 동대문구 회기로 196","tel":"1544-7788"},"useInfo": {"platform":1,"meetingPlace":0,"restroom":2,"offDoor":1,"crossOver":2,"publicPlace":0,"handicapCount":0,"parkingCount":0,"bicycleCount":1,"civilCount":0},"exitInfo": {"gate": [{"GateNo":"1","GateLink": ["경희대학교","경희의료원","회기주민센터","회기치안센터","휘경동우체국"],"BUSSTOP": [{"StopName":"회기역","StopID":"125117","Bus": [{"BusNo":"동대문01","Type":"3","BlID":"1632","BusCityName":"서울"},{"BusNo":"동대문02","Type":"3","BlID":"1636","BusCityName":"서울"}]}]},{"GateNo":"2","GateLink": ["서울시립대학교","삼육보건대학","서울보호관찰소","삼육서울병원"],"BUSSTOP": [{"StopName":"회기역종점","StopID":"107686","Bus": [{"BusNo":"2211","Type":"12","BlID":"957","BusCityName":"서울"}]},{"StopName":"삼육서울병원","StopID":"107708","Bus": [{"BusNo":"동대문03","Type":"3","BlID":"529","BusCityName":"서울"},{"BusNo":"2211","Type":"12","BlID":"957","BusCityName":"서울"}]},{"StopName":"삼육서울병원","StopID":"117261","Bus": [{"BusNo":"51","Type":"1","BlID":"8502","BusCityName":"구리"},{"BusNo":"3","Type":"1","BlID":"8505","BusCityName":"구리"},{"BusNo":"52","Type":"1","BlID":"8506","BusCityName":"구리"},{"BusNo":"30","Type":"1","BlID":"10045","BusCityName":"광주"},{"BusNo":"165","Type":"1","BlID":"18513","BusCityName":"남양주"},{"BusNo":"166-1","Type":"1","BlID":"18517","BusCityName":"남양주"},{"BusNo":"167","Type":"1","BlID":"18518","BusCityName":"남양주"},{"BusNo":"202","Type":"1","BlID":"18524","BusCityName":"남양주"},{"BusNo":"65","Type":"1","BlID":"18550","BusCityName":"남양주"},{"BusNo":"707","Type":"1","BlID":"18554","BusCityName":"남양주"},{"BusNo":"7-5","Type":"1","BlID":"18559","BusCityName":"남양주"},{"BusNo":"88","Type":"1","BlID":"18565","BusCityName":"남양주"},{"BusNo":"330-1","Type":"2","BlID":"18589","BusCityName":"남양주"},{"BusNo":"1330-4","Type":"4","BlID":"13501","BusCityName":"가평군"},{"BusNo":"1330-2","Type":"4","BlID":"13504","BusCityName":"가평군"},{"BusNo":"1330-44","Type":"4","BlID":"13507","BusCityName":"가평군"},{"BusNo":"3200","Type":"4","BlID":"17516","BusCityName":"포천"},{"BusNo":"8005","Type":"6","BlID":"13595","BusCityName":"가평군"},{"BusNo":"N26","Type":"11","BlID":"510","BusCityName":"서울"},{"BusNo":"105","Type":"11","BlID":"772","BusCityName":"서울"},{"BusNo":"202","Type":"11","BlID":"775","BusCityName":"서울"},{"BusNo":"201","Type":"11","BlID":"942","BusCityName":"서울"},{"BusNo":"270","Type":"11","BlID":"988","BusCityName":"서울"},{"BusNo":"271","Type":"11","BlID":"989","BusCityName":"서울"},{"BusNo":"272","Type":"11","BlID":"990","BusCityName":"서울"},{"BusNo":"260","Type":"11","BlID":"1447","BusCityName":"서울"},{"BusNo":"241","Type":"11","BlID":"1710","BusCityName":"서울"},{"BusNo":"2115","Type":"12","BlID":"578","BusCityName":"서울"},{"BusNo":"1227","Type":"12","BlID":"830","BusCityName":"서울"},{"BusNo":"1213","Type":"12","BlID":"849","BusCityName":"서울"},{"BusNo":"1224","Type":"12","BlID":"860","BusCityName":"서울"},{"BusNo":"2311","Type":"12","BlID":"1016","BusCityName":"서울"}]},{"StopName":"회기역종점","StopID":"195935","Bus": [{"BusNo":"동대문03","Type":"3","BlID":"529","BusCityName":"서울"}]}]}]}}}