{"result": {"stationName":"용산","stationID":1318,"type":104,"laneName":"경의중앙선","laneCity":"수도권","x":126.9647656,"y":37.5296375,"exOBJ": {"station": [{"stationName":"용산","stationID":135,"type":1,"laneName":"수도권 1호선","laneCity":"수도권"}]},"prevOBJ": {"station": [{"stationName":"효창공원앞","stationID":1606,"type":104,"laneName":"경의중앙선","laneCity":"수도권","x":126.962537,"y":37.5386104}]},"nextOBJ": {"station": [{"stationName":"이촌","stationID":198,"type":104,"laneName":"경의중앙선","laneCity":"수도권","x":126.9735312,"y":37.5223974}]},"defaultInfo": {"address":"서울특별시 용산구 한강로3가 40-999","new_address":"서울특별시 용산구 한강대로 23길 55","tel":"1544-7788"},"useInfo": {"platform":3,"meetingPlace":0,"restroom":2,"offDoor":0,"crossOver":2,"publicPlace":0,"handicapCount":0,"parkingCount":0,"bicycleCount":1,"civilCount":0},"exitInfo": {"gate": [{"GateNo":"1","GateLink": ["역광장","철도회관","역전파출소","용산고용안정센터","한강로3주민센터","중앙대학교용산병원","한강초등학교","신용산시장","용산공업고등학교","용산세무서","용산구민회관","세계일보사","용산우체국","용사의 집"],"BUSSTOP": [{"StopName":"용산역","StopID":"104507","Bus": [{"BusNo":"400","Type":"11","BlID":"500","BusCityName":"서울"},{"BusNo":"502","Type":"11","BlID":"1358","BusCityName":"서울"},{"BusNo":"0017","Type":"12","BlID":"704","BusCityName":"서울"},{"BusNo":"90S투어","Type":"13","BlID":"546","BusCityName":"서울"}]},{"StopName":"용산역광장앞","StopID":"127159","Bus": [{"BusNo":"400","Type":"11","BlID":"500","BusCityName":"서울"},{"BusNo":"5012","Type":"12","BlID":"1452","BusCityName":"서울"}]}]},{"GateNo":"2","GateLink": ["농협중앙회(서울지역본부)","용산전자상가","원효대교방면.원효로2가","용산관광버스터미널","남정초등학교","철도회관","용산중대병원","한강로"]},{"GateNo":"3","GateLink": ["IPARK MALL","아이파크백화점","디지털전문점","아이컨벤션웨딩홀","원효로","전자상가","공항리무진타는 곳"],"BUSSTOP": [{"StopName":"용산전자상가10동","StopID":"104390","Bus": [{"BusNo":"505","Type":"11","BlID":"1094","BusCityName":"서울"},{"BusNo":"5012","Type":"12","BlID":"1452","BusCityName":"서울"}]},{"StopName":"용산전자상가12동","StopID":"104394","Bus": [{"BusNo":"505","Type":"11","BlID":"1094","BusCityName":"서울"},{"BusNo":"5012","Type":"12","BlID":"1452","BusCityName":"서울"}]},{"StopName":"신용산.지하차도","StopID":"104446","Bus": [{"BusNo":"400","Type":"11","BlID":"500","BusCityName":"서울"},{"BusNo":"0017","Type":"12","BlID":"704","BusCityName":"서울"}]},{"StopName":"신용산.지하차도","StopID":"104448","Bus": [{"BusNo":"400","Type":"11","BlID":"500","BusCityName":"서울"},{"BusNo":"0017","Type":"12","BlID":"704","BusCityName":"서울"},{"BusNo":"5012","Type":"12","BlID":"1452","BusCityName":"서울"}]}]}]}}}