{"result": {"stationName":"남영","stationID":134,"type":1,"laneName":"수도권 1호선","laneCity":"수도권","x":126.9711885,"y":37.5406052,"prevOBJ": {"station": [{"stationName":"서울역","stationID":133,"type":1,"laneName":"수도권 1호선","laneCity":"수도권","x":126.9722685,"y":37.5559234}]},"nextOBJ": {"station": [{"stationName":"용산","stationID":135,"type":1,"laneName":"수도권 1호선","laneCity":"수도권","x":126.9644372,"y":37.5296527}]},"defaultInfo": {"address":"서울특별시 용산구 갈월동 96-1","new_address":"서울특별시 용산구 한강대로 77길 25","tel":"1544-7788"},"useInfo": {"platform":1,"meetingPlace":0,"restroom":1,"offDoor":1,"crossOver":2,"publicPlace":0,"handicapCount":1,"parkingCount":0,"bicycleCount":1,"civilCount":0},"exitInfo": {"gate": [{"GateNo":"1","GateLink": ["남영우체국","전쟁기념관","용산초등학교","용산소방서","NPS 국민연금용산지사","청파초등학교","용상등기소","숙명여자대학교","용문시장","선린인터넷고등학교","청파치안센터","남정초등학교","우편취급소","청파2동주민센터","효창동주민센터","용문동주민센터","한강로1동주민센터","용산경찰서","금양초등학교","아세아항공전문학교"],"BUSSTOP": [{"StopName":"용산경찰서","StopID":"104577","Bus": [{"BusNo":"503","Type":"11","BlID":"1092","BusCityName":"서울"},{"BusNo":"162","Type":"11","BlID":"1437","BusCityName":"서울"},{"BusNo":"262","Type":"11","BlID":"1439","BusCityName":"서울"},{"BusNo":"1711","Type":"12","BlID":"908","BusCityName":"서울"},{"BusNo":"7016","Type":"12","BlID":"1247","BusCityName":"서울"}]},{"StopName":"남영역","StopID":"104613","Bus": [{"BusNo":"505","Type":"11","BlID":"1094","BusCityName":"서울"}]},{"StopName":"남영역","StopID":"104619","Bus": [{"BusNo":"용산04","Type":"3","BlID":"703","BusCityName":"서울"},{"BusNo":"503","Type":"11","BlID":"1092","BusCityName":"서울"},{"BusNo":"262","Type":"11","BlID":"1439","BusCityName":"서울"}]},{"StopName":"남영역","StopID":"104622","Bus": [{"BusNo":"505","Type":"11","BlID":"1094","BusCityName":"서울"}]},{"StopName":"남영역","StopID":"104649","Bus": [{"BusNo":"503","Type":"11","BlID":"1092","BusCityName":"서울"},{"BusNo":"162","Type":"11","BlID":"1437","BusCityName":"서울"},{"BusNo":"1711","Type":"12","BlID":"908","BusCityName":"서울"},{"BusNo":"7016","Type":"12","BlID":"1247","BusCityName":"서울"}]},{"StopName":"남영역","StopID":"110423","Bus": [{"BusNo":"162","Type":"11","BlID":"1437","BusCityName":"서울"},{"BusNo":"1711","Type":"12","BlID":"908","BusCityName":"서울"},{"BusNo":"7016","Type":"12","BlID":"1247","BusCityName":"서울"}]},{"StopName":"문배동이안아파트앞","StopID":"151859","Bus": [{"BusNo":"505","Type":"11","BlID":"1094","BusCityName":"서울"}]},{"StopName":"문배동이안아파트앞","StopID":"151860","Bus": [{"BusNo":"용산02","Type":"3","BlID":"1684","BusCityName":"서울"},{"BusNo":"505","Type":"11","BlID":"1094","BusCityName":"서울"}]},{"StopName":"용산경찰서","StopID":"194370","Bus": [{"BusNo":"용산03","Type":"3","BlID":"1685","BusCityName":"서울"}]}]}]}}}