{"result": {"stationName":"노량진","stationID":136,"type":1,"laneName":"수도권 1호선","laneCity":"수도권","x":126.9416896,"y":37.5140794,"exOBJ": {"station": [{"stationName":"노량진","stationID":917,"type":9,"laneName":"수도권 9호선","laneCity":"수도권"}]},"prevOBJ": {"station": [{"stationName":"용산","stationID":135,"type":1,"laneName":"수도권 1호선","laneCity":"수도권","x":126.9644372,"y":37.5296527}]},"nextOBJ": {"station": [{"stationName":"대방","stationID":137,"type":1,"laneName":"수도권 1호선","laneCity":"수도권","x":126.9264286,"y":37.5134013}]},"defaultInfo": {"address":"서울특별시 동작구 노량진동 67-2","new_address":"서울특별시 동작구 노량진로 151","tel":"1544-7788"},"useInfo": {"platform":3,"meetingPlace":0,"restroom":2,"offDoor":0,"crossOver":2,"publicPlace":0,"handicapCount":0,"parkingCount":0,"bicycleCount":1,"civilCount":1},"exitInfo": {"gate": [{"GateNo":"1","GateLink": ["노량진1동 주민센터","노량진수산시장","영등포중학교","노량진초등학교","노량진지구대","신동아리버파크","영등포고등학교","노량진우체국","동작구청","노량진2치안센터","노량진2동주민센터","동작전화국","노량진소방서","동작도서관","건영아파트","우성아파트","우편취급소"]},{"GateNo":"2","GateLink": ["노량진1동 주민센터","노량진수산시장","영등포중학교","노량진초등학교","노량진지구대","신동아리버파크","영등포고등학교","노량진우체국","동작구청","노량진2치안센터","노량진2동주민센터","동작전화국","노량진소방서","동작도서관","건영아파트","우성아파트","우편취급소"],"BUSSTOP": [{"StopName":"노량진역","StopID":"103819","Bus": [{"BusNo":"152","Type":"11","BlID":"884","BusCityName":"서울"},{"BusNo":"500","Type":"11","BlID":"1087","BusCityName":"서울"},{"BusNo":"504","Type":"11","BlID":"1093","BusCityName":"서울"},{"BusNo":"642","Type":"11","BlID":"1189","BusCityName":"서울"},{"BusNo":"751","Type":"11","BlID":"1275","BusCityName":"서울"},{"BusNo":"5516","Type":"12","BlID":"1108","BusCityName":"서울"},{"BusNo":"5517","Type":"12","BlID":"1109","BusCityName":"서울"},{"BusNo":"5535","Type":"12","BlID":"1127","BusCityName":"서울"},{"BusNo":"5536","Type":"12","BlID":"1128","BusCityName":"서울"}]},{"StopName":"노량진역","StopID":"103820","Bus": [{"BusNo":"동작03","Type":"3","BlID":"1649","BusCityName":"서울"},{"BusNo":"동작08","Type":"3","BlID":"1664","BusCityName":"서울"},{"BusNo":"N15","Type":"11","BlID":"558","BusCityName":"서울"},{"BusNo":"150","Type":"11","BlID":"878","BusCityName":"서울"},{"BusNo":"605","Type":"11","BlID":"1171","BusCityName":"서울"},{"BusNo":"640","Type":"11","BlID":"1186","BusCityName":"서울"},{"BusNo":"462","Type":"11","BlID":"1357","BusCityName":"서울"},{"BusNo":"507","Type":"11","BlID":"1406","BusCityName":"서울"},{"BusNo":"360","Type":"11","BlID":"1440","BusCityName":"서울"},{"BusNo":"5531","Type":"12","BlID":"1123","BusCityName":"서울"},{"BusNo":"6211","Type":"12","BlID":"1185","BusCityName":"서울"},{"BusNo":"6411","Type":"12","BlID":"1188","BusCityName":"서울"},{"BusNo":"9408","Type":"14","BlID":"1353","BusCityName":"서울"}]},{"StopName":"노량진역","StopID":"103885","Bus": [{"BusNo":"동작03","Type":"3","BlID":"1649","BusCityName":"서울"},{"BusNo":"동작08","Type":"3","BlID":"1664","BusCityName":"서울"},{"BusNo":"N15","Type":"11","BlID":"558","BusCityName":"서울"},{"BusNo":"150","Type":"11","BlID":"878","BusCityName":"서울"},{"BusNo":"605","Type":"11","BlID":"1171","BusCityName":"서울"},{"BusNo":"640","Type":"11","BlID":"1186","BusCityName":"서울"},{"BusNo":"462","Type":"11","BlID":"1357","BusCityName":"서울"},{"BusNo":"507","Type":"11","BlID":"1406","BusCityName":"서울"},{"BusNo":"360","Type":"11","BlID":"1440","BusCityName":"서울"},{"BusNo":"5531","Type":"12","BlID":"1123","BusCityName":"서울"},{"BusNo":"6211","Type":"12","BlID":"1185","BusCityName":"서울"},{"BusNo":"6411","Type":"12","BlID":"1188","BusCityName":"서울"},{"BusNo":"9408","Type":"14","BlID":"1353","BusCityName":"서울"}]},{"StopName":"노량진역","StopID":"152687","Bus": [{"BusNo":"동작01","Type":"3","BlID":"1642","BusCityName":"서울"},{"BusNo":"동작13","Type":"3","BlID":"1672","BusCityName":"서울"}]}]},{"GateNo":"3","GateLink": ["동작경찰서"],"BUSSTOP": [{"StopName":"노량진역","StopID":"206187","Bus": [{"BusNo":"N15","Type":"11","BlID":"558","BusCityName":"서울"},{"BusNo":"152","Type":"11","BlID":"884","BusCityName":"서울"},{"BusNo":"500","Type":"11","BlID":"1087","BusCityName":"서울"},{"BusNo":"504","Type":"11","BlID":"1093","BusCityName":"서울"},{"BusNo":"642","Type":"11","BlID":"1189","BusCityName":"서울"},{"BusNo":"751","Type":"11","BlID":"1275","BusCityName":"서울"},{"BusNo":"752","Type":"11","BlID":"1276","BusCityName":"서울"},{"BusNo":"5516","Type":"12","BlID":"1108","BusCityName":"서울"},{"BusNo":"5517","Type":"12","BlID":"1109","BusCityName":"서울"},{"BusNo":"5535","Type":"12","BlID":"1127","BusCityName":"서울"},{"BusNo":"5536","Type":"12","BlID":"1128","BusCityName":"서울"}]}]},{"GateNo":"3-1","GateLink": ["동작구행복지원센터","메가스터디타워"]},{"GateNo":"4","GateLink": ["노량진초등학교","노량진1동우체국"]},{"GateNo":"5","GateLink": ["동작구청구의회"],"BUSSTOP": [{"StopName":"동작구청정문","StopID":"103773","Bus": [{"BusNo":"N15","Type":"11","BlID":"558","BusCityName":"서울"},{"BusNo":"641","Type":"11","BlID":"1187","BusCityName":"서울"},{"BusNo":"650","Type":"11","BlID":"1190","BusCityName":"서울"},{"BusNo":"6515","Type":"12","BlID":"521","BusCityName":"서울"}]},{"StopName":"9호선노량진역.동작구청","StopID":"196439","Bus": [{"BusNo":"동작02","Type":"3","BlID":"1645","BusCityName":"서울"},{"BusNo":"동작11","Type":"3","BlID":"1668","BusCityName":"서울"}]}]},{"GateNo":"6","GateLink": ["한국산업안전보건공단","CTS 기독교TV"],"BUSSTOP": [{"StopName":"노량진수산시장.CTS기독교TV","StopID":"103713","Bus": [{"BusNo":"동작01","Type":"3","BlID":"1642","BusCityName":"서울"},{"BusNo":"동작03","Type":"3","BlID":"1649","BusCityName":"서울"},{"BusNo":"동작08","Type":"3","BlID":"1664","BusCityName":"서울"},{"BusNo":"동작13","Type":"3","BlID":"1672","BusCityName":"서울"},{"BusNo":"150","Type":"11","BlID":"878","BusCityName":"서울"},{"BusNo":"605","Type":"11","BlID":"1171","BusCityName":"서울"},{"BusNo":"640","Type":"11","BlID":"1186","BusCityName":"서울"},{"BusNo":"641","Type":"11","BlID":"1187","BusCityName":"서울"},{"BusNo":"650","Type":"11","BlID":"1190","BusCityName":"서울"},{"BusNo":"462","Type":"11","BlID":"1357","BusCityName":"서울"},{"BusNo":"507","Type":"11","BlID":"1406","BusCityName":"서울"},{"BusNo":"360","Type":"11","BlID":"1440","BusCityName":"서울"},{"BusNo":"6515","Type":"12","BlID":"521","BusCityName":"서울"},{"BusNo":"5531","Type":"12","BlID":"1123","BusCityName":"서울"},{"BusNo":"6211","Type":"12","BlID":"1185","BusCityName":"서울"},{"BusNo":"6411","Type":"12","BlID":"1188","BusCityName":"서울"},{"BusNo":"9408","Type":"14","BlID":"1353","BusCityName":"서울"}]},{"StopName":"노량진수산시장.CTS기독교TV","StopID":"103722","Bus": [{"BusNo":"동작01","Type":"3","BlID":"1642","BusCityName":"서울"},{"BusNo":"동작03","Type":"3","BlID":"1649","BusCityName":"서울"},{"BusNo":"동작08","Type":"3","BlID":"1664","BusCityName":"서울"},{"BusNo":"동작13","Type":"3","BlID":"1672","BusCityName":"서울"},{"BusNo":"150","Type":"11","BlID":"878","BusCityName":"서울"},{"BusNo":"605","Type":"11","BlID":"1171","BusCityName":"서울"},{"BusNo":"640","Type":"11","BlID":"1186","BusCityName":"서울"},{"BusNo":"462","Type":"11","BlID":"1357","BusCityName":"서울"},{"BusNo":"507","Type":"11","BlID":"1406","BusCityName":"서울"},{"BusNo":"360","Type":"11","BlID":"1440","BusCityName":"서울"},{"BusNo":"5531","Type":"12","BlID":"1123","BusCityName":"서울"},{"BusNo":"6211","Type":"12","BlID":"1185","BusCityName":"서울"},{"BusNo":"6411","Type":"12","BlID":"1188","BusCityName":"서울"},{"BusNo":"9408","Type":"14","BlID":"1353","BusCityName":"서울"}]}]},{"GateNo":"7","GateLink": ["노량진수산시장"]},{"GateNo":"8","GateLink": ["사육신공원"],"BUSSTOP": [{"StopName":"노량진역","StopID":"196438","Bus": [{"BusNo":"동작01","Type":"3","BlID":"1642","BusCityName":"서울"},{"BusNo":"동작02","Type":"3","BlID":"1645","BusCityName":"서울"},{"BusNo":"동작11","Type":"3","BlID":"1668","BusCityName":"서울"},{"BusNo":"동작13","Type":"3","BlID":"1672","BusCityName":"서울"}]}]}]}}}