{"result": {"stationName":"대방","stationID":137,"type":1,"laneName":"수도권 1호선","laneCity":"수도권","x":126.9264286,"y":37.5134013,"prevOBJ": {"station": [{"stationName":"노량진","stationID":136,"type":1,"laneName":"수도권 1호선","laneCity":"수도권","x":126.9416896,"y":37.5140794}]},"nextOBJ": {"station": [{"stationName":"신길","stationID":138,"type":1,"laneName":"수도권 1호선","laneCity":"수도권","x":126.9177569,"y":37.5170255}]},"defaultInfo": {"address":"서울특별시 영등포구 신길동 1368-3","new_address":"서울특별시 영등포구 여의대방로 300","tel":"1544-7788"},"useInfo": {"platform":3,"meetingPlace":0,"restroom":1,"offDoor":0,"crossOver":2,"publicPlace":0,"handicapCount":1,"parkingCount":0,"bicycleCount":0,"civilCount":0},"exitInfo": {"gate": [{"GateNo":"1","GateLink": ["현대자동차서비스","한냉"],"BUSSTOP": [{"StopName":"현대아파트","StopID":"103461","Bus": [{"BusNo":"동작01","Type":"3","BlID":"1642","BusCityName":"서울"},{"BusNo":"동작08","Type":"3","BlID":"1664","BusCityName":"서울"},{"BusNo":"동작13","Type":"3","BlID":"1672","BusCityName":"서울"},{"BusNo":"150","Type":"11","BlID":"878","BusCityName":"서울"},{"BusNo":"605","Type":"11","BlID":"1171","BusCityName":"서울"},{"BusNo":"640","Type":"11","BlID":"1186","BusCityName":"서울"},{"BusNo":"641","Type":"11","BlID":"1187","BusCityName":"서울"},{"BusNo":"650","Type":"11","BlID":"1190","BusCityName":"서울"},{"BusNo":"462","Type":"11","BlID":"1357","BusCityName":"서울"},{"BusNo":"507","Type":"11","BlID":"1406","BusCityName":"서울"},{"BusNo":"360","Type":"11","BlID":"1440","BusCityName":"서울"},{"BusNo":"6515","Type":"12","BlID":"521","BusCityName":"서울"},{"BusNo":"5531","Type":"12","BlID":"1123","BusCityName":"서울"},{"BusNo":"6211","Type":"12","BlID":"1185","BusCityName":"서울"},{"BusNo":"6411","Type":"12","BlID":"1188","BusCityName":"서울"},{"BusNo":"9408","Type":"14","BlID":"1353","BusCityName":"서울"}]},{"StopName":"대방역1번출구앞","StopID":"196005","Bus": [{"BusNo":"150","Type":"11","BlID":"878","BusCityName":"서울"},{"BusNo":"5531","Type":"12","BlID":"1123","BusCityName":"서울"}]}]},{"GateNo":"2","GateLink": ["산업안전보건공단","혀댄아파트","유한양행","동작전화국","영등포중학교","영등포고등학교"],"BUSSTOP": [{"StopName":"대방역2번출구앞","StopID":"196006","Bus": [{"BusNo":"동작01","Type":"3","BlID":"1642","BusCityName":"서울"},{"BusNo":"동작08","Type":"3","BlID":"1664","BusCityName":"서울"},{"BusNo":"동작13","Type":"3","BlID":"1672","BusCityName":"서울"}]}]},{"GateNo":"3","GateLink": ["신길초등학교","성남고등학교","대방동주민센터","성남중학교"],"BUSSTOP": [{"StopName":"대방역","StopID":"103278","Bus": [{"BusNo":"동작05","Type":"3","BlID":"562","BusCityName":"서울"},{"BusNo":"동작05-1","Type":"3","BlID":"1654","BusCityName":"서울"},{"BusNo":"동작12","Type":"3","BlID":"1671","BusCityName":"서울"},{"BusNo":"150","Type":"11","BlID":"878","BusCityName":"서울"},{"BusNo":"5531","Type":"12","BlID":"1123","BusCityName":"서울"}]},{"StopName":"대방역","StopID":"112040","Bus": [{"BusNo":"6516","Type":"12","BlID":"563","BusCityName":"서울"},{"BusNo":"6514","Type":"12","BlID":"1195","BusCityName":"서울"}]},{"StopName":"대방역","StopID":"196516","Bus": [{"BusNo":"영등포07","Type":"3","BlID":"1486","BusCityName":"서울"},{"BusNo":"영등포06","Type":"3","BlID":"1765","BusCityName":"서울"}]}]},{"GateNo":"4","GateLink": ["공군회관","성애병원","영신초등학교","신길1동주민센터"],"BUSSTOP": [{"StopName":"대방역","StopID":"103180","Bus": [{"BusNo":"605","Type":"11","BlID":"1171","BusCityName":"서울"},{"BusNo":"640","Type":"11","BlID":"1186","BusCityName":"서울"},{"BusNo":"641","Type":"11","BlID":"1187","BusCityName":"서울"},{"BusNo":"650","Type":"11","BlID":"1190","BusCityName":"서울"},{"BusNo":"462","Type":"11","BlID":"1357","BusCityName":"서울"},{"BusNo":"507","Type":"11","BlID":"1406","BusCityName":"서울"},{"BusNo":"360","Type":"11","BlID":"1440","BusCityName":"서울"}]},{"StopName":"대방역","StopID":"103186","Bus": [{"BusNo":"605","Type":"11","BlID":"1171","BusCityName":"서울"},{"BusNo":"640","Type":"11","BlID":"1186","BusCityName":"서울"},{"BusNo":"641","Type":"11","BlID":"1187","BusCityName":"서울"},{"BusNo":"650","Type":"11","BlID":"1190","BusCityName":"서울"},{"BusNo":"462","Type":"11","BlID":"1357","BusCityName":"서울"},{"BusNo":"507","Type":"11","BlID":"1406","BusCityName":"서울"},{"BusNo":"360","Type":"11","BlID":"1440","BusCityName":"서울"},{"BusNo":"6515","Type":"12","BlID":"521","BusCityName":"서울"},{"BusNo":"6211","Type":"12","BlID":"1185","BusCityName":"서울"},{"BusNo":"6411","Type":"12","BlID":"1188","BusCityName":"서울"},{"BusNo":"9408","Type":"14","BlID":"1353","BusCityName":"서울"}]}]},{"GateNo":"5","GateLink": ["공군.해군회관","서울지방병무청"]},{"GateNo":"6","GateLink": ["전철아파트","여의도","윤중초중교","성모병원","여의도샛강생태공원","대한지적공사","KBS별관공개홀","인도네시아대사관","가톨릭대학교 여의도 성모병원","샛강역"],"BUSSTOP": [{"StopName":"대방역","StopID":"112421","Bus": [{"BusNo":"영등포10","Type":"3","BlID":"1177","BusCityName":"서울"},{"BusNo":"영등포11","Type":"3","BlID":"1183","BusCityName":"서울"}]}]}]}}}