{"result": {"stationName":"신길","stationID":138,"type":1,"laneName":"수도권 1호선","laneCity":"수도권","x":126.9177569,"y":37.5170255,"exOBJ": {"station": [{"stationName":"신길","stationID":525,"type":5,"laneName":"수도권 5호선","laneCity":"수도권"}]},"prevOBJ": {"station": [{"stationName":"대방","stationID":137,"type":1,"laneName":"수도권 1호선","laneCity":"수도권","x":126.9264286,"y":37.5134013}]},"nextOBJ": {"station": [{"stationName":"영등포","stationID":139,"type":1,"laneName":"수도권 1호선","laneCity":"수도권","x":126.9074247,"y":37.5157682}]},"defaultInfo": {"address":"서울특별시 영등포구 신길동 42-7","new_address":"서울특별시 영등포구 영등포로 327","tel":"1544-7788"},"useInfo": {"platform":3,"meetingPlace":0,"restroom":2,"offDoor":0,"crossOver":2,"publicPlace":0,"handicapCount":1,"parkingCount":1,"bicycleCount":0,"civilCount":0},"exitInfo": {"gate": [{"GateNo":"1","GateLink": ["영등포여고","영원중학교","신길우성4차아파트","신길2동주민센터","신길지구대","대신시장","영신초등학교","신길1동주민센터","신길2치안센터","신길시장","경남아파트"],"BUSSTOP": [{"StopName":"신길역","StopID":"102906","Bus": [{"BusNo":"영등포04","Type":"3","BlID":"1660","BusCityName":"서울"},{"BusNo":"605","Type":"11","BlID":"1171","BusCityName":"서울"},{"BusNo":"640","Type":"11","BlID":"1186","BusCityName":"서울"},{"BusNo":"641","Type":"11","BlID":"1187","BusCityName":"서울"},{"BusNo":"650","Type":"11","BlID":"1190","BusCityName":"서울"},{"BusNo":"462","Type":"11","BlID":"1357","BusCityName":"서울"},{"BusNo":"360","Type":"11","BlID":"1440","BusCityName":"서울"},{"BusNo":"6515","Type":"12","BlID":"521","BusCityName":"서울"},{"BusNo":"6516","Type":"12","BlID":"563","BusCityName":"서울"},{"BusNo":"5616","Type":"12","BlID":"1134","BusCityName":"서울"},{"BusNo":"5625","Type":"12","BlID":"1143","BusCityName":"서울"},{"BusNo":"6512","Type":"12","BlID":"1193","BusCityName":"서울"},{"BusNo":"6514","Type":"12","BlID":"1195","BusCityName":"서울"},{"BusNo":"6649","Type":"12","BlID":"1483","BusCityName":"서울"},{"BusNo":"9408","Type":"14","BlID":"1353","BusCityName":"서울"}]},{"StopName":"대윤병원","StopID":"102938","Bus": [{"BusNo":"영등포04","Type":"3","BlID":"1660","BusCityName":"서울"},{"BusNo":"5625","Type":"12","BlID":"1143","BusCityName":"서울"},{"BusNo":"6512","Type":"12","BlID":"1193","BusCityName":"서울"},{"BusNo":"6514","Type":"12","BlID":"1195","BusCityName":"서울"},{"BusNo":"6649","Type":"12","BlID":"1483","BusCityName":"서울"}]},{"StopName":"신길새마을금고","StopID":"103034","Bus": [{"BusNo":"605","Type":"11","BlID":"1171","BusCityName":"서울"},{"BusNo":"640","Type":"11","BlID":"1186","BusCityName":"서울"},{"BusNo":"641","Type":"11","BlID":"1187","BusCityName":"서울"},{"BusNo":"650","Type":"11","BlID":"1190","BusCityName":"서울"},{"BusNo":"462","Type":"11","BlID":"1357","BusCityName":"서울"},{"BusNo":"360","Type":"11","BlID":"1440","BusCityName":"서울"},{"BusNo":"6515","Type":"12","BlID":"521","BusCityName":"서울"},{"BusNo":"6516","Type":"12","BlID":"563","BusCityName":"서울"},{"BusNo":"6514","Type":"12","BlID":"1195","BusCityName":"서울"}]}]},{"GateNo":"2","GateLink": ["신용회복위원회","노들길","근로복지공단","여의도방면","한국제과고등기술학교"]},{"GateNo":"3","GateLink": ["근로복지공단","광장아파트","한국방송공사","윤중중학교","영등포로터리","영등포공원","영등포3가방면","영등포문화원"],"BUSSTOP": [{"StopName":"신길역","StopID":"102814","Bus": [{"BusNo":"영등포04","Type":"3","BlID":"1660","BusCityName":"서울"},{"BusNo":"605","Type":"11","BlID":"1171","BusCityName":"서울"},{"BusNo":"640","Type":"11","BlID":"1186","BusCityName":"서울"},{"BusNo":"641","Type":"11","BlID":"1187","BusCityName":"서울"},{"BusNo":"650","Type":"11","BlID":"1190","BusCityName":"서울"},{"BusNo":"462","Type":"11","BlID":"1357","BusCityName":"서울"},{"BusNo":"360","Type":"11","BlID":"1440","BusCityName":"서울"},{"BusNo":"6515","Type":"12","BlID":"521","BusCityName":"서울"},{"BusNo":"6516","Type":"12","BlID":"563","BusCityName":"서울"},{"BusNo":"5625","Type":"12","BlID":"1143","BusCityName":"서울"},{"BusNo":"6512","Type":"12","BlID":"1193","BusCityName":"서울"},{"BusNo":"6514","Type":"12","BlID":"1195","BusCityName":"서울"},{"BusNo":"6649","Type":"12","BlID":"1483","BusCityName":"서울"}]}]}]}}}