{"result": {"stationName":"영등포","stationID":139,"type":1,"laneName":"수도권 1호선","laneCity":"수도권","x":126.9074247,"y":37.5157682,"prevOBJ": {"station": [{"stationName":"신길","stationID":138,"type":1,"laneName":"수도권 1호선","laneCity":"수도권","x":126.9177569,"y":37.5170255}]},"nextOBJ": {"station": [{"stationName":"신도림","stationID":140,"type":1,"laneName":"수도권 1호선","laneCity":"수도권","x":126.8915975,"y":37.5090072}]},"defaultInfo": {"address":"서울특별시 영등포구 영등포동 618-496","new_address":"서울특별시 영등포구 경인로 102길 13","tel":"1544-7788"},"useInfo": {"platform":3,"meetingPlace":0,"restroom":4,"offDoor":0,"crossOver":2,"publicPlace":0,"handicapCount":1,"parkingCount":0,"bicycleCount":1,"civilCount":0},"exitInfo": {"gate": [{"GateNo":"1","GateLink": ["영등포공원","영등포본동주민센터","영등포여자고등학교","영등포문화예술회관","신길2치안센터","우신초등학교","장훈고등학교","순영웰라이빌아파트","두산위브아파트"],"BUSSTOP": [{"StopName":"영등포역후문","StopID":"102594","Bus": [{"BusNo":"6649","Type":"12","BlID":"1483","BusCityName":"서울"}]}]},{"GateNo":"2","GateLink": ["신길동방면","도림1동주민센터","도림치안센터","영등포푸르지오 APT"]},{"GateNo":"3","GateLink": ["근로복지공단","영등포소방서","영등포우체국","영등포2동주민센터","한국전력공사","영등포2치안센터","신용회복위원회","전문건설공제조합","등기소","법원","여의도방면"],"BUSSTOP": [{"StopName":"경방타임스퀘어.신세계백화점","StopID":"102563","Bus": [{"BusNo":"영등포03","Type":"3","BlID":"1659","BusCityName":"서울"},{"BusNo":"영등포04","Type":"3","BlID":"1660","BusCityName":"서울"},{"BusNo":"760","Type":"11","BlID":"1149","BusCityName":"서울"},{"BusNo":"605","Type":"11","BlID":"1171","BusCityName":"서울"},{"BusNo":"670","Type":"11","BlID":"1430","BusCityName":"서울"},{"BusNo":"661","Type":"11","BlID":"1451","BusCityName":"서울"},{"BusNo":"6640B","Type":"12","BlID":"579","BusCityName":"서울"},{"BusNo":"5714","Type":"12","BlID":"1154","BusCityName":"서울"},{"BusNo":"6628","Type":"12","BlID":"1213","BusCityName":"서울"},{"BusNo":"6631","Type":"12","BlID":"1216","BusCityName":"서울"},{"BusNo":"6637","Type":"12","BlID":"1222","BusCityName":"서울"},{"BusNo":"6630","Type":"12","BlID":"1445","BusCityName":"서울"}]},{"StopName":"영등포역","StopID":"117238","Bus": [{"BusNo":"88-1","Type":"1","BlID":"7006","BusCityName":"부천"},{"BusNo":"10","Type":"1","BlID":"7040","BusCityName":"부천"},{"BusNo":"88","Type":"1","BlID":"7047","BusCityName":"부천"},{"BusNo":"83","Type":"1","BlID":"7050","BusCityName":"부천"},{"BusNo":"510","Type":"1","BlID":"11505","BusCityName":"시흥"},{"BusNo":"530","Type":"1","BlID":"11515","BusCityName":"시흥"},{"BusNo":"11-1","Type":"1","BlID":"12503","BusCityName":"광명"},{"BusNo":"11-2","Type":"1","BlID":"12504","BusCityName":"광명"},{"BusNo":"320","Type":"2","BlID":"6520","BusCityName":"안산"},{"BusNo":"301","Type":"2","BlID":"6526","BusCityName":"안산"},{"BusNo":"662","Type":"11","BlID":"549","BusCityName":"서울"},{"BusNo":"N16","Type":"11","BlID":"572","BusCityName":"서울"},{"BusNo":"503","Type":"11","BlID":"1092","BusCityName":"서울"},{"BusNo":"160","Type":"11","BlID":"1449","BusCityName":"서울"},{"BusNo":"600","Type":"11","BlID":"1450","BusCityName":"서울"},{"BusNo":"6515","Type":"12","BlID":"521","BusCityName":"서울"},{"BusNo":"6512","Type":"12","BlID":"1193","BusCityName":"서울"},{"BusNo":"6513","Type":"12","BlID":"1194","BusCityName":"서울"},{"BusNo":"5615","Type":"12","BlID":"1442","BusCityName":"서울"},{"BusNo":"5618","Type":"12","BlID":"1443","BusCityName":"서울"},{"BusNo":"2500","Type":"14","BlID":"21216","BusCityName":"인천"}]},{"StopName":"영등포역","StopID":"117239","Bus": [{"BusNo":"88-1","Type":"1","BlID":"7006","BusCityName":"부천"},{"BusNo":"10","Type":"1","BlID":"7040","BusCityName":"부천"},{"BusNo":"88","Type":"1","BlID":"7047","BusCityName":"부천"},{"BusNo":"83","Type":"1","BlID":"7050","BusCityName":"부천"},{"BusNo":"510","Type":"1","BlID":"11505","BusCityName":"시흥"},{"BusNo":"530","Type":"1","BlID":"11515","BusCityName":"시흥"},{"BusNo":"11-1","Type":"1","BlID":"12503","BusCityName":"광명"},{"BusNo":"11-2","Type":"1","BlID":"12504","BusCityName":"광명"},{"BusNo":"320","Type":"2","BlID":"6520","BusCityName":"안산"},{"BusNo":"301","Type":"2","BlID":"6526","BusCityName":"안산"},{"BusNo":"662","Type":"11","BlID":"549","BusCityName":"서울"},{"BusNo":"N16","Type":"11","BlID":"572","BusCityName":"서울"},{"BusNo":"503","Type":"11","BlID":"1092","BusCityName":"서울"},{"BusNo":"160","Type":"11","BlID":"1449","BusCityName":"서울"},{"BusNo":"600","Type":"11","BlID":"1450","BusCityName":"서울"},{"BusNo":"6515","Type":"12","BlID":"521","BusCityName":"서울"},{"BusNo":"6512","Type":"12","BlID":"1193","BusCityName":"서울"},{"BusNo":"6513","Type":"12","BlID":"1194","BusCityName":"서울"},{"BusNo":"5615","Type":"12","BlID":"1442","BusCityName":"서울"},{"BusNo":"5618","Type":"12","BlID":"1443","BusCityName":"서울"},{"BusNo":"2500","Type":"14","BlID":"21216","BusCityName":"인천"}]},{"StopName":"경방타임스퀘어.신세계백화점","StopID":"123115","Bus": [{"BusNo":"5","Type":"1","BlID":"6071","BusCityName":"안양"},{"BusNo":"871","Type":"2","BlID":"5510","BusCityName":"고양"},{"BusNo":"700","Type":"2","BlID":"7038","BusCityName":"부천"},{"BusNo":"6008","Type":"5","BlID":"1784","BusCityName":"서울"},{"BusNo":"670","Type":"11","BlID":"1430","BusCityName":"서울"},{"BusNo":"5714","Type":"12","BlID":"1154","BusCityName":"서울"},{"BusNo":"6637","Type":"12","BlID":"1222","BusCityName":"서울"},{"BusNo":"6640A","Type":"12","BlID":"1225","BusCityName":"서울"}]},{"StopName":"신세계백화점","StopID":"151807","Bus": [{"BusNo":"300","Type":"2","BlID":"21047","BusCityName":"인천"}]},{"StopName":"영등포역","StopID":"194336","Bus": [{"BusNo":"영등포05","Type":"3","BlID":"1681","BusCityName":"서울"}]},{"StopName":"영등포소방서.타임스퀘어","StopID":"194582","Bus": [{"BusNo":"830","Type":"2","BlID":"5519","BusCityName":"고양"},{"BusNo":"870","Type":"2","BlID":"5520","BusCityName":"고양"},{"BusNo":"1500","Type":"4","BlID":"5511","BusCityName":"고양"},{"BusNo":"1082","Type":"4","BlID":"5518","BusCityName":"고양"},{"BusNo":"9030-1","Type":"4","BlID":"12126","BusCityName":"파주"},{"BusNo":"9030","Type":"4","BlID":"12136","BusCityName":"파주"},{"BusNo":"9707","Type":"14","BlID":"1371","BusCityName":"서울"}]}]},{"GateNo":"4","GateLink": ["영원초등학교","영등포 푸르지오 아파트"]},{"GateNo":"5","GateLink": ["지하상가방면"],"BUSSTOP": [{"StopName":"영등포역","StopID":"102624","Bus": [{"BusNo":"700","Type":"2","BlID":"7038","BusCityName":"부천"},{"BusNo":"605","Type":"11","BlID":"1171","BusCityName":"서울"},{"BusNo":"5616","Type":"12","BlID":"1134","BusCityName":"서울"},{"BusNo":"6628","Type":"12","BlID":"1213","BusCityName":"서울"},{"BusNo":"6629","Type":"12","BlID":"1214","BusCityName":"서울"}]},{"StopName":"영등포역","StopID":"112855","Bus": [{"BusNo":"6008","Type":"5","BlID":"1784","BusCityName":"서울"}]}]},{"GateNo":"6","GateLink": ["역전파출소"]}]}}}