{"result": {"stationName":"오빈","stationID":1394,"type":104,"laneName":"경의중앙선","laneCity":"수도권","x":127.4740693,"y":37.5060647,"prevOBJ": {"station": [{"stationName":"아신","stationID":1303,"type":104,"laneName":"경의중앙선","laneCity":"수도권","x":127.4432568,"y":37.5139615}]},"nextOBJ": {"station": [{"stationName":"양평","stationID":1302,"type":104,"laneName":"경의중앙선","laneCity":"수도권","x":127.4918725,"y":37.4926803}]},"defaultInfo": {"address":"경기도 양평군 양평읍 오빈리 238-41","new_address":"경기도 양평군 양평읍 덕바위길 58","tel":"1544-7788"},"useInfo": {"platform":2,"meetingPlace":0,"restroom":2,"offDoor":0,"crossOver":2,"publicPlace":0,"handicapCount":1,"parkingCount":0,"bicycleCount":1,"civilCount":0},"exitInfo": {"gate": [{"GateNo":"1","GateLink": ["들꽃수목원"],"BUSSTOP": [{"StopName":"오빈3리.의무대앞","StopID":"117365","Bus": [{"BusNo":"2000-1","Type":"1","BlID":"14000","BusCityName":"양평군"},{"BusNo":"2000-2","Type":"1","BlID":"14001","BusCityName":"양평군"},{"BusNo":"6","Type":"1","BlID":"14004","BusCityName":"양평군"},{"BusNo":"3-5","Type":"1","BlID":"14009","BusCityName":"양평군"},{"BusNo":"6-1","Type":"1","BlID":"14027","BusCityName":"양평군"},{"BusNo":"6-3","Type":"1","BlID":"14030","BusCityName":"양평군"},{"BusNo":"6-5","Type":"1","BlID":"14031","BusCityName":"양평군"},{"BusNo":"6-6","Type":"1","BlID":"14032","BusCityName":"양평군"},{"BusNo":"2000-4","Type":"1","BlID":"14039","BusCityName":"양평군"},{"BusNo":"2000-3","Type":"1","BlID":"14062","BusCityName":"양평군"},{"BusNo":"3-2","Type":"1","BlID":"14074","BusCityName":"양평군"},{"BusNo":"9-7","Type":"1","BlID":"14079","BusCityName":"양평군"}]},{"StopName":"오빈3리의무대","StopID":"117377","Bus": [{"BusNo":"2000-1","Type":"1","BlID":"14000","BusCityName":"양평군"},{"BusNo":"2000-2","Type":"1","BlID":"14001","BusCityName":"양평군"},{"BusNo":"6","Type":"1","BlID":"14004","BusCityName":"양평군"},{"BusNo":"3-5","Type":"1","BlID":"14009","BusCityName":"양평군"},{"BusNo":"6-2","Type":"1","BlID":"14029","BusCityName":"양평군"},{"BusNo":"6-5","Type":"1","BlID":"14031","BusCityName":"양평군"},{"BusNo":"6-6","Type":"1","BlID":"14032","BusCityName":"양평군"},{"BusNo":"2000-4","Type":"1","BlID":"14039","BusCityName":"양평군"},{"BusNo":"9-5","Type":"1","BlID":"14046","BusCityName":"양평군"},{"BusNo":"9-6","Type":"1","BlID":"14047","BusCityName":"양평군"},{"BusNo":"2000-3","Type":"1","BlID":"14062","BusCityName":"양평군"},{"BusNo":"3-2","Type":"1","BlID":"14074","BusCityName":"양평군"},{"BusNo":"9-7","Type":"1","BlID":"14079","BusCityName":"양평군"}]},{"StopName":"오빈1리이발소","StopID":"156256","Bus": [{"BusNo":"6-5","Type":"1","BlID":"14031","BusCityName":"양평군"},{"BusNo":"6-4","Type":"1","BlID":"14093","BusCityName":"양평군"}]},{"StopName":"오빈1리대장간","StopID":"156258","Bus": [{"BusNo":"6-8","Type":"1","BlID":"14033","BusCityName":"양평군"}]}]}]}}}