{"result": {"stationName":"신도림","stationID":140,"type":1,"laneName":"수도권 1호선","laneCity":"수도권","x":126.8915975,"y":37.5090072,"exOBJ": {"station": [{"stationName":"신도림","stationID":234,"type":2,"laneName":"수도권 2호선","laneCity":"수도권"}]},"prevOBJ": {"station": [{"stationName":"영등포","stationID":139,"type":1,"laneName":"수도권 1호선","laneCity":"수도권","x":126.9074247,"y":37.5157682}]},"nextOBJ": {"station": [{"stationName":"구로","stationID":141,"type":1,"laneName":"수도권 1호선","laneCity":"수도권","x":126.8822776,"y":37.5029185}]},"defaultInfo": {"address":"서울특별시 구로구 신도림동 460-26","new_address":"서울특별시 구로구 새말로 117-21","tel":"02-2639-3349"},"useInfo": {"platform":3,"meetingPlace":0,"restroom":1,"offDoor":2,"crossOver":2,"publicPlace":0,"handicapCount":0,"parkingCount":0,"bicycleCount":1,"civilCount":0},"exitInfo": {"gate": [{"GateNo":"1","GateLink": ["문래초등학교","신도림중학교","신도림우성3차아파트","문래남성아파트","동아1.2.3차아파트","신도림대림아파트","신성은하수아파트","신도림동 주민센터","구로세무서","영등포등기소","신도림현대아파트","대성빌딩","홈에버","포스코","디큐브씨티"],"BUSSTOP": [{"StopName":"신도림역","StopID":"80103","Bus": [{"BusNo":"6018","Type":"5","BlID":"543","BusCityName":"서울"}]},{"StopName":"신도림역","StopID":"117244","Bus": [{"BusNo":"88-1","Type":"1","BlID":"7006","BusCityName":"부천"},{"BusNo":"10","Type":"1","BlID":"7040","BusCityName":"부천"},{"BusNo":"88","Type":"1","BlID":"7047","BusCityName":"부천"},{"BusNo":"83","Type":"1","BlID":"7050","BusCityName":"부천"},{"BusNo":"510","Type":"1","BlID":"11505","BusCityName":"시흥"},{"BusNo":"530","Type":"1","BlID":"11515","BusCityName":"시흥"},{"BusNo":"11-1","Type":"1","BlID":"12503","BusCityName":"광명"},{"BusNo":"11-2","Type":"1","BlID":"12504","BusCityName":"광명"},{"BusNo":"320","Type":"2","BlID":"6520","BusCityName":"안산"},{"BusNo":"301","Type":"2","BlID":"6526","BusCityName":"안산"},{"BusNo":"6018","Type":"5","BlID":"543","BusCityName":"서울"},{"BusNo":"662","Type":"11","BlID":"549","BusCityName":"서울"},{"BusNo":"N16","Type":"11","BlID":"572","BusCityName":"서울"},{"BusNo":"503","Type":"11","BlID":"1092","BusCityName":"서울"},{"BusNo":"670","Type":"11","BlID":"1430","BusCityName":"서울"},{"BusNo":"160","Type":"11","BlID":"1449","BusCityName":"서울"},{"BusNo":"600","Type":"11","BlID":"1450","BusCityName":"서울"},{"BusNo":"6515","Type":"12","BlID":"521","BusCityName":"서울"},{"BusNo":"6516","Type":"12","BlID":"563","BusCityName":"서울"},{"BusNo":"5714","Type":"12","BlID":"1154","BusCityName":"서울"},{"BusNo":"6512","Type":"12","BlID":"1193","BusCityName":"서울"},{"BusNo":"6513","Type":"12","BlID":"1194","BusCityName":"서울"},{"BusNo":"6637","Type":"12","BlID":"1222","BusCityName":"서울"},{"BusNo":"6640A","Type":"12","BlID":"1225","BusCityName":"서울"},{"BusNo":"5615","Type":"12","BlID":"1442","BusCityName":"서울"}]},{"StopName":"신도림역","StopID":"117245","Bus": [{"BusNo":"88-1","Type":"1","BlID":"7006","BusCityName":"부천"},{"BusNo":"10","Type":"1","BlID":"7040","BusCityName":"부천"},{"BusNo":"88","Type":"1","BlID":"7047","BusCityName":"부천"},{"BusNo":"83","Type":"1","BlID":"7050","BusCityName":"부천"},{"BusNo":"510","Type":"1","BlID":"11505","BusCityName":"시흥"},{"BusNo":"530","Type":"1","BlID":"11515","BusCityName":"시흥"},{"BusNo":"11-1","Type":"1","BlID":"12503","BusCityName":"광명"},{"BusNo":"11-2","Type":"1","BlID":"12504","BusCityName":"광명"},{"BusNo":"320","Type":"2","BlID":"6520","BusCityName":"안산"},{"BusNo":"301","Type":"2","BlID":"6526","BusCityName":"안산"},{"BusNo":"662","Type":"11","BlID":"549","BusCityName":"서울"},{"BusNo":"N16","Type":"11","BlID":"572","BusCityName":"서울"},{"BusNo":"503","Type":"11","BlID":"1092","BusCityName":"서울"},{"BusNo":"670","Type":"11","BlID":"1430","BusCityName":"서울"},{"BusNo":"160","Type":"11","BlID":"1449","BusCityName":"서울"},{"BusNo":"600","Type":"11","BlID":"1450","BusCityName":"서울"},{"BusNo":"6515","Type":"12","BlID":"521","BusCityName":"서울"},{"BusNo":"6516","Type":"12","BlID":"563","BusCityName":"서울"},{"BusNo":"6640B","Type":"12","BlID":"579","BusCityName":"서울"},{"BusNo":"5714","Type":"12","BlID":"1154","BusCityName":"서울"},{"BusNo":"6512","Type":"12","BlID":"1193","BusCityName":"서울"},{"BusNo":"6513","Type":"12","BlID":"1194","BusCityName":"서울"},{"BusNo":"6637","Type":"12","BlID":"1222","BusCityName":"서울"},{"BusNo":"5615","Type":"12","BlID":"1442","BusCityName":"서울"}]},{"StopName":"신도림역","StopID":"121901","Bus": [{"BusNo":"6649","Type":"12","BlID":"1483","BusCityName":"서울"}]},{"StopName":"신도림역","StopID":"196201","Bus": [{"BusNo":"양천04","Type":"3","BlID":"1482","BusCityName":"서울"},{"BusNo":"6649","Type":"12","BlID":"1483","BusCityName":"서울"}]}]},{"GateNo":"2","GateLink": ["구로우성아파트","신도림태영타운","대림동현대3차아파트","도림청구아파트","도림2동주민센터","도림동아아파트","LG신도림자이아파트","방송대학습관","시립구로노인복지관","테크노마트","이마트","포스빌","CGV","외환은행 신도림역"],"BUSSTOP": [{"StopName":"신도림역","StopID":"102100","Bus": [{"BusNo":"영등포09","Type":"3","BlID":"1487","BusCityName":"서울"},{"BusNo":"5619","Type":"12","BlID":"1137","BusCityName":"서울"},{"BusNo":"6411","Type":"12","BlID":"1188","BusCityName":"서울"},{"BusNo":"6511","Type":"12","BlID":"1192","BusCityName":"서울"},{"BusNo":"6611","Type":"12","BlID":"1196","BusCityName":"서울"},{"BusNo":"6650","Type":"12","BlID":"1484","BusCityName":"서울"},{"BusNo":"6651","Type":"12","BlID":"1485","BusCityName":"서울"}]},{"StopName":"신도림역","StopID":"102105","Bus": [{"BusNo":"6411","Type":"12","BlID":"1188","BusCityName":"서울"},{"BusNo":"6511","Type":"12","BlID":"1192","BusCityName":"서울"},{"BusNo":"6611","Type":"12","BlID":"1196","BusCityName":"서울"}]},{"StopName":"신도림역2번출구","StopID":"196469","Bus": [{"BusNo":"영등포08","Type":"3","BlID":"528","BusCityName":"서울"},{"BusNo":"영등포09","Type":"3","BlID":"1487","BusCityName":"서울"},{"BusNo":"영등포01","Type":"3","BlID":"1637","BusCityName":"서울"}]}]},{"GateNo":"3","GateLink": ["신도림테크노마트","신도림태영타운아파트","서울미래초등학교","CGV신도림점","프라임아트홀","이마트신도림점","구로우성아파트"]},{"GateNo":"4","GateLink": ["신도림테크노마트","신도림태영타운아파트","CGV신도림점","프라임아트홀","이마트신도림점","구로우성아파트"]},{"GateNo":"5","GateLink": ["현대백화점디큐브시티점","신도림역광장","대성디큐브시티","쉐라톤서울 디큐브시티호텔","롯데시네마 신도림점","하나은행 현대백화점디큐브시티점","신도림푸르지오"]},{"GateNo":"6","GateLink": ["신도림역광장","신도림푸르지오2차아파트","신도림고가차도"]}]}}}