{"result": {"stationName":"송탄","stationID":1401,"type":1,"laneName":"수도권 1호선","laneCity":"수도권","x":127.0544008,"y":37.0753846,"prevOBJ": {"station": [{"stationName":"진위","stationID":190,"type":1,"laneName":"수도권 1호선","laneCity":"수도권","x":127.0623561,"y":37.1097803}]},"nextOBJ": {"station": [{"stationName":"서정리","stationID":1402,"type":1,"laneName":"수도권 1호선","laneCity":"수도권","x":127.0528475,"y":37.0564667}]},"defaultInfo": {"address":"경기도 평택시 신장동 257-5","new_address":"경기도 평택시 송탄공원로 43","tel":"1544-7788"},"useInfo": {"platform":2,"meetingPlace":0,"restroom":2,"offDoor":0,"crossOver":2,"publicPlace":0,"handicapCount":1,"parkingCount":0,"bicycleCount":1,"civilCount":0},"exitInfo": {"gate": [{"GateNo":"1","GateLink": ["지산동주민센터","송탄버스터미널","평택고용안전센터","송북시장","송탄치안센터","송탄우체국","송탄보건지소"],"BUSSTOP": [{"StopName":"경기관광호텔","StopID":"120419","Bus": [{"BusNo":"2","Type":"1","BlID":"15511","BusCityName":"평택"},{"BusNo":"1-1","Type":"1","BlID":"15533","BusCityName":"평택"},{"BusNo":"5-1","Type":"1","BlID":"15535","BusCityName":"평택"},{"BusNo":"29","Type":"1","BlID":"15541","BusCityName":"평택"},{"BusNo":"27","Type":"1","BlID":"15546","BusCityName":"평택"},{"BusNo":"3(협진여객(용이동.터미널.황구지리))","Type":"1","BlID":"15615","BusCityName":"평택"},{"BusNo":"99","Type":"3","BlID":"15521","BusCityName":"평택"},{"BusNo":"55","Type":"3","BlID":"15674","BusCityName":"평택"},{"BusNo":"88","Type":"3","BlID":"15694","BusCityName":"평택"},{"BusNo":"77(건지미)","Type":"3","BlID":"15698","BusCityName":"평택"},{"BusNo":"77(송탄역)","Type":"3","BlID":"15699","BusCityName":"평택"},{"BusNo":"5","Type":"3","BlID":"15700","BusCityName":"평택"},{"BusNo":"5-1(송탄마을버스(국제대.송탄.국제대))","Type":"3","BlID":"15703","BusCityName":"평택"}]},{"StopName":"경기관광호텔","StopID":"120444","Bus": [{"BusNo":"2","Type":"1","BlID":"15511","BusCityName":"평택"},{"BusNo":"1-1","Type":"1","BlID":"15533","BusCityName":"평택"},{"BusNo":"5-1","Type":"1","BlID":"15535","BusCityName":"평택"},{"BusNo":"29","Type":"1","BlID":"15541","BusCityName":"평택"},{"BusNo":"27","Type":"1","BlID":"15546","BusCityName":"평택"},{"BusNo":"3(협진여객(용이동.터미널.황구지리))","Type":"1","BlID":"15615","BusCityName":"평택"},{"BusNo":"99","Type":"3","BlID":"15521","BusCityName":"평택"},{"BusNo":"55","Type":"3","BlID":"15674","BusCityName":"평택"},{"BusNo":"88","Type":"3","BlID":"15694","BusCityName":"평택"},{"BusNo":"77(건지미)","Type":"3","BlID":"15698","BusCityName":"평택"},{"BusNo":"77(송탄역)","Type":"3","BlID":"15699","BusCityName":"평택"},{"BusNo":"5","Type":"3","BlID":"15700","BusCityName":"평택"},{"BusNo":"5-1(송탄마을버스(국제대.송탄.국제대))","Type":"3","BlID":"15703","BusCityName":"평택"}]}]},{"GateNo":"2","GateLink": ["지산동","지산초등학교","송탄소방서"],"BUSSTOP": [{"StopName":"송탄역","StopID":"200641","Bus": [{"BusNo":"2","Type":"1","BlID":"15511","BusCityName":"평택"},{"BusNo":"1-1","Type":"1","BlID":"15533","BusCityName":"평택"},{"BusNo":"5-1","Type":"1","BlID":"15535","BusCityName":"평택"},{"BusNo":"29","Type":"1","BlID":"15541","BusCityName":"평택"},{"BusNo":"27","Type":"1","BlID":"15546","BusCityName":"평택"},{"BusNo":"3(협진여객(용이동.터미널.황구지리))","Type":"1","BlID":"15615","BusCityName":"평택"},{"BusNo":"99","Type":"3","BlID":"15521","BusCityName":"평택"},{"BusNo":"55","Type":"3","BlID":"15674","BusCityName":"평택"},{"BusNo":"88","Type":"3","BlID":"15694","BusCityName":"평택"},{"BusNo":"5","Type":"3","BlID":"15700","BusCityName":"평택"},{"BusNo":"5-1(송탄마을버스(국제대.송탄.국제대))","Type":"3","BlID":"15703","BusCityName":"평택"}]}]},{"GateNo":"3","GateLink": ["KT송탄지점","한국전력공사","송탄체육공원","경기도립평택도서관","평택시송탄출장소"]},{"GateNo":"4","GateLink": ["태광중.고교","신장2치안센터","북창초등학교","서정동우편취급소"]},{"GateNo":"5","GateLink": ["송신초등학교","시장2동주민센터","중앙시장","K-55부대정문"]}]}}}