{"result": {"stationName":"서정리","stationID":1402,"type":1,"laneName":"수도권 1호선","laneCity":"수도권","x":127.0528475,"y":37.0564667,"prevOBJ": {"station": [{"stationName":"송탄","stationID":1401,"type":1,"laneName":"수도권 1호선","laneCity":"수도권","x":127.0544008,"y":37.0753846}]},"nextOBJ": {"station": [{"stationName":"지제","stationID":1403,"type":1,"laneName":"수도권 1호선","laneCity":"수도권","x":127.0702722,"y":37.0188291}]},"defaultInfo": {"address":"경기도 평택시 서정동 427-53","new_address":"경기도 평택시 탄현로 51","tel":"1544-7788"},"useInfo": {"platform":2,"meetingPlace":0,"restroom":2,"offDoor":0,"crossOver":2,"publicPlace":0,"handicapCount":1,"parkingCount":0,"bicycleCount":1,"civilCount":0},"exitInfo": {"gate": [{"GateNo":"1","GateLink": ["송탄출장소","중앙동주민센터","서정동주민센터","서정파출소","서정초등학교","국제대학","송탄I.C"],"BUSSTOP": [{"StopName":"갈평입구","StopID":"120438","Bus": [{"BusNo":"2","Type":"1","BlID":"15511","BusCityName":"평택"},{"BusNo":"302","Type":"1","BlID":"15520","BusCityName":"평택"},{"BusNo":"5-1","Type":"1","BlID":"15535","BusCityName":"평택"},{"BusNo":"29","Type":"1","BlID":"15541","BusCityName":"평택"},{"BusNo":"27","Type":"1","BlID":"15546","BusCityName":"평택"},{"BusNo":"3(협진여객(용이동.터미널.황구지리))","Type":"1","BlID":"15615","BusCityName":"평택"},{"BusNo":"94-1","Type":"1","BlID":"15663","BusCityName":"평택"},{"BusNo":"77(동광제약)","Type":"3","BlID":"15702","BusCityName":"평택"}]},{"StopName":"서정리역","StopID":"157366","Bus": [{"BusNo":"7-7","Type":"1","BlID":"15505","BusCityName":"평택"},{"BusNo":"2","Type":"1","BlID":"15511","BusCityName":"평택"},{"BusNo":"302","Type":"1","BlID":"15520","BusCityName":"평택"},{"BusNo":"1-1","Type":"1","BlID":"15533","BusCityName":"평택"},{"BusNo":"5-1","Type":"1","BlID":"15535","BusCityName":"평택"},{"BusNo":"29","Type":"1","BlID":"15541","BusCityName":"평택"},{"BusNo":"27","Type":"1","BlID":"15546","BusCityName":"평택"},{"BusNo":"7","Type":"1","BlID":"15550","BusCityName":"평택"},{"BusNo":"3(협진여객(용이동.터미널.황구지리))","Type":"1","BlID":"15615","BusCityName":"평택"},{"BusNo":"7-3","Type":"1","BlID":"15642","BusCityName":"평택"},{"BusNo":"7-4","Type":"1","BlID":"15643","BusCityName":"평택"},{"BusNo":"7-5","Type":"1","BlID":"15649","BusCityName":"평택"},{"BusNo":"94-1","Type":"1","BlID":"15663","BusCityName":"평택"},{"BusNo":"5-3","Type":"3","BlID":"15517","BusCityName":"평택"},{"BusNo":"66(어현산산공단)","Type":"3","BlID":"15666","BusCityName":"평택"},{"BusNo":"66(어소3리)","Type":"3","BlID":"15668","BusCityName":"평택"},{"BusNo":"66(황곡)","Type":"3","BlID":"15671","BusCityName":"평택"},{"BusNo":"55","Type":"3","BlID":"15674","BusCityName":"평택"},{"BusNo":"66-1","Type":"3","BlID":"15675","BusCityName":"평택"},{"BusNo":"66(돌머리)","Type":"3","BlID":"15676","BusCityName":"평택"},{"BusNo":"66(옥길1리)","Type":"3","BlID":"15678","BusCityName":"평택"},{"BusNo":"66(율북4리)","Type":"3","BlID":"15679","BusCityName":"평택"},{"BusNo":"22","Type":"3","BlID":"15680","BusCityName":"평택"},{"BusNo":"5-2","Type":"3","BlID":"15683","BusCityName":"평택"},{"BusNo":"66(율곡1리)","Type":"3","BlID":"15688","BusCityName":"평택"},{"BusNo":"66(황곡)","Type":"3","BlID":"15689","BusCityName":"평택"},{"BusNo":"66(어소1리)","Type":"3","BlID":"15690","BusCityName":"평택"},{"BusNo":"66(밤뒤)","Type":"3","BlID":"15691","BusCityName":"평택"},{"BusNo":"66(황곡입구)","Type":"3","BlID":"15693","BusCityName":"평택"},{"BusNo":"66-2","Type":"3","BlID":"15696","BusCityName":"평택"},{"BusNo":"77(동광제약)","Type":"3","BlID":"15702","BusCityName":"평택"},{"BusNo":"5-1(송탄마을버스(국제대.송탄.국제대))","Type":"3","BlID":"15703","BusCityName":"평택"}]},{"StopName":"서정리역","StopID":"200656","Bus": [{"BusNo":"55","Type":"3","BlID":"15674","BusCityName":"평택"},{"BusNo":"5-1(송탄마을버스(국제대.송탄.국제대))","Type":"3","BlID":"15703","BusCityName":"평택"}]}]},{"GateNo":"2","GateLink": ["평택항","서해대교","고덕면","청북면","번성"]},{"GateNo":"3","GateLink": ["평택항","서해대교","고덕면","청북면","갈평"],"BUSSTOP": [{"StopName":"갈평육교입구","StopID":"120929","Bus": [{"BusNo":"66-1","Type":"3","BlID":"15675","BusCityName":"평택"},{"BusNo":"66(율북4리)","Type":"3","BlID":"15679","BusCityName":"평택"},{"BusNo":"66(황곡)","Type":"3","BlID":"15689","BusCityName":"평택"},{"BusNo":"66-2","Type":"3","BlID":"15696","BusCityName":"평택"}]},{"StopName":"갈평육교입구","StopID":"120951","Bus": [{"BusNo":"66(어현산산공단)","Type":"3","BlID":"15666","BusCityName":"평택"},{"BusNo":"66(황곡)","Type":"3","BlID":"15671","BusCityName":"평택"},{"BusNo":"66-1","Type":"3","BlID":"15675","BusCityName":"평택"},{"BusNo":"66(돌머리)","Type":"3","BlID":"15676","BusCityName":"평택"},{"BusNo":"66(옥길1리)","Type":"3","BlID":"15678","BusCityName":"평택"},{"BusNo":"66(율곡1리)","Type":"3","BlID":"15688","BusCityName":"평택"},{"BusNo":"66(밤뒤)","Type":"3","BlID":"15691","BusCityName":"평택"},{"BusNo":"66(황곡입구)","Type":"3","BlID":"15693","BusCityName":"평택"},{"BusNo":"66-2","Type":"3","BlID":"15696","BusCityName":"평택"}]},{"StopName":"갈평","StopID":"200941","Bus": [{"BusNo":"66(어소3리)","Type":"3","BlID":"15668","BusCityName":"평택"},{"BusNo":"66(어소1리)","Type":"3","BlID":"15690","BusCityName":"평택"}]}]}]}}}