{"result": {"stationName":"지제","stationID":1403,"type":1,"laneName":"수도권 1호선","laneCity":"수도권","x":127.0702722,"y":37.0188291,"prevOBJ": {"station": [{"stationName":"서정리","stationID":1402,"type":1,"laneName":"수도권 1호선","laneCity":"수도권","x":127.0528475,"y":37.0564667}]},"nextOBJ": {"station": [{"stationName":"평택","stationID":1404,"type":1,"laneName":"수도권 1호선","laneCity":"수도권","x":127.0852501,"y":36.990839}]},"defaultInfo": {"address":"경기도 평택시 지제동 141-1","new_address":"경기도 평택시 경기대로 777","tel":"1544-7788"},"useInfo": {"platform":2,"meetingPlace":0,"restroom":2,"offDoor":0,"crossOver":2,"publicPlace":0,"handicapCount":0,"parkingCount":0,"bicycleCount":1,"civilCount":0},"exitInfo": {"gate": [{"GateNo":"1","GateLink": ["세교중학교","평택.송탄산업단지","평택여자고등학교","한국복지대학"],"BUSSTOP": [{"StopName":"지제역","StopID":"120404","Bus": [{"BusNo":"2","Type":"1","BlID":"15511","BusCityName":"평택"},{"BusNo":"2-2","Type":"1","BlID":"15512","BusCityName":"평택"},{"BusNo":"36","Type":"1","BlID":"15529","BusCityName":"평택"},{"BusNo":"1-1","Type":"1","BlID":"15533","BusCityName":"평택"},{"BusNo":"5-1","Type":"1","BlID":"15535","BusCityName":"평택"},{"BusNo":"29","Type":"1","BlID":"15541","BusCityName":"평택"},{"BusNo":"27","Type":"1","BlID":"15546","BusCityName":"평택"},{"BusNo":"35","Type":"1","BlID":"15556","BusCityName":"평택"},{"BusNo":"3(협진여객(용이동.터미널.황구지리))","Type":"1","BlID":"15615","BusCityName":"평택"},{"BusNo":"17","Type":"1","BlID":"15632","BusCityName":"평택"},{"BusNo":"810","Type":"2","BlID":"15500","BusCityName":"평택"}]},{"StopName":"지제역","StopID":"120432","Bus": [{"BusNo":"2","Type":"1","BlID":"15511","BusCityName":"평택"},{"BusNo":"2-2","Type":"1","BlID":"15512","BusCityName":"평택"},{"BusNo":"36","Type":"1","BlID":"15529","BusCityName":"평택"},{"BusNo":"1-1","Type":"1","BlID":"15533","BusCityName":"평택"},{"BusNo":"5-1","Type":"1","BlID":"15535","BusCityName":"평택"},{"BusNo":"29","Type":"1","BlID":"15541","BusCityName":"평택"},{"BusNo":"27","Type":"1","BlID":"15546","BusCityName":"평택"},{"BusNo":"35","Type":"1","BlID":"15556","BusCityName":"평택"},{"BusNo":"3(협진여객(용이동.터미널.황구지리))","Type":"1","BlID":"15615","BusCityName":"평택"},{"BusNo":"17","Type":"1","BlID":"15632","BusCityName":"평택"},{"BusNo":"810","Type":"2","BlID":"15500","BusCityName":"평택"}]}]},{"GateNo":"2","GateLink": ["지제동","고덕면"]}]}}}