{"result": {"stationName":"평택","stationID":1404,"type":1,"laneName":"수도권 1호선","laneCity":"수도권","x":127.0852501,"y":36.990839,"prevOBJ": {"station": [{"stationName":"지제","stationID":1403,"type":1,"laneName":"수도권 1호선","laneCity":"수도권","x":127.0702722,"y":37.0188291}]},"nextOBJ": {"station": [{"stationName":"성환","stationID":1405,"type":1,"laneName":"수도권 1호선","laneCity":"수도권","x":127.1270079,"y":36.9157903}]},"defaultInfo": {"address":"경기도 평택시 평택동 185-568","new_address":"경기도 평택시 평택로 51","tel":"1544-7788"},"useInfo": {"platform":2,"meetingPlace":1,"restroom":2,"offDoor":1,"crossOver":1,"publicPlace":1,"handicapCount":1,"parkingCount":0,"bicycleCount":1,"civilCount":0},"exitInfo": {"gate": [{"GateNo":"1","GateLink": ["평택경찰서","시외버스터미널","평택시청","역광장","국민연금관리공단"],"BUSSTOP": [{"StopName":"평택시외버스터미널입구","StopID":"80950","Bus": [{"BusNo":"8822","Type":"5","BlID":"10459","BusCityName":"광주"},{"BusNo":"8834","Type":"5","BlID":"10468","BusCityName":"광주"},{"BusNo":"8323","Type":"22","BlID":"9635","BusCityName":"수원"},{"BusNo":"8422","Type":"22","BlID":"10580","BusCityName":"광주"},{"BusNo":"8427","Type":"22","BlID":"10584","BusCityName":"광주"},{"BusNo":"8433","Type":"22","BlID":"10600","BusCityName":"광주"},{"BusNo":"8455","Type":"22","BlID":"10642","BusCityName":"광주"},{"BusNo":"8456","Type":"22","BlID":"10643","BusCityName":"광주"},{"BusNo":"1310","Type":"22","BlID":"10663","BusCityName":"광주"},{"BusNo":"8131","Type":"22","BlID":"10710","BusCityName":"광주"},{"BusNo":"8321","Type":"22","BlID":"10719","BusCityName":"광주"},{"BusNo":"8340","Type":"22","BlID":"10720","BusCityName":"광주"},{"BusNo":"9101","Type":"22","BlID":"10727","BusCityName":"광주"}]},{"StopName":"평택시외버스터미널출구","StopID":"81717","Bus": [{"BusNo":"8822","Type":"5","BlID":"10459","BusCityName":"광주"},{"BusNo":"8834","Type":"5","BlID":"10468","BusCityName":"광주"},{"BusNo":"8323","Type":"22","BlID":"9635","BusCityName":"수원"},{"BusNo":"8422","Type":"22","BlID":"10580","BusCityName":"광주"},{"BusNo":"8433","Type":"22","BlID":"10600","BusCityName":"광주"},{"BusNo":"8434","Type":"22","BlID":"10633","BusCityName":"광주"},{"BusNo":"8455","Type":"22","BlID":"10642","BusCityName":"광주"},{"BusNo":"8456","Type":"22","BlID":"10643","BusCityName":"광주"},{"BusNo":"1307","Type":"22","BlID":"10652","BusCityName":"광주"},{"BusNo":"8815","Type":"22","BlID":"10656","BusCityName":"광주"},{"BusNo":"1310","Type":"22","BlID":"10663","BusCityName":"광주"},{"BusNo":"8131","Type":"22","BlID":"10710","BusCityName":"광주"},{"BusNo":"8321","Type":"22","BlID":"10719","BusCityName":"광주"},{"BusNo":"8340","Type":"22","BlID":"10720","BusCityName":"광주"},{"BusNo":"9101","Type":"22","BlID":"10727","BusCityName":"광주"}]},{"StopName":"평택역.AKPLAZA","StopID":"120214","Bus": [{"BusNo":"3-2","Type":"1","BlID":"15502","BusCityName":"평택"},{"BusNo":"940","Type":"1","BlID":"15507","BusCityName":"평택"},{"BusNo":"2","Type":"1","BlID":"15511","BusCityName":"평택"},{"BusNo":"2-2","Type":"1","BlID":"15512","BusCityName":"평택"},{"BusNo":"5","Type":"1","BlID":"15515","BusCityName":"평택"},{"BusNo":"91","Type":"1","BlID":"15518","BusCityName":"평택"},{"BusNo":"6","Type":"1","BlID":"15519","BusCityName":"평택"},{"BusNo":"310-3","Type":"1","BlID":"15528","BusCityName":"평택"},{"BusNo":"36","Type":"1","BlID":"15529","BusCityName":"평택"},{"BusNo":"1-1","Type":"1","BlID":"15533","BusCityName":"평택"},{"BusNo":"5-1","Type":"1","BlID":"15535","BusCityName":"평택"},{"BusNo":"3(서울고속(월곡동.터미널.신가리))","Type":"1","BlID":"15537","BusCityName":"평택"},{"BusNo":"29","Type":"1","BlID":"15541","BusCityName":"평택"},{"BusNo":"98","Type":"1","BlID":"15542","BusCityName":"평택"},{"BusNo":"27","Type":"1","BlID":"15546","BusCityName":"평택"},{"BusNo":"700","Type":"1","BlID":"15551","BusCityName":"평택"},{"BusNo":"35","Type":"1","BlID":"15556","BusCityName":"평택"},{"BusNo":"15","Type":"1","BlID":"15562","BusCityName":"평택"},{"BusNo":"3-1","Type":"1","BlID":"15563","BusCityName":"평택"},{"BusNo":"15-1","Type":"1","BlID":"15571","BusCityName":"평택"},{"BusNo":"15-2","Type":"1","BlID":"15575","BusCityName":"평택"},{"BusNo":"57-1","Type":"1","BlID":"15607","BusCityName":"평택"},{"BusNo":"49","Type":"1","BlID":"15610","BusCityName":"평택"},{"BusNo":"3(협진여객(용이동.터미널.황구지리))","Type":"1","BlID":"15615","BusCityName":"평택"},{"BusNo":"57-4","Type":"1","BlID":"15625","BusCityName":"평택"},{"BusNo":"49-3","Type":"1","BlID":"15628","BusCityName":"평택"},{"BusNo":"15-3","Type":"1","BlID":"15635","BusCityName":"평택"},{"BusNo":"15-4","Type":"1","BlID":"15636","BusCityName":"평택"},{"BusNo":"3-3","Type":"1","BlID":"15637","BusCityName":"평택"},{"BusNo":"57-2","Type":"1","BlID":"15638","BusCityName":"평택"},{"BusNo":"49-1","Type":"1","BlID":"15652","BusCityName":"평택"},{"BusNo":"22","Type":"1","BlID":"15654","BusCityName":"평택"},{"BusNo":"3-5","Type":"1","BlID":"15655","BusCityName":"평택"},{"BusNo":"20(서울고속(월곡동.터미널.노양리))","Type":"1","BlID":"15659","BusCityName":"평택"},{"BusNo":"57","Type":"1","BlID":"15664","BusCityName":"평택"},{"BusNo":"310","Type":"1","BlID":"15705","BusCityName":"평택"},{"BusNo":"310-1","Type":"1","BlID":"15706","BusCityName":"평택"},{"BusNo":"320","Type":"1","BlID":"15707","BusCityName":"평택"},{"BusNo":"320-1","Type":"1","BlID":"15708","BusCityName":"평택"},{"BusNo":"10","Type":"3","BlID":"15701","BusCityName":"평택"}]},{"StopName":"평택역.AKPLAZA","StopID":"120215","Bus": [{"BusNo":"7-6","Type":"1","BlID":"15501","BusCityName":"평택"},{"BusNo":"3-2","Type":"1","BlID":"15502","BusCityName":"평택"},{"BusNo":"7-7","Type":"1","BlID":"15505","BusCityName":"평택"},{"BusNo":"940","Type":"1","BlID":"15507","BusCityName":"평택"},{"BusNo":"20(협진여객(용이동.터미널.신정문))","Type":"1","BlID":"15514","BusCityName":"평택"},{"BusNo":"5","Type":"1","BlID":"15515","BusCityName":"평택"},{"BusNo":"91","Type":"1","BlID":"15518","BusCityName":"평택"},{"BusNo":"7-1","Type":"1","BlID":"15527","BusCityName":"평택"},{"BusNo":"310-3","Type":"1","BlID":"15528","BusCityName":"평택"},{"BusNo":"21","Type":"1","BlID":"15530","BusCityName":"평택"},{"BusNo":"3(서울고속(월곡동.터미널.신가리))","Type":"1","BlID":"15537","BusCityName":"평택"},{"BusNo":"98","Type":"1","BlID":"15542","BusCityName":"평택"},{"BusNo":"80","Type":"1","BlID":"15543","BusCityName":"평택"},{"BusNo":"9-1","Type":"1","BlID":"15547","BusCityName":"평택"},{"BusNo":"7","Type":"1","BlID":"15550","BusCityName":"평택"},{"BusNo":"700","Type":"1","BlID":"15551","BusCityName":"평택"},{"BusNo":"8","Type":"1","BlID":"15552","BusCityName":"평택"},{"BusNo":"80-1","Type":"1","BlID":"15555","BusCityName":"평택"},{"BusNo":"98-1","Type":"1","BlID":"15557","BusCityName":"평택"},{"BusNo":"15","Type":"1","BlID":"15562","BusCityName":"평택"},{"BusNo":"3-1","Type":"1","BlID":"15563","BusCityName":"평택"},{"BusNo":"15-1","Type":"1","BlID":"15571","BusCityName":"평택"},{"BusNo":"15-2","Type":"1","BlID":"15575","BusCityName":"평택"},{"BusNo":"7-2","Type":"1","BlID":"15576","BusCityName":"평택"},{"BusNo":"57-1","Type":"1","BlID":"15607","BusCityName":"평택"},{"BusNo":"16","Type":"1","BlID":"15608","BusCityName":"평택"},{"BusNo":"49","Type":"1","BlID":"15610","BusCityName":"평택"},{"BusNo":"94","Type":"1","BlID":"15614","BusCityName":"평택"},{"BusNo":"57-4","Type":"1","BlID":"15625","BusCityName":"평택"},{"BusNo":"57-3","Type":"1","BlID":"15626","BusCityName":"평택"},{"BusNo":"17","Type":"1","BlID":"15632","BusCityName":"평택"},{"BusNo":"15-3","Type":"1","BlID":"15635","BusCityName":"평택"},{"BusNo":"15-4","Type":"1","BlID":"15636","BusCityName":"평택"},{"BusNo":"3-3","Type":"1","BlID":"15637","BusCityName":"평택"},{"BusNo":"57-2","Type":"1","BlID":"15638","BusCityName":"평택"},{"BusNo":"7-3","Type":"1","BlID":"15642","BusCityName":"평택"},{"BusNo":"7-4","Type":"1","BlID":"15643","BusCityName":"평택"},{"BusNo":"7-5","Type":"1","BlID":"15649","BusCityName":"평택"},{"BusNo":"8-2","Type":"1","BlID":"15650","BusCityName":"평택"},{"BusNo":"49-1","Type":"1","BlID":"15652","BusCityName":"평택"},{"BusNo":"22","Type":"1","BlID":"15654","BusCityName":"평택"},{"BusNo":"3-5","Type":"1","BlID":"15655","BusCityName":"평택"},{"BusNo":"20(서울고속(월곡동.터미널.노양리))","Type":"1","BlID":"15659","BusCityName":"평택"},{"BusNo":"9","Type":"1","BlID":"15661","BusCityName":"평택"},{"BusNo":"94-1","Type":"1","BlID":"15663","BusCityName":"평택"},{"BusNo":"57","Type":"1","BlID":"15664","BusCityName":"평택"},{"BusNo":"310","Type":"1","BlID":"15705","BusCityName":"평택"},{"BusNo":"310-1","Type":"1","BlID":"15706","BusCityName":"평택"},{"BusNo":"320","Type":"1","BlID":"15707","BusCityName":"평택"},{"BusNo":"320-1","Type":"1","BlID":"15708","BusCityName":"평택"},{"BusNo":"10","Type":"3","BlID":"15701","BusCityName":"평택"}]},{"StopName":"평택역.AKPLAZA","StopID":"126757","Bus": [{"BusNo":"2","Type":"1","BlID":"15511","BusCityName":"평택"},{"BusNo":"2-2","Type":"1","BlID":"15512","BusCityName":"평택"},{"BusNo":"36","Type":"1","BlID":"15529","BusCityName":"평택"},{"BusNo":"1-1","Type":"1","BlID":"15533","BusCityName":"평택"},{"BusNo":"5-1","Type":"1","BlID":"15535","BusCityName":"평택"},{"BusNo":"14","Type":"1","BlID":"15538","BusCityName":"평택"},{"BusNo":"13","Type":"1","BlID":"15539","BusCityName":"평택"},{"BusNo":"29","Type":"1","BlID":"15541","BusCityName":"평택"},{"BusNo":"27","Type":"1","BlID":"15546","BusCityName":"평택"},{"BusNo":"100","Type":"1","BlID":"15553","BusCityName":"평택"},{"BusNo":"100-1","Type":"1","BlID":"15554","BusCityName":"평택"},{"BusNo":"35","Type":"1","BlID":"15556","BusCityName":"평택"},{"BusNo":"3(협진여객(용이동.터미널.황구지리))","Type":"1","BlID":"15615","BusCityName":"평택"},{"BusNo":"50","Type":"1","BlID":"15616","BusCityName":"평택"},{"BusNo":"49-4","Type":"1","BlID":"15630","BusCityName":"평택"},{"BusNo":"100-2","Type":"1","BlID":"15634","BusCityName":"평택"}]},{"StopName":"평택시외버스터미널","StopID":"151713","Bus": [{"BusNo":"70","Type":"1","BlID":"18004","BusCityName":"안성"},{"BusNo":"370","Type":"1","BlID":"18019","BusCityName":"안성"},{"BusNo":"380","Type":"1","BlID":"18102","BusCityName":"안성"}]},{"StopName":"평택역.AKPLAZA","StopID":"197345","Bus": [{"BusNo":"20(협진여객(용이동.터미널.신정문))","Type":"1","BlID":"15514","BusCityName":"평택"},{"BusNo":"21","Type":"1","BlID":"15530","BusCityName":"평택"},{"BusNo":"14","Type":"1","BlID":"15538","BusCityName":"평택"},{"BusNo":"13","Type":"1","BlID":"15539","BusCityName":"평택"},{"BusNo":"80","Type":"1","BlID":"15543","BusCityName":"평택"},{"BusNo":"9-1","Type":"1","BlID":"15547","BusCityName":"평택"},{"BusNo":"100","Type":"1","BlID":"15553","BusCityName":"평택"},{"BusNo":"16","Type":"1","BlID":"15608","BusCityName":"평택"},{"BusNo":"94","Type":"1","BlID":"15614","BusCityName":"평택"},{"BusNo":"50","Type":"1","BlID":"15616","BusCityName":"평택"},{"BusNo":"91-2","Type":"1","BlID":"15627","BusCityName":"평택"},{"BusNo":"17","Type":"1","BlID":"15632","BusCityName":"평택"},{"BusNo":"100-2","Type":"1","BlID":"15634","BusCityName":"평택"},{"BusNo":"9","Type":"1","BlID":"15661","BusCityName":"평택"},{"BusNo":"94-1","Type":"1","BlID":"15663","BusCityName":"평택"}]},{"StopName":"평택역.AKPLAZA","StopID":"197476","Bus": [{"BusNo":"7-6","Type":"1","BlID":"15501","BusCityName":"평택"},{"BusNo":"7-7","Type":"1","BlID":"15505","BusCityName":"평택"},{"BusNo":"7-1","Type":"1","BlID":"15527","BusCityName":"평택"},{"BusNo":"7","Type":"1","BlID":"15550","BusCityName":"평택"},{"BusNo":"8","Type":"1","BlID":"15552","BusCityName":"평택"},{"BusNo":"7-2","Type":"1","BlID":"15576","BusCityName":"평택"},{"BusNo":"7-3","Type":"1","BlID":"15642","BusCityName":"평택"},{"BusNo":"7-4","Type":"1","BlID":"15643","BusCityName":"평택"},{"BusNo":"7-5","Type":"1","BlID":"15649","BusCityName":"평택"},{"BusNo":"8-2","Type":"1","BlID":"15650","BusCityName":"평택"}]},{"StopName":"평택터미널","StopID":"207103","Bus": [{"BusNo":"110","Type":"1","BlID":"15651","BusCityName":"평택"}]},{"StopName":"버스터미널앞","StopID":"207104","Bus": [{"BusNo":"110","Type":"1","BlID":"15651","BusCityName":"평택"}]},{"StopName":"버스터미널","StopID":"350010","Bus": [{"BusNo":"130(남서울대학교행)","Type":"1","BlID":"1400023","BusCityName":"천안"},{"BusNo":"131(남서울대행)","Type":"1","BlID":"1400032","BusCityName":"천안"}]},{"StopName":"평택역","StopID":"350026","Bus": [{"BusNo":"130(평택버스터미널행)","Type":"1","BlID":"1400019","BusCityName":"천안"}]},{"StopName":"평택역","StopID":"351831","Bus": [{"BusNo":"500","Type":"2","BlID":"1390048","BusCityName":"아산"},{"BusNo":"501","Type":"2","BlID":"1390049","BusCityName":"아산"},{"BusNo":"510","Type":"2","BlID":"1390051","BusCityName":"아산"},{"BusNo":"512","Type":"2","BlID":"1390053","BusCityName":"아산"}]}]},{"GateNo":"2","GateLink": ["원평동","군문주공 APT","삼성아파트","원평동주민센터"],"BUSSTOP": [{"StopName":"평택역서부역","StopID":"85209","Bus": [{"BusNo":"100-2","Type":"1","BlID":"15634","BusCityName":"평택"}]},{"StopName":"유일약국","StopID":"156958","Bus": [{"BusNo":"100","Type":"1","BlID":"15553","BusCityName":"평택"},{"BusNo":"100-1","Type":"1","BlID":"15554","BusCityName":"평택"},{"BusNo":"100-2","Type":"1","BlID":"15634","BusCityName":"평택"}]},{"StopName":"유일약국","StopID":"156959","Bus": [{"BusNo":"100","Type":"1","BlID":"15553","BusCityName":"평택"},{"BusNo":"100-1","Type":"1","BlID":"15554","BusCityName":"평택"},{"BusNo":"100-2","Type":"1","BlID":"15634","BusCityName":"평택"}]},{"StopName":"평택역서부역","StopID":"194781","Bus": [{"BusNo":"100-2","Type":"1","BlID":"15634","BusCityName":"평택"}]}]}]}}}