{"result": {"stationName":"성환","stationID":1405,"type":1,"laneName":"수도권 1호선","laneCity":"수도권","x":127.1270079,"y":36.9157903,"prevOBJ": {"station": [{"stationName":"평택","stationID":1404,"type":1,"laneName":"수도권 1호선","laneCity":"수도권","x":127.0852501,"y":36.990839}]},"nextOBJ": {"station": [{"stationName":"직산","stationID":1406,"type":1,"laneName":"수도권 1호선","laneCity":"수도권","x":127.1437814,"y":36.8709266}]},"defaultInfo": {"address":"충청남도 천안시 서북구 성환읍 성환리 449-128","new_address":"충청남도 천안시 서북구 성환읍 성환1로 237-5","tel":"1544-7788"},"useInfo": {"platform":2,"meetingPlace":0,"restroom":1,"offDoor":0,"crossOver":2,"publicPlace":0,"handicapCount":1,"parkingCount":1,"bicycleCount":1,"civilCount":0},"exitInfo": {"gate": [{"GateNo":"1","GateLink": ["성환파출소","성환우체국","성환버스터미널","성환읍사무소","성환소방파출소","성신초등학교","성환초등학교","성환중학교","천안시성환도서관","한국전력공사(성환지점)","한국통신","남서울대학교"],"BUSSTOP": [{"StopName":"성환역","StopID":"352016","Bus": [{"BusNo":"200","Type":"1","BlID":"1390020","BusCityName":"아산"},{"BusNo":"201","Type":"1","BlID":"1390021","BusCityName":"아산"},{"BusNo":"220","Type":"1","BlID":"1390023","BusCityName":"아산"},{"BusNo":"230","Type":"1","BlID":"1390025","BusCityName":"아산"},{"BusNo":"240","Type":"1","BlID":"1390027","BusCityName":"아산"},{"BusNo":"100(남서울대학교행)","Type":"1","BlID":"1400001","BusCityName":"천안"},{"BusNo":"110(남서울대학교행)","Type":"1","BlID":"1400005","BusCityName":"천안"},{"BusNo":"114(석곡리(돌실)행)","Type":"1","BlID":"1400008","BusCityName":"천안"},{"BusNo":"115(두진아파트행)","Type":"1","BlID":"1400009","BusCityName":"천안"},{"BusNo":"160","Type":"1","BlID":"1400026","BusCityName":"천안"},{"BusNo":"162","Type":"1","BlID":"1400033","BusCityName":"천안"},{"BusNo":"164","Type":"1","BlID":"1400042","BusCityName":"천안"},{"BusNo":"116(성환터미널행)","Type":"1","BlID":"1400135","BusCityName":"천안"},{"BusNo":"117(성환터미널행)","Type":"1","BlID":"1400136","BusCityName":"천안"},{"BusNo":"118(성환터미널행)","Type":"1","BlID":"1400138","BusCityName":"천안"},{"BusNo":"119(성환터미널행)","Type":"1","BlID":"1400143","BusCityName":"천안"}]},{"StopName":"성신초등학교","StopID":"367664","Bus": [{"BusNo":"200","Type":"1","BlID":"1390020","BusCityName":"아산"},{"BusNo":"201","Type":"1","BlID":"1390021","BusCityName":"아산"},{"BusNo":"220","Type":"1","BlID":"1390023","BusCityName":"아산"},{"BusNo":"230","Type":"1","BlID":"1390025","BusCityName":"아산"},{"BusNo":"240","Type":"1","BlID":"1390027","BusCityName":"아산"},{"BusNo":"100(남서울대학교행)","Type":"1","BlID":"1400001","BusCityName":"천안"},{"BusNo":"110(남서울대학교행)","Type":"1","BlID":"1400005","BusCityName":"천안"},{"BusNo":"114(석곡리(돌실)행)","Type":"1","BlID":"1400008","BusCityName":"천안"},{"BusNo":"115(두진아파트행)","Type":"1","BlID":"1400009","BusCityName":"천안"},{"BusNo":"160","Type":"1","BlID":"1400026","BusCityName":"천안"},{"BusNo":"162","Type":"1","BlID":"1400033","BusCityName":"천안"},{"BusNo":"164","Type":"1","BlID":"1400042","BusCityName":"천안"},{"BusNo":"116(성환터미널행)","Type":"1","BlID":"1400135","BusCityName":"천안"},{"BusNo":"117(성환터미널행)","Type":"1","BlID":"1400136","BusCityName":"천안"},{"BusNo":"118(성환터미널행)","Type":"1","BlID":"1400138","BusCityName":"천안"},{"BusNo":"119(성환터미널행)","Type":"1","BlID":"1400143","BusCityName":"천안"}]},{"StopName":"천안배원예농협","StopID":"367665","Bus": [{"BusNo":"101(성환리(성환터미널)행)","Type":"1","BlID":"1400002","BusCityName":"천안"},{"BusNo":"116(왕림리행)","Type":"1","BlID":"1400010","BusCityName":"천안"},{"BusNo":"117(신방리(종점)행)","Type":"1","BlID":"1400011","BusCityName":"천안"},{"BusNo":"118(와룡종점행)","Type":"1","BlID":"1400012","BusCityName":"천안"},{"BusNo":"119(추팔리행)","Type":"1","BlID":"1400013","BusCityName":"천안"},{"BusNo":"161","Type":"1","BlID":"1400031","BusCityName":"천안"},{"BusNo":"163","Type":"1","BlID":"1400040","BusCityName":"천안"},{"BusNo":"165","Type":"1","BlID":"1400048","BusCityName":"천안"},{"BusNo":"166","Type":"1","BlID":"1400051","BusCityName":"천안"},{"BusNo":"100(천안역행)","Type":"1","BlID":"1400102","BusCityName":"천안"},{"BusNo":"110(천안역행)","Type":"1","BlID":"1400127","BusCityName":"천안"},{"BusNo":"114(성환터미널행)","Type":"1","BlID":"1400131","BusCityName":"천안"},{"BusNo":"115(성환터미널행)","Type":"1","BlID":"1400133","BusCityName":"천안"},{"BusNo":"96","Type":"1","BlID":"1400256","BusCityName":"천안"},{"BusNo":"103(성환리(성환터미널)행)","Type":"1","BlID":"1400289","BusCityName":"천안"}]},{"StopName":"성환역","StopID":"369177","Bus": [{"BusNo":"200","Type":"1","BlID":"1390020","BusCityName":"아산"},{"BusNo":"201","Type":"1","BlID":"1390021","BusCityName":"아산"},{"BusNo":"220","Type":"1","BlID":"1390023","BusCityName":"아산"},{"BusNo":"230","Type":"1","BlID":"1390025","BusCityName":"아산"},{"BusNo":"240","Type":"1","BlID":"1390027","BusCityName":"아산"},{"BusNo":"101(성환리(성환터미널)행)","Type":"1","BlID":"1400002","BusCityName":"천안"},{"BusNo":"116(왕림리행)","Type":"1","BlID":"1400010","BusCityName":"천안"},{"BusNo":"117(신방리(종점)행)","Type":"1","BlID":"1400011","BusCityName":"천안"},{"BusNo":"118(와룡종점행)","Type":"1","BlID":"1400012","BusCityName":"천안"},{"BusNo":"119(추팔리행)","Type":"1","BlID":"1400013","BusCityName":"천안"},{"BusNo":"161","Type":"1","BlID":"1400031","BusCityName":"천안"},{"BusNo":"163","Type":"1","BlID":"1400040","BusCityName":"천안"},{"BusNo":"165","Type":"1","BlID":"1400048","BusCityName":"천안"},{"BusNo":"166","Type":"1","BlID":"1400051","BusCityName":"천안"},{"BusNo":"100(천안역행)","Type":"1","BlID":"1400102","BusCityName":"천안"},{"BusNo":"110(천안역행)","Type":"1","BlID":"1400127","BusCityName":"천안"},{"BusNo":"114(성환터미널행)","Type":"1","BlID":"1400131","BusCityName":"천안"},{"BusNo":"115(성환터미널행)","Type":"1","BlID":"1400133","BusCityName":"천안"},{"BusNo":"96","Type":"1","BlID":"1400256","BusCityName":"천안"},{"BusNo":"103(성환리(성환터미널)행)","Type":"1","BlID":"1400289","BusCityName":"천안"}]},{"StopName":"성신초등학교","StopID":"369219","Bus": [{"BusNo":"200","Type":"1","BlID":"1390020","BusCityName":"아산"},{"BusNo":"201","Type":"1","BlID":"1390021","BusCityName":"아산"},{"BusNo":"220","Type":"1","BlID":"1390023","BusCityName":"아산"},{"BusNo":"230","Type":"1","BlID":"1390025","BusCityName":"아산"},{"BusNo":"240","Type":"1","BlID":"1390027","BusCityName":"아산"}]}]},{"GateNo":"2","GateLink": ["송덕리","우신리"]}]}}}