{"result": {"stationName":"직산","stationID":1406,"type":1,"laneName":"수도권 1호선","laneCity":"수도권","x":127.1437814,"y":36.8709266,"prevOBJ": {"station": [{"stationName":"성환","stationID":1405,"type":1,"laneName":"수도권 1호선","laneCity":"수도권","x":127.1270079,"y":36.9157903}]},"nextOBJ": {"station": [{"stationName":"두정","stationID":1407,"type":1,"laneName":"수도권 1호선","laneCity":"수도권","x":127.1489144,"y":36.8337995}]},"defaultInfo": {"address":"충청남도 천안시 서북구 직산읍 모시리 58-11","new_address":"충청남도 천안시 서북구 직산읍 천안대로 1471-33","tel":"1544-7788"},"useInfo": {"platform":2,"meetingPlace":0,"restroom":1,"offDoor":1,"crossOver":2,"publicPlace":0,"handicapCount":1,"parkingCount":0,"bicycleCount":1,"civilCount":0},"exitInfo": {"gate": [{"GateNo":"1","GateLink": ["직산읍사무소","충남테크노파크","삼은초등학교","서북구청"],"BUSSTOP": [{"StopName":"직산역입구","StopID":"368086","Bus": [{"BusNo":"100(남서울대학교행)","Type":"1","BlID":"1400001","BusCityName":"천안"},{"BusNo":"101(성환리(성환터미널)행)","Type":"1","BlID":"1400002","BusCityName":"천안"},{"BusNo":"102","Type":"1","BlID":"1400003","BusCityName":"천안"},{"BusNo":"110(남서울대학교행)","Type":"1","BlID":"1400005","BusCityName":"천안"},{"BusNo":"112(군동2리행)","Type":"1","BlID":"1400006","BusCityName":"천안"},{"BusNo":"113(소우리행)","Type":"1","BlID":"1400007","BusCityName":"천안"},{"BusNo":"120","Type":"1","BlID":"1400015","BusCityName":"천안"},{"BusNo":"122(삼곡리종점행)","Type":"1","BlID":"1400017","BusCityName":"천안"},{"BusNo":"30(충남예술고등학교행)","Type":"1","BlID":"1400039","BusCityName":"천안"},{"BusNo":"31(천흥리행)","Type":"1","BlID":"1400047","BusCityName":"천안"},{"BusNo":"141","Type":"1","BlID":"1400066","BusCityName":"천안"},{"BusNo":"143","Type":"1","BlID":"1400072","BusCityName":"천안"},{"BusNo":"151","Type":"1","BlID":"1400083","BusCityName":"천안"},{"BusNo":"96","Type":"1","BlID":"1400256","BusCityName":"천안"},{"BusNo":"103(성환리(성환터미널)행)","Type":"1","BlID":"1400289","BusCityName":"천안"},{"BusNo":"145","Type":"1","BlID":"1400293","BusCityName":"천안"}]},{"StopName":"직산역입구","StopID":"368087","Bus": [{"BusNo":"121","Type":"1","BlID":"1400016","BusCityName":"천안"},{"BusNo":"30(방아다리공원행)","Type":"1","BlID":"1400045","BusCityName":"천안"},{"BusNo":"31(방아다리공원행)","Type":"1","BlID":"1400059","BusCityName":"천안"},{"BusNo":"140","Type":"1","BlID":"1400062","BusCityName":"천안"},{"BusNo":"142","Type":"1","BlID":"1400070","BusCityName":"천안"},{"BusNo":"150","Type":"1","BlID":"1400080","BusCityName":"천안"},{"BusNo":"152","Type":"1","BlID":"1400086","BusCityName":"천안"},{"BusNo":"100(천안역행)","Type":"1","BlID":"1400102","BusCityName":"천안"},{"BusNo":"101(천안시청행)","Type":"1","BlID":"1400117","BusCityName":"천안"},{"BusNo":"110(천안역행)","Type":"1","BlID":"1400127","BusCityName":"천안"},{"BusNo":"112(종합터미널행)","Type":"1","BlID":"1400128","BusCityName":"천안"},{"BusNo":"122(법원검찰청행)","Type":"1","BlID":"1400151","BusCityName":"천안"},{"BusNo":"103(천안시청행)","Type":"1","BlID":"1400290","BusCityName":"천안"},{"BusNo":"104","Type":"1","BlID":"1400291","BusCityName":"천안"},{"BusNo":"144","Type":"1","BlID":"1400292","BusCityName":"천안"}]}]},{"GateNo":"2","GateLink": ["모시리"]}]}}}