{"result": {"stationName":"두정","stationID":1407,"type":1,"laneName":"수도권 1호선","laneCity":"수도권","x":127.1489144,"y":36.8337995,"prevOBJ": {"station": [{"stationName":"직산","stationID":1406,"type":1,"laneName":"수도권 1호선","laneCity":"수도권","x":127.1437814,"y":36.8709266}]},"nextOBJ": {"station": [{"stationName":"천안","stationID":1408,"type":1,"laneName":"수도권 1호선","laneCity":"수도권","x":127.1464178,"y":36.8102432}]},"defaultInfo": {"address":"충청남도 천안시 서북구 두정동 84-1","new_address":"충청남도 천안시 서북구 두정로 289","tel":"1544-7788"},"useInfo": {"platform":2,"meetingPlace":0,"restroom":2,"offDoor":2,"crossOver":2,"publicPlace":0,"handicapCount":1,"parkingCount":0,"bicycleCount":1,"civilCount":0},"exitInfo": {"gate": [{"GateNo":"1","GateLink": ["공주대학교천안캠퍼스","버스터미널","단국대(병원)","호서대","상명대","백석대","경륜.경정 천안지점","종합운동장","여성회관","고용노동부","한기대","서북경찰서"],"BUSSTOP": [{"StopName":"두정역입구","StopID":"368516","Bus": [{"BusNo":"100(남서울대학교행)","Type":"1","BlID":"1400001","BusCityName":"천안"},{"BusNo":"102","Type":"1","BlID":"1400003","BusCityName":"천안"},{"BusNo":"110(남서울대학교행)","Type":"1","BlID":"1400005","BusCityName":"천안"},{"BusNo":"112(군동2리행)","Type":"1","BlID":"1400006","BusCityName":"천안"},{"BusNo":"113(소우리행)","Type":"1","BlID":"1400007","BusCityName":"천안"},{"BusNo":"120","Type":"1","BlID":"1400015","BusCityName":"천안"},{"BusNo":"122(삼곡리종점행)","Type":"1","BlID":"1400017","BusCityName":"천안"},{"BusNo":"140","Type":"1","BlID":"1400062","BusCityName":"천안"},{"BusNo":"141","Type":"1","BlID":"1400066","BusCityName":"천안"},{"BusNo":"142","Type":"1","BlID":"1400070","BusCityName":"천안"},{"BusNo":"143","Type":"1","BlID":"1400072","BusCityName":"천안"},{"BusNo":"150","Type":"1","BlID":"1400080","BusCityName":"천안"},{"BusNo":"151","Type":"1","BlID":"1400083","BusCityName":"천안"},{"BusNo":"152","Type":"1","BlID":"1400086","BusCityName":"천안"},{"BusNo":"82(마정교회행)","Type":"1","BlID":"1400144","BusCityName":"천안"},{"BusNo":"94","Type":"1","BlID":"1400230","BusCityName":"천안"},{"BusNo":"144","Type":"1","BlID":"1400292","BusCityName":"천안"},{"BusNo":"145","Type":"1","BlID":"1400293","BusCityName":"천안"}]},{"StopName":"두정역입구","StopID":"368517","Bus": [{"BusNo":"121","Type":"1","BlID":"1400016","BusCityName":"천안"},{"BusNo":"14(백석대학교(운동장)행)","Type":"1","BlID":"1400052","BusCityName":"천안"},{"BusNo":"140","Type":"1","BlID":"1400062","BusCityName":"천안"},{"BusNo":"141","Type":"1","BlID":"1400066","BusCityName":"천안"},{"BusNo":"142","Type":"1","BlID":"1400070","BusCityName":"천안"},{"BusNo":"143","Type":"1","BlID":"1400072","BusCityName":"천안"},{"BusNo":"2","Type":"1","BlID":"1400078","BusCityName":"천안"},{"BusNo":"150","Type":"1","BlID":"1400080","BusCityName":"천안"},{"BusNo":"151","Type":"1","BlID":"1400083","BusCityName":"천안"},{"BusNo":"152","Type":"1","BlID":"1400086","BusCityName":"천안"},{"BusNo":"100(천안역행)","Type":"1","BlID":"1400102","BusCityName":"천안"},{"BusNo":"20(단대병원행)","Type":"1","BlID":"1400110","BusCityName":"천안"},{"BusNo":"11(두정한성A행)","Type":"1","BlID":"1400122","BusCityName":"천안"},{"BusNo":"110(천안역행)","Type":"1","BlID":"1400127","BusCityName":"천안"},{"BusNo":"112(종합터미널행)","Type":"1","BlID":"1400128","BusCityName":"천안"},{"BusNo":"113(법원검찰청행)","Type":"1","BlID":"1400130","BusCityName":"천안"},{"BusNo":"82(법원행)","Type":"1","BlID":"1400147","BusCityName":"천안"},{"BusNo":"122(법원검찰청행)","Type":"1","BlID":"1400151","BusCityName":"천안"},{"BusNo":"144","Type":"1","BlID":"1400292","BusCityName":"천안"},{"BusNo":"145","Type":"1","BlID":"1400293","BusCityName":"천안"},{"BusNo":"81(각원사행)","Type":"1","BlID":"1400294","BusCityName":"천안"}]},{"StopName":"한성3차A","StopID":"368567","Bus": [{"BusNo":"11(두정우남A행)","Type":"1","BlID":"1400004","BusCityName":"천안"},{"BusNo":"30(충남예술고등학교행)","Type":"1","BlID":"1400039","BusCityName":"천안"},{"BusNo":"31(천흥리행)","Type":"1","BlID":"1400047","BusCityName":"천안"},{"BusNo":"14(방아다리공원행)","Type":"1","BlID":"1400057","BusCityName":"천안"}]},{"StopName":"주공8단지A","StopID":"368568","Bus": [{"BusNo":"30(방아다리공원행)","Type":"1","BlID":"1400045","BusCityName":"천안"},{"BusNo":"14(백석대학교(운동장)행)","Type":"1","BlID":"1400052","BusCityName":"천안"},{"BusNo":"31(방아다리공원행)","Type":"1","BlID":"1400059","BusCityName":"천안"},{"BusNo":"11(두정한성A행)","Type":"1","BlID":"1400122","BusCityName":"천안"}]},{"StopName":"두정역","StopID":"368571","Bus": [{"BusNo":"11(두정우남A행)","Type":"1","BlID":"1400004","BusCityName":"천안"},{"BusNo":"14(방아다리공원행)","Type":"1","BlID":"1400057","BusCityName":"천안"},{"BusNo":"7","Type":"1","BlID":"1400075","BusCityName":"천안"},{"BusNo":"20(천안아산역행)","Type":"1","BlID":"1400107","BusCityName":"천안"},{"BusNo":"81(스마일시티행)","Type":"1","BlID":"1400282","BusCityName":"천안"}]},{"StopName":"두정역","StopID":"368572","Bus": [{"BusNo":"14(백석대학교(운동장)행)","Type":"1","BlID":"1400052","BusCityName":"천안"},{"BusNo":"2","Type":"1","BlID":"1400078","BusCityName":"천안"},{"BusNo":"20(단대병원행)","Type":"1","BlID":"1400110","BusCityName":"천안"},{"BusNo":"11(두정한성A행)","Type":"1","BlID":"1400122","BusCityName":"천안"},{"BusNo":"94","Type":"1","BlID":"1400230","BusCityName":"천안"},{"BusNo":"81(각원사행)","Type":"1","BlID":"1400294","BusCityName":"천안"}]},{"StopName":"두정역푸르지오","StopID":"369049","Bus": [{"BusNo":"11(두정우남A행)","Type":"1","BlID":"1400004","BusCityName":"천안"},{"BusNo":"14(방아다리공원행)","Type":"1","BlID":"1400057","BusCityName":"천안"},{"BusNo":"7","Type":"1","BlID":"1400075","BusCityName":"천안"},{"BusNo":"20(천안아산역행)","Type":"1","BlID":"1400107","BusCityName":"천안"},{"BusNo":"81(스마일시티행)","Type":"1","BlID":"1400282","BusCityName":"천안"}]}]}]}}}