{"result": {"stationName":"천안","stationID":1408,"type":1,"laneName":"수도권 1호선","laneCity":"수도권","x":127.1464178,"y":36.8102432,"prevOBJ": {"station": [{"stationName":"두정","stationID":1407,"type":1,"laneName":"수도권 1호선","laneCity":"수도권","x":127.1489144,"y":36.8337995}]},"nextOBJ": {"station": [{"stationName":"봉명","stationID":1409,"type":1,"laneName":"수도권 1호선","laneCity":"수도권","x":127.1363274,"y":36.8015824}]},"defaultInfo": {"address":"충청남도 천안시 동남구 대흥동 57-1","new_address":"충청남도 천안시 동남구 대흥로 239","tel":"1544-7788"},"useInfo": {"platform":2,"meetingPlace":1,"restroom":1,"offDoor":1,"crossOver":2,"publicPlace":1,"handicapCount":1,"parkingCount":0,"bicycleCount":1,"civilCount":0},"exitInfo": {"gate": [{"GateNo":"1","GateLink": ["동부광장","천안우체국","중앙시장","시내버스 타는 곳"],"BUSSTOP": [{"StopName":"동부천안역","StopID":"368215","Bus": [{"BusNo":"900(현충사행)","Type":"1","BlID":"1390090","BusCityName":"아산"},{"BusNo":"901(온양온천역행)","Type":"1","BlID":"1390091","BusCityName":"아산"},{"BusNo":"910(현충사행)","Type":"1","BlID":"1390092","BusCityName":"아산"},{"BusNo":"911(온양온천역행)","Type":"1","BlID":"1390093","BusCityName":"아산"},{"BusNo":"930","Type":"1","BlID":"1390096","BusCityName":"아산"},{"BusNo":"931(온양온천역행)","Type":"1","BlID":"1390097","BusCityName":"아산"},{"BusNo":"970","Type":"1","BlID":"1390098","BusCityName":"아산"},{"BusNo":"980","Type":"1","BlID":"1390099","BusCityName":"아산"},{"BusNo":"981","Type":"1","BlID":"1390100","BusCityName":"아산"},{"BusNo":"982","Type":"1","BlID":"1390101","BusCityName":"아산"},{"BusNo":"971","Type":"1","BlID":"1390150","BusCityName":"아산"},{"BusNo":"310(한국가스안전교육원행)","Type":"1","BlID":"1400063","BusCityName":"천안"},{"BusNo":"381(곡대행)","Type":"1","BlID":"1400087","BusCityName":"천안"},{"BusNo":"600(광덕사(종점)행)","Type":"1","BlID":"1400088","BusCityName":"천안"},{"BusNo":"382(곡대행)","Type":"1","BlID":"1400090","BusCityName":"천안"},{"BusNo":"383(곡대행)","Type":"1","BlID":"1400093","BusCityName":"천안"},{"BusNo":"601(해수동입구행)","Type":"1","BlID":"1400095","BusCityName":"천안"},{"BusNo":"390(석천리행)","Type":"1","BlID":"1400098","BusCityName":"천안"},{"BusNo":"614(휴대2리행)","Type":"1","BlID":"1400099","BusCityName":"천안"},{"BusNo":"620(가송1리행)","Type":"1","BlID":"1400103","BusCityName":"천안"},{"BusNo":"621(가송1리행)","Type":"1","BlID":"1400105","BusCityName":"천안"},{"BusNo":"640(석지골행)","Type":"1","BlID":"1400108","BusCityName":"천안"},{"BusNo":"391(석천리행)","Type":"1","BlID":"1400111","BusCityName":"천안"},{"BusNo":"650(삼태리(종점)행)","Type":"1","BlID":"1400113","BusCityName":"천안"},{"BusNo":"660(행정리행)","Type":"1","BlID":"1400115","BusCityName":"천안"},{"BusNo":"662(무학리버스종점행)","Type":"1","BlID":"1400118","BusCityName":"천안"},{"BusNo":"730(미죽리행)","Type":"1","BlID":"1400120","BusCityName":"천안"},{"BusNo":"70(구룡동행)","Type":"1","BlID":"1400121","BusCityName":"천안"},{"BusNo":"11(두정한성A행)","Type":"1","BlID":"1400122","BusCityName":"천안"},{"BusNo":"700(전의읍내리행)","Type":"1","BlID":"1400126","BusCityName":"천안"},{"BusNo":"701(전의읍내리행)","Type":"1","BlID":"1400137","BusCityName":"천안"},{"BusNo":"710(광정행)","Type":"1","BlID":"1400145","BusCityName":"천안"},{"BusNo":"711(추모공원행)","Type":"1","BlID":"1400149","BusCityName":"천안"},{"BusNo":"720(도장1리행)","Type":"1","BlID":"1400159","BusCityName":"천안"},{"BusNo":"603(광덕사(종점)행)","Type":"1","BlID":"1400168","BusCityName":"천안"},{"BusNo":"22(백석농공단지행)","Type":"1","BlID":"1400170","BusCityName":"천안"},{"BusNo":"900(현충사(종점)행)","Type":"1","BlID":"1400172","BusCityName":"천안"},{"BusNo":"400(병천행)","Type":"1","BlID":"1400179","BusCityName":"천안"},{"BusNo":"901(온양터미널행)","Type":"1","BlID":"1400183","BusCityName":"천안"},{"BusNo":"401(병천행)","Type":"1","BlID":"1400184","BusCityName":"천안"},{"BusNo":"23(태헌장미아파트행)","Type":"1","BlID":"1400186","BusCityName":"천안"},{"BusNo":"402(황사동행)","Type":"1","BlID":"1400188","BusCityName":"천안"},{"BusNo":"981(포스코아파트행)","Type":"1","BlID":"1400192","BusCityName":"천안"},{"BusNo":"910(현충사(종점)행)","Type":"1","BlID":"1400195","BusCityName":"천안"},{"BusNo":"911(온양터미널행)","Type":"1","BlID":"1400201","BusCityName":"천안"},{"BusNo":"931(온양터미널행)","Type":"1","BlID":"1400228","BusCityName":"천안"},{"BusNo":"62(구룡2통행)","Type":"1","BlID":"1400232","BusCityName":"천안"},{"BusNo":"24(동우아파트행)","Type":"1","BlID":"1400262","BusCityName":"천안"},{"BusNo":"970(온양온천역행)","Type":"1","BlID":"1400268","BusCityName":"천안"},{"BusNo":"670(남관리(농협)행)","Type":"1","BlID":"1400271","BusCityName":"천안"},{"BusNo":"661(행정리행)","Type":"1","BlID":"1400279","BusCityName":"천안"}]},{"StopName":"천안역","StopID":"368237","Bus": [{"BusNo":"900(천안터미널행)","Type":"1","BlID":"1390140","BusCityName":"아산"},{"BusNo":"901(천안터미널행)","Type":"1","BlID":"1390141","BusCityName":"아산"},{"BusNo":"500(병천행)","Type":"1","BlID":"1400030","BusCityName":"천안"},{"BusNo":"530(봉양1리행)","Type":"1","BlID":"1400049","BusCityName":"천안"},{"BusNo":"531(봉양1리행)","Type":"1","BlID":"1400054","BusCityName":"천안"},{"BusNo":"540(병천행)","Type":"1","BlID":"1400067","BusCityName":"천안"},{"BusNo":"52(리각미술관행)","Type":"1","BlID":"1400074","BusCityName":"천안"},{"BusNo":"2","Type":"1","BlID":"1400078","BusCityName":"천안"},{"BusNo":"100(천안역행)","Type":"1","BlID":"1400102","BusCityName":"천안"},{"BusNo":"200(천안역행)","Type":"1","BlID":"1400125","BusCityName":"천안"},{"BusNo":"110(천안역행)","Type":"1","BlID":"1400127","BusCityName":"천안"},{"BusNo":"113(법원검찰청행)","Type":"1","BlID":"1400130","BusCityName":"천안"},{"BusNo":"201(천안역행)","Type":"1","BlID":"1400132","BusCityName":"천안"},{"BusNo":"82(법원행)","Type":"1","BlID":"1400147","BusCityName":"천안"},{"BusNo":"122(법원검찰청행)","Type":"1","BlID":"1400151","BusCityName":"천안"},{"BusNo":"900(고속버스터미널행)","Type":"1","BlID":"1400177","BusCityName":"천안"},{"BusNo":"901(고속버스터미널행)","Type":"1","BlID":"1400187","BusCityName":"천안"},{"BusNo":"51(리각미술관행)","Type":"1","BlID":"1400269","BusCityName":"천안"},{"BusNo":"71(청당벽산행)","Type":"1","BlID":"1400273","BusCityName":"천안"},{"BusNo":"512(백자3리행)","Type":"1","BlID":"1400277","BusCityName":"천안"}]},{"StopName":"천안역","StopID":"368238","Bus": [{"BusNo":"100(남서울대학교행)","Type":"1","BlID":"1400001","BusCityName":"천안"},{"BusNo":"102","Type":"1","BlID":"1400003","BusCityName":"천안"},{"BusNo":"11(두정우남A행)","Type":"1","BlID":"1400004","BusCityName":"천안"},{"BusNo":"110(남서울대학교행)","Type":"1","BlID":"1400005","BusCityName":"천안"},{"BusNo":"113(소우리행)","Type":"1","BlID":"1400007","BusCityName":"천안"},{"BusNo":"122(삼곡리종점행)","Type":"1","BlID":"1400017","BusCityName":"천안"},{"BusNo":"500(종합터미널행)","Type":"1","BlID":"1400034","BusCityName":"천안"},{"BusNo":"530(종합터미널행)","Type":"1","BlID":"1400053","BusCityName":"천안"},{"BusNo":"531(종합터미널행)","Type":"1","BlID":"1400061","BusCityName":"천안"},{"BusNo":"540(종합터미널행)","Type":"1","BlID":"1400069","BusCityName":"천안"},{"BusNo":"7","Type":"1","BlID":"1400075","BusCityName":"천안"},{"BusNo":"52(종합터미널행)","Type":"1","BlID":"1400077","BusCityName":"천안"},{"BusNo":"100(천안역행)","Type":"1","BlID":"1400102","BusCityName":"천안"},{"BusNo":"200(입장회차지행)","Type":"1","BlID":"1400124","BusCityName":"천안"},{"BusNo":"200(천안역행)","Type":"1","BlID":"1400125","BusCityName":"천안"},{"BusNo":"110(천안역행)","Type":"1","BlID":"1400127","BusCityName":"천안"},{"BusNo":"201(한마음세차장행)","Type":"1","BlID":"1400129","BusCityName":"천안"},{"BusNo":"82(마정교회행)","Type":"1","BlID":"1400144","BusCityName":"천안"},{"BusNo":"22(백석농공단지행)","Type":"1","BlID":"1400170","BusCityName":"천안"},{"BusNo":"23(태헌장미아파트행)","Type":"1","BlID":"1400186","BusCityName":"천안"},{"BusNo":"51(종합터미널행)","Type":"1","BlID":"1400270","BusCityName":"천안"},{"BusNo":"71(종합터미널행)","Type":"1","BlID":"1400274","BusCityName":"천안"},{"BusNo":"512(종합터미널행)","Type":"1","BlID":"1400278","BusCityName":"천안"}]}]},{"GateNo":"2","GateLink": ["서부광장","봉명동","천안시청","성정동"],"BUSSTOP": [{"StopName":"서부천안역","StopID":"369085","Bus": [{"BusNo":"11(두정우남A행)","Type":"1","BlID":"1400004","BusCityName":"천안"},{"BusNo":"11(두정한성A행)","Type":"1","BlID":"1400122","BusCityName":"천안"},{"BusNo":"3(백석농공단지.이마트.천안역.시청.백석농공단지)","Type":"1","BlID":"1400281","BusCityName":"천안"}]},{"StopName":"서부천안역","StopID":"369086","Bus": [{"BusNo":"3(백석농공단지.시청.천안역.이마트.백석농공단지)","Type":"1","BlID":"1400027","BusCityName":"천안"}]}]}]}}}