{"result": {"stationName":"봉명","stationID":1409,"type":1,"laneName":"수도권 1호선","laneCity":"수도권","x":127.1363274,"y":36.8015824,"prevOBJ": {"station": [{"stationName":"천안","stationID":1408,"type":1,"laneName":"수도권 1호선","laneCity":"수도권","x":127.1464178,"y":36.8102432}]},"nextOBJ": {"station": [{"stationName":"쌍용(나사렛대)","stationID":1410,"type":1,"laneName":"수도권 1호선","laneCity":"수도권","x":127.1213669,"y":36.79375}]},"defaultInfo": {"address":"충청남도 천안시 동남구 봉명동 20-2","new_address":"충청남도 천안시 동남구 차돌로 51","tel":"1544-7788"},"useInfo": {"platform":2,"meetingPlace":0,"restroom":2,"offDoor":0,"crossOver":2,"publicPlace":0,"handicapCount":0,"parkingCount":0,"bicycleCount":1,"civilCount":0},"exitInfo": {"gate": [{"GateNo":"1","GateLink": ["일봉동주민센터","일봉초등학교","일봉지구대"]},{"GateNo":"2","GateLink": ["순천향대학병원","천안서여자중학교","천안의료원","봉명우체국","쌍용1동주민센터","봉명초등학교","봉명주민센터","천안여자상업고등학교"],"BUSSTOP": [{"StopName":"쌍용패션거리","StopID":"350061","Bus": [{"BusNo":"920(현충사행)","Type":"1","BlID":"1390094","BusCityName":"아산"},{"BusNo":"921(온양온천역행)","Type":"1","BlID":"1390095","BusCityName":"아산"},{"BusNo":"97(신방초원아파트행)","Type":"1","BlID":"1400037","BusCityName":"천안"},{"BusNo":"30(방아다리공원행)","Type":"1","BlID":"1400045","BusCityName":"천안"},{"BusNo":"31(방아다리공원행)","Type":"1","BlID":"1400059","BusCityName":"천안"},{"BusNo":"7","Type":"1","BlID":"1400075","BusCityName":"천안"},{"BusNo":"920(현충사행)","Type":"1","BlID":"1400212","BusCityName":"천안"},{"BusNo":"921(온양터미널행)","Type":"1","BlID":"1400217","BusCityName":"천안"}]},{"StopName":"쌍용패션거리","StopID":"368425","Bus": [{"BusNo":"910(천안터미널행)","Type":"1","BlID":"1390142","BusCityName":"아산"},{"BusNo":"911(천안터미널행)","Type":"1","BlID":"1390143","BusCityName":"아산"},{"BusNo":"30(충남예술고등학교행)","Type":"1","BlID":"1400039","BusCityName":"천안"},{"BusNo":"31(천흥리행)","Type":"1","BlID":"1400047","BusCityName":"천안"},{"BusNo":"2","Type":"1","BlID":"1400078","BusCityName":"천안"},{"BusNo":"12(부영아파트행)","Type":"1","BlID":"1400148","BusCityName":"천안"},{"BusNo":"910(고속버스터미널행)","Type":"1","BlID":"1400199","BusCityName":"천안"},{"BusNo":"911(고속버스터미널행)","Type":"1","BlID":"1400203","BusCityName":"천안"},{"BusNo":"92","Type":"1","BlID":"1400206","BusCityName":"천안"},{"BusNo":"94","Type":"1","BlID":"1400230","BusCityName":"천안"},{"BusNo":"97(업성고교행)","Type":"1","BlID":"1400258","BusCityName":"천안"}]},{"StopName":"순천향병원","StopID":"368436","Bus": [{"BusNo":"970","Type":"1","BlID":"1390098","BusCityName":"아산"},{"BusNo":"980","Type":"1","BlID":"1390099","BusCityName":"아산"},{"BusNo":"981","Type":"1","BlID":"1390100","BusCityName":"아산"},{"BusNo":"982","Type":"1","BlID":"1390101","BusCityName":"아산"},{"BusNo":"971","Type":"1","BlID":"1390150","BusCityName":"아산"},{"BusNo":"26(백석농공단지행)","Type":"1","BlID":"1400050","BusCityName":"천안"},{"BusNo":"11(두정한성A행)","Type":"1","BlID":"1400122","BusCityName":"천안"},{"BusNo":"981(포스코아파트행)","Type":"1","BlID":"1400192","BusCityName":"천안"},{"BusNo":"970(온양온천역행)","Type":"1","BlID":"1400268","BusCityName":"천안"}]},{"StopName":"순천향병원","StopID":"368437","Bus": [{"BusNo":"970","Type":"1","BlID":"1390098","BusCityName":"아산"},{"BusNo":"980","Type":"1","BlID":"1390099","BusCityName":"아산"},{"BusNo":"981","Type":"1","BlID":"1390100","BusCityName":"아산"},{"BusNo":"982","Type":"1","BlID":"1390101","BusCityName":"아산"},{"BusNo":"971","Type":"1","BlID":"1390150","BusCityName":"아산"},{"BusNo":"11(두정우남A행)","Type":"1","BlID":"1400004","BusCityName":"천안"},{"BusNo":"26(신계초등학교행)","Type":"1","BlID":"1400046","BusCityName":"천안"},{"BusNo":"981(종합터미널행)","Type":"1","BlID":"1400189","BusCityName":"천안"},{"BusNo":"970(종합터미널행)","Type":"1","BlID":"1400267","BusCityName":"천안"}]}]}]}}}