{"result": {"stationName":"구로","stationID":141,"type":1,"laneName":"수도권 1호선","laneCity":"수도권","x":126.8822776,"y":37.5029185,"prevOBJ": {"station": [{"stationName":"신도림","stationID":140,"type":1,"laneName":"수도권 1호선","laneCity":"수도권","x":126.8915975,"y":37.5090072}]},"nextOBJ": {"station": [{"stationName":"구일","stationID":142,"type":1,"laneName":"수도권 1호선","laneCity":"수도권","x":126.86962,"y":37.4962837},{"stationName":"가산디지털단지","stationID":172,"type":1,"laneName":"수도권 1호선","laneCity":"수도권","x":126.8826538,"y":37.4814412}]},"defaultInfo": {"address":"서울특별시 구로구 구로동 585-3","new_address":"서울특별시 구로구 구로중앙로 174","tel":"1544-7788"},"useInfo": {"platform":3,"meetingPlace":0,"restroom":1,"offDoor":2,"crossOver":2,"publicPlace":0,"handicapCount":1,"parkingCount":0,"bicycleCount":1,"civilCount":0},"exitInfo": {"gate": [{"GateNo":"1","GateLink": ["구로구청","고려대학교구로병원","AK플라자","구로보건소","신구로초등학교","신구로지구대","구로소방파출소","구로경찰서","구로본동주민센터","구로5동주민센터","(사)대한 산업 안전 협회"],"BUSSTOP": [{"StopName":"쌍용구로정비사업소","StopID":"101844","Bus": [{"BusNo":"503","Type":"11","BlID":"1092","BusCityName":"서울"},{"BusNo":"571","Type":"11","BlID":"1150","BusCityName":"서울"},{"BusNo":"5630","Type":"12","BlID":"1148","BusCityName":"서울"},{"BusNo":"5712","Type":"12","BlID":"1152","BusCityName":"서울"},{"BusNo":"5714","Type":"12","BlID":"1154","BusCityName":"서울"},{"BusNo":"5615","Type":"12","BlID":"1442","BusCityName":"서울"}]},{"StopName":"구로역.AK플라자","StopID":"101856","Bus": [{"BusNo":"503","Type":"11","BlID":"1092","BusCityName":"서울"},{"BusNo":"642","Type":"11","BlID":"1189","BusCityName":"서울"},{"BusNo":"5626","Type":"12","BlID":"1144","BusCityName":"서울"},{"BusNo":"5714","Type":"12","BlID":"1154","BusCityName":"서울"},{"BusNo":"6512","Type":"12","BlID":"1193","BusCityName":"서울"},{"BusNo":"5615","Type":"12","BlID":"1442","BusCityName":"서울"}]},{"StopName":"구로역애경백화점","StopID":"125654","Bus": [{"BusNo":"6003","Type":"5","BlID":"1804","BusCityName":"서울"}]},{"StopName":"구로역애경백화점","StopID":"125655","Bus": [{"BusNo":"6003","Type":"5","BlID":"1804","BusCityName":"서울"}]},{"StopName":"롯데아파트","StopID":"166870","Bus": [{"BusNo":"6611","Type":"12","BlID":"1196","BusCityName":"서울"}]},{"StopName":"롯데아파트","StopID":"166872","Bus": [{"BusNo":"6611","Type":"12","BlID":"1196","BusCityName":"서울"}]},{"StopName":"구로역.AK플라자","StopID":"166993","Bus": [{"BusNo":"642","Type":"11","BlID":"1189","BusCityName":"서울"},{"BusNo":"5626","Type":"12","BlID":"1144","BusCityName":"서울"},{"BusNo":"6512","Type":"12","BlID":"1193","BusCityName":"서울"},{"BusNo":"6613","Type":"12","BlID":"1198","BusCityName":"서울"}]},{"StopName":"AK플라자","StopID":"193920","Bus": [{"BusNo":"6611","Type":"12","BlID":"1196","BusCityName":"서울"}]},{"StopName":"구로역.나인스애비뉴","StopID":"195035","Bus": [{"BusNo":"571","Type":"11","BlID":"1150","BusCityName":"서울"},{"BusNo":"5630","Type":"12","BlID":"1148","BusCityName":"서울"},{"BusNo":"5712","Type":"12","BlID":"1152","BusCityName":"서울"},{"BusNo":"6613","Type":"12","BlID":"1198","BusCityName":"서울"}]},{"StopName":"1호선구로역.AK플라자","StopID":"196195","Bus": [{"BusNo":"구로13","Type":"3","BlID":"1512","BusCityName":"서울"},{"BusNo":"구로09","Type":"3","BlID":"1670","BusCityName":"서울"}]},{"StopName":"1호선구로역.AK플라자","StopID":"196197","Bus": [{"BusNo":"구로13","Type":"3","BlID":"1512","BusCityName":"서울"},{"BusNo":"구로09","Type":"3","BlID":"1670","BusCityName":"서울"}]}]},{"GateNo":"2","GateLink": ["신정동","목동","구로공구상가","신도림치안센터","구로기계공구상가","신도림중학교","신도림동주민센터","대림아파트","동아아파트"],"BUSSTOP": [{"StopName":"구로기계공구상가","StopID":"101761","Bus": [{"BusNo":"571","Type":"11","BlID":"1150","BusCityName":"서울"},{"BusNo":"642","Type":"11","BlID":"1189","BusCityName":"서울"},{"BusNo":"5630","Type":"12","BlID":"1148","BusCityName":"서울"},{"BusNo":"6613","Type":"12","BlID":"1198","BusCityName":"서울"}]},{"StopName":"구로기계공구상가","StopID":"101769","Bus": [{"BusNo":"571","Type":"11","BlID":"1150","BusCityName":"서울"},{"BusNo":"642","Type":"11","BlID":"1189","BusCityName":"서울"},{"BusNo":"6516","Type":"12","BlID":"563","BusCityName":"서울"},{"BusNo":"5630","Type":"12","BlID":"1148","BusCityName":"서울"},{"BusNo":"6613","Type":"12","BlID":"1198","BusCityName":"서울"}]},{"StopName":"구로역","StopID":"101805","Bus": [{"BusNo":"503","Type":"11","BlID":"1092","BusCityName":"서울"},{"BusNo":"5714","Type":"12","BlID":"1154","BusCityName":"서울"},{"BusNo":"6512","Type":"12","BlID":"1193","BusCityName":"서울"},{"BusNo":"5615","Type":"12","BlID":"1442","BusCityName":"서울"}]},{"StopName":"구로역","StopID":"101813","Bus": [{"BusNo":"5714","Type":"12","BlID":"1154","BusCityName":"서울"},{"BusNo":"6512","Type":"12","BlID":"1193","BusCityName":"서울"},{"BusNo":"5615","Type":"12","BlID":"1442","BusCityName":"서울"}]},{"StopName":"구로공구상가","StopID":"166266","Bus": [{"BusNo":"6003","Type":"5","BlID":"1804","BusCityName":"서울"}]},{"StopName":"구로공구상가","StopID":"196194","Bus": [{"BusNo":"양천04","Type":"3","BlID":"1482","BusCityName":"서울"},{"BusNo":"구로09","Type":"3","BlID":"1670","BusCityName":"서울"}]},{"StopName":"구로공구상가","StopID":"196196","Bus": [{"BusNo":"구로09","Type":"3","BlID":"1670","BusCityName":"서울"}]}]}]}}}