{"result": {"stationName":"쌍용(나사렛대)","stationID":1410,"type":1,"laneName":"수도권 1호선","laneCity":"수도권","x":127.1213669,"y":36.79375,"prevOBJ": {"station": [{"stationName":"봉명","stationID":1409,"type":1,"laneName":"수도권 1호선","laneCity":"수도권","x":127.1363274,"y":36.8015824}]},"nextOBJ": {"station": [{"stationName":"아산","stationID":1411,"type":1,"laneName":"수도권 1호선","laneCity":"수도권","x":127.1050481,"y":36.7922047}]},"defaultInfo": {"address":"충청남도 천안시 서북구 쌍용동 426-3","new_address":"충청남도 천안시 서북구 쌍용19로 20","tel":"1544-7788"},"useInfo": {"platform":2,"meetingPlace":0,"restroom":2,"offDoor":0,"crossOver":2,"publicPlace":0,"handicapCount":0,"parkingCount":0,"bicycleCount":1,"civilCount":0},"exitInfo": {"gate": [{"GateNo":"1","GateLink": ["신방동","신방중학교","수곡초등학교","남부대로"],"BUSSTOP": [{"StopName":"쌍용역예일병원계룡아파트","StopID":"368364","Bus": [{"BusNo":"900(현충사행)","Type":"1","BlID":"1390090","BusCityName":"아산"},{"BusNo":"901(온양온천역행)","Type":"1","BlID":"1390091","BusCityName":"아산"},{"BusNo":"910(현충사행)","Type":"1","BlID":"1390092","BusCityName":"아산"},{"BusNo":"911(온양온천역행)","Type":"1","BlID":"1390093","BusCityName":"아산"},{"BusNo":"920(현충사행)","Type":"1","BlID":"1390094","BusCityName":"아산"},{"BusNo":"921(온양온천역행)","Type":"1","BlID":"1390095","BusCityName":"아산"},{"BusNo":"930","Type":"1","BlID":"1390096","BusCityName":"아산"},{"BusNo":"931(온양온천역행)","Type":"1","BlID":"1390097","BusCityName":"아산"},{"BusNo":"1(천안시청행)","Type":"1","BlID":"1400000","BusCityName":"천안"},{"BusNo":"614(휴대2리행)","Type":"1","BlID":"1400099","BusCityName":"천안"},{"BusNo":"900(현충사(종점)행)","Type":"1","BlID":"1400172","BusCityName":"천안"},{"BusNo":"901(온양터미널행)","Type":"1","BlID":"1400183","BusCityName":"천안"},{"BusNo":"910(현충사(종점)행)","Type":"1","BlID":"1400195","BusCityName":"천안"},{"BusNo":"911(온양터미널행)","Type":"1","BlID":"1400201","BusCityName":"천안"},{"BusNo":"92","Type":"1","BlID":"1400206","BusCityName":"천안"},{"BusNo":"920(현충사행)","Type":"1","BlID":"1400212","BusCityName":"천안"},{"BusNo":"921(온양터미널행)","Type":"1","BlID":"1400217","BusCityName":"천안"},{"BusNo":"931(온양터미널행)","Type":"1","BlID":"1400228","BusCityName":"천안"},{"BusNo":"94","Type":"1","BlID":"1400230","BusCityName":"천안"},{"BusNo":"97(업성고교행)","Type":"1","BlID":"1400258","BusCityName":"천안"}]},{"StopName":"쌍용역해누리아이파크","StopID":"368365","Bus": [{"BusNo":"900(천안터미널행)","Type":"1","BlID":"1390140","BusCityName":"아산"},{"BusNo":"901(천안터미널행)","Type":"1","BlID":"1390141","BusCityName":"아산"},{"BusNo":"910(천안터미널행)","Type":"1","BlID":"1390142","BusCityName":"아산"},{"BusNo":"911(천안터미널행)","Type":"1","BlID":"1390143","BusCityName":"아산"},{"BusNo":"920(천안종합터미널행)","Type":"1","BlID":"1390144","BusCityName":"아산"},{"BusNo":"921(천안종합터미널행)","Type":"1","BlID":"1390145","BusCityName":"아산"},{"BusNo":"931(천안종합터미널행)","Type":"1","BlID":"1390146","BusCityName":"아산"},{"BusNo":"97(신방초원아파트행)","Type":"1","BlID":"1400037","BusCityName":"천안"},{"BusNo":"614(종합터미널행)","Type":"1","BlID":"1400100","BusCityName":"천안"},{"BusNo":"1(백석농공단지행)","Type":"1","BlID":"1400101","BusCityName":"천안"},{"BusNo":"900(고속버스터미널행)","Type":"1","BlID":"1400177","BusCityName":"천안"},{"BusNo":"901(고속버스터미널행)","Type":"1","BlID":"1400187","BusCityName":"천안"},{"BusNo":"910(고속버스터미널행)","Type":"1","BlID":"1400199","BusCityName":"천안"},{"BusNo":"911(고속버스터미널행)","Type":"1","BlID":"1400203","BusCityName":"천안"},{"BusNo":"920(종합터미널행)","Type":"1","BlID":"1400215","BusCityName":"천안"},{"BusNo":"921(종합터미널행)","Type":"1","BlID":"1400218","BusCityName":"천안"},{"BusNo":"931(종합터미널행)","Type":"1","BlID":"1400229","BusCityName":"천안"}]}]},{"GateNo":"2","GateLink": ["쌍용2동주민센터","나사렛대학교","쌍용2동우체국","쌍용지구대"],"BUSSTOP": [{"StopName":"나사렛대학교","StopID":"368413","Bus": [{"BusNo":"30(충남예술고등학교행)","Type":"1","BlID":"1400039","BusCityName":"천안"},{"BusNo":"31(천흥리행)","Type":"1","BlID":"1400047","BusCityName":"천안"},{"BusNo":"14(백석대학교(운동장)행)","Type":"1","BlID":"1400052","BusCityName":"천안"},{"BusNo":"12(부영아파트행)","Type":"1","BlID":"1400148","BusCityName":"천안"},{"BusNo":"92","Type":"1","BlID":"1400206","BusCityName":"천안"},{"BusNo":"94","Type":"1","BlID":"1400230","BusCityName":"천안"}]},{"StopName":"나사렛대학교","StopID":"368414","Bus": [{"BusNo":"12(방아다리공원행)","Type":"1","BlID":"1400014","BusCityName":"천안"},{"BusNo":"30(방아다리공원행)","Type":"1","BlID":"1400045","BusCityName":"천안"},{"BusNo":"14(방아다리공원행)","Type":"1","BlID":"1400057","BusCityName":"천안"},{"BusNo":"31(방아다리공원행)","Type":"1","BlID":"1400059","BusCityName":"천안"}]}]}]}}}