{"result": {"stationName":"아산","stationID":1411,"type":1,"laneName":"수도권 1호선","laneCity":"수도권","x":127.1050481,"y":36.7922047,"prevOBJ": {"station": [{"stationName":"쌍용(나사렛대)","stationID":1410,"type":1,"laneName":"수도권 1호선","laneCity":"수도권","x":127.1213669,"y":36.79375}]},"nextOBJ": {"station": [{"stationName":"배방","stationID":1413,"type":1,"laneName":"수도권 1호선","laneCity":"수도권","x":127.0527567,"y":36.7775439}]},"defaultInfo": {"address":"충청남도 아산시 배방읍 장재리 268","new_address":"충청남도 아산시 배방읍 희망로 90","tel":"1544-7788"},"useInfo": {"platform":2,"meetingPlace":1,"restroom":2,"offDoor":1,"crossOver":2,"publicPlace":0,"handicapCount":0,"parkingCount":0,"bicycleCount":1,"civilCount":0},"exitInfo": {"gate": [{"GateNo":"1","GateLink": ["아산","천안역","천안시청","천안시외버스터미널"],"BUSSTOP": [{"StopName":"호수공원","StopID":"353388","Bus": [{"BusNo":"990","Type":"1","BlID":"1390102","BusCityName":"아산"},{"BusNo":"991","Type":"1","BlID":"1390103","BusCityName":"아산"},{"BusNo":"19(천안아산역행)","Type":"1","BlID":"1400065","BusCityName":"천안"},{"BusNo":"20(천안아산역행)","Type":"1","BlID":"1400107","BusCityName":"천안"},{"BusNo":"13(단대병원행)","Type":"1","BlID":"1400158","BusCityName":"천안"},{"BusNo":"990(한성필하우스행)","Type":"1","BlID":"1400266","BusCityName":"천안"}]},{"StopName":"천안아산역","StopID":"368976","Bus": [{"BusNo":"990","Type":"1","BlID":"1390102","BusCityName":"아산"},{"BusNo":"991","Type":"1","BlID":"1390103","BusCityName":"아산"},{"BusNo":"13(천안아산역행)","Type":"1","BlID":"1400018","BusCityName":"천안"},{"BusNo":"19(대림아파트행)","Type":"1","BlID":"1400064","BusCityName":"천안"},{"BusNo":"19(천안아산역행)","Type":"1","BlID":"1400065","BusCityName":"천안"},{"BusNo":"20(천안아산역행)","Type":"1","BlID":"1400107","BusCityName":"천안"},{"BusNo":"20(단대병원행)","Type":"1","BlID":"1400110","BusCityName":"천안"},{"BusNo":"13(단대병원행)","Type":"1","BlID":"1400158","BusCityName":"천안"},{"BusNo":"990(종합터미널행)","Type":"1","BlID":"1400251","BusCityName":"천안"},{"BusNo":"990(한성필하우스행)","Type":"1","BlID":"1400266","BusCityName":"천안"}]}]},{"GateNo":"2","GateLink": ["쌍용고등학교"],"BUSSTOP": [{"StopName":"아산역","StopID":"352038","Bus": [{"BusNo":"990","Type":"1","BlID":"1390102","BusCityName":"아산"},{"BusNo":"991","Type":"1","BlID":"1390103","BusCityName":"아산"},{"BusNo":"777","Type":"1","BlID":"1390111","BusCityName":"아산"},{"BusNo":"순환4","Type":"1","BlID":"1390148","BusCityName":"아산"},{"BusNo":"13(천안아산역행)","Type":"1","BlID":"1400018","BusCityName":"천안"},{"BusNo":"990(종합터미널행)","Type":"1","BlID":"1400251","BusCityName":"천안"}]},{"StopName":"아산역","StopID":"353233","Bus": [{"BusNo":"990","Type":"1","BlID":"1390102","BusCityName":"아산"},{"BusNo":"991","Type":"1","BlID":"1390103","BusCityName":"아산"},{"BusNo":"777","Type":"1","BlID":"1390111","BusCityName":"아산"},{"BusNo":"순환3","Type":"1","BlID":"1390147","BusCityName":"아산"},{"BusNo":"순환5","Type":"1","BlID":"1390149","BusCityName":"아산"},{"BusNo":"13(단대병원행)","Type":"1","BlID":"1400158","BusCityName":"천안"},{"BusNo":"990(한성필하우스행)","Type":"1","BlID":"1400266","BusCityName":"천안"}]}]}]}}}