{"result": {"stationName":"배방","stationID":1413,"type":1,"laneName":"수도권 1호선","laneCity":"수도권","x":127.0527567,"y":36.7775439,"prevOBJ": {"station": [{"stationName":"아산","stationID":1411,"type":1,"laneName":"수도권 1호선","laneCity":"수도권","x":127.1050481,"y":36.7922047}]},"nextOBJ": {"station": [{"stationName":"온양온천","stationID":1415,"type":1,"laneName":"수도권 1호선","laneCity":"수도권","x":127.0031018,"y":36.7805542}]},"defaultInfo": {"address":"충청남도 아산시 배방읍 구령리 148-2","new_address":"충청남도 아산시 배방읍 온천대로 1967","tel":"1544-7788"},"useInfo": {"platform":2,"meetingPlace":0,"restroom":2,"offDoor":0,"crossOver":2,"publicPlace":0,"handicapCount":0,"parkingCount":0,"bicycleCount":1,"civilCount":0},"exitInfo": {"gate": [{"GateNo":"1","GateLink": ["호서대학교","배방우체국","배방초등학교","배방읍주민센터","아산배방중학교"],"BUSSTOP": [{"StopName":"배방역","StopID":"352279","Bus": [{"BusNo":"810","Type":"1","BlID":"1390085","BusCityName":"아산"},{"BusNo":"820","Type":"1","BlID":"1390086","BusCityName":"아산"},{"BusNo":"990","Type":"1","BlID":"1390102","BusCityName":"아산"},{"BusNo":"991","Type":"1","BlID":"1390103","BusCityName":"아산"},{"BusNo":"15","Type":"1","BlID":"1390105","BusCityName":"아산"},{"BusNo":"990(한성필하우스행)","Type":"1","BlID":"1400266","BusCityName":"천안"}]},{"StopName":"삼영프라자 공수5리","StopID":"352280","Bus": [{"BusNo":"990","Type":"1","BlID":"1390102","BusCityName":"아산"},{"BusNo":"991","Type":"1","BlID":"1390103","BusCityName":"아산"},{"BusNo":"990(종합터미널행)","Type":"1","BlID":"1400251","BusCityName":"천안"}]}]},{"GateNo":"2","GateLink": ["배방","구령리"]}]}}}