{"result": {"stationName":"온양온천","stationID":1415,"type":1,"laneName":"수도권 1호선","laneCity":"수도권","x":127.0031018,"y":36.7805542,"prevOBJ": {"station": [{"stationName":"배방","stationID":1413,"type":1,"laneName":"수도권 1호선","laneCity":"수도권","x":127.0527567,"y":36.7775439}]},"nextOBJ": {"station": [{"stationName":"신창(순천향대)","stationID":1416,"type":1,"laneName":"수도권 1호선","laneCity":"수도권","x":126.9514923,"y":36.7696847}]},"defaultInfo": {"address":"충청남도 아산시 온천동 56-9","new_address":"충청남도 아산시 온천대로 1496","tel":"1544-7788"},"useInfo": {"platform":2,"meetingPlace":1,"restroom":2,"offDoor":0,"crossOver":2,"publicPlace":0,"handicapCount":0,"parkingCount":0,"bicycleCount":1,"civilCount":0},"exitInfo": {"gate": [{"GateNo":"1","GateLink": ["시청방면"],"BUSSTOP": [{"StopName":"온양온천역","StopID":"351348","Bus": [{"BusNo":"100","Type":"1","BlID":"1390000","BusCityName":"아산"},{"BusNo":"101","Type":"1","BlID":"1390001","BusCityName":"아산"},{"BusNo":"170","Type":"1","BlID":"1390013","BusCityName":"아산"},{"BusNo":"171","Type":"1","BlID":"1390014","BusCityName":"아산"},{"BusNo":"172","Type":"1","BlID":"1390015","BusCityName":"아산"},{"BusNo":"240","Type":"1","BlID":"1390027","BusCityName":"아산"},{"BusNo":"300","Type":"1","BlID":"1390028","BusCityName":"아산"},{"BusNo":"301","Type":"1","BlID":"1390029","BusCityName":"아산"},{"BusNo":"302","Type":"1","BlID":"1390030","BusCityName":"아산"},{"BusNo":"303","Type":"1","BlID":"1390031","BusCityName":"아산"},{"BusNo":"310","Type":"1","BlID":"1390032","BusCityName":"아산"},{"BusNo":"311","Type":"1","BlID":"1390033","BusCityName":"아산"},{"BusNo":"320","Type":"1","BlID":"1390034","BusCityName":"아산"},{"BusNo":"321","Type":"1","BlID":"1390035","BusCityName":"아산"},{"BusNo":"340","Type":"1","BlID":"1390036","BusCityName":"아산"},{"BusNo":"350","Type":"1","BlID":"1390037","BusCityName":"아산"},{"BusNo":"351","Type":"1","BlID":"1390038","BusCityName":"아산"},{"BusNo":"400","Type":"1","BlID":"1390039","BusCityName":"아산"},{"BusNo":"401","Type":"1","BlID":"1390040","BusCityName":"아산"},{"BusNo":"402","Type":"1","BlID":"1390041","BusCityName":"아산"},{"BusNo":"410","Type":"1","BlID":"1390042","BusCityName":"아산"},{"BusNo":"420","Type":"1","BlID":"1390043","BusCityName":"아산"},{"BusNo":"430","Type":"1","BlID":"1390044","BusCityName":"아산"},{"BusNo":"441","Type":"1","BlID":"1390045","BusCityName":"아산"},{"BusNo":"450","Type":"1","BlID":"1390046","BusCityName":"아산"},{"BusNo":"451","Type":"1","BlID":"1390047","BusCityName":"아산"},{"BusNo":"600","Type":"1","BlID":"1390059","BusCityName":"아산"},{"BusNo":"601","Type":"1","BlID":"1390060","BusCityName":"아산"},{"BusNo":"610","Type":"1","BlID":"1390061","BusCityName":"아산"},{"BusNo":"611","Type":"1","BlID":"1390062","BusCityName":"아산"},{"BusNo":"614","Type":"1","BlID":"1390063","BusCityName":"아산"},{"BusNo":"612","Type":"1","BlID":"1390064","BusCityName":"아산"},{"BusNo":"613","Type":"1","BlID":"1390065","BusCityName":"아산"},{"BusNo":"620","Type":"1","BlID":"1390066","BusCityName":"아산"},{"BusNo":"621","Type":"1","BlID":"1390067","BusCityName":"아산"},{"BusNo":"622","Type":"1","BlID":"1390068","BusCityName":"아산"},{"BusNo":"650","Type":"1","BlID":"1390069","BusCityName":"아산"},{"BusNo":"700","Type":"1","BlID":"1390073","BusCityName":"아산"},{"BusNo":"701","Type":"1","BlID":"1390074","BusCityName":"아산"},{"BusNo":"710","Type":"1","BlID":"1390075","BusCityName":"아산"},{"BusNo":"730","Type":"1","BlID":"1390078","BusCityName":"아산"},{"BusNo":"850","Type":"1","BlID":"1390089","BusCityName":"아산"},{"BusNo":"970","Type":"1","BlID":"1390098","BusCityName":"아산"},{"BusNo":"980","Type":"1","BlID":"1390099","BusCityName":"아산"},{"BusNo":"352","Type":"1","BlID":"1390104","BusCityName":"아산"},{"BusNo":"403","Type":"1","BlID":"1390112","BusCityName":"아산"},{"BusNo":"151","Type":"1","BlID":"1390116","BusCityName":"아산"},{"BusNo":"304","Type":"1","BlID":"1390126","BusCityName":"아산"},{"BusNo":"731","Type":"1","BlID":"1390137","BusCityName":"아산"},{"BusNo":"971","Type":"1","BlID":"1390150","BusCityName":"아산"},{"BusNo":"410-1(쌍송배기.대술.농은리.갈티.순대)","Type":"20","BlID":"1460294","BusCityName":"예산군"},{"BusNo":"410-1(대술.농은리.갈티.순대)","Type":"20","BlID":"1460299","BusCityName":"예산군"},{"BusNo":"410-2(대술.농은리.신언리.도고온천.순대)","Type":"20","BlID":"1460304","BusCityName":"예산군"},{"BusNo":"410-2(쌍송배기.대술.망실.농은리.금산리.도고온천.순대)","Type":"20","BlID":"1460307","BusCityName":"예산군"},{"BusNo":"430-1(예산종합버스터미널.신례원.신언리.도고온천.순대)","Type":"20","BlID":"1460318","BusCityName":"예산군"},{"BusNo":"430-2(예산종합버스터미널.신례원.갈티.도고온천.순대)","Type":"20","BlID":"1460320","BusCityName":"예산군"},{"BusNo":"430-2(터미널.신례원.갈티.도고온천.금산리.도고중.순대)","Type":"20","BlID":"1460329","BusCityName":"예산군"}]},{"StopName":"온양온천역 신한은행","StopID":"351351","Bus": [{"BusNo":"100","Type":"1","BlID":"1390000","BusCityName":"아산"},{"BusNo":"101","Type":"1","BlID":"1390001","BusCityName":"아산"},{"BusNo":"150","Type":"1","BlID":"1390012","BusCityName":"아산"},{"BusNo":"170","Type":"1","BlID":"1390013","BusCityName":"아산"},{"BusNo":"171","Type":"1","BlID":"1390014","BusCityName":"아산"},{"BusNo":"172","Type":"1","BlID":"1390015","BusCityName":"아산"},{"BusNo":"240","Type":"1","BlID":"1390027","BusCityName":"아산"},{"BusNo":"300","Type":"1","BlID":"1390028","BusCityName":"아산"},{"BusNo":"301","Type":"1","BlID":"1390029","BusCityName":"아산"},{"BusNo":"302","Type":"1","BlID":"1390030","BusCityName":"아산"},{"BusNo":"310","Type":"1","BlID":"1390032","BusCityName":"아산"},{"BusNo":"311","Type":"1","BlID":"1390033","BusCityName":"아산"},{"BusNo":"320","Type":"1","BlID":"1390034","BusCityName":"아산"},{"BusNo":"321","Type":"1","BlID":"1390035","BusCityName":"아산"},{"BusNo":"340","Type":"1","BlID":"1390036","BusCityName":"아산"},{"BusNo":"350","Type":"1","BlID":"1390037","BusCityName":"아산"},{"BusNo":"351","Type":"1","BlID":"1390038","BusCityName":"아산"},{"BusNo":"400","Type":"1","BlID":"1390039","BusCityName":"아산"},{"BusNo":"401","Type":"1","BlID":"1390040","BusCityName":"아산"},{"BusNo":"402","Type":"1","BlID":"1390041","BusCityName":"아산"},{"BusNo":"410","Type":"1","BlID":"1390042","BusCityName":"아산"},{"BusNo":"420","Type":"1","BlID":"1390043","BusCityName":"아산"},{"BusNo":"430","Type":"1","BlID":"1390044","BusCityName":"아산"},{"BusNo":"441","Type":"1","BlID":"1390045","BusCityName":"아산"},{"BusNo":"450","Type":"1","BlID":"1390046","BusCityName":"아산"},{"BusNo":"451","Type":"1","BlID":"1390047","BusCityName":"아산"},{"BusNo":"600","Type":"1","BlID":"1390059","BusCityName":"아산"},{"BusNo":"601","Type":"1","BlID":"1390060","BusCityName":"아산"},{"BusNo":"610","Type":"1","BlID":"1390061","BusCityName":"아산"},{"BusNo":"611","Type":"1","BlID":"1390062","BusCityName":"아산"},{"BusNo":"614","Type":"1","BlID":"1390063","BusCityName":"아산"},{"BusNo":"612","Type":"1","BlID":"1390064","BusCityName":"아산"},{"BusNo":"613","Type":"1","BlID":"1390065","BusCityName":"아산"},{"BusNo":"620","Type":"1","BlID":"1390066","BusCityName":"아산"},{"BusNo":"621","Type":"1","BlID":"1390067","BusCityName":"아산"},{"BusNo":"622","Type":"1","BlID":"1390068","BusCityName":"아산"},{"BusNo":"650","Type":"1","BlID":"1390069","BusCityName":"아산"},{"BusNo":"700","Type":"1","BlID":"1390073","BusCityName":"아산"},{"BusNo":"701","Type":"1","BlID":"1390074","BusCityName":"아산"},{"BusNo":"710","Type":"1","BlID":"1390075","BusCityName":"아산"},{"BusNo":"730","Type":"1","BlID":"1390078","BusCityName":"아산"},{"BusNo":"740","Type":"1","BlID":"1390079","BusCityName":"아산"},{"BusNo":"850","Type":"1","BlID":"1390089","BusCityName":"아산"},{"BusNo":"970","Type":"1","BlID":"1390098","BusCityName":"아산"},{"BusNo":"980","Type":"1","BlID":"1390099","BusCityName":"아산"},{"BusNo":"352","Type":"1","BlID":"1390104","BusCityName":"아산"},{"BusNo":"403","Type":"1","BlID":"1390112","BusCityName":"아산"},{"BusNo":"615","Type":"1","BlID":"1390135","BusCityName":"아산"},{"BusNo":"731","Type":"1","BlID":"1390137","BusCityName":"아산"},{"BusNo":"971","Type":"1","BlID":"1390150","BusCityName":"아산"},{"BusNo":"410-1(갈티)","Type":"20","BlID":"1460290","BusCityName":"예산군"},{"BusNo":"410-2(도고온천.신언리)","Type":"20","BlID":"1460309","BusCityName":"예산군"},{"BusNo":"430-1(도고온천)","Type":"20","BlID":"1460319","BusCityName":"예산군"},{"BusNo":"430-2(도고온천)","Type":"20","BlID":"1460330","BusCityName":"예산군"}]},{"StopName":"온양온천역","StopID":"351362","Bus": [{"BusNo":"611","Type":"1","BlID":"1390062","BusCityName":"아산"},{"BusNo":"612","Type":"1","BlID":"1390064","BusCityName":"아산"},{"BusNo":"810","Type":"1","BlID":"1390085","BusCityName":"아산"},{"BusNo":"820","Type":"1","BlID":"1390086","BusCityName":"아산"},{"BusNo":"850","Type":"1","BlID":"1390089","BusCityName":"아산"},{"BusNo":"980","Type":"1","BlID":"1390099","BusCityName":"아산"},{"BusNo":"990","Type":"1","BlID":"1390102","BusCityName":"아산"},{"BusNo":"991","Type":"1","BlID":"1390103","BusCityName":"아산"},{"BusNo":"900(천안터미널행)","Type":"1","BlID":"1390140","BusCityName":"아산"},{"BusNo":"901(천안터미널행)","Type":"1","BlID":"1390141","BusCityName":"아산"},{"BusNo":"910(천안터미널행)","Type":"1","BlID":"1390142","BusCityName":"아산"},{"BusNo":"911(천안터미널행)","Type":"1","BlID":"1390143","BusCityName":"아산"},{"BusNo":"920(천안종합터미널행)","Type":"1","BlID":"1390144","BusCityName":"아산"},{"BusNo":"921(천안종합터미널행)","Type":"1","BlID":"1390145","BusCityName":"아산"},{"BusNo":"931(천안종합터미널행)","Type":"1","BlID":"1390146","BusCityName":"아산"},{"BusNo":"900(고속버스터미널행)","Type":"1","BlID":"1400177","BusCityName":"천안"},{"BusNo":"901(고속버스터미널행)","Type":"1","BlID":"1400187","BusCityName":"천안"},{"BusNo":"910(고속버스터미널행)","Type":"1","BlID":"1400199","BusCityName":"천안"},{"BusNo":"911(고속버스터미널행)","Type":"1","BlID":"1400203","BusCityName":"천안"},{"BusNo":"920(종합터미널행)","Type":"1","BlID":"1400215","BusCityName":"천안"},{"BusNo":"921(종합터미널행)","Type":"1","BlID":"1400218","BusCityName":"천안"},{"BusNo":"931(종합터미널행)","Type":"1","BlID":"1400229","BusCityName":"천안"},{"BusNo":"990(종합터미널행)","Type":"1","BlID":"1400251","BusCityName":"천안"},{"BusNo":"970(온양온천역행)","Type":"1","BlID":"1400268","BusCityName":"천안"},{"BusNo":"503","Type":"2","BlID":"1390128","BusCityName":"아산"}]},{"StopName":"온양온천역","StopID":"351363","Bus": [{"BusNo":"921(온양터미널행)","Type":"1","BlID":"1400217","BusCityName":"천안"},{"BusNo":"931(온양터미널행)","Type":"1","BlID":"1400228","BusCityName":"천안"},{"BusNo":"990(한성필하우스행)","Type":"1","BlID":"1400266","BusCityName":"천안"},{"BusNo":"970(종합터미널행)","Type":"1","BlID":"1400267","BusCityName":"천안"},{"BusNo":"410-1(쌍송배기.대술.농은리.갈티.순대)","Type":"20","BlID":"1460294","BusCityName":"예산군"},{"BusNo":"410-1(대술.농은리.갈티.순대)","Type":"20","BlID":"1460299","BusCityName":"예산군"},{"BusNo":"410-2(대술.농은리.신언리.도고온천.순대)","Type":"20","BlID":"1460304","BusCityName":"예산군"},{"BusNo":"410-2(쌍송배기.대술.망실.농은리.금산리.도고온천.순대)","Type":"20","BlID":"1460307","BusCityName":"예산군"},{"BusNo":"430-1(예산종합버스터미널.신례원.신언리.도고온천.순대)","Type":"20","BlID":"1460318","BusCityName":"예산군"},{"BusNo":"430-2(예산종합버스터미널.신례원.갈티.도고온천.순대)","Type":"20","BlID":"1460320","BusCityName":"예산군"},{"BusNo":"430-2(터미널.신례원.갈티.도고온천.금산리.도고중.순대)","Type":"20","BlID":"1460329","BusCityName":"예산군"}]},{"StopName":"아산축협온천지점","StopID":"352251","Bus": [{"BusNo":"100","Type":"1","BlID":"1390000","BusCityName":"아산"},{"BusNo":"101","Type":"1","BlID":"1390001","BusCityName":"아산"},{"BusNo":"150","Type":"1","BlID":"1390012","BusCityName":"아산"},{"BusNo":"170","Type":"1","BlID":"1390013","BusCityName":"아산"},{"BusNo":"171","Type":"1","BlID":"1390014","BusCityName":"아산"},{"BusNo":"172","Type":"1","BlID":"1390015","BusCityName":"아산"},{"BusNo":"240","Type":"1","BlID":"1390027","BusCityName":"아산"},{"BusNo":"300","Type":"1","BlID":"1390028","BusCityName":"아산"},{"BusNo":"301","Type":"1","BlID":"1390029","BusCityName":"아산"},{"BusNo":"302","Type":"1","BlID":"1390030","BusCityName":"아산"},{"BusNo":"310","Type":"1","BlID":"1390032","BusCityName":"아산"},{"BusNo":"311","Type":"1","BlID":"1390033","BusCityName":"아산"},{"BusNo":"320","Type":"1","BlID":"1390034","BusCityName":"아산"},{"BusNo":"321","Type":"1","BlID":"1390035","BusCityName":"아산"},{"BusNo":"340","Type":"1","BlID":"1390036","BusCityName":"아산"},{"BusNo":"350","Type":"1","BlID":"1390037","BusCityName":"아산"},{"BusNo":"351","Type":"1","BlID":"1390038","BusCityName":"아산"},{"BusNo":"400","Type":"1","BlID":"1390039","BusCityName":"아산"},{"BusNo":"401","Type":"1","BlID":"1390040","BusCityName":"아산"},{"BusNo":"402","Type":"1","BlID":"1390041","BusCityName":"아산"},{"BusNo":"410","Type":"1","BlID":"1390042","BusCityName":"아산"},{"BusNo":"420","Type":"1","BlID":"1390043","BusCityName":"아산"},{"BusNo":"430","Type":"1","BlID":"1390044","BusCityName":"아산"},{"BusNo":"441","Type":"1","BlID":"1390045","BusCityName":"아산"},{"BusNo":"450","Type":"1","BlID":"1390046","BusCityName":"아산"},{"BusNo":"451","Type":"1","BlID":"1390047","BusCityName":"아산"},{"BusNo":"600","Type":"1","BlID":"1390059","BusCityName":"아산"},{"BusNo":"601","Type":"1","BlID":"1390060","BusCityName":"아산"},{"BusNo":"610","Type":"1","BlID":"1390061","BusCityName":"아산"},{"BusNo":"611","Type":"1","BlID":"1390062","BusCityName":"아산"},{"BusNo":"614","Type":"1","BlID":"1390063","BusCityName":"아산"},{"BusNo":"612","Type":"1","BlID":"1390064","BusCityName":"아산"},{"BusNo":"613","Type":"1","BlID":"1390065","BusCityName":"아산"},{"BusNo":"620","Type":"1","BlID":"1390066","BusCityName":"아산"},{"BusNo":"621","Type":"1","BlID":"1390067","BusCityName":"아산"},{"BusNo":"622","Type":"1","BlID":"1390068","BusCityName":"아산"},{"BusNo":"650","Type":"1","BlID":"1390069","BusCityName":"아산"},{"BusNo":"700","Type":"1","BlID":"1390073","BusCityName":"아산"},{"BusNo":"701","Type":"1","BlID":"1390074","BusCityName":"아산"},{"BusNo":"710","Type":"1","BlID":"1390075","BusCityName":"아산"},{"BusNo":"730","Type":"1","BlID":"1390078","BusCityName":"아산"},{"BusNo":"740","Type":"1","BlID":"1390079","BusCityName":"아산"},{"BusNo":"970","Type":"1","BlID":"1390098","BusCityName":"아산"},{"BusNo":"352","Type":"1","BlID":"1390104","BusCityName":"아산"},{"BusNo":"403","Type":"1","BlID":"1390112","BusCityName":"아산"},{"BusNo":"615","Type":"1","BlID":"1390135","BusCityName":"아산"},{"BusNo":"731","Type":"1","BlID":"1390137","BusCityName":"아산"},{"BusNo":"971","Type":"1","BlID":"1390150","BusCityName":"아산"},{"BusNo":"500","Type":"2","BlID":"1390048","BusCityName":"아산"},{"BusNo":"501","Type":"2","BlID":"1390049","BusCityName":"아산"},{"BusNo":"502","Type":"2","BlID":"1390050","BusCityName":"아산"},{"BusNo":"510","Type":"2","BlID":"1390051","BusCityName":"아산"},{"BusNo":"511","Type":"2","BlID":"1390052","BusCityName":"아산"},{"BusNo":"512","Type":"2","BlID":"1390053","BusCityName":"아산"},{"BusNo":"503","Type":"2","BlID":"1390128","BusCityName":"아산"},{"BusNo":"410-1(갈티)","Type":"20","BlID":"1460290","BusCityName":"예산군"},{"BusNo":"410-2(도고온천.신언리)","Type":"20","BlID":"1460309","BusCityName":"예산군"},{"BusNo":"430-1(도고온천)","Type":"20","BlID":"1460319","BusCityName":"예산군"},{"BusNo":"430-2(도고온천)","Type":"20","BlID":"1460330","BusCityName":"예산군"}]},{"StopName":"유엘시티","StopID":"352324","Bus": [{"BusNo":"100","Type":"1","BlID":"1390000","BusCityName":"아산"},{"BusNo":"101","Type":"1","BlID":"1390001","BusCityName":"아산"},{"BusNo":"170","Type":"1","BlID":"1390013","BusCityName":"아산"},{"BusNo":"171","Type":"1","BlID":"1390014","BusCityName":"아산"},{"BusNo":"172","Type":"1","BlID":"1390015","BusCityName":"아산"},{"BusNo":"240","Type":"1","BlID":"1390027","BusCityName":"아산"},{"BusNo":"300","Type":"1","BlID":"1390028","BusCityName":"아산"},{"BusNo":"301","Type":"1","BlID":"1390029","BusCityName":"아산"},{"BusNo":"302","Type":"1","BlID":"1390030","BusCityName":"아산"},{"BusNo":"303","Type":"1","BlID":"1390031","BusCityName":"아산"},{"BusNo":"310","Type":"1","BlID":"1390032","BusCityName":"아산"},{"BusNo":"311","Type":"1","BlID":"1390033","BusCityName":"아산"},{"BusNo":"320","Type":"1","BlID":"1390034","BusCityName":"아산"},{"BusNo":"321","Type":"1","BlID":"1390035","BusCityName":"아산"},{"BusNo":"340","Type":"1","BlID":"1390036","BusCityName":"아산"},{"BusNo":"350","Type":"1","BlID":"1390037","BusCityName":"아산"},{"BusNo":"351","Type":"1","BlID":"1390038","BusCityName":"아산"},{"BusNo":"400","Type":"1","BlID":"1390039","BusCityName":"아산"},{"BusNo":"401","Type":"1","BlID":"1390040","BusCityName":"아산"},{"BusNo":"402","Type":"1","BlID":"1390041","BusCityName":"아산"},{"BusNo":"410","Type":"1","BlID":"1390042","BusCityName":"아산"},{"BusNo":"420","Type":"1","BlID":"1390043","BusCityName":"아산"},{"BusNo":"430","Type":"1","BlID":"1390044","BusCityName":"아산"},{"BusNo":"441","Type":"1","BlID":"1390045","BusCityName":"아산"},{"BusNo":"450","Type":"1","BlID":"1390046","BusCityName":"아산"},{"BusNo":"451","Type":"1","BlID":"1390047","BusCityName":"아산"},{"BusNo":"600","Type":"1","BlID":"1390059","BusCityName":"아산"},{"BusNo":"601","Type":"1","BlID":"1390060","BusCityName":"아산"},{"BusNo":"610","Type":"1","BlID":"1390061","BusCityName":"아산"},{"BusNo":"611","Type":"1","BlID":"1390062","BusCityName":"아산"},{"BusNo":"614","Type":"1","BlID":"1390063","BusCityName":"아산"},{"BusNo":"612","Type":"1","BlID":"1390064","BusCityName":"아산"},{"BusNo":"613","Type":"1","BlID":"1390065","BusCityName":"아산"},{"BusNo":"620","Type":"1","BlID":"1390066","BusCityName":"아산"},{"BusNo":"621","Type":"1","BlID":"1390067","BusCityName":"아산"},{"BusNo":"622","Type":"1","BlID":"1390068","BusCityName":"아산"},{"BusNo":"650","Type":"1","BlID":"1390069","BusCityName":"아산"},{"BusNo":"700","Type":"1","BlID":"1390073","BusCityName":"아산"},{"BusNo":"701","Type":"1","BlID":"1390074","BusCityName":"아산"},{"BusNo":"710","Type":"1","BlID":"1390075","BusCityName":"아산"},{"BusNo":"730","Type":"1","BlID":"1390078","BusCityName":"아산"},{"BusNo":"810","Type":"1","BlID":"1390085","BusCityName":"아산"},{"BusNo":"820","Type":"1","BlID":"1390086","BusCityName":"아산"},{"BusNo":"850","Type":"1","BlID":"1390089","BusCityName":"아산"},{"BusNo":"900(현충사행)","Type":"1","BlID":"1390090","BusCityName":"아산"},{"BusNo":"901(온양온천역행)","Type":"1","BlID":"1390091","BusCityName":"아산"},{"BusNo":"910(현충사행)","Type":"1","BlID":"1390092","BusCityName":"아산"},{"BusNo":"911(온양온천역행)","Type":"1","BlID":"1390093","BusCityName":"아산"},{"BusNo":"920(현충사행)","Type":"1","BlID":"1390094","BusCityName":"아산"},{"BusNo":"921(온양온천역행)","Type":"1","BlID":"1390095","BusCityName":"아산"},{"BusNo":"930","Type":"1","BlID":"1390096","BusCityName":"아산"},{"BusNo":"931(온양온천역행)","Type":"1","BlID":"1390097","BusCityName":"아산"},{"BusNo":"970","Type":"1","BlID":"1390098","BusCityName":"아산"},{"BusNo":"980","Type":"1","BlID":"1390099","BusCityName":"아산"},{"BusNo":"990","Type":"1","BlID":"1390102","BusCityName":"아산"},{"BusNo":"991","Type":"1","BlID":"1390103","BusCityName":"아산"},{"BusNo":"352","Type":"1","BlID":"1390104","BusCityName":"아산"},{"BusNo":"403","Type":"1","BlID":"1390112","BusCityName":"아산"},{"BusNo":"151","Type":"1","BlID":"1390116","BusCityName":"아산"},{"BusNo":"304","Type":"1","BlID":"1390126","BusCityName":"아산"},{"BusNo":"731","Type":"1","BlID":"1390137","BusCityName":"아산"},{"BusNo":"971","Type":"1","BlID":"1390150","BusCityName":"아산"},{"BusNo":"900(현충사(종점)행)","Type":"1","BlID":"1400172","BusCityName":"천안"},{"BusNo":"901(온양터미널행)","Type":"1","BlID":"1400183","BusCityName":"천안"},{"BusNo":"910(현충사(종점)행)","Type":"1","BlID":"1400195","BusCityName":"천안"},{"BusNo":"911(온양터미널행)","Type":"1","BlID":"1400201","BusCityName":"천안"},{"BusNo":"920(현충사행)","Type":"1","BlID":"1400212","BusCityName":"천안"},{"BusNo":"500","Type":"2","BlID":"1390048","BusCityName":"아산"},{"BusNo":"501","Type":"2","BlID":"1390049","BusCityName":"아산"},{"BusNo":"502","Type":"2","BlID":"1390050","BusCityName":"아산"},{"BusNo":"510","Type":"2","BlID":"1390051","BusCityName":"아산"},{"BusNo":"511","Type":"2","BlID":"1390052","BusCityName":"아산"},{"BusNo":"512","Type":"2","BlID":"1390053","BusCityName":"아산"},{"BusNo":"503","Type":"2","BlID":"1390128","BusCityName":"아산"}]}]},{"GateNo":"2","GateLink": ["용화동방면"]}]}}}