{"result": {"stationName":"신창(순천향대)","stationID":1416,"type":1,"laneName":"수도권 1호선","laneCity":"수도권","x":126.9514923,"y":36.7696847,"prevOBJ": {"station": [{"stationName":"온양온천","stationID":1415,"type":1,"laneName":"수도권 1호선","laneCity":"수도권","x":127.0031018,"y":36.7805542}]},"defaultInfo": {"address":"충청남도 아산시 신창면 행목리 346-49","new_address":"충청남도 아산시 신창면 행목로 50","tel":"1544-7788"},"useInfo": {"platform":2,"meetingPlace":1,"restroom":2,"offDoor":2,"crossOver":2,"publicPlace":0,"handicapCount":0,"parkingCount":0,"bicycleCount":0,"civilCount":0},"exitInfo": {"gate": [{"GateNo":"1","GateLink": ["한국폴리텍 IV 아산대학","순천향대학교"],"BUSSTOP": [{"StopName":"신창역","StopID":"352288","Bus": [{"BusNo":"401","Type":"1","BlID":"1390040","BusCityName":"아산"},{"BusNo":"402","Type":"1","BlID":"1390041","BusCityName":"아산"},{"BusNo":"11","Type":"1","BlID":"1390108","BusCityName":"아산"},{"BusNo":"403","Type":"1","BlID":"1390112","BusCityName":"아산"},{"BusNo":"419","Type":"20","BlID":"1460223","BusCityName":"예산군"},{"BusNo":"420","Type":"20","BlID":"1460225","BusCityName":"예산군"}]}]}]}}}