{"result": {"stationName":"구일","stationID":142,"type":1,"laneName":"수도권 1호선","laneCity":"수도권","x":126.86962,"y":37.4962837,"prevOBJ": {"station": [{"stationName":"구로","stationID":141,"type":1,"laneName":"수도권 1호선","laneCity":"수도권","x":126.8822776,"y":37.5029185}]},"nextOBJ": {"station": [{"stationName":"개봉","stationID":143,"type":1,"laneName":"수도권 1호선","laneCity":"수도권","x":126.858516,"y":37.4947084}]},"defaultInfo": {"address":"서울특별시 구로구 구로동 636-46","new_address":"서울특별시 구로구 구일로 133","tel":"1544-7788"},"useInfo": {"platform":3,"meetingPlace":0,"restroom":1,"offDoor":2,"crossOver":2,"publicPlace":0,"handicapCount":1,"parkingCount":0,"bicycleCount":1,"civilCount":0},"exitInfo": {"gate": [{"GateNo":"1","GateLink": ["구로소방서","우성아파트","고산초등학교","현대아파트","고척1동주민센터","고척중학교","고척지구대","동양미래대학","한신구로아파트","구일중학교","구일초등학교","구로1동주민센터","구로1동우체국","구로1치안센터","철산1동주민센터","현대아파트"],"BUSSTOP": [{"StopName":"1호선구일역","StopID":"81543","Bus": [{"BusNo":"구로13","Type":"3","BlID":"1512","BusCityName":"서울"}]},{"StopName":"구일역.중앙유통상가.롯데마트","StopID":"117248","Bus": [{"BusNo":"88-1","Type":"1","BlID":"7006","BusCityName":"부천"},{"BusNo":"10","Type":"1","BlID":"7040","BusCityName":"부천"},{"BusNo":"88","Type":"1","BlID":"7047","BusCityName":"부천"},{"BusNo":"83","Type":"1","BlID":"7050","BusCityName":"부천"},{"BusNo":"510","Type":"1","BlID":"11505","BusCityName":"시흥"},{"BusNo":"530","Type":"1","BlID":"11515","BusCityName":"시흥"},{"BusNo":"11-1","Type":"1","BlID":"12503","BusCityName":"광명"},{"BusNo":"11-2","Type":"1","BlID":"12504","BusCityName":"광명"},{"BusNo":"320","Type":"2","BlID":"6520","BusCityName":"안산"},{"BusNo":"301","Type":"2","BlID":"6526","BusCityName":"안산"},{"BusNo":"구로13","Type":"3","BlID":"1512","BusCityName":"서울"},{"BusNo":"662","Type":"11","BlID":"549","BusCityName":"서울"},{"BusNo":"N16","Type":"11","BlID":"572","BusCityName":"서울"},{"BusNo":"670","Type":"11","BlID":"1430","BusCityName":"서울"},{"BusNo":"160","Type":"11","BlID":"1449","BusCityName":"서울"},{"BusNo":"600","Type":"11","BlID":"1450","BusCityName":"서울"},{"BusNo":"6515","Type":"12","BlID":"521","BusCityName":"서울"},{"BusNo":"5626","Type":"12","BlID":"1144","BusCityName":"서울"},{"BusNo":"5712","Type":"12","BlID":"1152","BusCityName":"서울"},{"BusNo":"6513","Type":"12","BlID":"1194","BusCityName":"서울"},{"BusNo":"6637","Type":"12","BlID":"1222","BusCityName":"서울"},{"BusNo":"6640A","Type":"12","BlID":"1225","BusCityName":"서울"}]},{"StopName":"구일역.제일제당.롯데마트","StopID":"117249","Bus": [{"BusNo":"88-1","Type":"1","BlID":"7006","BusCityName":"부천"},{"BusNo":"10","Type":"1","BlID":"7040","BusCityName":"부천"},{"BusNo":"88","Type":"1","BlID":"7047","BusCityName":"부천"},{"BusNo":"83","Type":"1","BlID":"7050","BusCityName":"부천"},{"BusNo":"510","Type":"1","BlID":"11505","BusCityName":"시흥"},{"BusNo":"530","Type":"1","BlID":"11515","BusCityName":"시흥"},{"BusNo":"11-1","Type":"1","BlID":"12503","BusCityName":"광명"},{"BusNo":"11-2","Type":"1","BlID":"12504","BusCityName":"광명"},{"BusNo":"320","Type":"2","BlID":"6520","BusCityName":"안산"},{"BusNo":"301","Type":"2","BlID":"6526","BusCityName":"안산"},{"BusNo":"구로13","Type":"3","BlID":"1512","BusCityName":"서울"},{"BusNo":"662","Type":"11","BlID":"549","BusCityName":"서울"},{"BusNo":"N16","Type":"11","BlID":"572","BusCityName":"서울"},{"BusNo":"670","Type":"11","BlID":"1430","BusCityName":"서울"},{"BusNo":"160","Type":"11","BlID":"1449","BusCityName":"서울"},{"BusNo":"600","Type":"11","BlID":"1450","BusCityName":"서울"},{"BusNo":"6515","Type":"12","BlID":"521","BusCityName":"서울"},{"BusNo":"6640B","Type":"12","BlID":"579","BusCityName":"서울"},{"BusNo":"5626","Type":"12","BlID":"1144","BusCityName":"서울"},{"BusNo":"5712","Type":"12","BlID":"1152","BusCityName":"서울"},{"BusNo":"6513","Type":"12","BlID":"1194","BusCityName":"서울"},{"BusNo":"6637","Type":"12","BlID":"1222","BusCityName":"서울"}]},{"StopName":"1호선구일역","StopID":"125702","Bus": [{"BusNo":"구로10","Type":"3","BlID":"1673","BusCityName":"서울"}]}]}]}}}