{"result": {"stationName":"개봉","stationID":143,"type":1,"laneName":"수도권 1호선","laneCity":"수도권","x":126.858516,"y":37.4947084,"prevOBJ": {"station": [{"stationName":"구일","stationID":142,"type":1,"laneName":"수도권 1호선","laneCity":"수도권","x":126.86962,"y":37.4962837}]},"nextOBJ": {"station": [{"stationName":"오류동","stationID":144,"type":1,"laneName":"수도권 1호선","laneCity":"수도권","x":126.8445658,"y":37.4944107}]},"defaultInfo": {"address":"서울특별시 구로구 개봉동 415","new_address":"서울특별시 구로구 경인로 40길 47","tel":"1544-7788"},"useInfo": {"platform":2,"meetingPlace":0,"restroom":2,"offDoor":2,"crossOver":2,"publicPlace":0,"handicapCount":1,"parkingCount":0,"bicycleCount":1,"civilCount":1},"exitInfo": {"gate": [{"GateNo":"1","GateLink": ["광명시방면","개봉2.3동","개봉초등학교","성애병원","남부순환도로","개봉현대아파트","두산아파트","개봉2치안센터","개봉2주민센터","철산1치안센터"],"BUSSTOP": [{"StopName":"개봉역","StopID":"87103","Bus": [{"BusNo":"1","Type":"1","BlID":"12500","BusCityName":"광명"},{"BusNo":"11","Type":"1","BlID":"12502","BusCityName":"광명"},{"BusNo":"17","Type":"1","BlID":"12505","BusCityName":"광명"},{"BusNo":"22","Type":"1","BlID":"12508","BusCityName":"광명"},{"BusNo":"39","Type":"1","BlID":"12510","BusCityName":"광명"},{"BusNo":"100","Type":"1","BlID":"12511","BusCityName":"광명"},{"BusNo":"구로12","Type":"3","BlID":"1509","BusCityName":"서울"},{"BusNo":"구로03","Type":"3","BlID":"1644","BusCityName":"서울"},{"BusNo":"구로11","Type":"3","BlID":"1678","BusCityName":"서울"}]},{"StopName":"개봉역","StopID":"101390","Bus": [{"BusNo":"75","Type":"1","BlID":"7055","BusCityName":"부천"},{"BusNo":"388","Type":"1","BlID":"13117","BusCityName":"김포"},{"BusNo":"653","Type":"11","BlID":"515","BusCityName":"서울"},{"BusNo":"N61","Type":"11","BlID":"575","BusCityName":"서울"},{"BusNo":"651","Type":"11","BlID":"1191","BusCityName":"서울"},{"BusNo":"652","Type":"11","BlID":"1219","BusCityName":"서울"},{"BusNo":"643","Type":"11","BlID":"1729","BusCityName":"서울"},{"BusNo":"5012","Type":"12","BlID":"1452","BusCityName":"서울"}]},{"StopName":"개봉역","StopID":"101392","Bus": [{"BusNo":"75","Type":"1","BlID":"7055","BusCityName":"부천"},{"BusNo":"388","Type":"1","BlID":"13117","BusCityName":"김포"},{"BusNo":"653","Type":"11","BlID":"515","BusCityName":"서울"},{"BusNo":"N61","Type":"11","BlID":"575","BusCityName":"서울"},{"BusNo":"651","Type":"11","BlID":"1191","BusCityName":"서울"},{"BusNo":"652","Type":"11","BlID":"1219","BusCityName":"서울"},{"BusNo":"643","Type":"11","BlID":"1729","BusCityName":"서울"},{"BusNo":"5012","Type":"12","BlID":"1452","BusCityName":"서울"}]}]},{"GateNo":"2","GateLink": ["개봉본동주민센터","구로소방서","영등포교도소","경인중학교","고척초등학교","고척1동주민센터","고척중학교","고척고등학교","개봉한마을아파트","고척동 방면","공구상가","경인고등학교","개봉본동","금옥여고","한마을아파트"],"BUSSTOP": [{"StopName":"개봉역","StopID":"125249","Bus": [{"BusNo":"구로01","Type":"3","BlID":"1638","BusCityName":"서울"}]},{"StopName":"개봉역","StopID":"125394","Bus": [{"BusNo":"구로06","Type":"3","BlID":"1662","BusCityName":"서울"}]},{"StopName":"개봉역","StopID":"152448","Bus": [{"BusNo":"구로02","Type":"3","BlID":"1641","BusCityName":"서울"},{"BusNo":"구로08","Type":"3","BlID":"1669","BusCityName":"서울"}]},{"StopName":"개봉역","StopID":"196181","Bus": [{"BusNo":"구로05","Type":"3","BlID":"1651","BusCityName":"서울"},{"BusNo":"구로06","Type":"3","BlID":"1662","BusCityName":"서울"}]}]}]}}}