{"result": {"stationName":"오류동","stationID":144,"type":1,"laneName":"수도권 1호선","laneCity":"수도권","x":126.8445658,"y":37.4944107,"prevOBJ": {"station": [{"stationName":"개봉","stationID":143,"type":1,"laneName":"수도권 1호선","laneCity":"수도권","x":126.858516,"y":37.4947084}]},"nextOBJ": {"station": [{"stationName":"온수","stationID":145,"type":1,"laneName":"수도권 1호선","laneCity":"수도권","x":126.8234183,"y":37.492274}]},"defaultInfo": {"address":"서울특별시 구로구 오류동 66","new_address":"서울특별시 구로구 경인로 20길 13","tel":"1544-7788"},"useInfo": {"platform":2,"meetingPlace":0,"restroom":2,"offDoor":1,"crossOver":2,"publicPlace":0,"handicapCount":1,"parkingCount":1,"bicycleCount":1,"civilCount":0},"exitInfo": {"gate": [{"GateNo":"1","GateLink": ["금강아파트","우림아파트","우편취급소"]},{"GateNo":"2","GateLink": ["오류2동주민센터","천왕동","오류남초등학교","오남중학교","덕일전자공고","오류애육원","우리은행"],"BUSSTOP": [{"StopName":"우리은행앞","StopID":"101090","Bus": [{"BusNo":"구로15","Type":"3","BlID":"569","BusCityName":"서울"}]},{"StopName":"오류역","StopID":"101099","Bus": [{"BusNo":"구로15","Type":"3","BlID":"569","BusCityName":"서울"},{"BusNo":"구로07","Type":"3","BlID":"1667","BusCityName":"서울"}]}]},{"GateNo":"3","GateLink": ["북광장","오류1동주민센터","유루초등학교","오류시장","KORAIL 새싹어린이집","철도자녀기숙사","오류지구대","철도연구개발센터(시험인증팀)","오류우체국","거성푸르뫼아파트"],"BUSSTOP": [{"StopName":"오류동역","StopID":"101082","Bus": [{"BusNo":"88-1","Type":"1","BlID":"7006","BusCityName":"부천"},{"BusNo":"10","Type":"1","BlID":"7040","BusCityName":"부천"},{"BusNo":"88","Type":"1","BlID":"7047","BusCityName":"부천"},{"BusNo":"83","Type":"1","BlID":"7050","BusCityName":"부천"},{"BusNo":"75","Type":"1","BlID":"7055","BusCityName":"부천"},{"BusNo":"구로08","Type":"3","BlID":"1669","BusCityName":"서울"},{"BusNo":"N16","Type":"11","BlID":"572","BusCityName":"서울"},{"BusNo":"670","Type":"11","BlID":"1430","BusCityName":"서울"},{"BusNo":"160","Type":"11","BlID":"1449","BusCityName":"서울"},{"BusNo":"6640B","Type":"12","BlID":"579","BusCityName":"서울"},{"BusNo":"5626","Type":"12","BlID":"1144","BusCityName":"서울"},{"BusNo":"6613","Type":"12","BlID":"1198","BusCityName":"서울"},{"BusNo":"6614","Type":"12","BlID":"1199","BusCityName":"서울"},{"BusNo":"6616","Type":"12","BlID":"1201","BusCityName":"서울"}]},{"StopName":"오류동역","StopID":"101118","Bus": [{"BusNo":"88-1","Type":"1","BlID":"7006","BusCityName":"부천"},{"BusNo":"10","Type":"1","BlID":"7040","BusCityName":"부천"},{"BusNo":"88","Type":"1","BlID":"7047","BusCityName":"부천"},{"BusNo":"83","Type":"1","BlID":"7050","BusCityName":"부천"},{"BusNo":"75","Type":"1","BlID":"7055","BusCityName":"부천"},{"BusNo":"구로08","Type":"3","BlID":"1669","BusCityName":"서울"},{"BusNo":"N16","Type":"11","BlID":"572","BusCityName":"서울"},{"BusNo":"670","Type":"11","BlID":"1430","BusCityName":"서울"},{"BusNo":"160","Type":"11","BlID":"1449","BusCityName":"서울"},{"BusNo":"5626","Type":"12","BlID":"1144","BusCityName":"서울"},{"BusNo":"6614","Type":"12","BlID":"1199","BusCityName":"서울"},{"BusNo":"6640A","Type":"12","BlID":"1225","BusCityName":"서울"}]}]}]}}}