{"result": {"stationName":"온수","stationID":145,"type":1,"laneName":"수도권 1호선","laneCity":"수도권","x":126.8234183,"y":37.492274,"exOBJ": {"station": [{"stationName":"온수","stationID":750,"type":7,"laneName":"수도권 7호선","laneCity":"수도권"}]},"prevOBJ": {"station": [{"stationName":"오류동","stationID":144,"type":1,"laneName":"수도권 1호선","laneCity":"수도권","x":126.8445658,"y":37.4944107}]},"nextOBJ": {"station": [{"stationName":"역곡","stationID":146,"type":1,"laneName":"수도권 1호선","laneCity":"수도권","x":126.8115446,"y":37.4851362}]},"defaultInfo": {"address":"서울특별시 구로구 온수동 51-7","new_address":"서울특별시 구로구 부일로 872","tel":"1544-7788"},"useInfo": {"platform":2,"meetingPlace":0,"restroom":2,"offDoor":1,"crossOver":2,"publicPlace":0,"handicapCount":1,"parkingCount":0,"bicycleCount":1,"civilCount":0},"exitInfo": {"gate": [{"GateNo":"1","GateLink": ["오정초등학교","서울럭비구장","성공회 대학교"]},{"GateNo":"2","GateLink": ["성공회대학교","오정초등학교","서울럭비구장","유한대학"],"BUSSTOP": [{"StopName":"온수남부역","StopID":"126992","Bus": [{"BusNo":"57-1","Type":"1","BlID":"7020","BusCityName":"부천"},{"BusNo":"57","Type":"1","BlID":"7088","BusCityName":"부천"},{"BusNo":"52","Type":"1","BlID":"7091","BusCityName":"부천"}]},{"StopName":"온수남부","StopID":"127344","Bus": [{"BusNo":"57-1","Type":"1","BlID":"7020","BusCityName":"부천"},{"BusNo":"52","Type":"1","BlID":"7091","BusCityName":"부천"}]}]},{"GateNo":"3","GateLink": ["동신아파트","유한공업고등학교","유한대학"],"BUSSTOP": [{"StopName":"온수역","StopID":"100784","Bus": [{"BusNo":"구로07","Type":"3","BlID":"1667","BusCityName":"서울"}]}]},{"GateNo":"4","GateLink": ["유한대학"]},{"GateNo":"5","GateLink": ["온수공단","동곡초등학교","역곡동"],"BUSSTOP": [{"StopName":"온수동종점","StopID":"151536","Bus": [{"BusNo":"N16","Type":"11","BlID":"572","BusCityName":"서울"},{"BusNo":"670","Type":"11","BlID":"1430","BusCityName":"서울"},{"BusNo":"160","Type":"11","BlID":"1449","BusCityName":"서울"},{"BusNo":"600","Type":"11","BlID":"1450","BusCityName":"서울"},{"BusNo":"6716","Type":"12","BlID":"1197","BusCityName":"서울"},{"BusNo":"6613","Type":"12","BlID":"1198","BusCityName":"서울"},{"BusNo":"6616","Type":"12","BlID":"1201","BusCityName":"서울"}]}]},{"GateNo":"6","GateLink": ["온수초등학교","우신중.고교","수궁동","궁동종합사회복지관 방면","세종과학고등학교","오류고등학교 방면","서서울생활과학고등학교"]},{"GateNo":"7","GateLink": ["수궁치안센터","역곡1동주민센터","동곡초등학교","한국아파트","역곡중학교","역곡시장"],"BUSSTOP": [{"StopName":"온수역","StopID":"100772","Bus": [{"BusNo":"N16","Type":"11","BlID":"572","BusCityName":"서울"},{"BusNo":"670","Type":"11","BlID":"1430","BusCityName":"서울"},{"BusNo":"160","Type":"11","BlID":"1449","BusCityName":"서울"},{"BusNo":"600","Type":"11","BlID":"1450","BusCityName":"서울"},{"BusNo":"5626","Type":"12","BlID":"1144","BusCityName":"서울"},{"BusNo":"6716","Type":"12","BlID":"1197","BusCityName":"서울"},{"BusNo":"6613","Type":"12","BlID":"1198","BusCityName":"서울"},{"BusNo":"6616","Type":"12","BlID":"1201","BusCityName":"서울"}]}]},{"GateNo":"8","GateLink": ["온수초등학교","우신고등학교","우신중학교","서울정진학교","궁동종합사회복지관"],"BUSSTOP": [{"StopName":"온수역","StopID":"100773","Bus": [{"BusNo":"N16","Type":"11","BlID":"572","BusCityName":"서울"},{"BusNo":"670","Type":"11","BlID":"1430","BusCityName":"서울"},{"BusNo":"160","Type":"11","BlID":"1449","BusCityName":"서울"},{"BusNo":"600","Type":"11","BlID":"1450","BusCityName":"서울"},{"BusNo":"5626","Type":"12","BlID":"1144","BusCityName":"서울"},{"BusNo":"6716","Type":"12","BlID":"1197","BusCityName":"서울"},{"BusNo":"6613","Type":"12","BlID":"1198","BusCityName":"서울"},{"BusNo":"6616","Type":"12","BlID":"1201","BusCityName":"서울"}]},{"StopName":"온수역","StopID":"152529","Bus": [{"BusNo":"구로14(통학버스)","Type":"3","BlID":"1763","BusCityName":"서울"}]}]}]}}}