{"result": {"stationName":"역곡","stationID":146,"type":1,"laneName":"수도권 1호선","laneCity":"수도권","x":126.8115446,"y":37.4851362,"prevOBJ": {"station": [{"stationName":"온수","stationID":145,"type":1,"laneName":"수도권 1호선","laneCity":"수도권","x":126.8234183,"y":37.492274}]},"nextOBJ": {"station": [{"stationName":"소사","stationID":147,"type":1,"laneName":"수도권 1호선","laneCity":"수도권","x":126.7956735,"y":37.4827681}]},"defaultInfo": {"address":"경기도 부천시 원미구 역곡동 382","new_address":"경기도 부천시 원미구 역곡로 1","tel":"1544-7788"},"useInfo": {"platform":2,"meetingPlace":0,"restroom":2,"offDoor":1,"crossOver":2,"publicPlace":0,"handicapCount":1,"parkingCount":0,"bicycleCount":1,"civilCount":0},"exitInfo": {"gate": [{"GateNo":"1","GateLink": ["유한대학","역곡3동 주민자치센터","가톨릭대 운행버스 승차장","한국가스안전공사 경기서부지사","역곡지구대","부천동여자중학교","부안초등학교","괴안동주민센터","성공회대학교"],"BUSSTOP": [{"StopName":"부천역곡남부역","StopID":"112703","Bus": [{"BusNo":"25","Type":"1","BlID":"7002","BusCityName":"부천"},{"BusNo":"88-1","Type":"1","BlID":"7006","BusCityName":"부천"},{"BusNo":"12","Type":"1","BlID":"7035","BusCityName":"부천"},{"BusNo":"10","Type":"1","BlID":"7040","BusCityName":"부천"},{"BusNo":"88","Type":"1","BlID":"7047","BusCityName":"부천"},{"BusNo":"83","Type":"1","BlID":"7050","BusCityName":"부천"},{"BusNo":"120","Type":"1","BlID":"11525","BusCityName":"시흥"},{"BusNo":"51-2","Type":"3","BlID":"7032","BusCityName":"부천"},{"BusNo":"021","Type":"3","BlID":"7046","BusCityName":"부천"}]},{"StopName":"역곡역남부","StopID":"112777","Bus": [{"BusNo":"25","Type":"1","BlID":"7002","BusCityName":"부천"},{"BusNo":"88-1","Type":"1","BlID":"7006","BusCityName":"부천"},{"BusNo":"12","Type":"1","BlID":"7035","BusCityName":"부천"},{"BusNo":"10","Type":"1","BlID":"7040","BusCityName":"부천"},{"BusNo":"88","Type":"1","BlID":"7047","BusCityName":"부천"},{"BusNo":"83","Type":"1","BlID":"7050","BusCityName":"부천"},{"BusNo":"55","Type":"1","BlID":"7090","BusCityName":"부천"},{"BusNo":"55-1","Type":"1","BlID":"7100","BusCityName":"부천"},{"BusNo":"120","Type":"1","BlID":"11525","BusCityName":"시흥"},{"BusNo":"021","Type":"3","BlID":"7046","BusCityName":"부천"}]},{"StopName":"역곡역남부","StopID":"115376","Bus": [{"BusNo":"75","Type":"1","BlID":"7055","BusCityName":"부천"},{"BusNo":"23-5","Type":"1","BlID":"7085","BusCityName":"부천"},{"BusNo":"57","Type":"1","BlID":"7088","BusCityName":"부천"},{"BusNo":"021","Type":"3","BlID":"7046","BusCityName":"부천"}]}]},{"GateNo":"2","GateLink": ["역곡중학교","부천동초등학교","역곡초등학교","역곡2동주민센터","역곡시장","역곡치안센터","역곡1동주민센터","역곡우체국","가톨릭대학교성심교정","부천보호관찰소"],"BUSSTOP": [{"StopName":"역곡역북부","StopID":"112530","Bus": [{"BusNo":"5","Type":"1","BlID":"7033","BusCityName":"부천"},{"BusNo":"12","Type":"1","BlID":"7035","BusCityName":"부천"},{"BusNo":"52","Type":"1","BlID":"7091","BusCityName":"부천"}]},{"StopName":"역곡역북부","StopID":"112574","Bus": [{"BusNo":"5","Type":"1","BlID":"7033","BusCityName":"부천"},{"BusNo":"12","Type":"1","BlID":"7035","BusCityName":"부천"},{"BusNo":"52","Type":"1","BlID":"7091","BusCityName":"부천"},{"BusNo":"017-1","Type":"3","BlID":"7054","BusCityName":"부천"},{"BusNo":"017","Type":"3","BlID":"7070","BusCityName":"부천"}]},{"StopName":"역곡북부역","StopID":"164053","Bus": [{"BusNo":"51-1","Type":"3","BlID":"7031","BusCityName":"부천"},{"BusNo":"51-2","Type":"3","BlID":"7032","BusCityName":"부천"},{"BusNo":"51","Type":"3","BlID":"7037","BusCityName":"부천"}]},{"StopName":"역곡북부역","StopID":"164054","Bus": [{"BusNo":"51-1","Type":"3","BlID":"7031","BusCityName":"부천"},{"BusNo":"51-2","Type":"3","BlID":"7032","BusCityName":"부천"},{"BusNo":"51","Type":"3","BlID":"7037","BusCityName":"부천"}]}]}]}}}