{"result": {"stationName":"소사","stationID":147,"type":1,"laneName":"수도권 1호선","laneCity":"수도권","x":126.7956735,"y":37.4827681,"prevOBJ": {"station": [{"stationName":"역곡","stationID":146,"type":1,"laneName":"수도권 1호선","laneCity":"수도권","x":126.8115446,"y":37.4851362}]},"nextOBJ": {"station": [{"stationName":"부천","stationID":148,"type":1,"laneName":"수도권 1호선","laneCity":"수도권","x":126.7828076,"y":37.484087}]},"defaultInfo": {"address":"경기도 부천시 소사구 소사본동 395","new_address":"경기도 부천시 소사구 소사로 272","tel":"1544-7788"},"useInfo": {"platform":2,"meetingPlace":0,"restroom":2,"offDoor":1,"crossOver":2,"publicPlace":0,"handicapCount":1,"parkingCount":0,"bicycleCount":1,"civilCount":0},"exitInfo": {"gate": [{"GateNo":"1","GateLink": ["소사구청","서울신학대","세종병원","기업은행","버스정류장(시흥시 방면)","소사본2동주민센터","소사동우체국","삼익아파트","조공아파트","소사초등학교"],"BUSSTOP": [{"StopName":"소사역.소사지구대","StopID":"119489","Bus": [{"BusNo":"88-1","Type":"1","BlID":"7006","BusCityName":"부천"},{"BusNo":"6-1","Type":"1","BlID":"7067","BusCityName":"부천"},{"BusNo":"63","Type":"1","BlID":"11508","BusCityName":"시흥"},{"BusNo":"1(녹색교통(차고지.시흥고등학교.소래산.소사구))","Type":"3","BlID":"11520","BusCityName":"시흥"}]},{"StopName":"소사역","StopID":"185045","Bus": [{"BusNo":"19","Type":"1","BlID":"7012","BusCityName":"부천"},{"BusNo":"96","Type":"1","BlID":"7016","BusCityName":"부천"},{"BusNo":"88","Type":"1","BlID":"7047","BusCityName":"부천"},{"BusNo":"83","Type":"1","BlID":"7050","BusCityName":"부천"},{"BusNo":"53","Type":"1","BlID":"7096","BusCityName":"부천"}]}]},{"GateNo":"2","GateLink": ["서울신학대","KT동부천지사","국민은행","부원초등학교","성지아파트","소사본1동주민센터"]},{"GateNo":"3","GateLink": ["가톨릭대부천성모병원","소사동주민센터","성분도은혜의집","소명여자고등학교","부천동초등학교"],"BUSSTOP": [{"StopName":"소사역","StopID":"113693","Bus": [{"BusNo":"56-1","Type":"1","BlID":"7015","BusCityName":"부천"},{"BusNo":"95","Type":"1","BlID":"7044","BusCityName":"부천"},{"BusNo":"71","Type":"1","BlID":"7052","BusCityName":"부천"},{"BusNo":"56","Type":"1","BlID":"7097","BusCityName":"부천"},{"BusNo":"60","Type":"1","BlID":"7099","BusCityName":"부천"},{"BusNo":"7002","Type":"5","BlID":"6537","BusCityName":"안산"},{"BusNo":"7001","Type":"5","BlID":"6558","BusCityName":"안산"}]},{"StopName":"소사역","StopID":"113694","Bus": [{"BusNo":"31-7","Type":"1","BlID":"6528","BusCityName":"안산"},{"BusNo":"56-1","Type":"1","BlID":"7015","BusCityName":"부천"},{"BusNo":"95","Type":"1","BlID":"7044","BusCityName":"부천"},{"BusNo":"71","Type":"1","BlID":"7052","BusCityName":"부천"},{"BusNo":"56","Type":"1","BlID":"7097","BusCityName":"부천"},{"BusNo":"60","Type":"1","BlID":"7099","BusCityName":"부천"},{"BusNo":"7002","Type":"5","BlID":"6537","BusCityName":"안산"},{"BusNo":"7001","Type":"5","BlID":"6558","BusCityName":"안산"}]}]}]}}}