{"result": {"stationName":"부천","stationID":148,"type":1,"laneName":"수도권 1호선","laneCity":"수도권","x":126.7828076,"y":37.484087,"prevOBJ": {"station": [{"stationName":"소사","stationID":147,"type":1,"laneName":"수도권 1호선","laneCity":"수도권","x":126.7956735,"y":37.4827681}]},"nextOBJ": {"station": [{"stationName":"중동","stationID":149,"type":1,"laneName":"수도권 1호선","laneCity":"수도권","x":126.7644931,"y":37.4866723}]},"defaultInfo": {"address":"경기도 부천시 원미구 심곡동 316-2","new_address":"경기도 부천시 소사구 부천로 1","tel":"1544-7788"},"useInfo": {"platform":2,"meetingPlace":1,"restroom":2,"offDoor":1,"crossOver":2,"publicPlace":0,"handicapCount":1,"parkingCount":0,"bicycleCount":0,"civilCount":0},"exitInfo": {"gate": [{"GateNo":"1","GateLink": ["지하상가서부출구","부천시립도서관","서울신학대학교"],"BUSSTOP": [{"StopName":"부천역남부","StopID":"112972","Bus": [{"BusNo":"1","Type":"1","BlID":"6522","BusCityName":"안산"},{"BusNo":"38","Type":"1","BlID":"6524","BusCityName":"안산"},{"BusNo":"31-9","Type":"1","BlID":"11500","BusCityName":"시흥"},{"BusNo":"31","Type":"1","BlID":"11504","BusCityName":"시흥"},{"BusNo":"31-3","Type":"1","BlID":"11523","BusCityName":"시흥"},{"BusNo":"015","Type":"3","BlID":"11519","BusCityName":"부천"},{"BusNo":"737","Type":"22","BlID":"6583","BusCityName":"안산"},{"BusNo":"8860","Type":"22","BlID":"6591","BusCityName":"안산"}]},{"StopName":"부천역남부","StopID":"118299","Bus": [{"BusNo":"015","Type":"3","BlID":"11519","BusCityName":"부천"}]}]},{"GateNo":"2","GateLink": ["경인로 남부광장","경인로","심곡본동","남부광장","삼곡치안센터","자유시장","심곡본1동주민센터","심곡본동주민센터"],"BUSSTOP": [{"StopName":"부천역남부광장","StopID":"112976","Bus": [{"BusNo":"61","Type":"1","BlID":"6521","BusCityName":"안산"},{"BusNo":"1","Type":"1","BlID":"6522","BusCityName":"안산"},{"BusNo":"88-1","Type":"1","BlID":"7006","BusCityName":"부천"},{"BusNo":"20","Type":"1","BlID":"7010","BusCityName":"부천"},{"BusNo":"96","Type":"1","BlID":"7016","BusCityName":"부천"},{"BusNo":"60-1","Type":"1","BlID":"7025","BusCityName":"부천"},{"BusNo":"12-1","Type":"1","BlID":"7042","BusCityName":"부천"},{"BusNo":"88","Type":"1","BlID":"7047","BusCityName":"부천"},{"BusNo":"83","Type":"1","BlID":"7050","BusCityName":"부천"},{"BusNo":"3","Type":"1","BlID":"7056","BusCityName":"부천"},{"BusNo":"220","Type":"1","BlID":"7057","BusCityName":"부천"},{"BusNo":"23-2","Type":"1","BlID":"7058","BusCityName":"부천"},{"BusNo":"6","Type":"1","BlID":"7068","BusCityName":"부천"},{"BusNo":"53","Type":"1","BlID":"7096","BusCityName":"부천"},{"BusNo":"6-2","Type":"1","BlID":"7105","BusCityName":"부천"},{"BusNo":"31-9","Type":"1","BlID":"11500","BusCityName":"시흥"},{"BusNo":"31","Type":"1","BlID":"11504","BusCityName":"시흥"},{"BusNo":"31-3","Type":"1","BlID":"11523","BusCityName":"시흥"},{"BusNo":"015","Type":"3","BlID":"11519","BusCityName":"부천"}]},{"StopName":"부천역남부광장","StopID":"113765","Bus": [{"BusNo":"61","Type":"1","BlID":"6521","BusCityName":"안산"},{"BusNo":"1","Type":"1","BlID":"6522","BusCityName":"안산"},{"BusNo":"38","Type":"1","BlID":"6524","BusCityName":"안산"},{"BusNo":"88-1","Type":"1","BlID":"7006","BusCityName":"부천"},{"BusNo":"20","Type":"1","BlID":"7010","BusCityName":"부천"},{"BusNo":"96","Type":"1","BlID":"7016","BusCityName":"부천"},{"BusNo":"60-1","Type":"1","BlID":"7025","BusCityName":"부천"},{"BusNo":"12-1","Type":"1","BlID":"7042","BusCityName":"부천"},{"BusNo":"88","Type":"1","BlID":"7047","BusCityName":"부천"},{"BusNo":"83","Type":"1","BlID":"7050","BusCityName":"부천"},{"BusNo":"3","Type":"1","BlID":"7056","BusCityName":"부천"},{"BusNo":"220","Type":"1","BlID":"7057","BusCityName":"부천"},{"BusNo":"23-2","Type":"1","BlID":"7058","BusCityName":"부천"},{"BusNo":"6","Type":"1","BlID":"7068","BusCityName":"부천"},{"BusNo":"53","Type":"1","BlID":"7096","BusCityName":"부천"},{"BusNo":"31-9","Type":"1","BlID":"11500","BusCityName":"시흥"},{"BusNo":"31-3","Type":"1","BlID":"11523","BusCityName":"시흥"},{"BusNo":"015","Type":"3","BlID":"11519","BusCityName":"부천"}]},{"StopName":"부천역차고지","StopID":"197669","Bus": [{"BusNo":"38","Type":"1","BlID":"6524","BusCityName":"안산"},{"BusNo":"31-7","Type":"1","BlID":"6528","BusCityName":"안산"}]}]},{"GateNo":"3","GateLink": ["심곡3동주민센터","심곡동우체국","부천전화국","중앙지구대","심곡소방파출소","부천대학","국민은행 부천지점","원미동","중동","가톨릭대부천성모병원","북부광장"]},{"GateNo":"4","GateLink": ["심곡2동주민센터","원미초등학교","KEB 외환은행 부천지점","미용예술전문학교","원미동","중동","가톨릭대부천성모병원","북부광장","부천대학"]},{"GateNo":"5","GateLink": ["북부광장","심곡동우체국","중동","가톨릭부천성모병원","부천대"],"BUSSTOP": [{"StopName":"부천북부역","StopID":"112629","Bus": [{"BusNo":"5","Type":"1","BlID":"7033","BusCityName":"부천"},{"BusNo":"5-4","Type":"1","BlID":"7036","BusCityName":"부천"},{"BusNo":"5-3","Type":"1","BlID":"7043","BusCityName":"부천"},{"BusNo":"70-2","Type":"1","BlID":"7049","BusCityName":"부천"}]},{"StopName":"부천북부역(기점)","StopID":"206163","Bus": [{"BusNo":"5-5","Type":"1","BlID":"7034","BusCityName":"부천"},{"BusNo":"5-4","Type":"1","BlID":"7036","BusCityName":"부천"},{"BusNo":"5-3","Type":"1","BlID":"7043","BusCityName":"부천"},{"BusNo":"70-2","Type":"1","BlID":"7049","BusCityName":"부천"},{"BusNo":"71","Type":"1","BlID":"7052","BusCityName":"부천"},{"BusNo":"3","Type":"1","BlID":"7056","BusCityName":"부천"},{"BusNo":"11","Type":"1","BlID":"7059","BusCityName":"부천"}]}]}]}}}