{"result": {"stationName":"중동","stationID":149,"type":1,"laneName":"수도권 1호선","laneCity":"수도권","x":126.7644931,"y":37.4866723,"prevOBJ": {"station": [{"stationName":"부천","stationID":148,"type":1,"laneName":"수도권 1호선","laneCity":"수도권","x":126.7828076,"y":37.484087}]},"nextOBJ": {"station": [{"stationName":"송내","stationID":150,"type":1,"laneName":"수도권 1호선","laneCity":"수도권","x":126.7530568,"y":37.4876336}]},"defaultInfo": {"address":"경기도 부천시 소사구 송내동 632","new_address":"경기도 부천시 소사구 중동로 73","tel":"1544-7788"},"useInfo": {"platform":2,"meetingPlace":0,"restroom":2,"offDoor":1,"crossOver":2,"publicPlace":0,"handicapCount":1,"parkingCount":0,"bicycleCount":0,"civilCount":0},"exitInfo": {"gate": [{"GateNo":"1","GateLink": ["남광장","경인국도","소사등기소","부천고","부천공고","송내지구대","송내우체국","우성아파트","송내2동주민센터","부천우체국","부천여자중학교","IBK 기업은행 송내동지점"],"BUSSTOP": [{"StopName":"중동역","StopID":"112982","Bus": [{"BusNo":"25","Type":"1","BlID":"7002","BusCityName":"부천"},{"BusNo":"19","Type":"1","BlID":"7012","BusCityName":"부천"},{"BusNo":"12-1","Type":"1","BlID":"7042","BusCityName":"부천"},{"BusNo":"75","Type":"1","BlID":"7055","BusCityName":"부천"},{"BusNo":"3","Type":"1","BlID":"7056","BusCityName":"부천"},{"BusNo":"50","Type":"1","BlID":"7093","BusCityName":"부천"},{"BusNo":"53","Type":"1","BlID":"7096","BusCityName":"부천"},{"BusNo":"6-2","Type":"1","BlID":"7105","BusCityName":"부천"}]},{"StopName":"중동역","StopID":"112983","Bus": [{"BusNo":"25","Type":"1","BlID":"7002","BusCityName":"부천"},{"BusNo":"19","Type":"1","BlID":"7012","BusCityName":"부천"},{"BusNo":"12-1","Type":"1","BlID":"7042","BusCityName":"부천"},{"BusNo":"75","Type":"1","BlID":"7055","BusCityName":"부천"},{"BusNo":"3","Type":"1","BlID":"7056","BusCityName":"부천"},{"BusNo":"50","Type":"1","BlID":"7093","BusCityName":"부천"},{"BusNo":"53","Type":"1","BlID":"7096","BusCityName":"부천"},{"BusNo":"6-2","Type":"1","BlID":"7105","BusCityName":"부천"}]}]},{"GateNo":"2","GateLink": ["북광장","중동신도시","부천시청","부천시민회관","중앙공원","상지초등학교","인천지방검찰청(부천지청)","중동팰리스카운티","인천지방법원(부천지원)","중동주민센터","송내초등학교","부천중학교","상동사무소","중동소방파출소"],"BUSSTOP": [{"StopName":"상동시장.중동역.부천여고","StopID":"111968","Bus": [{"BusNo":"1","Type":"1","BlID":"6522","BusCityName":"안산"},{"BusNo":"25","Type":"1","BlID":"7002","BusCityName":"부천"},{"BusNo":"96","Type":"1","BlID":"7016","BusCityName":"부천"},{"BusNo":"12-1","Type":"1","BlID":"7042","BusCityName":"부천"},{"BusNo":"8","Type":"1","BlID":"7045","BusCityName":"부천"},{"BusNo":"83","Type":"1","BlID":"7050","BusCityName":"부천"},{"BusNo":"53","Type":"1","BlID":"7096","BusCityName":"부천"},{"BusNo":"1001","Type":"4","BlID":"5564","BusCityName":"고양"},{"BusNo":"9008","Type":"4","BlID":"13076","BusCityName":"김포"},{"BusNo":"661","Type":"11","BlID":"1451","BusCityName":"서울"},{"BusNo":"606","Type":"11","BlID":"1738","BusCityName":"서울"}]},{"StopName":"중동역.부천여고","StopID":"111969","Bus": [{"BusNo":"1","Type":"1","BlID":"6522","BusCityName":"안산"},{"BusNo":"25","Type":"1","BlID":"7002","BusCityName":"부천"},{"BusNo":"96","Type":"1","BlID":"7016","BusCityName":"부천"},{"BusNo":"12-1","Type":"1","BlID":"7042","BusCityName":"부천"},{"BusNo":"8","Type":"1","BlID":"7045","BusCityName":"부천"},{"BusNo":"83","Type":"1","BlID":"7050","BusCityName":"부천"},{"BusNo":"53","Type":"1","BlID":"7096","BusCityName":"부천"},{"BusNo":"1001","Type":"4","BlID":"5564","BusCityName":"고양"},{"BusNo":"9008","Type":"4","BlID":"13076","BusCityName":"김포"},{"BusNo":"661","Type":"11","BlID":"1451","BusCityName":"서울"},{"BusNo":"606","Type":"11","BlID":"1738","BusCityName":"서울"}]}]}]}}}