{"result": {"stationName":"송내","stationID":150,"type":1,"laneName":"수도권 1호선","laneCity":"수도권","x":126.7530568,"y":37.4876336,"prevOBJ": {"station": [{"stationName":"중동","stationID":149,"type":1,"laneName":"수도권 1호선","laneCity":"수도권","x":126.7644931,"y":37.4866723}]},"nextOBJ": {"station": [{"stationName":"부개","stationID":151,"type":1,"laneName":"수도권 1호선","laneCity":"수도권","x":126.7405703,"y":37.4884924}]},"defaultInfo": {"address":"경기도 부천시 소사구 송내동 632-4","new_address":"경기도 부천시 소사구 송내대로 43","tel":"1544-7788"},"useInfo": {"platform":2,"meetingPlace":0,"restroom":2,"offDoor":1,"crossOver":2,"publicPlace":0,"handicapCount":1,"parkingCount":1,"bicycleCount":1,"civilCount":0},"exitInfo": {"gate": [{"GateNo":"1","GateLink": ["삼호아파트","우성아파트","송내지구대","송내1동주민센터","부천여자중학교","성주중학교","일신동주민센터","남광장","한국산업안전보건공단","중앙병원","한국폴리텍II대학"],"BUSSTOP": [{"StopName":"송내역남부","StopID":"112013","Bus": [{"BusNo":"88-1","Type":"1","BlID":"7006","BusCityName":"부천"},{"BusNo":"20","Type":"1","BlID":"7010","BusCityName":"부천"},{"BusNo":"6-1","Type":"1","BlID":"7067","BusCityName":"부천"},{"BusNo":"50","Type":"1","BlID":"7093","BusCityName":"부천"},{"BusNo":"11","Type":"11","BlID":"21010","BusCityName":"인천"},{"BusNo":"103-1","Type":"11","BlID":"21146","BusCityName":"인천"},{"BusNo":"16-1","Type":"11","BlID":"21227","BusCityName":"인천"},{"BusNo":"909","Type":"26","BlID":"21249","BusCityName":"인천"}]},{"StopName":"송내역","StopID":"163331","Bus": [{"BusNo":"14-1","Type":"11","BlID":"21134","BusCityName":"인천"},{"BusNo":"16-1","Type":"11","BlID":"21227","BusCityName":"인천"}]},{"StopName":"송내역남부","StopID":"182631","Bus": [{"BusNo":"6-1","Type":"1","BlID":"7067","BusCityName":"부천"},{"BusNo":"50","Type":"1","BlID":"7093","BusCityName":"부천"},{"BusNo":"8","Type":"11","BlID":"21007","BusCityName":"인천"},{"BusNo":"30","Type":"11","BlID":"21025","BusCityName":"인천"},{"BusNo":"909","Type":"26","BlID":"21249","BusCityName":"인천"}]}]},{"GateNo":"2","GateLink": ["부천여자고등학교","복사골문화센터","인천지방검찰청(부천지청)","중동소방파출소","한국산업은행","부인중학교","인천지방법원(부천지원)","상1동주민센터","부인초등학교","상1동지구대","북광장","기업은행","투나","한국산업은행","순천향대학교병원"]}]}}}