{"result": {"stationName":"부개","stationID":151,"type":1,"laneName":"수도권 1호선","laneCity":"수도권","x":126.7405703,"y":37.4884924,"prevOBJ": {"station": [{"stationName":"송내","stationID":150,"type":1,"laneName":"수도권 1호선","laneCity":"수도권","x":126.7530568,"y":37.4876336}]},"nextOBJ": {"station": [{"stationName":"부평","stationID":152,"type":1,"laneName":"수도권 1호선","laneCity":"수도권","x":126.7245988,"y":37.4894655}]},"defaultInfo": {"address":"인천광역시 부평구 부개동 468","new_address":"인천광역시 부평구 수변로 22","tel":"1544-7788"},"useInfo": {"platform":2,"meetingPlace":0,"restroom":2,"offDoor":1,"crossOver":2,"publicPlace":0,"handicapCount":1,"parkingCount":1,"bicycleCount":1,"civilCount":0},"exitInfo": {"gate": [{"GateNo":"1","GateLink": ["남부","부개1동","일신시장","현대아파트","부개치안센터","부개초등학교","부개1동주민센터","한일아파트","일신초등학교","일신동주민센터","풍림아파트","부평6동우체국","동수치안센터","재향군인회상조회(인천지사)","영원노인복지센터","인천일신요양보호사교육원"],"BUSSTOP": [{"StopName":"부개역","StopID":"121365","Bus": [{"BusNo":"12","Type":"11","BlID":"21011","BusCityName":"인천"},{"BusNo":"760-1","Type":"11","BlID":"21259","BusCityName":"인천"},{"BusNo":"526","Type":"12","BlID":"21233","BusCityName":"인천"}]},{"StopName":"부개역","StopID":"182689","Bus": [{"BusNo":"12","Type":"11","BlID":"21011","BusCityName":"인천"},{"BusNo":"760","Type":"11","BlID":"21168","BusCityName":"인천"},{"BusNo":"526","Type":"12","BlID":"21233","BusCityName":"인천"}]}]},{"GateNo":"2","GateLink": ["북부","부개2동","삼산월드체육관","부개2동주민센터","부흥지구대","부평여자중학교","성일아파트","부평동중학교","부개서초등학교"],"BUSSTOP": [{"StopName":"부개역","StopID":"127057","Bus": [{"BusNo":"23","Type":"11","BlID":"21021","BusCityName":"인천"},{"BusNo":"67-1","Type":"11","BlID":"21144","BusCityName":"인천"},{"BusNo":"79","Type":"11","BlID":"21167","BusCityName":"인천"},{"BusNo":"559","Type":"12","BlID":"21081","BusCityName":"인천"},{"BusNo":"579","Type":"12","BlID":"21094","BusCityName":"인천"}]}]}]}}}