{"result": {"stationName":"서울숲","stationID":1511,"type":100,"laneName":"분당선","laneCity":"수도권","x":127.0447017,"y":37.5436548,"prevOBJ": {"station": [{"stationName":"왕십리","stationID":1510,"type":100,"laneName":"분당선","laneCity":"수도권","x":127.0388346,"y":37.5608353}]},"nextOBJ": {"station": [{"stationName":"압구정로데오","stationID":1512,"type":100,"laneName":"분당선","laneCity":"수도권","x":127.0405756,"y":37.5273935}]},"defaultInfo": {"address":"서울특별시 성동구 성수동1가 656-436","new_address":"서울특별시 성동구 왕십리로 77","tel":"1544-7788"},"useInfo": {"platform":2,"meetingPlace":0,"restroom":2,"offDoor":0,"crossOver":2,"publicPlace":0,"handicapCount":1,"parkingCount":0,"bicycleCount":1,"civilCount":0},"exitInfo": {"gate": [{"GateNo":"1","GateLink": ["경일중학교","경일고등학교"],"BUSSTOP": [{"StopName":"성동구민종합체육센타","StopID":"107008","Bus": [{"BusNo":"121","Type":"11","BlID":"851","BusCityName":"서울"},{"BusNo":"2014","Type":"12","BlID":"945","BusCityName":"서울"},{"BusNo":"2224","Type":"12","BlID":"968","BusCityName":"서울"},{"BusNo":"2413","Type":"12","BlID":"982","BusCityName":"서울"}]}]},{"GateNo":"2","GateLink": ["경일초등학교","성원중학교"],"BUSSTOP": [{"StopName":"뚝도아리수정수센터수도박물관","StopID":"106976","Bus": [{"BusNo":"2014","Type":"12","BlID":"945","BusCityName":"서울"},{"BusNo":"2224","Type":"12","BlID":"968","BusCityName":"서울"},{"BusNo":"2412","Type":"12","BlID":"981","BusCityName":"서울"},{"BusNo":"2413","Type":"12","BlID":"982","BusCityName":"서울"}]},{"StopName":"서울숲","StopID":"106993","Bus": [{"BusNo":"121","Type":"11","BlID":"851","BusCityName":"서울"},{"BusNo":"2014","Type":"12","BlID":"945","BusCityName":"서울"},{"BusNo":"2224","Type":"12","BlID":"968","BusCityName":"서울"},{"BusNo":"2413","Type":"12","BlID":"982","BusCityName":"서울"}]},{"StopName":"경일초등학교입구","StopID":"107129","Bus": [{"BusNo":"성동13","Type":"3","BlID":"603","BusCityName":"서울"},{"BusNo":"2412","Type":"12","BlID":"981","BusCityName":"서울"}]},{"StopName":"경일초등학교입구","StopID":"107164","Bus": [{"BusNo":"성동13","Type":"3","BlID":"603","BusCityName":"서울"},{"BusNo":"2412","Type":"12","BlID":"981","BusCityName":"서울"}]}]},{"GateNo":"3","GateLink": ["서울숲방면","용비교"],"BUSSTOP": [{"StopName":"뚝도아리수정수센터수도박물관","StopID":"106949","Bus": [{"BusNo":"2014","Type":"12","BlID":"945","BusCityName":"서울"},{"BusNo":"2224","Type":"12","BlID":"968","BusCityName":"서울"},{"BusNo":"2412","Type":"12","BlID":"981","BusCityName":"서울"},{"BusNo":"2413","Type":"12","BlID":"982","BusCityName":"서울"}]},{"StopName":"서울숲","StopID":"106989","Bus": [{"BusNo":"121","Type":"11","BlID":"851","BusCityName":"서울"},{"BusNo":"2014","Type":"12","BlID":"945","BusCityName":"서울"},{"BusNo":"2224","Type":"12","BlID":"968","BusCityName":"서울"},{"BusNo":"2413","Type":"12","BlID":"982","BusCityName":"서울"}]},{"StopName":"뚝섬서울숲남문","StopID":"151821","Bus": [{"BusNo":"성동13","Type":"3","BlID":"603","BusCityName":"서울"},{"BusNo":"121","Type":"11","BlID":"851","BusCityName":"서울"}]},{"StopName":"뚝섬서울숲남문","StopID":"151822","Bus": [{"BusNo":"성동13","Type":"3","BlID":"603","BusCityName":"서울"},{"BusNo":"121","Type":"11","BlID":"851","BusCityName":"서울"}]}]},{"GateNo":"4","GateLink": ["뚝섬사거리","성동구민종합체육센터"],"BUSSTOP": [{"StopName":"성동구민종합체육센타","StopID":"106994","Bus": [{"BusNo":"121","Type":"11","BlID":"851","BusCityName":"서울"},{"BusNo":"2014","Type":"12","BlID":"945","BusCityName":"서울"},{"BusNo":"2224","Type":"12","BlID":"968","BusCityName":"서울"},{"BusNo":"2413","Type":"12","BlID":"982","BusCityName":"서울"}]}]}]}}}