{"result": {"stationName":"압구정로데오","stationID":1512,"type":100,"laneName":"분당선","laneCity":"수도권","x":127.0405756,"y":37.5273935,"prevOBJ": {"station": [{"stationName":"서울숲","stationID":1511,"type":100,"laneName":"분당선","laneCity":"수도권","x":127.0447017,"y":37.5436548}]},"nextOBJ": {"station": [{"stationName":"강남구청","stationID":1513,"type":100,"laneName":"분당선","laneCity":"수도권","x":127.0410831,"y":37.5177834}]},"defaultInfo": {"address":"서울특별시 강남구 압구정동 495","new_address":"서울특별시 강남구 압구정로 402","tel":"1544-7788"},"useInfo": {"platform":2,"meetingPlace":0,"restroom":2,"offDoor":0,"crossOver":2,"publicPlace":0,"handicapCount":1,"parkingCount":0,"bicycleCount":1,"civilCount":0},"exitInfo": {"gate": [{"GateNo":"1","GateLink": ["한양아파트","청담고등학교"]},{"GateNo":"2","GateLink": ["청담고등학교","청담중학교"],"BUSSTOP": [{"StopName":"청담초등학교","StopID":"107027","Bus": [{"BusNo":"143","Type":"11","BlID":"872","BusCityName":"서울"},{"BusNo":"362","Type":"11","BlID":"1454","BusCityName":"서울"},{"BusNo":"240","Type":"11","BlID":"1495","BusCityName":"서울"},{"BusNo":"4419","Type":"12","BlID":"1062","BusCityName":"서울"},{"BusNo":"4318","Type":"12","BlID":"1711","BusCityName":"서울"}]}]},{"GateNo":"3","GateLink": ["청담사거리","청담동"],"BUSSTOP": [{"StopName":"청담초등학교앞","StopID":"107006","Bus": [{"BusNo":"143","Type":"11","BlID":"872","BusCityName":"서울"},{"BusNo":"362","Type":"11","BlID":"1454","BusCityName":"서울"},{"BusNo":"240","Type":"11","BlID":"1495","BusCityName":"서울"},{"BusNo":"4419","Type":"12","BlID":"1062","BusCityName":"서울"},{"BusNo":"4318","Type":"12","BlID":"1711","BusCityName":"서울"}]}]},{"GateNo":"4","GateLink": ["학동사거리"],"BUSSTOP": [{"StopName":"일지아트홀.압구정동노인복지센터","StopID":"106753","Bus": [{"BusNo":"9407","Type":"4","BlID":"5037","BusCityName":"성남"},{"BusNo":"9507","Type":"4","BlID":"5065","BusCityName":"성남"},{"BusNo":"9607","Type":"4","BlID":"5072","BusCityName":"성남"},{"BusNo":"145","Type":"11","BlID":"874","BusCityName":"서울"},{"BusNo":"301","Type":"11","BlID":"1006","BusCityName":"서울"},{"BusNo":"351","Type":"11","BlID":"1041","BusCityName":"서울"},{"BusNo":"440","Type":"11","BlID":"1065","BusCityName":"서울"},{"BusNo":"472","Type":"11","BlID":"1073","BusCityName":"서울"},{"BusNo":"4412","Type":"12","BlID":"1057","BusCityName":"서울"}]}]},{"GateNo":"5","GateLink": ["로데오거리","도산공원"],"BUSSTOP": [{"StopName":"일지아트홀","StopID":"106751","Bus": [{"BusNo":"145","Type":"11","BlID":"874","BusCityName":"서울"},{"BusNo":"301","Type":"11","BlID":"1006","BusCityName":"서울"},{"BusNo":"351","Type":"11","BlID":"1041","BusCityName":"서울"},{"BusNo":"472","Type":"11","BlID":"1073","BusCityName":"서울"},{"BusNo":"4412","Type":"12","BlID":"1057","BusCityName":"서울"}]}]},{"GateNo":"6","GateLink": ["성수대교방면","압구정우편취급국"],"BUSSTOP": [{"StopName":"한양아파트.압구정로데오역","StopID":"106730","Bus": [{"BusNo":"6006","Type":"5","BlID":"1778","BusCityName":"서울"},{"BusNo":"143","Type":"11","BlID":"872","BusCityName":"서울"},{"BusNo":"145","Type":"11","BlID":"874","BusCityName":"서울"},{"BusNo":"301","Type":"11","BlID":"1006","BusCityName":"서울"},{"BusNo":"351","Type":"11","BlID":"1041","BusCityName":"서울"},{"BusNo":"472","Type":"11","BlID":"1073","BusCityName":"서울"},{"BusNo":"362","Type":"11","BlID":"1454","BusCityName":"서울"},{"BusNo":"240","Type":"11","BlID":"1495","BusCityName":"서울"},{"BusNo":"4412","Type":"12","BlID":"1057","BusCityName":"서울"},{"BusNo":"4419","Type":"12","BlID":"1062","BusCityName":"서울"},{"BusNo":"4318","Type":"12","BlID":"1711","BusCityName":"서울"}]}]},{"GateNo":"7","GateLink": ["압구정파출소"],"BUSSTOP": [{"StopName":"한양아파트.압구정로데오역","StopID":"106719","Bus": [{"BusNo":"6006","Type":"5","BlID":"1778","BusCityName":"서울"},{"BusNo":"143","Type":"11","BlID":"872","BusCityName":"서울"},{"BusNo":"145","Type":"11","BlID":"874","BusCityName":"서울"},{"BusNo":"301","Type":"11","BlID":"1006","BusCityName":"서울"},{"BusNo":"351","Type":"11","BlID":"1041","BusCityName":"서울"},{"BusNo":"440","Type":"11","BlID":"1065","BusCityName":"서울"},{"BusNo":"472","Type":"11","BlID":"1073","BusCityName":"서울"},{"BusNo":"362","Type":"11","BlID":"1454","BusCityName":"서울"},{"BusNo":"240","Type":"11","BlID":"1495","BusCityName":"서울"},{"BusNo":"4412","Type":"12","BlID":"1057","BusCityName":"서울"},{"BusNo":"4419","Type":"12","BlID":"1062","BusCityName":"서울"},{"BusNo":"4318","Type":"12","BlID":"1711","BusCityName":"서울"}]}]}]}}}