{"result": {"stationName":"강남구청","stationID":1513,"type":100,"laneName":"분당선","laneCity":"수도권","x":127.0410831,"y":37.5177834,"exOBJ": {"station": [{"stationName":"강남구청","stationID":730,"type":7,"laneName":"수도권 7호선","laneCity":"수도권"}]},"prevOBJ": {"station": [{"stationName":"압구정로데오","stationID":1512,"type":100,"laneName":"분당선","laneCity":"수도권","x":127.0405756,"y":37.5273935}]},"nextOBJ": {"station": [{"stationName":"선정릉","stationID":1514,"type":100,"laneName":"분당선","laneCity":"수도권","x":127.0436367,"y":37.51092}]},"defaultInfo": {"address":"서울특별시 강남구 삼성동 111-44","new_address":"서울특별시 강남구 학동로 346","tel":"1544-7788"},"useInfo": {"platform":2,"meetingPlace":0,"restroom":2,"offDoor":0,"crossOver":2,"publicPlace":0,"handicapCount":1,"parkingCount":0,"bicycleCount":1,"civilCount":0},"exitInfo": {"gate": [{"GateNo":"1","GateLink": ["강남구청","언주중학교","삼성2동","상남교육청","강남도서관","강남구자원봉사센터","래미안삼성2차아파트","롯데캐슬프레미어"],"BUSSTOP": [{"StopName":"삼성동서광아파트","StopID":"106885","Bus": [{"BusNo":"강남08","Type":"3","BlID":"1457","BusCityName":"서울"},{"BusNo":"242","Type":"11","BlID":"585","BusCityName":"서울"},{"BusNo":"301","Type":"11","BlID":"1006","BusCityName":"서울"},{"BusNo":"401","Type":"11","BlID":"1048","BusCityName":"서울"},{"BusNo":"3011","Type":"12","BlID":"507","BusCityName":"서울"},{"BusNo":"3426","Type":"12","BlID":"1020","BusCityName":"서울"},{"BusNo":"3414","Type":"12","BlID":"1030","BusCityName":"서울"}]}]},{"GateNo":"2","GateLink": ["학동초등학교","한국토지주택공사","논현2동","외환은행 강남구청역"],"BUSSTOP": [{"StopName":"강남구청역","StopID":"106783","Bus": [{"BusNo":"강남08","Type":"3","BlID":"1457","BusCityName":"서울"},{"BusNo":"242","Type":"11","BlID":"585","BusCityName":"서울"},{"BusNo":"401","Type":"11","BlID":"1048","BusCityName":"서울"},{"BusNo":"3414","Type":"12","BlID":"1030","BusCityName":"서울"}]}]},{"GateNo":"3","GateLink": ["논현2동","논현2동주민센터","도산공원방면","강남구여성능력개발센터"],"BUSSTOP": [{"StopName":"강남구청역","StopID":"106780","Bus": [{"BusNo":"강남08","Type":"3","BlID":"1457","BusCityName":"서울"},{"BusNo":"242","Type":"11","BlID":"585","BusCityName":"서울"},{"BusNo":"401","Type":"11","BlID":"1048","BusCityName":"서울"},{"BusNo":"3414","Type":"12","BlID":"1030","BusCityName":"서울"}]},{"StopName":"강남구청역","StopID":"106803","Bus": [{"BusNo":"301","Type":"11","BlID":"1006","BusCityName":"서울"},{"BusNo":"351","Type":"11","BlID":"1041","BusCityName":"서울"},{"BusNo":"472","Type":"11","BlID":"1073","BusCityName":"서울"},{"BusNo":"3011","Type":"12","BlID":"507","BusCityName":"서울"},{"BusNo":"4412","Type":"12","BlID":"1057","BusCityName":"서울"}]}]},{"GateNo":"4","GateLink": ["강남세무서","언북초등학교","청담2동주민센터","한국직업능력개발원","영동고등학교","청담래미안아파트"],"BUSSTOP": [{"StopName":"강남구청역","StopID":"106821","Bus": [{"BusNo":"301","Type":"11","BlID":"1006","BusCityName":"서울"},{"BusNo":"351","Type":"11","BlID":"1041","BusCityName":"서울"},{"BusNo":"472","Type":"11","BlID":"1073","BusCityName":"서울"},{"BusNo":"3011","Type":"12","BlID":"507","BusCityName":"서울"},{"BusNo":"4412","Type":"12","BlID":"1057","BusCityName":"서울"}]},{"StopName":"청담동래미안아파트","StopID":"106845","Bus": [{"BusNo":"강남08","Type":"3","BlID":"1457","BusCityName":"서울"},{"BusNo":"242","Type":"11","BlID":"585","BusCityName":"서울"},{"BusNo":"301","Type":"11","BlID":"1006","BusCityName":"서울"},{"BusNo":"401","Type":"11","BlID":"1048","BusCityName":"서울"},{"BusNo":"3011","Type":"12","BlID":"507","BusCityName":"서울"},{"BusNo":"3426","Type":"12","BlID":"1020","BusCityName":"서울"},{"BusNo":"3414","Type":"12","BlID":"1030","BusCityName":"서울"}]}]}]}}}