{"result": {"stationName":"선정릉","stationID":1514,"type":100,"laneName":"분당선","laneCity":"수도권","x":127.0436367,"y":37.51092,"exOBJ": {"station": [{"stationName":"선정릉","stationID":927,"type":9,"laneName":"수도권 9호선","laneCity":"수도권"}]},"prevOBJ": {"station": [{"stationName":"강남구청","stationID":1513,"type":100,"laneName":"분당선","laneCity":"수도권","x":127.0410831,"y":37.5177834}]},"nextOBJ": {"station": [{"stationName":"선릉","stationID":1515,"type":100,"laneName":"분당선","laneCity":"수도권","x":127.0488255,"y":37.5049067}]},"defaultInfo": {"address":"서울특별시 강남구 삼성동 111-44","new_address":"서울특별시 강남구 선릉로 580","tel":"1544-7788"},"useInfo": {"platform":2,"meetingPlace":0,"restroom":2,"offDoor":0,"crossOver":2,"publicPlace":0,"handicapCount":1,"parkingCount":0,"bicycleCount":1,"civilCount":0},"exitInfo": {"gate": [{"GateNo":"1","GateLink": ["서울학동초등학교","한국토지주택공사"],"BUSSTOP": [{"StopName":"한국토지주택공사앞","StopID":"106891","Bus": [{"BusNo":"351","Type":"11","BlID":"1041","BusCityName":"서울"},{"BusNo":"472","Type":"11","BlID":"1073","BusCityName":"서울"},{"BusNo":"3426","Type":"12","BlID":"1020","BusCityName":"서울"},{"BusNo":"4412","Type":"12","BlID":"1057","BusCityName":"서울"}]},{"StopName":"선정릉역1번출구.시니어플라자","StopID":"106923","Bus": [{"BusNo":"3412","Type":"12","BlID":"1028","BusCityName":"서울"},{"BusNo":"6411","Type":"12","BlID":"1188","BusCityName":"서울"}]}]},{"GateNo":"2","GateLink": ["한국과학창의재단","삼성2동주민센터"],"BUSSTOP": [{"StopName":"한국토지주택공사앞","StopID":"106903","Bus": [{"BusNo":"351","Type":"11","BlID":"1041","BusCityName":"서울"},{"BusNo":"472","Type":"11","BlID":"1073","BusCityName":"서울"},{"BusNo":"3426","Type":"12","BlID":"1020","BusCityName":"서울"},{"BusNo":"4412","Type":"12","BlID":"1057","BusCityName":"서울"}]},{"StopName":"삼성2문화센터","StopID":"107053","Bus": [{"BusNo":"강남07","Type":"3","BlID":"1471","BusCityName":"서울"},{"BusNo":"351","Type":"11","BlID":"1041","BusCityName":"서울"},{"BusNo":"3412","Type":"12","BlID":"1028","BusCityName":"서울"}]},{"StopName":"강남교육청","StopID":"195613","Bus": [{"BusNo":"강남07","Type":"3","BlID":"1471","BusCityName":"서울"}]}]},{"GateNo":"3","GateLink": ["선릉과정릉","삼성동우체국","한국문화재보호재단"],"BUSSTOP": [{"StopName":"선정릉역.무형문화재전수회관","StopID":"106972","Bus": [{"BusNo":"강남07","Type":"3","BlID":"1471","BusCityName":"서울"},{"BusNo":"472","Type":"11","BlID":"1073","BusCityName":"서울"},{"BusNo":"3426","Type":"12","BlID":"1020","BusCityName":"서울"},{"BusNo":"4412","Type":"12","BlID":"1057","BusCityName":"서울"}]},{"StopName":"라마다서울호텔앞","StopID":"107099","Bus": [{"BusNo":"강남07","Type":"3","BlID":"1471","BusCityName":"서울"},{"BusNo":"351","Type":"11","BlID":"1041","BusCityName":"서울"},{"BusNo":"3412","Type":"12","BlID":"1028","BusCityName":"서울"}]},{"StopName":"라마다서울호텔","StopID":"206312","Bus": [{"BusNo":"6704","Type":"5","BlID":"1792","BusCityName":"서울"}]}]},{"GateNo":"4","GateLink": ["강남구선거관리위원회","청음회관.강남시니어플라자"],"BUSSTOP": [{"StopName":"선정릉역4번출구.시니어플라자","StopID":"106913","Bus": [{"BusNo":"3412","Type":"12","BlID":"1028","BusCityName":"서울"}]},{"StopName":"선정릉역.무형문화재전수회관","StopID":"106952","Bus": [{"BusNo":"강남07","Type":"3","BlID":"1471","BusCityName":"서울"},{"BusNo":"472","Type":"11","BlID":"1073","BusCityName":"서울"},{"BusNo":"3426","Type":"12","BlID":"1020","BusCityName":"서울"},{"BusNo":"4412","Type":"12","BlID":"1057","BusCityName":"서울"},{"BusNo":"6411","Type":"12","BlID":"1188","BusCityName":"서울"}]}]}]}}}