{"result": {"stationName":"한티","stationID":1516,"type":100,"laneName":"분당선","laneCity":"수도권","x":127.0528938,"y":37.4962172,"prevOBJ": {"station": [{"stationName":"선릉","stationID":1515,"type":100,"laneName":"분당선","laneCity":"수도권","x":127.0488255,"y":37.5049067}]},"nextOBJ": {"station": [{"stationName":"도곡","stationID":1517,"type":100,"laneName":"분당선","laneCity":"수도권","x":127.0554144,"y":37.4909211}]},"defaultInfo": {"address":"서울특별시 강남구 대치동 1011-28","new_address":"서울특별시 강남구 선릉로 228","tel":"1544-7788"},"useInfo": {"platform":2,"meetingPlace":0,"restroom":2,"offDoor":0,"crossOver":2,"publicPlace":0,"handicapCount":1,"parkingCount":0,"bicycleCount":0,"civilCount":0},"exitInfo": {"gate": [{"GateNo":"1","GateLink": ["대치제4동","한림대학교서울센터","강남중앙교회","대치동새마을금고"],"BUSSTOP": [{"StopName":"한티역","StopID":"107366","Bus": [{"BusNo":"9414","Type":"4","BlID":"5076","BusCityName":"성남"},{"BusNo":"333","Type":"11","BlID":"517","BusCityName":"서울"},{"BusNo":"242","Type":"11","BlID":"585","BusCityName":"서울"},{"BusNo":"472","Type":"11","BlID":"1073","BusCityName":"서울"},{"BusNo":"3426","Type":"12","BlID":"1020","BusCityName":"서울"},{"BusNo":"3422","Type":"12","BlID":"1036","BusCityName":"서울"},{"BusNo":"4412","Type":"12","BlID":"1057","BusCityName":"서울"},{"BusNo":"6411","Type":"12","BlID":"1188","BusCityName":"서울"}]}]},{"GateNo":"2","GateLink": ["도곡초등학교","대치4주민센터","대치4동우편취급소","롯데백화점"],"BUSSTOP": [{"StopName":"한티역.서울지방고용노동청강남지청","StopID":"107453","Bus": [{"BusNo":"333","Type":"11","BlID":"517","BusCityName":"서울"},{"BusNo":"340","Type":"11","BlID":"1026","BusCityName":"서울"},{"BusNo":"420","Type":"11","BlID":"1054","BusCityName":"서울"},{"BusNo":"461","Type":"11","BlID":"1441","BusCityName":"서울"},{"BusNo":"4412","Type":"12","BlID":"1057","BusCityName":"서울"}]}]},{"GateNo":"3","GateLink": ["대치1주민센터","단대부속중.고교","단국공고교","서울강남고용노동지청"],"BUSSTOP": [{"StopName":"한티역.서울지방고용노동청강남지청","StopID":"107456","Bus": [{"BusNo":"333","Type":"11","BlID":"517","BusCityName":"서울"},{"BusNo":"340","Type":"11","BlID":"1026","BusCityName":"서울"},{"BusNo":"420","Type":"11","BlID":"1054","BusCityName":"서울"},{"BusNo":"461","Type":"11","BlID":"1441","BusCityName":"서울"},{"BusNo":"2415","Type":"12","BlID":"970","BusCityName":"서울"},{"BusNo":"4412","Type":"12","BlID":"1057","BusCityName":"서울"}]}]},{"GateNo":"4","GateLink": ["대치제1동","대치1파출소","대치 IPARK"],"BUSSTOP": [{"StopName":"단대부고.대치아이파크아파트","StopID":"107445","Bus": [{"BusNo":"9414","Type":"4","BlID":"5076","BusCityName":"성남"},{"BusNo":"242","Type":"11","BlID":"585","BusCityName":"서울"},{"BusNo":"472","Type":"11","BlID":"1073","BusCityName":"서울"},{"BusNo":"2415","Type":"12","BlID":"970","BusCityName":"서울"},{"BusNo":"3426","Type":"12","BlID":"1020","BusCityName":"서울"},{"BusNo":"6411","Type":"12","BlID":"1188","BusCityName":"서울"},{"BusNo":"4432","Type":"12","BlID":"1416","BusCityName":"서울"}]}]},{"GateNo":"5","GateLink": ["대도초등학교","중앙대부속고등학교","숙명여중고교","국민은행도곡렉슬지점","우리은행도곡렉슬지점","하나은행도곡렉슬지점","도곡렉슬아파트"],"BUSSTOP": [{"StopName":"도곡렉슬아파트정문","StopID":"107434","Bus": [{"BusNo":"9414","Type":"4","BlID":"5076","BusCityName":"성남"},{"BusNo":"242","Type":"11","BlID":"585","BusCityName":"서울"},{"BusNo":"472","Type":"11","BlID":"1073","BusCityName":"서울"},{"BusNo":"3426","Type":"12","BlID":"1020","BusCityName":"서울"},{"BusNo":"6411","Type":"12","BlID":"1188","BusCityName":"서울"},{"BusNo":"4432","Type":"12","BlID":"1416","BusCityName":"서울"}]}]},{"GateNo":"6","GateLink": ["도곡제2동","도곡공원","연세대학교 강남세브란스병원"],"BUSSTOP": [{"StopName":"한티역","StopID":"107355","Bus": [{"BusNo":"340","Type":"11","BlID":"1026","BusCityName":"서울"},{"BusNo":"420","Type":"11","BlID":"1054","BusCityName":"서울"},{"BusNo":"461","Type":"11","BlID":"1441","BusCityName":"서울"},{"BusNo":"4432","Type":"12","BlID":"1416","BusCityName":"서울"}]}]},{"GateNo":"7","GateLink": ["역삼2주민센터","역삼중학교"],"BUSSTOP": [{"StopName":"한티역","StopID":"107345","Bus": [{"BusNo":"147","Type":"11","BlID":"876","BusCityName":"서울"},{"BusNo":"340","Type":"11","BlID":"1026","BusCityName":"서울"},{"BusNo":"420","Type":"11","BlID":"1054","BusCityName":"서울"},{"BusNo":"461","Type":"11","BlID":"1441","BusCityName":"서울"},{"BusNo":"3422","Type":"12","BlID":"1036","BusCityName":"서울"},{"BusNo":"4432","Type":"12","BlID":"1416","BusCityName":"서울"}]}]},{"GateNo":"8","GateLink": ["역삼제2동","도성초등학교","역삼래미안"],"BUSSTOP": [{"StopName":"한티역","StopID":"107368","Bus": [{"BusNo":"9414","Type":"4","BlID":"5076","BusCityName":"성남"},{"BusNo":"242","Type":"11","BlID":"585","BusCityName":"서울"},{"BusNo":"147","Type":"11","BlID":"876","BusCityName":"서울"},{"BusNo":"472","Type":"11","BlID":"1073","BusCityName":"서울"},{"BusNo":"3426","Type":"12","BlID":"1020","BusCityName":"서울"},{"BusNo":"3422","Type":"12","BlID":"1036","BusCityName":"서울"},{"BusNo":"6411","Type":"12","BlID":"1188","BusCityName":"서울"}]}]}]}}}