{"result": {"stationName":"구룡","stationID":1518,"type":100,"laneName":"분당선","laneCity":"수도권","x":127.059512,"y":37.4869891,"prevOBJ": {"station": [{"stationName":"도곡","stationID":1517,"type":100,"laneName":"분당선","laneCity":"수도권","x":127.0554144,"y":37.4909211}]},"nextOBJ": {"station": [{"stationName":"개포동","stationID":1519,"type":100,"laneName":"분당선","laneCity":"수도권","x":127.0665183,"y":37.489171}]},"defaultInfo": {"address":"서울특별시 강남구 개포동 175-3","new_address":"서울특별시 강남구 개포로 403","tel":"1544-7788"},"useInfo": {"platform":2,"meetingPlace":0,"restroom":2,"offDoor":0,"crossOver":2,"publicPlace":0,"handicapCount":1,"parkingCount":0,"bicycleCount":1,"civilCount":0},"exitInfo": {"gate": [{"GateNo":"1","GateLink": ["개일초등학교","구룡중학교"],"BUSSTOP": [{"StopName":"구룡중학교앞","StopID":"107563","Bus": [{"BusNo":"강남10","Type":"3","BlID":"1429","BusCityName":"서울"},{"BusNo":"242","Type":"11","BlID":"585","BusCityName":"서울"},{"BusNo":"472","Type":"11","BlID":"1073","BusCityName":"서울"},{"BusNo":"2413","Type":"12","BlID":"982","BusCityName":"서울"},{"BusNo":"6411","Type":"12","BlID":"1188","BusCityName":"서울"},{"BusNo":"4432","Type":"12","BlID":"1416","BusCityName":"서울"}]},{"StopName":"개일초등학교앞","StopID":"107593","Bus": [{"BusNo":"강남10","Type":"3","BlID":"1429","BusCityName":"서울"},{"BusNo":"242","Type":"11","BlID":"585","BusCityName":"서울"},{"BusNo":"472","Type":"11","BlID":"1073","BusCityName":"서울"},{"BusNo":"4432","Type":"12","BlID":"1416","BusCityName":"서울"}]}]},{"GateNo":"2","GateLink": ["개일초등학교","구룡중학교"],"BUSSTOP": [{"StopName":"구룡역","StopID":"193707","Bus": [{"BusNo":"3426","Type":"12","BlID":"1020","BusCityName":"서울"}]}]},{"GateNo":"3","GateLink": ["개포서근린공원"],"BUSSTOP": [{"StopName":"수도공고앞","StopID":"80503","Bus": [{"BusNo":"3426","Type":"12","BlID":"1020","BusCityName":"서울"}]},{"StopName":"수도공고","StopID":"193710","Bus": [{"BusNo":"3426","Type":"12","BlID":"1020","BusCityName":"서울"}]}]},{"GateNo":"4","GateLink": ["수도전기공업고등학교","한국외국인 학교"]},{"GateNo":"5","GateLink": ["개포고등학교"],"BUSSTOP": [{"StopName":"개포고등학교앞","StopID":"107648","Bus": [{"BusNo":"강남10","Type":"3","BlID":"1429","BusCityName":"서울"},{"BusNo":"강남05","Type":"3","BlID":"1508","BusCityName":"서울"},{"BusNo":"472","Type":"11","BlID":"1073","BusCityName":"서울"},{"BusNo":"2413","Type":"12","BlID":"982","BusCityName":"서울"},{"BusNo":"3426","Type":"12","BlID":"1020","BusCityName":"서울"},{"BusNo":"6411","Type":"12","BlID":"1188","BusCityName":"서울"},{"BusNo":"4432","Type":"12","BlID":"1416","BusCityName":"서울"},{"BusNo":"4433","Type":"12","BlID":"1427","BusCityName":"서울"}]},{"StopName":"개포고등학교","StopID":"107656","Bus": [{"BusNo":"강남10","Type":"3","BlID":"1429","BusCityName":"서울"},{"BusNo":"강남05","Type":"3","BlID":"1508","BusCityName":"서울"},{"BusNo":"472","Type":"11","BlID":"1073","BusCityName":"서울"},{"BusNo":"3426","Type":"12","BlID":"1020","BusCityName":"서울"},{"BusNo":"4432","Type":"12","BlID":"1416","BusCityName":"서울"},{"BusNo":"4433","Type":"12","BlID":"1427","BusCityName":"서울"}]},{"StopName":"구룡역","StopID":"193708","Bus": [{"BusNo":"3426","Type":"12","BlID":"1020","BusCityName":"서울"}]}]}]}}}