{"result": {"stationName":"개포동","stationID":1519,"type":100,"laneName":"분당선","laneCity":"수도권","x":127.0665183,"y":37.489171,"prevOBJ": {"station": [{"stationName":"구룡","stationID":1518,"type":100,"laneName":"분당선","laneCity":"수도권","x":127.059512,"y":37.4869891}]},"nextOBJ": {"station": [{"stationName":"대모산입구","stationID":1520,"type":100,"laneName":"분당선","laneCity":"수도권","x":127.072722,"y":37.4913553}]},"defaultInfo": {"address":"서울특별시 강남구 개포동 195","new_address":"서울특별시 강남구 개포로 420","tel":"1544-7788"},"useInfo": {"platform":2,"meetingPlace":0,"restroom":2,"offDoor":0,"crossOver":2,"publicPlace":0,"handicapCount":1,"parkingCount":0,"bicycleCount":1,"civilCount":0},"exitInfo": {"gate": [{"GateNo":"1","GateLink": ["개포서근린공원","개포제2동","달터근린공원"],"BUSSTOP": [{"StopName":"개포동역","StopID":"193709","Bus": [{"BusNo":"3426","Type":"12","BlID":"1020","BusCityName":"서울"}]}]},{"GateNo":"2","GateLink": ["대치초등학교","대청중학교"]},{"GateNo":"3","GateLink": ["강남구민회관","강남구의회","대곡초등학교","대치근린공원"]},{"GateNo":"4","GateLink": ["개포2주민센터","개포동근린고원","양전초등학교","개원중학교"],"BUSSTOP": [{"StopName":"개포5단지상가","StopID":"108035","Bus": [{"BusNo":"강남05","Type":"3","BlID":"1508","BusCityName":"서울"},{"BusNo":"402","Type":"11","BlID":"1050","BusCityName":"서울"}]}]},{"GateNo":"5","GateLink": ["개포제3동"],"BUSSTOP": [{"StopName":"개포5단지상가","StopID":"108038","Bus": [{"BusNo":"강남05","Type":"3","BlID":"1508","BusCityName":"서울"},{"BusNo":"402","Type":"11","BlID":"1050","BusCityName":"서울"}]}]},{"GateNo":"6","GateLink": ["개포초등학교","개포제3동","서울개포유치원"],"BUSSTOP": [{"StopName":"개포동역","StopID":"107939","Bus": [{"BusNo":"강남10","Type":"3","BlID":"1429","BusCityName":"서울"},{"BusNo":"강남05","Type":"3","BlID":"1508","BusCityName":"서울"},{"BusNo":"143","Type":"11","BlID":"872","BusCityName":"서울"},{"BusNo":"402","Type":"11","BlID":"1050","BusCityName":"서울"},{"BusNo":"420","Type":"11","BlID":"1054","BusCityName":"서울"},{"BusNo":"461","Type":"11","BlID":"1441","BusCityName":"서울"},{"BusNo":"3011","Type":"12","BlID":"507","BusCityName":"서울"},{"BusNo":"3425","Type":"12","BlID":"581","BusCityName":"서울"},{"BusNo":"4433","Type":"12","BlID":"1427","BusCityName":"서울"}]}]},{"GateNo":"7","GateLink": ["경기여자고등학교","개포제2동","개포동근린공원","개포도서관"],"BUSSTOP": [{"StopName":"개포동역","StopID":"107930","Bus": [{"BusNo":"강남10","Type":"3","BlID":"1429","BusCityName":"서울"},{"BusNo":"강남05","Type":"3","BlID":"1508","BusCityName":"서울"},{"BusNo":"143","Type":"11","BlID":"872","BusCityName":"서울"},{"BusNo":"402","Type":"11","BlID":"1050","BusCityName":"서울"},{"BusNo":"420","Type":"11","BlID":"1054","BusCityName":"서울"},{"BusNo":"461","Type":"11","BlID":"1441","BusCityName":"서울"},{"BusNo":"3011","Type":"12","BlID":"507","BusCityName":"서울"},{"BusNo":"3425","Type":"12","BlID":"581","BusCityName":"서울"},{"BusNo":"4433","Type":"12","BlID":"1427","BusCityName":"서울"}]}]},{"GateNo":"8","GateLink": ["서울일본인학교","수도전기공고교","한국외국인학교","개포도서관","개포고등학교"]}]}}}