{"result": {"stationName":"대모산입구","stationID":1520,"type":100,"laneName":"분당선","laneCity":"수도권","x":127.072722,"y":37.4913553,"prevOBJ": {"station": [{"stationName":"개포동","stationID":1519,"type":100,"laneName":"분당선","laneCity":"수도권","x":127.0665183,"y":37.489171}]},"nextOBJ": {"station": [{"stationName":"수서","stationID":1521,"type":100,"laneName":"분당선","laneCity":"수도권","x":127.1011391,"y":37.487637}]},"defaultInfo": {"address":"서울특별시 강남구 일원동 700","new_address":"서울특별시 강남구 개포로 522","tel":"1544-7788"},"useInfo": {"platform":2,"meetingPlace":0,"restroom":2,"offDoor":0,"crossOver":2,"publicPlace":0,"handicapCount":1,"parkingCount":0,"bicycleCount":0,"civilCount":0},"exitInfo": {"gate": [{"GateNo":"1","GateLink": ["양전초등학교","개포제3주민센터"],"BUSSTOP": [{"StopName":"양전초등학교","StopID":"111767","Bus": [{"BusNo":"강남05","Type":"3","BlID":"1508","BusCityName":"서울"},{"BusNo":"402","Type":"11","BlID":"1050","BusCityName":"서울"}]}]},{"GateNo":"2","GateLink": ["개원중학교"],"BUSSTOP": [{"StopName":"개원중학교","StopID":"108169","Bus": [{"BusNo":"강남06","Type":"3","BlID":"1515","BusCityName":"서울"},{"BusNo":"9407","Type":"4","BlID":"5037","BusCityName":"성남"},{"BusNo":"9507","Type":"4","BlID":"5065","BusCityName":"성남"},{"BusNo":"9607","Type":"4","BlID":"5072","BusCityName":"성남"},{"BusNo":"333","Type":"11","BlID":"517","BusCityName":"서울"},{"BusNo":"N37","Type":"11","BlID":"524","BusCityName":"서울"},{"BusNo":"401","Type":"11","BlID":"1048","BusCityName":"서울"},{"BusNo":"402","Type":"11","BlID":"1050","BusCityName":"서울"},{"BusNo":"4419","Type":"12","BlID":"1062","BusCityName":"서울"}]}]},{"GateNo":"3","GateLink": ["서울산업통산진흥원 세텍"],"BUSSTOP": [{"StopName":"대치아파트","StopID":"108196","Bus": [{"BusNo":"강남01","Type":"3","BlID":"1504","BusCityName":"서울"},{"BusNo":"강남06","Type":"3","BlID":"1515","BusCityName":"서울"},{"BusNo":"9407","Type":"4","BlID":"5037","BusCityName":"성남"},{"BusNo":"9507","Type":"4","BlID":"5065","BusCityName":"성남"},{"BusNo":"9607","Type":"4","BlID":"5072","BusCityName":"성남"},{"BusNo":"333","Type":"11","BlID":"517","BusCityName":"서울"},{"BusNo":"N37","Type":"11","BlID":"524","BusCityName":"서울"},{"BusNo":"401","Type":"11","BlID":"1048","BusCityName":"서울"},{"BusNo":"402","Type":"11","BlID":"1050","BusCityName":"서울"},{"BusNo":"4412","Type":"12","BlID":"1057","BusCityName":"서울"},{"BusNo":"4419","Type":"12","BlID":"1062","BusCityName":"서울"}]}]},{"GateNo":"4","GateLink": ["일원제2주민센터","수서경찰서","서울강남우체국"],"BUSSTOP": [{"StopName":"공무원아파트","StopID":"108308","Bus": [{"BusNo":"강남01","Type":"3","BlID":"1504","BusCityName":"서울"},{"BusNo":"강남05","Type":"3","BlID":"1508","BusCityName":"서울"}]}]},{"GateNo":"5","GateLink": ["일원동"],"BUSSTOP": [{"StopName":"공무원아파트","StopID":"108309","Bus": [{"BusNo":"강남01","Type":"3","BlID":"1504","BusCityName":"서울"},{"BusNo":"강남05","Type":"3","BlID":"1508","BusCityName":"서울"},{"BusNo":"3413","Type":"12","BlID":"1029","BusCityName":"서울"},{"BusNo":"4412","Type":"12","BlID":"1057","BusCityName":"서울"}]}]},{"GateNo":"6","GateLink": ["일원초등학교","중동중학교"],"BUSSTOP": [{"StopName":"연금매점","StopID":"108261","Bus": [{"BusNo":"강남06","Type":"3","BlID":"1515","BusCityName":"서울"},{"BusNo":"9407","Type":"4","BlID":"5037","BusCityName":"성남"},{"BusNo":"9507","Type":"4","BlID":"5065","BusCityName":"성남"},{"BusNo":"9607","Type":"4","BlID":"5072","BusCityName":"성남"},{"BusNo":"6009","Type":"5","BlID":"1785","BusCityName":"서울"},{"BusNo":"333","Type":"11","BlID":"517","BusCityName":"서울"},{"BusNo":"N37","Type":"11","BlID":"524","BusCityName":"서울"},{"BusNo":"401","Type":"11","BlID":"1048","BusCityName":"서울"},{"BusNo":"3413","Type":"12","BlID":"1029","BusCityName":"서울"},{"BusNo":"4412","Type":"12","BlID":"1057","BusCityName":"서울"},{"BusNo":"4419","Type":"12","BlID":"1062","BusCityName":"서울"}]}]},{"GateNo":"7","GateLink": ["개포제2주민센터","개원파출소","대모산입구"],"BUSSTOP": [{"StopName":"개포주공7단지앞","StopID":"108239","Bus": [{"BusNo":"강남06","Type":"3","BlID":"1515","BusCityName":"서울"},{"BusNo":"9407","Type":"4","BlID":"5037","BusCityName":"성남"},{"BusNo":"9507","Type":"4","BlID":"5065","BusCityName":"성남"},{"BusNo":"9607","Type":"4","BlID":"5072","BusCityName":"성남"},{"BusNo":"333","Type":"11","BlID":"517","BusCityName":"서울"},{"BusNo":"N37","Type":"11","BlID":"524","BusCityName":"서울"},{"BusNo":"401","Type":"11","BlID":"1048","BusCityName":"서울"},{"BusNo":"4419","Type":"12","BlID":"1062","BusCityName":"서울"}]},{"StopName":"개포동","StopID":"195791","Bus": [{"BusNo":"6009","Type":"5","BlID":"1785","BusCityName":"서울"}]}]},{"GateNo":"8","GateLink": ["개포초등학교","서울개포유치원"],"BUSSTOP": [{"StopName":"개포6단지앞","StopID":"111768","Bus": [{"BusNo":"강남05","Type":"3","BlID":"1508","BusCityName":"서울"},{"BusNo":"402","Type":"11","BlID":"1050","BusCityName":"서울"}]}]}]}}}