{"result": {"stationName":"복정","stationID":1522,"type":100,"laneName":"분당선","laneCity":"수도권","x":127.1266423,"y":37.4697616,"exOBJ": {"station": [{"stationName":"복정","stationID":820,"type":8,"laneName":"수도권 8호선","laneCity":"수도권"}]},"prevOBJ": {"station": [{"stationName":"수서","stationID":1521,"type":100,"laneName":"분당선","laneCity":"수도권","x":127.1011391,"y":37.487637}]},"nextOBJ": {"station": [{"stationName":"가천대","stationID":1523,"type":100,"laneName":"분당선","laneCity":"수도권","x":127.1266936,"y":37.4487942}]},"defaultInfo": {"address":"서울특별시 송파구 장지동 596-21","new_address":"서울특별시 송파구 송파대로 6","tel":"1544-7788"},"useInfo": {"platform":1,"meetingPlace":0,"restroom":2,"offDoor":1,"crossOver":2,"publicPlace":0,"handicapCount":1,"parkingCount":1,"bicycleCount":1,"civilCount":0},"exitInfo": {"gate": [{"GateNo":"1","GateLink": ["장지동","잠실 방면"],"BUSSTOP": [{"StopName":"복정역1번출구","StopID":"151791","Bus": [{"BusNo":"15-1","Type":"1","BlID":"5017","BusCityName":"성남"},{"BusNo":"1650","Type":"4","BlID":"10023","BusCityName":"광주"},{"BusNo":"N37","Type":"11","BlID":"524","BusCityName":"서울"},{"BusNo":"N13","Type":"11","BlID":"571","BusCityName":"서울"},{"BusNo":"302","Type":"11","BlID":"1007","BusCityName":"서울"},{"BusNo":"303","Type":"11","BlID":"1008","BusCityName":"서울"},{"BusNo":"320","Type":"11","BlID":"1455","BusCityName":"서울"},{"BusNo":"9403","Type":"14","BlID":"1348","BusCityName":"서울"}]}]},{"GateNo":"2","GateLink": ["복정동","서울국제학교","동서울대학","복정역 환승주차장","수정노인복지센터"],"BUSSTOP": [{"StopName":"복정역환승주차장","StopID":"109439","Bus": [{"BusNo":"15-1","Type":"1","BlID":"5017","BusCityName":"성남"},{"BusNo":"100(출근형)","Type":"1","BlID":"5026","BusCityName":"성남"},{"BusNo":"50","Type":"1","BlID":"5054","BusCityName":"성남"},{"BusNo":"407","Type":"11","BlID":"1355","BusCityName":"서울"},{"BusNo":"360","Type":"11","BlID":"1440","BusCityName":"서울"},{"BusNo":"350","Type":"11","BlID":"1448","BusCityName":"서울"},{"BusNo":"3322","Type":"12","BlID":"1019","BusCityName":"서울"}]},{"StopName":"복정역","StopID":"156936","Bus": [{"BusNo":"100","Type":"1","BlID":"5011","BusCityName":"성남"},{"BusNo":"70","Type":"1","BlID":"5029","BusCityName":"성남"},{"BusNo":"5","Type":"1","BlID":"5109","BusCityName":"성남"},{"BusNo":"30","Type":"1","BlID":"8000","BusCityName":"하남"},{"BusNo":"30-1","Type":"1","BlID":"8001","BusCityName":"하남"},{"BusNo":"32","Type":"1","BlID":"10015","BusCityName":"광주"},{"BusNo":"116","Type":"1","BlID":"10074","BusCityName":"광주"},{"BusNo":"119","Type":"1","BlID":"10078","BusCityName":"광주"},{"BusNo":"500-1","Type":"4","BlID":"10033","BusCityName":"광주"},{"BusNo":"1117","Type":"4","BlID":"10089","BusCityName":"광주"},{"BusNo":"9403","Type":"14","BlID":"1348","BusCityName":"서울"}]},{"StopName":"복정역","StopID":"156941","Bus": [{"BusNo":"15-1","Type":"1","BlID":"5017","BusCityName":"성남"},{"BusNo":"407","Type":"11","BlID":"1355","BusCityName":"서울"},{"BusNo":"360","Type":"11","BlID":"1440","BusCityName":"서울"},{"BusNo":"350","Type":"11","BlID":"1448","BusCityName":"서울"},{"BusNo":"320","Type":"11","BlID":"1455","BusCityName":"서울"},{"BusNo":"3425","Type":"12","BlID":"581","BusCityName":"서울"},{"BusNo":"3322","Type":"12","BlID":"1019","BusCityName":"서울"}]}]},{"GateNo":"3","GateLink": ["양재 방면","세곡동방면","성모자애복지관"],"BUSSTOP": [{"StopName":"복정역","StopID":"150884","Bus": [{"BusNo":"500-5","Type":"1","BlID":"10002","BusCityName":"광주"},{"BusNo":"500-2","Type":"4","BlID":"10017","BusCityName":"광주"}]},{"StopName":"복정역3번출구","StopID":"150885","Bus": [{"BusNo":"500-5","Type":"1","BlID":"10002","BusCityName":"광주"},{"BusNo":"500-2","Type":"4","BlID":"10017","BusCityName":"광주"},{"BusNo":"3425","Type":"12","BlID":"581","BusCityName":"서울"}]}]},{"GateNo":"4","GateLink": ["가락시장 방면"]}]}}}