{"result": {"stationName":"가천대","stationID":1523,"type":100,"laneName":"분당선","laneCity":"수도권","x":127.1266936,"y":37.4487942,"prevOBJ": {"station": [{"stationName":"복정","stationID":1522,"type":100,"laneName":"분당선","laneCity":"수도권","x":127.1266423,"y":37.4697616}]},"nextOBJ": {"station": [{"stationName":"태평","stationID":1524,"type":100,"laneName":"분당선","laneCity":"수도권","x":127.127758,"y":37.4398454}]},"defaultInfo": {"address":"경기도 성남시 수정구 태평동 7131","new_address":"경기도 성남시 수정구 성남대로 1332","tel":"1544-7788"},"useInfo": {"platform":2,"meetingPlace":0,"restroom":2,"offDoor":0,"crossOver":2,"publicPlace":0,"handicapCount":1,"parkingCount":0,"bicycleCount":1,"civilCount":0},"exitInfo": {"gate": [{"GateNo":"1","GateLink": ["가천대학교"],"BUSSTOP": [{"StopName":"복정파출소","StopID":"109428","Bus": [{"BusNo":"100","Type":"1","BlID":"5011","BusCityName":"성남"},{"BusNo":"100(출근형)","Type":"1","BlID":"5026","BusCityName":"성남"},{"BusNo":"70","Type":"1","BlID":"5029","BusCityName":"성남"},{"BusNo":"5","Type":"1","BlID":"5109","BusCityName":"성남"},{"BusNo":"30","Type":"1","BlID":"8000","BusCityName":"하남"},{"BusNo":"30-1","Type":"1","BlID":"8001","BusCityName":"하남"},{"BusNo":"500-5","Type":"1","BlID":"10002","BusCityName":"광주"},{"BusNo":"32","Type":"1","BlID":"10015","BusCityName":"광주"},{"BusNo":"116","Type":"1","BlID":"10074","BusCityName":"광주"},{"BusNo":"119","Type":"1","BlID":"10078","BusCityName":"광주"},{"BusNo":"500-2","Type":"4","BlID":"10017","BusCityName":"광주"},{"BusNo":"500-1","Type":"4","BlID":"10033","BusCityName":"광주"},{"BusNo":"1117","Type":"4","BlID":"10089","BusCityName":"광주"},{"BusNo":"302","Type":"11","BlID":"1007","BusCityName":"서울"},{"BusNo":"303","Type":"11","BlID":"1008","BusCityName":"서울"},{"BusNo":"462","Type":"11","BlID":"1357","BusCityName":"서울"},{"BusNo":"4419","Type":"12","BlID":"1062","BusCityName":"서울"},{"BusNo":"9403","Type":"14","BlID":"1348","BusCityName":"서울"}]},{"StopName":"가천대역.가천대학교","StopID":"109436","Bus": [{"BusNo":"100","Type":"1","BlID":"5011","BusCityName":"성남"},{"BusNo":"100(출근형)","Type":"1","BlID":"5026","BusCityName":"성남"},{"BusNo":"70","Type":"1","BlID":"5029","BusCityName":"성남"},{"BusNo":"5","Type":"1","BlID":"5109","BusCityName":"성남"},{"BusNo":"30","Type":"1","BlID":"8000","BusCityName":"하남"},{"BusNo":"30-1","Type":"1","BlID":"8001","BusCityName":"하남"},{"BusNo":"500-5","Type":"1","BlID":"10002","BusCityName":"광주"},{"BusNo":"32","Type":"1","BlID":"10015","BusCityName":"광주"},{"BusNo":"116","Type":"1","BlID":"10074","BusCityName":"광주"},{"BusNo":"119","Type":"1","BlID":"10078","BusCityName":"광주"},{"BusNo":"500-2","Type":"4","BlID":"10017","BusCityName":"광주"},{"BusNo":"500-1","Type":"4","BlID":"10033","BusCityName":"광주"},{"BusNo":"1117","Type":"4","BlID":"10089","BusCityName":"광주"},{"BusNo":"302","Type":"11","BlID":"1007","BusCityName":"서울"},{"BusNo":"303","Type":"11","BlID":"1008","BusCityName":"서울"},{"BusNo":"462","Type":"11","BlID":"1357","BusCityName":"서울"},{"BusNo":"4419","Type":"12","BlID":"1062","BusCityName":"서울"},{"BusNo":"9403","Type":"14","BlID":"1348","BusCityName":"서울"},{"BusNo":"3300","Type":"22","BlID":"10000","BusCityName":"광주"}]}]},{"GateNo":"2","GateLink": ["성남서초등학교","건우아파트","쌍용스윗닷홈"]},{"GateNo":"3","GateLink": ["태평중학교","태평초등학교","수진초등학교","태평3동주민센터","성남시청","동부센트레빌 1.2단지"],"BUSSTOP": [{"StopName":"수진리고개.태평고개","StopID":"109438","Bus": [{"BusNo":"100","Type":"1","BlID":"5011","BusCityName":"성남"},{"BusNo":"100(출근형)","Type":"1","BlID":"5026","BusCityName":"성남"},{"BusNo":"70","Type":"1","BlID":"5029","BusCityName":"성남"},{"BusNo":"5","Type":"1","BlID":"5109","BusCityName":"성남"},{"BusNo":"30","Type":"1","BlID":"8000","BusCityName":"하남"},{"BusNo":"30-1","Type":"1","BlID":"8001","BusCityName":"하남"},{"BusNo":"500-5","Type":"1","BlID":"10002","BusCityName":"광주"},{"BusNo":"32","Type":"1","BlID":"10015","BusCityName":"광주"},{"BusNo":"116","Type":"1","BlID":"10074","BusCityName":"광주"},{"BusNo":"119","Type":"1","BlID":"10078","BusCityName":"광주"},{"BusNo":"500-2","Type":"4","BlID":"10017","BusCityName":"광주"},{"BusNo":"500-1","Type":"4","BlID":"10033","BusCityName":"광주"},{"BusNo":"1117","Type":"4","BlID":"10089","BusCityName":"광주"},{"BusNo":"302","Type":"11","BlID":"1007","BusCityName":"서울"},{"BusNo":"303","Type":"11","BlID":"1008","BusCityName":"서울"},{"BusNo":"462","Type":"11","BlID":"1357","BusCityName":"서울"},{"BusNo":"4419","Type":"12","BlID":"1062","BusCityName":"서울"},{"BusNo":"9403","Type":"14","BlID":"1348","BusCityName":"서울"},{"BusNo":"3300","Type":"22","BlID":"10000","BusCityName":"광주"}]},{"StopName":"가천대역(마을)","StopID":"198489","Bus": [{"BusNo":"77","Type":"3","BlID":"5078","BusCityName":"성남"}]}]},{"GateNo":"4","GateLink": ["수정경찰서"],"BUSSTOP": [{"StopName":"수진리고개.태평고개","StopID":"109429","Bus": [{"BusNo":"100(출근형)","Type":"1","BlID":"5026","BusCityName":"성남"},{"BusNo":"70","Type":"1","BlID":"5029","BusCityName":"성남"},{"BusNo":"5","Type":"1","BlID":"5109","BusCityName":"성남"},{"BusNo":"30","Type":"1","BlID":"8000","BusCityName":"하남"},{"BusNo":"30-1","Type":"1","BlID":"8001","BusCityName":"하남"},{"BusNo":"500-5","Type":"1","BlID":"10002","BusCityName":"광주"},{"BusNo":"32","Type":"1","BlID":"10015","BusCityName":"광주"},{"BusNo":"116","Type":"1","BlID":"10074","BusCityName":"광주"},{"BusNo":"119","Type":"1","BlID":"10078","BusCityName":"광주"},{"BusNo":"500-2","Type":"4","BlID":"10017","BusCityName":"광주"},{"BusNo":"500-1","Type":"4","BlID":"10033","BusCityName":"광주"},{"BusNo":"1117","Type":"4","BlID":"10089","BusCityName":"광주"},{"BusNo":"302","Type":"11","BlID":"1007","BusCityName":"서울"},{"BusNo":"303","Type":"11","BlID":"1008","BusCityName":"서울"},{"BusNo":"462","Type":"11","BlID":"1357","BusCityName":"서울"},{"BusNo":"4419","Type":"12","BlID":"1062","BusCityName":"서울"},{"BusNo":"9403","Type":"14","BlID":"1348","BusCityName":"서울"},{"BusNo":"3300","Type":"22","BlID":"10000","BusCityName":"광주"}]}]},{"GateNo":"5","GateLink": ["성남방면버스정류장"],"BUSSTOP": [{"StopName":"복정파출소","StopID":"109419","Bus": [{"BusNo":"100","Type":"1","BlID":"5011","BusCityName":"성남"},{"BusNo":"100(출근형)","Type":"1","BlID":"5026","BusCityName":"성남"},{"BusNo":"70","Type":"1","BlID":"5029","BusCityName":"성남"},{"BusNo":"5","Type":"1","BlID":"5109","BusCityName":"성남"},{"BusNo":"30","Type":"1","BlID":"8000","BusCityName":"하남"},{"BusNo":"30-1","Type":"1","BlID":"8001","BusCityName":"하남"},{"BusNo":"500-5","Type":"1","BlID":"10002","BusCityName":"광주"},{"BusNo":"32","Type":"1","BlID":"10015","BusCityName":"광주"},{"BusNo":"116","Type":"1","BlID":"10074","BusCityName":"광주"},{"BusNo":"119","Type":"1","BlID":"10078","BusCityName":"광주"},{"BusNo":"500-2","Type":"4","BlID":"10017","BusCityName":"광주"},{"BusNo":"500-1","Type":"4","BlID":"10033","BusCityName":"광주"},{"BusNo":"1117","Type":"4","BlID":"10089","BusCityName":"광주"},{"BusNo":"302","Type":"11","BlID":"1007","BusCityName":"서울"},{"BusNo":"303","Type":"11","BlID":"1008","BusCityName":"서울"},{"BusNo":"462","Type":"11","BlID":"1357","BusCityName":"서울"},{"BusNo":"4419","Type":"12","BlID":"1062","BusCityName":"서울"},{"BusNo":"9403","Type":"14","BlID":"1348","BusCityName":"서울"}]},{"StopName":"가천대역.가천대학교","StopID":"109420","Bus": [{"BusNo":"100","Type":"1","BlID":"5011","BusCityName":"성남"},{"BusNo":"100(출근형)","Type":"1","BlID":"5026","BusCityName":"성남"},{"BusNo":"70","Type":"1","BlID":"5029","BusCityName":"성남"},{"BusNo":"5","Type":"1","BlID":"5109","BusCityName":"성남"},{"BusNo":"30","Type":"1","BlID":"8000","BusCityName":"하남"},{"BusNo":"30-1","Type":"1","BlID":"8001","BusCityName":"하남"},{"BusNo":"500-5","Type":"1","BlID":"10002","BusCityName":"광주"},{"BusNo":"32","Type":"1","BlID":"10015","BusCityName":"광주"},{"BusNo":"116","Type":"1","BlID":"10074","BusCityName":"광주"},{"BusNo":"119","Type":"1","BlID":"10078","BusCityName":"광주"},{"BusNo":"500-2","Type":"4","BlID":"10017","BusCityName":"광주"},{"BusNo":"500-1","Type":"4","BlID":"10033","BusCityName":"광주"},{"BusNo":"1117","Type":"4","BlID":"10089","BusCityName":"광주"},{"BusNo":"302","Type":"11","BlID":"1007","BusCityName":"서울"},{"BusNo":"303","Type":"11","BlID":"1008","BusCityName":"서울"},{"BusNo":"462","Type":"11","BlID":"1357","BusCityName":"서울"},{"BusNo":"4419","Type":"12","BlID":"1062","BusCityName":"서울"},{"BusNo":"9403","Type":"14","BlID":"1348","BusCityName":"서울"},{"BusNo":"3300","Type":"22","BlID":"10000","BusCityName":"광주"}]}]}]}}}