{"result": {"stationName":"태평","stationID":1524,"type":100,"laneName":"분당선","laneCity":"수도권","x":127.127758,"y":37.4398454,"prevOBJ": {"station": [{"stationName":"가천대","stationID":1523,"type":100,"laneName":"분당선","laneCity":"수도권","x":127.1266936,"y":37.4487942}]},"nextOBJ": {"station": [{"stationName":"모란","stationID":1525,"type":100,"laneName":"분당선","laneCity":"수도권","x":127.129079,"y":37.4321329}]},"defaultInfo": {"address":"경기도 성남시 수정구 수진동 4808","new_address":"경기도 성남시 수정구 성남대로 1229","tel":"1544-7788"},"useInfo": {"platform":2,"meetingPlace":0,"restroom":2,"offDoor":0,"crossOver":2,"publicPlace":0,"handicapCount":1,"parkingCount":0,"bicycleCount":1,"civilCount":0},"exitInfo": {"gate": [{"GateNo":"1","GateLink": ["태평중학교","한국전력공사"],"BUSSTOP": [{"StopName":"성남수정경찰서","StopID":"109457","Bus": [{"BusNo":"15-1","Type":"1","BlID":"5017","BusCityName":"성남"},{"BusNo":"100(출근형)","Type":"1","BlID":"5026","BusCityName":"성남"},{"BusNo":"70","Type":"1","BlID":"5029","BusCityName":"성남"},{"BusNo":"5","Type":"1","BlID":"5109","BusCityName":"성남"},{"BusNo":"30","Type":"1","BlID":"8000","BusCityName":"하남"},{"BusNo":"30-1","Type":"1","BlID":"8001","BusCityName":"하남"},{"BusNo":"500-5","Type":"1","BlID":"10002","BusCityName":"광주"},{"BusNo":"32","Type":"1","BlID":"10015","BusCityName":"광주"},{"BusNo":"32-1","Type":"1","BlID":"10016","BusCityName":"광주"},{"BusNo":"116","Type":"1","BlID":"10074","BusCityName":"광주"},{"BusNo":"119","Type":"1","BlID":"10078","BusCityName":"광주"},{"BusNo":"77","Type":"3","BlID":"5078","BusCityName":"성남"},{"BusNo":"500-2","Type":"4","BlID":"10017","BusCityName":"광주"},{"BusNo":"500-1","Type":"4","BlID":"10033","BusCityName":"광주"},{"BusNo":"1117","Type":"4","BlID":"10089","BusCityName":"광주"},{"BusNo":"302","Type":"11","BlID":"1007","BusCityName":"서울"},{"BusNo":"303","Type":"11","BlID":"1008","BusCityName":"서울"},{"BusNo":"462","Type":"11","BlID":"1357","BusCityName":"서울"},{"BusNo":"4419","Type":"12","BlID":"1062","BusCityName":"서울"},{"BusNo":"9403","Type":"14","BlID":"1348","BusCityName":"서울"}]}]},{"GateNo":"2","GateLink": ["수진초등학교","태평우체국","태평초등학교","태평지구대","태평3동주민센터","현대시장"],"BUSSTOP": [{"StopName":"통계청.태평역","StopID":"109519","Bus": [{"BusNo":"82","Type":"1","BlID":"5019","BusCityName":"성남"},{"BusNo":"100(출근형)","Type":"1","BlID":"5026","BusCityName":"성남"},{"BusNo":"220","Type":"1","BlID":"5033","BusCityName":"성남"},{"BusNo":"2-1","Type":"1","BlID":"5039","BusCityName":"성남"},{"BusNo":"2","Type":"1","BlID":"5048","BusCityName":"성남"},{"BusNo":"3-1","Type":"1","BlID":"5049","BusCityName":"성남"},{"BusNo":"50","Type":"1","BlID":"5054","BusCityName":"성남"},{"BusNo":"200","Type":"1","BlID":"5082","BusCityName":"성남"},{"BusNo":"240","Type":"1","BlID":"5102","BusCityName":"성남"},{"BusNo":"330","Type":"1","BlID":"5106","BusCityName":"성남"},{"BusNo":"30-1","Type":"1","BlID":"8001","BusCityName":"하남"},{"BusNo":"32-1","Type":"1","BlID":"10016","BusCityName":"광주"},{"BusNo":"77","Type":"3","BlID":"5078","BusCityName":"성남"},{"BusNo":"302","Type":"11","BlID":"1007","BusCityName":"서울"},{"BusNo":"303","Type":"11","BlID":"1008","BusCityName":"서울"},{"BusNo":"462","Type":"11","BlID":"1357","BusCityName":"서울"},{"BusNo":"4419","Type":"12","BlID":"1062","BusCityName":"서울"}]}]},{"GateNo":"3","GateLink": ["수진1치안센터","수진소방파출소","현대아파트"],"BUSSTOP": [{"StopName":"통계청.태평역","StopID":"109511","Bus": [{"BusNo":"82","Type":"1","BlID":"5019","BusCityName":"성남"},{"BusNo":"100(출근형)","Type":"1","BlID":"5026","BusCityName":"성남"},{"BusNo":"220","Type":"1","BlID":"5033","BusCityName":"성남"},{"BusNo":"2-1","Type":"1","BlID":"5039","BusCityName":"성남"},{"BusNo":"2","Type":"1","BlID":"5048","BusCityName":"성남"},{"BusNo":"3-1","Type":"1","BlID":"5049","BusCityName":"성남"},{"BusNo":"50","Type":"1","BlID":"5054","BusCityName":"성남"},{"BusNo":"200","Type":"1","BlID":"5082","BusCityName":"성남"},{"BusNo":"240","Type":"1","BlID":"5102","BusCityName":"성남"},{"BusNo":"330","Type":"1","BlID":"5106","BusCityName":"성남"},{"BusNo":"30-1","Type":"1","BlID":"8001","BusCityName":"하남"},{"BusNo":"302","Type":"11","BlID":"1007","BusCityName":"서울"},{"BusNo":"303","Type":"11","BlID":"1008","BusCityName":"서울"},{"BusNo":"462","Type":"11","BlID":"1357","BusCityName":"서울"},{"BusNo":"4419","Type":"12","BlID":"1062","BusCityName":"서울"}]}]},{"GateNo":"4","GateLink": ["수진2동주민센터","성남제2초등학교","풍생중학교","성남소방서","풍생고등학교","제일시장","성남세무서","성남세무서 별관"],"BUSSTOP": [{"StopName":"모란고개","StopID":"109481","Bus": [{"BusNo":"15-1","Type":"1","BlID":"5017","BusCityName":"성남"},{"BusNo":"70","Type":"1","BlID":"5029","BusCityName":"성남"},{"BusNo":"220","Type":"1","BlID":"5033","BusCityName":"성남"},{"BusNo":"2-1","Type":"1","BlID":"5039","BusCityName":"성남"},{"BusNo":"2","Type":"1","BlID":"5048","BusCityName":"성남"},{"BusNo":"3-1","Type":"1","BlID":"5049","BusCityName":"성남"},{"BusNo":"50","Type":"1","BlID":"5054","BusCityName":"성남"},{"BusNo":"200","Type":"1","BlID":"5082","BusCityName":"성남"},{"BusNo":"240","Type":"1","BlID":"5102","BusCityName":"성남"},{"BusNo":"330","Type":"1","BlID":"5106","BusCityName":"성남"},{"BusNo":"5","Type":"1","BlID":"5109","BusCityName":"성남"},{"BusNo":"30","Type":"1","BlID":"8000","BusCityName":"하남"},{"BusNo":"500-5","Type":"1","BlID":"10002","BusCityName":"광주"},{"BusNo":"32","Type":"1","BlID":"10015","BusCityName":"광주"},{"BusNo":"32-1","Type":"1","BlID":"10016","BusCityName":"광주"},{"BusNo":"116","Type":"1","BlID":"10074","BusCityName":"광주"},{"BusNo":"119","Type":"1","BlID":"10078","BusCityName":"광주"},{"BusNo":"3-3","Type":"3","BlID":"5073","BusCityName":"성남"},{"BusNo":"76","Type":"3","BlID":"5137","BusCityName":"성남"},{"BusNo":"500-2","Type":"4","BlID":"10017","BusCityName":"광주"},{"BusNo":"500-1","Type":"4","BlID":"10033","BusCityName":"광주"},{"BusNo":"1117","Type":"4","BlID":"10089","BusCityName":"광주"},{"BusNo":"9403","Type":"14","BlID":"1348","BusCityName":"서울"}]}]},{"GateNo":"5","GateLink": ["성수초등학교","삼부아파트","한국산업인력공단(성남지사)","산호아파트"],"BUSSTOP": [{"StopName":"모란고개","StopID":"109467","Bus": [{"BusNo":"15-1","Type":"1","BlID":"5017","BusCityName":"성남"},{"BusNo":"70","Type":"1","BlID":"5029","BusCityName":"성남"},{"BusNo":"220","Type":"1","BlID":"5033","BusCityName":"성남"},{"BusNo":"2-1","Type":"1","BlID":"5039","BusCityName":"성남"},{"BusNo":"2","Type":"1","BlID":"5048","BusCityName":"성남"},{"BusNo":"3-1","Type":"1","BlID":"5049","BusCityName":"성남"},{"BusNo":"50","Type":"1","BlID":"5054","BusCityName":"성남"},{"BusNo":"200","Type":"1","BlID":"5082","BusCityName":"성남"},{"BusNo":"240","Type":"1","BlID":"5102","BusCityName":"성남"},{"BusNo":"330","Type":"1","BlID":"5106","BusCityName":"성남"},{"BusNo":"5","Type":"1","BlID":"5109","BusCityName":"성남"},{"BusNo":"30","Type":"1","BlID":"8000","BusCityName":"하남"},{"BusNo":"500-5","Type":"1","BlID":"10002","BusCityName":"광주"},{"BusNo":"32","Type":"1","BlID":"10015","BusCityName":"광주"},{"BusNo":"32-1","Type":"1","BlID":"10016","BusCityName":"광주"},{"BusNo":"116","Type":"1","BlID":"10074","BusCityName":"광주"},{"BusNo":"119","Type":"1","BlID":"10078","BusCityName":"광주"},{"BusNo":"3-3","Type":"3","BlID":"5073","BusCityName":"성남"},{"BusNo":"76","Type":"3","BlID":"5137","BusCityName":"성남"},{"BusNo":"500-2","Type":"4","BlID":"10017","BusCityName":"광주"},{"BusNo":"500-1","Type":"4","BlID":"10033","BusCityName":"광주"},{"BusNo":"1117","Type":"4","BlID":"10089","BusCityName":"광주"},{"BusNo":"9403","Type":"14","BlID":"1348","BusCityName":"서울"}]},{"StopName":"태평역(마을)","StopID":"198530","Bus": [{"BusNo":"3-3","Type":"3","BlID":"5073","BusCityName":"성남"}]}]},{"GateNo":"6","GateLink": ["태평1동주민센터","수정경찰서"],"BUSSTOP": [{"StopName":"성남수정경찰서앞","StopID":"109442","Bus": [{"BusNo":"15-1","Type":"1","BlID":"5017","BusCityName":"성남"},{"BusNo":"70","Type":"1","BlID":"5029","BusCityName":"성남"},{"BusNo":"5","Type":"1","BlID":"5109","BusCityName":"성남"},{"BusNo":"30","Type":"1","BlID":"8000","BusCityName":"하남"},{"BusNo":"500-5","Type":"1","BlID":"10002","BusCityName":"광주"},{"BusNo":"32","Type":"1","BlID":"10015","BusCityName":"광주"},{"BusNo":"116","Type":"1","BlID":"10074","BusCityName":"광주"},{"BusNo":"119","Type":"1","BlID":"10078","BusCityName":"광주"},{"BusNo":"500-2","Type":"4","BlID":"10017","BusCityName":"광주"},{"BusNo":"500-1","Type":"4","BlID":"10033","BusCityName":"광주"},{"BusNo":"1117","Type":"4","BlID":"10089","BusCityName":"광주"},{"BusNo":"9403","Type":"14","BlID":"1348","BusCityName":"서울"}]},{"StopName":"태평역(마을)","StopID":"198384","Bus": [{"BusNo":"3-3","Type":"3","BlID":"5073","BusCityName":"성남"}]}]}]}}}