{"result": {"stationName":"모란","stationID":1525,"type":100,"laneName":"분당선","laneCity":"수도권","x":127.129079,"y":37.4321329,"exOBJ": {"station": [{"stationName":"모란","stationID":826,"type":8,"laneName":"수도권 8호선","laneCity":"수도권"}]},"prevOBJ": {"station": [{"stationName":"태평","stationID":1524,"type":100,"laneName":"분당선","laneCity":"수도권","x":127.127758,"y":37.4398454}]},"nextOBJ": {"station": [{"stationName":"야탑","stationID":1526,"type":100,"laneName":"분당선","laneCity":"수도권","x":127.1286757,"y":37.4113241}]},"defaultInfo": {"address":"경기도 성남시 중원구 성남동 1575","new_address":"경기도 성남시 중원구 성남대로 1147","tel":"1544-7788"},"useInfo": {"platform":2,"meetingPlace":0,"restroom":2,"offDoor":0,"crossOver":2,"publicPlace":0,"handicapCount":1,"parkingCount":0,"bicycleCount":1,"civilCount":1},"exitInfo": {"gate": [{"GateNo":"1","GateLink": ["광명로"],"BUSSTOP": [{"StopName":"모란농협","StopID":"113293","Bus": [{"BusNo":"55-1","Type":"1","BlID":"5038","BusCityName":"성남"},{"BusNo":"33","Type":"1","BlID":"5042","BusCityName":"성남"},{"BusNo":"60","Type":"1","BlID":"5045","BusCityName":"성남"},{"BusNo":"350","Type":"1","BlID":"5092","BusCityName":"성남"},{"BusNo":"8","Type":"3","BlID":"5124","BusCityName":"성남"}]}]},{"GateNo":"2","GateLink": ["성남동주민센터","성남종합운동장"],"BUSSTOP": [{"StopName":"모란농협.모란연세의원","StopID":"113284","Bus": [{"BusNo":"82","Type":"1","BlID":"5019","BusCityName":"성남"},{"BusNo":"55","Type":"1","BlID":"5036","BusCityName":"성남"},{"BusNo":"55-1","Type":"1","BlID":"5038","BusCityName":"성남"},{"BusNo":"33","Type":"1","BlID":"5042","BusCityName":"성남"},{"BusNo":"60","Type":"1","BlID":"5045","BusCityName":"성남"},{"BusNo":"350","Type":"1","BlID":"5092","BusCityName":"성남"},{"BusNo":"9","Type":"1","BlID":"10006","BusCityName":"광주"},{"BusNo":"88-1","Type":"3","BlID":"5086","BusCityName":"성남"},{"BusNo":"8","Type":"3","BlID":"5124","BusCityName":"성남"}]}]},{"GateNo":"3","GateLink": ["중원구청","성남동주민센터"],"BUSSTOP": [{"StopName":"모란역","StopID":"109513","Bus": [{"BusNo":"340-1","Type":"1","BlID":"5000","BusCityName":"성남"},{"BusNo":"82","Type":"1","BlID":"5019","BusCityName":"성남"},{"BusNo":"57","Type":"1","BlID":"5035","BusCityName":"성남"},{"BusNo":"55","Type":"1","BlID":"5036","BusCityName":"성남"},{"BusNo":"55-1","Type":"1","BlID":"5038","BusCityName":"성남"},{"BusNo":"33","Type":"1","BlID":"5042","BusCityName":"성남"},{"BusNo":"60","Type":"1","BlID":"5045","BusCityName":"성남"},{"BusNo":"51","Type":"1","BlID":"5046","BusCityName":"성남"},{"BusNo":"52","Type":"1","BlID":"5080","BusCityName":"성남"},{"BusNo":"340","Type":"1","BlID":"5091","BusCityName":"성남"},{"BusNo":"350","Type":"1","BlID":"5092","BusCityName":"성남"},{"BusNo":"9","Type":"1","BlID":"10006","BusCityName":"광주"},{"BusNo":"116-3","Type":"1","BlID":"10076","BusCityName":"화성"},{"BusNo":"17","Type":"1","BlID":"10077","BusCityName":"광주"},{"BusNo":"17-1","Type":"1","BlID":"10098","BusCityName":"광주"},{"BusNo":"3-3","Type":"3","BlID":"5073","BusCityName":"성남"},{"BusNo":"11-1","Type":"3","BlID":"5079","BusCityName":"성남"},{"BusNo":"88-1","Type":"3","BlID":"5086","BusCityName":"성남"},{"BusNo":"8","Type":"3","BlID":"5124","BusCityName":"성남"},{"BusNo":"76","Type":"3","BlID":"5137","BusCityName":"성남"},{"BusNo":"333","Type":"4","BlID":"5032","BusCityName":"성남"},{"BusNo":"2007","Type":"4","BlID":"9583","BusCityName":"수원"}]}]},{"GateNo":"4","GateLink": ["어울림아파트","성남동"],"BUSSTOP": [{"StopName":"모란역","StopID":"179498","Bus": [{"BusNo":"15-1","Type":"1","BlID":"5017","BusCityName":"성남"},{"BusNo":"220","Type":"1","BlID":"5033","BusCityName":"성남"},{"BusNo":"2-1","Type":"1","BlID":"5039","BusCityName":"성남"},{"BusNo":"2","Type":"1","BlID":"5048","BusCityName":"성남"},{"BusNo":"3-1","Type":"1","BlID":"5049","BusCityName":"성남"},{"BusNo":"50","Type":"1","BlID":"5054","BusCityName":"성남"},{"BusNo":"200","Type":"1","BlID":"5082","BusCityName":"성남"},{"BusNo":"240","Type":"1","BlID":"5102","BusCityName":"성남"},{"BusNo":"330","Type":"1","BlID":"5106","BusCityName":"성남"},{"BusNo":"5","Type":"1","BlID":"5109","BusCityName":"성남"},{"BusNo":"500-5","Type":"1","BlID":"10002","BusCityName":"광주"},{"BusNo":"32","Type":"1","BlID":"10015","BusCityName":"광주"},{"BusNo":"32-1","Type":"1","BlID":"10016","BusCityName":"광주"},{"BusNo":"116","Type":"1","BlID":"10074","BusCityName":"광주"},{"BusNo":"119","Type":"1","BlID":"10078","BusCityName":"광주"},{"BusNo":"9507","Type":"4","BlID":"5065","BusCityName":"성남"},{"BusNo":"9607","Type":"4","BlID":"5072","BusCityName":"성남"},{"BusNo":"500-2","Type":"4","BlID":"10017","BusCityName":"광주"},{"BusNo":"500-1","Type":"4","BlID":"10033","BusCityName":"광주"},{"BusNo":"1117","Type":"4","BlID":"10089","BusCityName":"광주"},{"BusNo":"5100","Type":"5","BlID":"10103","BusCityName":"광주"},{"BusNo":"5300","Type":"5","BlID":"10591","BusCityName":"광주"},{"BusNo":"9403","Type":"14","BlID":"1348","BusCityName":"서울"},{"BusNo":"8414","Type":"22","BlID":"6584","BusCityName":"안산"},{"BusNo":"8467","Type":"22","BlID":"6585","BusCityName":"안산"},{"BusNo":"8810","Type":"22","BlID":"6586","BusCityName":"안산"},{"BusNo":"8860","Type":"22","BlID":"6591","BusCityName":"안산"},{"BusNo":"3300","Type":"22","BlID":"10000","BusCityName":"광주"},{"BusNo":"8806","Type":"22","BlID":"10653","BusCityName":"광주"}]}]},{"GateNo":"5","GateLink": ["모란시장","성남시청","성남시의회","뚝방길방면"],"BUSSTOP": [{"StopName":"모란시장","StopID":"166411","Bus": [{"BusNo":"333","Type":"4","BlID":"5032","BusCityName":"성남"},{"BusNo":"2007","Type":"4","BlID":"9583","BusCityName":"수원"},{"BusNo":"500-2","Type":"4","BlID":"10017","BusCityName":"광주"},{"BusNo":"500-1","Type":"4","BlID":"10033","BusCityName":"광주"},{"BusNo":"1117","Type":"4","BlID":"10089","BusCityName":"광주"},{"BusNo":"9403","Type":"14","BlID":"1348","BusCityName":"서울"},{"BusNo":"8414","Type":"22","BlID":"6584","BusCityName":"안산"},{"BusNo":"8467","Type":"22","BlID":"6585","BusCityName":"안산"},{"BusNo":"8810","Type":"22","BlID":"6586","BusCityName":"안산"},{"BusNo":"8860","Type":"22","BlID":"6591","BusCityName":"안산"},{"BusNo":"3300","Type":"22","BlID":"10000","BusCityName":"광주"},{"BusNo":"8806","Type":"22","BlID":"10653","BusCityName":"광주"}]}]},{"GateNo":"6","GateLink": ["모란시장"],"BUSSTOP": [{"StopName":"모란역.모란시장","StopID":"109494","Bus": [{"BusNo":"340-1","Type":"1","BlID":"5000","BusCityName":"성남"},{"BusNo":"15-1","Type":"1","BlID":"5017","BusCityName":"성남"},{"BusNo":"220","Type":"1","BlID":"5033","BusCityName":"성남"},{"BusNo":"55-1","Type":"1","BlID":"5038","BusCityName":"성남"},{"BusNo":"2-1","Type":"1","BlID":"5039","BusCityName":"성남"},{"BusNo":"33","Type":"1","BlID":"5042","BusCityName":"성남"},{"BusNo":"60","Type":"1","BlID":"5045","BusCityName":"성남"},{"BusNo":"51","Type":"1","BlID":"5046","BusCityName":"성남"},{"BusNo":"2","Type":"1","BlID":"5048","BusCityName":"성남"},{"BusNo":"88","Type":"1","BlID":"5050","BusCityName":"성남"},{"BusNo":"50","Type":"1","BlID":"5054","BusCityName":"성남"},{"BusNo":"52","Type":"1","BlID":"5080","BusCityName":"성남"},{"BusNo":"200","Type":"1","BlID":"5082","BusCityName":"성남"},{"BusNo":"340","Type":"1","BlID":"5091","BusCityName":"성남"},{"BusNo":"350","Type":"1","BlID":"5092","BusCityName":"성남"},{"BusNo":"240","Type":"1","BlID":"5102","BusCityName":"성남"},{"BusNo":"330","Type":"1","BlID":"5106","BusCityName":"성남"},{"BusNo":"5","Type":"1","BlID":"5109","BusCityName":"성남"},{"BusNo":"500-5","Type":"1","BlID":"10002","BusCityName":"광주"},{"BusNo":"9","Type":"1","BlID":"10006","BusCityName":"광주"},{"BusNo":"116","Type":"1","BlID":"10074","BusCityName":"광주"},{"BusNo":"31-3","Type":"1","BlID":"10075","BusCityName":"광주"},{"BusNo":"116-3","Type":"1","BlID":"10076","BusCityName":"화성"},{"BusNo":"17","Type":"1","BlID":"10077","BusCityName":"광주"},{"BusNo":"119","Type":"1","BlID":"10078","BusCityName":"광주"},{"BusNo":"17-1","Type":"1","BlID":"10098","BusCityName":"광주"},{"BusNo":"31-2","Type":"1","BlID":"10415","BusCityName":"광주"},{"BusNo":"3-3","Type":"3","BlID":"5073","BusCityName":"성남"},{"BusNo":"11-1","Type":"3","BlID":"5079","BusCityName":"성남"},{"BusNo":"76","Type":"3","BlID":"5137","BusCityName":"성남"},{"BusNo":"9507","Type":"4","BlID":"5065","BusCityName":"성남"},{"BusNo":"9607","Type":"4","BlID":"5072","BusCityName":"성남"},{"BusNo":"8446","Type":"22","BlID":"10638","BusCityName":"광주"}]},{"StopName":"모란역","StopID":"163390","Bus": [{"BusNo":"57","Type":"1","BlID":"5035","BusCityName":"성남"},{"BusNo":"3-1","Type":"1","BlID":"5049","BusCityName":"성남"},{"BusNo":"32","Type":"1","BlID":"10015","BusCityName":"광주"},{"BusNo":"32-1","Type":"1","BlID":"10016","BusCityName":"광주"}]}]},{"GateNo":"7","GateLink": ["성남I.C방면"]},{"GateNo":"8","GateLink": ["탄천방면"]},{"GateNo":"9","GateLink": ["성수초등학교","성남동제2복지회관"]},{"GateNo":"10","GateLink": ["수진2동주민센터","태평역 방면","근로복지공단 성남지사","성남세무서"]},{"GateNo":"11","GateLink": ["수진동우체국","성남소방서","풍생중.고등학교","성남수정초등학교"],"BUSSTOP": [{"StopName":"모란역.모란시장입구.풍생고","StopID":"113124","Bus": [{"BusNo":"340-1","Type":"1","BlID":"5000","BusCityName":"성남"},{"BusNo":"70","Type":"1","BlID":"5029","BusCityName":"성남"},{"BusNo":"57","Type":"1","BlID":"5035","BusCityName":"성남"},{"BusNo":"51","Type":"1","BlID":"5046","BusCityName":"성남"},{"BusNo":"52","Type":"1","BlID":"5080","BusCityName":"성남"},{"BusNo":"340","Type":"1","BlID":"5091","BusCityName":"성남"},{"BusNo":"30","Type":"1","BlID":"8000","BusCityName":"하남"},{"BusNo":"9","Type":"1","BlID":"10006","BusCityName":"광주"},{"BusNo":"31-3","Type":"1","BlID":"10075","BusCityName":"광주"},{"BusNo":"116-3","Type":"1","BlID":"10076","BusCityName":"화성"},{"BusNo":"17","Type":"1","BlID":"10077","BusCityName":"광주"},{"BusNo":"17-1","Type":"1","BlID":"10098","BusCityName":"광주"},{"BusNo":"31-2","Type":"1","BlID":"10415","BusCityName":"광주"},{"BusNo":"11-1","Type":"3","BlID":"5079","BusCityName":"성남"}]}]},{"GateNo":"12","GateLink": ["중앙로","성남종합운동장"],"BUSSTOP": [{"StopName":"모란역.모란시장입구.풍생중고교","StopID":"113142","Bus": [{"BusNo":"340-1","Type":"1","BlID":"5000","BusCityName":"성남"},{"BusNo":"70","Type":"1","BlID":"5029","BusCityName":"성남"},{"BusNo":"57","Type":"1","BlID":"5035","BusCityName":"성남"},{"BusNo":"51","Type":"1","BlID":"5046","BusCityName":"성남"},{"BusNo":"52","Type":"1","BlID":"5080","BusCityName":"성남"},{"BusNo":"340","Type":"1","BlID":"5091","BusCityName":"성남"},{"BusNo":"30","Type":"1","BlID":"8000","BusCityName":"하남"},{"BusNo":"116-3","Type":"1","BlID":"10076","BusCityName":"화성"},{"BusNo":"17","Type":"1","BlID":"10077","BusCityName":"광주"},{"BusNo":"17-1","Type":"1","BlID":"10098","BusCityName":"광주"},{"BusNo":"11-1","Type":"3","BlID":"5079","BusCityName":"성남"}]}]}]}}}