{"result": {"stationName":"야탑","stationID":1526,"type":100,"laneName":"분당선","laneCity":"수도권","x":127.1286757,"y":37.4113241,"prevOBJ": {"station": [{"stationName":"모란","stationID":1525,"type":100,"laneName":"분당선","laneCity":"수도권","x":127.129079,"y":37.4321329}]},"nextOBJ": {"station": [{"stationName":"이매","stationID":1527,"type":100,"laneName":"분당선","laneCity":"수도권","x":127.1282899,"y":37.3958498}]},"defaultInfo": {"address":"경기도 성남시 분당구 야탑동 488-1","new_address":"경기도 성남시 분당구 성남대로 903","tel":"1544-7788"},"useInfo": {"platform":2,"meetingPlace":0,"restroom":2,"offDoor":0,"crossOver":2,"publicPlace":0,"handicapCount":1,"parkingCount":1,"bicycleCount":0,"civilCount":0},"exitInfo": {"gate": [{"GateNo":"1","GateLink": ["야탑1동주민센터","야탑중학교","야탑우체국","중탑초등학교","야탑소방파출소","성남금융고등학교","장미마을"]},{"GateNo":"2","GateLink": ["돌마초등학교","야탑3동주민센터","성남시중앙도서관","성남시여성문화회관","하탑중학교"],"BUSSTOP": [{"StopName":"야탑역.고속버스터미널","StopID":"109502","Bus": [{"BusNo":"340-1","Type":"1","BlID":"5000","BusCityName":"성남"},{"BusNo":"15-1","Type":"1","BlID":"5017","BusCityName":"성남"},{"BusNo":"330(출근형)","Type":"1","BlID":"5020","BusCityName":"성남"},{"BusNo":"250","Type":"1","BlID":"5030","BusCityName":"성남"},{"BusNo":"220","Type":"1","BlID":"5033","BusCityName":"성남"},{"BusNo":"57","Type":"1","BlID":"5035","BusCityName":"성남"},{"BusNo":"55","Type":"1","BlID":"5036","BusCityName":"성남"},{"BusNo":"55-1","Type":"1","BlID":"5038","BusCityName":"성남"},{"BusNo":"222","Type":"1","BlID":"5043","BusCityName":"성남"},{"BusNo":"60","Type":"1","BlID":"5045","BusCityName":"성남"},{"BusNo":"51","Type":"1","BlID":"5046","BusCityName":"성남"},{"BusNo":"50","Type":"1","BlID":"5054","BusCityName":"성남"},{"BusNo":"380","Type":"1","BlID":"5067","BusCityName":"성남"},{"BusNo":"103","Type":"1","BlID":"5069","BusCityName":"성남"},{"BusNo":"52","Type":"1","BlID":"5080","BusCityName":"성남"},{"BusNo":"200","Type":"1","BlID":"5082","BusCityName":"성남"},{"BusNo":"340","Type":"1","BlID":"5091","BusCityName":"성남"},{"BusNo":"350","Type":"1","BlID":"5092","BusCityName":"성남"},{"BusNo":"330","Type":"1","BlID":"5106","BusCityName":"성남"},{"BusNo":"5","Type":"1","BlID":"5109","BusCityName":"성남"},{"BusNo":"300","Type":"1","BlID":"5113","BusCityName":"성남"},{"BusNo":"9","Type":"1","BlID":"10006","BusCityName":"광주"},{"BusNo":"116-3","Type":"1","BlID":"10076","BusCityName":"화성"},{"BusNo":"17","Type":"1","BlID":"10077","BusCityName":"광주"},{"BusNo":"119","Type":"1","BlID":"10078","BusCityName":"광주"},{"BusNo":"17-1","Type":"1","BlID":"10098","BusCityName":"광주"},{"BusNo":"251","Type":"3","BlID":"5001","BusCityName":"성남"},{"BusNo":"812","Type":"3","BlID":"5005","BusCityName":"성남"},{"BusNo":"3-1","Type":"3","BlID":"5010","BusCityName":"성남"},{"BusNo":"3-7","Type":"3","BlID":"5015","BusCityName":"성남"},{"BusNo":"8","Type":"3","BlID":"5124","BusCityName":"성남"},{"BusNo":"76","Type":"3","BlID":"5137","BusCityName":"성남"},{"BusNo":"8-1","Type":"3","BlID":"5142","BusCityName":"성남"},{"BusNo":"73-1","Type":"3","BlID":"5149","BusCityName":"성남"},{"BusNo":"75","Type":"3","BlID":"5151","BusCityName":"성남"},{"BusNo":"3330","Type":"4","BlID":"5063","BusCityName":"성남"},{"BusNo":"4000","Type":"4","BlID":"5064","BusCityName":"성남"},{"BusNo":"9507","Type":"4","BlID":"5065","BusCityName":"성남"},{"BusNo":"9607","Type":"4","BlID":"5072","BusCityName":"성남"},{"BusNo":"9300","Type":"4","BlID":"5111","BusCityName":"성남"},{"BusNo":"1005","Type":"4","BlID":"10597","BusCityName":"광주"},{"BusNo":"5100","Type":"5","BlID":"10103","BusCityName":"광주"},{"BusNo":"5300","Type":"5","BlID":"10591","BusCityName":"광주"},{"BusNo":"8109","Type":"6","BlID":"10199","BusCityName":"광주"},{"BusNo":"9403","Type":"14","BlID":"1348","BusCityName":"서울"},{"BusNo":"9408","Type":"14","BlID":"1353","BusCityName":"서울"},{"BusNo":"8446","Type":"22","BlID":"10638","BusCityName":"광주"}]}]},{"GateNo":"3","GateLink": ["하탑초등학교","야탑치안센터","야탑2동주민센터","탄천종합운동장","외환은행 야탑역지점"],"BUSSTOP": [{"StopName":"야탑역.고속버스터미널","StopID":"109480","Bus": [{"BusNo":"340-1","Type":"1","BlID":"5000","BusCityName":"성남"},{"BusNo":"15-1","Type":"1","BlID":"5017","BusCityName":"성남"},{"BusNo":"330(출근형)","Type":"1","BlID":"5020","BusCityName":"성남"},{"BusNo":"250","Type":"1","BlID":"5030","BusCityName":"성남"},{"BusNo":"220","Type":"1","BlID":"5033","BusCityName":"성남"},{"BusNo":"57","Type":"1","BlID":"5035","BusCityName":"성남"},{"BusNo":"55","Type":"1","BlID":"5036","BusCityName":"성남"},{"BusNo":"55-1","Type":"1","BlID":"5038","BusCityName":"성남"},{"BusNo":"222","Type":"1","BlID":"5043","BusCityName":"성남"},{"BusNo":"60","Type":"1","BlID":"5045","BusCityName":"성남"},{"BusNo":"51","Type":"1","BlID":"5046","BusCityName":"성남"},{"BusNo":"50","Type":"1","BlID":"5054","BusCityName":"성남"},{"BusNo":"380","Type":"1","BlID":"5067","BusCityName":"성남"},{"BusNo":"103","Type":"1","BlID":"5069","BusCityName":"성남"},{"BusNo":"52","Type":"1","BlID":"5080","BusCityName":"성남"},{"BusNo":"200","Type":"1","BlID":"5082","BusCityName":"성남"},{"BusNo":"340","Type":"1","BlID":"5091","BusCityName":"성남"},{"BusNo":"350","Type":"1","BlID":"5092","BusCityName":"성남"},{"BusNo":"330","Type":"1","BlID":"5106","BusCityName":"성남"},{"BusNo":"5","Type":"1","BlID":"5109","BusCityName":"성남"},{"BusNo":"300","Type":"1","BlID":"5113","BusCityName":"성남"},{"BusNo":"9","Type":"1","BlID":"10006","BusCityName":"광주"},{"BusNo":"116-3","Type":"1","BlID":"10076","BusCityName":"화성"},{"BusNo":"17","Type":"1","BlID":"10077","BusCityName":"광주"},{"BusNo":"119","Type":"1","BlID":"10078","BusCityName":"광주"},{"BusNo":"17-1","Type":"1","BlID":"10098","BusCityName":"광주"},{"BusNo":"251","Type":"3","BlID":"5001","BusCityName":"성남"},{"BusNo":"812","Type":"3","BlID":"5005","BusCityName":"성남"},{"BusNo":"3-1","Type":"3","BlID":"5010","BusCityName":"성남"},{"BusNo":"8-1(첫차)","Type":"3","BlID":"5014","BusCityName":"성남"},{"BusNo":"3-7","Type":"3","BlID":"5015","BusCityName":"성남"},{"BusNo":"8","Type":"3","BlID":"5124","BusCityName":"성남"},{"BusNo":"76","Type":"3","BlID":"5137","BusCityName":"성남"},{"BusNo":"8-1","Type":"3","BlID":"5142","BusCityName":"성남"},{"BusNo":"73-1","Type":"3","BlID":"5149","BusCityName":"성남"},{"BusNo":"75","Type":"3","BlID":"5151","BusCityName":"성남"},{"BusNo":"3330","Type":"4","BlID":"5063","BusCityName":"성남"},{"BusNo":"4000","Type":"4","BlID":"5064","BusCityName":"성남"},{"BusNo":"9507","Type":"4","BlID":"5065","BusCityName":"성남"},{"BusNo":"9607","Type":"4","BlID":"5072","BusCityName":"성남"},{"BusNo":"9300","Type":"4","BlID":"5111","BusCityName":"성남"},{"BusNo":"1005","Type":"4","BlID":"10597","BusCityName":"광주"},{"BusNo":"8109","Type":"6","BlID":"10199","BusCityName":"광주"},{"BusNo":"9403","Type":"14","BlID":"1348","BusCityName":"서울"},{"BusNo":"9408","Type":"14","BlID":"1353","BusCityName":"서울"},{"BusNo":"8446","Type":"22","BlID":"10638","BusCityName":"광주"}]}]},{"GateNo":"4","GateLink": ["야탑초등학교","법원전산센터","분당보건소","성남시청","성남시의회","성남종합버스터미널"],"BUSSTOP": [{"StopName":"성남터미널","StopID":"163530","Bus": [{"BusNo":"8467","Type":"22","BlID":"6585","BusCityName":"안산"},{"BusNo":"8323","Type":"22","BlID":"9635","BusCityName":"수원"},{"BusNo":"8420","Type":"22","BlID":"9637","BusCityName":"수원"},{"BusNo":"3300","Type":"22","BlID":"10000","BusCityName":"광주"},{"BusNo":"8435","Type":"22","BlID":"10634","BusCityName":"광주"},{"BusNo":"8439","Type":"22","BlID":"10636","BusCityName":"광주"},{"BusNo":"8321","Type":"22","BlID":"10719","BusCityName":"광주"},{"BusNo":"8416","Type":"22","BlID":"10723","BusCityName":"광주"},{"BusNo":"8417","Type":"22","BlID":"10724","BusCityName":"광주"}]},{"StopName":"성남터미널","StopID":"163531","Bus": [{"BusNo":"8414","Type":"22","BlID":"6584","BusCityName":"안산"},{"BusNo":"8467","Type":"22","BlID":"6585","BusCityName":"안산"},{"BusNo":"8810","Type":"22","BlID":"6586","BusCityName":"안산"},{"BusNo":"8860","Type":"22","BlID":"6591","BusCityName":"안산"},{"BusNo":"8323","Type":"22","BlID":"9635","BusCityName":"수원"},{"BusNo":"8420","Type":"22","BlID":"9637","BusCityName":"수원"},{"BusNo":"3300","Type":"22","BlID":"10000","BusCityName":"광주"},{"BusNo":"8435","Type":"22","BlID":"10634","BusCityName":"광주"},{"BusNo":"8439","Type":"22","BlID":"10636","BusCityName":"광주"},{"BusNo":"8806","Type":"22","BlID":"10653","BusCityName":"광주"},{"BusNo":"8321","Type":"22","BlID":"10719","BusCityName":"광주"},{"BusNo":"8416","Type":"22","BlID":"10723","BusCityName":"광주"},{"BusNo":"8417","Type":"22","BlID":"10724","BusCityName":"광주"}]}]}]}}}