{"result": {"stationName":"이매","stationID":1527,"type":100,"laneName":"분당선","laneCity":"수도권","x":127.1282899,"y":37.3958498,"prevOBJ": {"station": [{"stationName":"야탑","stationID":1526,"type":100,"laneName":"분당선","laneCity":"수도권","x":127.1286757,"y":37.4113241}]},"nextOBJ": {"station": [{"stationName":"서현","stationID":1528,"type":100,"laneName":"분당선","laneCity":"수도권","x":127.1232667,"y":37.3849367}]},"defaultInfo": {"address":"경기도 성남시 분당구 이매동 129-1","new_address":"경기도 성남시 분당구 성남대로 738","tel":"1544-7788"},"useInfo": {"platform":2,"meetingPlace":0,"restroom":2,"offDoor":0,"crossOver":1,"publicPlace":0,"handicapCount":1,"parkingCount":0,"bicycleCount":1,"civilCount":0},"exitInfo": {"gate": [{"GateNo":"1","GateLink": ["태원고등학교"],"BUSSTOP": [{"StopName":"농업기술센터.진흥아파트.동신아파트.이매동주민센터","StopID":"109490","Bus": [{"BusNo":"15-1","Type":"1","BlID":"5017","BusCityName":"성남"},{"BusNo":"250","Type":"1","BlID":"5030","BusCityName":"성남"},{"BusNo":"220","Type":"1","BlID":"5033","BusCityName":"성남"},{"BusNo":"2-1","Type":"1","BlID":"5039","BusCityName":"성남"},{"BusNo":"51","Type":"1","BlID":"5046","BusCityName":"성남"},{"BusNo":"33-1","Type":"1","BlID":"5056","BusCityName":"성남"},{"BusNo":"52","Type":"1","BlID":"5080","BusCityName":"성남"},{"BusNo":"300","Type":"1","BlID":"5113","BusCityName":"성남"},{"BusNo":"720","Type":"1","BlID":"10009","BusCityName":"광주"},{"BusNo":"720-1","Type":"1","BlID":"10010","BusCityName":"광주"},{"BusNo":"116-3","Type":"1","BlID":"10076","BusCityName":"화성"},{"BusNo":"17","Type":"1","BlID":"10077","BusCityName":"광주"},{"BusNo":"119","Type":"1","BlID":"10078","BusCityName":"광주"},{"BusNo":"251","Type":"3","BlID":"5001","BusCityName":"성남"},{"BusNo":"75","Type":"3","BlID":"5151","BusCityName":"성남"},{"BusNo":"3330","Type":"4","BlID":"5063","BusCityName":"성남"},{"BusNo":"4000","Type":"4","BlID":"5064","BusCityName":"성남"},{"BusNo":"9607","Type":"4","BlID":"5072","BusCityName":"성남"},{"BusNo":"5100","Type":"5","BlID":"10103","BusCityName":"광주"},{"BusNo":"5300","Type":"5","BlID":"10591","BusCityName":"광주"},{"BusNo":"9408","Type":"14","BlID":"1353","BusCityName":"서울"},{"BusNo":"8446","Type":"22","BlID":"10638","BusCityName":"광주"}]}]},{"GateNo":"2","GateLink": ["농업기술센터"]},{"GateNo":"3","GateLink": ["돌마고등학교","송림고등학교"],"BUSSTOP": [{"StopName":"이매역3번출구","StopID":"199059","Bus": [{"BusNo":"251","Type":"3","BlID":"5001","BusCityName":"성남"},{"BusNo":"71","Type":"3","BlID":"5155","BusCityName":"성남"}]},{"StopName":"이매역3번출구","StopID":"199060","Bus": [{"BusNo":"251","Type":"3","BlID":"5001","BusCityName":"성남"},{"BusNo":"71","Type":"3","BlID":"5155","BusCityName":"성남"}]}]},{"GateNo":"4","GateLink": ["안말초등학교"]},{"GateNo":"5","GateLink": ["안말초등학교"]},{"GateNo":"6","GateLink": ["이매초등학교","이매파출소","이매1동주민센터","성남상공회의소"],"BUSSTOP": [{"StopName":"이매역","StopID":"109470","Bus": [{"BusNo":"15-1","Type":"1","BlID":"5017","BusCityName":"성남"},{"BusNo":"250","Type":"1","BlID":"5030","BusCityName":"성남"},{"BusNo":"220","Type":"1","BlID":"5033","BusCityName":"성남"},{"BusNo":"2-1","Type":"1","BlID":"5039","BusCityName":"성남"},{"BusNo":"51","Type":"1","BlID":"5046","BusCityName":"성남"},{"BusNo":"33-1","Type":"1","BlID":"5056","BusCityName":"성남"},{"BusNo":"52","Type":"1","BlID":"5080","BusCityName":"성남"},{"BusNo":"300","Type":"1","BlID":"5113","BusCityName":"성남"},{"BusNo":"720","Type":"1","BlID":"10009","BusCityName":"광주"},{"BusNo":"720-1","Type":"1","BlID":"10010","BusCityName":"광주"},{"BusNo":"116-3","Type":"1","BlID":"10076","BusCityName":"화성"},{"BusNo":"17","Type":"1","BlID":"10077","BusCityName":"광주"},{"BusNo":"119","Type":"1","BlID":"10078","BusCityName":"광주"},{"BusNo":"17-1","Type":"1","BlID":"10098","BusCityName":"광주"},{"BusNo":"251","Type":"3","BlID":"5001","BusCityName":"성남"},{"BusNo":"75","Type":"3","BlID":"5151","BusCityName":"성남"},{"BusNo":"3330","Type":"4","BlID":"5063","BusCityName":"성남"},{"BusNo":"4000","Type":"4","BlID":"5064","BusCityName":"성남"},{"BusNo":"9607","Type":"4","BlID":"5072","BusCityName":"성남"},{"BusNo":"5100","Type":"5","BlID":"10103","BusCityName":"광주"},{"BusNo":"5300","Type":"5","BlID":"10591","BusCityName":"광주"},{"BusNo":"9408","Type":"14","BlID":"1353","BusCityName":"서울"},{"BusNo":"8446","Type":"22","BlID":"10638","BusCityName":"광주"}]}]}]}}}