{"result": {"stationName":"서현","stationID":1528,"type":100,"laneName":"분당선","laneCity":"수도권","x":127.1232667,"y":37.3849367,"prevOBJ": {"station": [{"stationName":"이매","stationID":1527,"type":100,"laneName":"분당선","laneCity":"수도권","x":127.1282899,"y":37.3958498}]},"nextOBJ": {"station": [{"stationName":"수내","stationID":1529,"type":100,"laneName":"분당선","laneCity":"수도권","x":127.11423,"y":37.3784448}]},"defaultInfo": {"address":"경기도 성남시 분당구 서현동 263","new_address":"경기도 성남시 분당구 성남대로 601","tel":"1544-7788"},"useInfo": {"platform":1,"meetingPlace":0,"restroom":2,"offDoor":0,"crossOver":2,"publicPlace":0,"handicapCount":1,"parkingCount":1,"bicycleCount":1,"civilCount":0},"exitInfo": {"gate": [{"GateNo":"1","GateLink": ["서현초등학교","한신시범아파트","건강보험공단"]},{"GateNo":"2","GateLink": ["서현우체국","서현지구대","서현1동주민센터"],"BUSSTOP": [{"StopName":"서현역.AK프라자","StopID":"110323","Bus": [{"BusNo":"15-1","Type":"1","BlID":"5017","BusCityName":"성남"},{"BusNo":"250","Type":"1","BlID":"5030","BusCityName":"성남"},{"BusNo":"220","Type":"1","BlID":"5033","BusCityName":"성남"},{"BusNo":"55-1","Type":"1","BlID":"5038","BusCityName":"성남"},{"BusNo":"33","Type":"1","BlID":"5042","BusCityName":"성남"},{"BusNo":"380","Type":"1","BlID":"5067","BusCityName":"성남"},{"BusNo":"15","Type":"1","BlID":"5074","BusCityName":"성남"},{"BusNo":"52","Type":"1","BlID":"5080","BusCityName":"성남"},{"BusNo":"300","Type":"1","BlID":"5113","BusCityName":"성남"},{"BusNo":"521","Type":"1","BlID":"10001","BusCityName":"광주"},{"BusNo":"720-1","Type":"1","BlID":"10010","BusCityName":"광주"},{"BusNo":"720-2","Type":"1","BlID":"10012","BusCityName":"광주"},{"BusNo":"116-3","Type":"1","BlID":"10076","BusCityName":"화성"},{"BusNo":"17","Type":"1","BlID":"10077","BusCityName":"광주"},{"BusNo":"522","Type":"1","BlID":"10438","BusCityName":"광주"},{"BusNo":"730","Type":"1","BlID":"10444","BusCityName":"광주"},{"BusNo":"602","Type":"3","BlID":"5127","BusCityName":"성남"},{"BusNo":"102","Type":"4","BlID":"5084","BusCityName":"성남"},{"BusNo":"5500-1","Type":"4","BlID":"10071","BusCityName":"광주"},{"BusNo":"7007-1","Type":"4","BlID":"10072","BusCityName":"광주"},{"BusNo":"8110","Type":"6","BlID":"5021","BusCityName":"성남"},{"BusNo":"8109","Type":"6","BlID":"10199","BusCityName":"광주"},{"BusNo":"M4102","Type":"14","BlID":"10155","BusCityName":"광주"}]},{"StopName":"서현역.AK프라자","StopID":"110324","Bus": [{"BusNo":"15-1","Type":"1","BlID":"5017","BusCityName":"성남"},{"BusNo":"250","Type":"1","BlID":"5030","BusCityName":"성남"},{"BusNo":"220","Type":"1","BlID":"5033","BusCityName":"성남"},{"BusNo":"55-1","Type":"1","BlID":"5038","BusCityName":"성남"},{"BusNo":"33","Type":"1","BlID":"5042","BusCityName":"성남"},{"BusNo":"380","Type":"1","BlID":"5067","BusCityName":"성남"},{"BusNo":"15","Type":"1","BlID":"5074","BusCityName":"성남"},{"BusNo":"52","Type":"1","BlID":"5080","BusCityName":"성남"},{"BusNo":"300","Type":"1","BlID":"5113","BusCityName":"성남"},{"BusNo":"521","Type":"1","BlID":"10001","BusCityName":"광주"},{"BusNo":"720-1","Type":"1","BlID":"10010","BusCityName":"광주"},{"BusNo":"720-2","Type":"1","BlID":"10012","BusCityName":"광주"},{"BusNo":"116-3","Type":"1","BlID":"10076","BusCityName":"화성"},{"BusNo":"17","Type":"1","BlID":"10077","BusCityName":"광주"},{"BusNo":"522","Type":"1","BlID":"10438","BusCityName":"광주"},{"BusNo":"730","Type":"1","BlID":"10444","BusCityName":"광주"},{"BusNo":"602-2","Type":"3","BlID":"5007","BusCityName":"성남"},{"BusNo":"3-1","Type":"3","BlID":"5010","BusCityName":"성남"},{"BusNo":"602-1C","Type":"3","BlID":"5013","BusCityName":"성남"},{"BusNo":"602","Type":"3","BlID":"5127","BusCityName":"성남"},{"BusNo":"32","Type":"3","BlID":"5145","BusCityName":"성남"},{"BusNo":"74","Type":"3","BlID":"5148","BusCityName":"성남"},{"BusNo":"72","Type":"3","BlID":"5153","BusCityName":"성남"},{"BusNo":"602-1","Type":"3","BlID":"5154","BusCityName":"성남"},{"BusNo":"71","Type":"3","BlID":"5155","BusCityName":"성남"},{"BusNo":"102","Type":"4","BlID":"5084","BusCityName":"성남"},{"BusNo":"5500-1","Type":"4","BlID":"10071","BusCityName":"광주"},{"BusNo":"7007-1","Type":"4","BlID":"10072","BusCityName":"광주"},{"BusNo":"5100","Type":"5","BlID":"10103","BusCityName":"광주"},{"BusNo":"5200","Type":"5","BlID":"10258","BusCityName":"광주"},{"BusNo":"5300","Type":"5","BlID":"10591","BusCityName":"광주"},{"BusNo":"5400","Type":"5","BlID":"10593","BusCityName":"광주"},{"BusNo":"8110","Type":"6","BlID":"5021","BusCityName":"성남"},{"BusNo":"8109","Type":"6","BlID":"10199","BusCityName":"광주"},{"BusNo":"M4102","Type":"14","BlID":"10155","BusCityName":"광주"},{"BusNo":"8446","Type":"22","BlID":"10638","BusCityName":"광주"}]},{"StopName":"서현역(공항버스)","StopID":"125624","Bus": [{"BusNo":"5100","Type":"5","BlID":"10103","BusCityName":"광주"},{"BusNo":"5200","Type":"5","BlID":"10258","BusCityName":"광주"},{"BusNo":"5300","Type":"5","BlID":"10591","BusCityName":"광주"},{"BusNo":"5400","Type":"5","BlID":"10593","BusCityName":"광주"},{"BusNo":"8446","Type":"22","BlID":"10638","BusCityName":"광주"}]}]},{"GateNo":"3","GateLink": ["서현고등학교","한양시범아파트","SC제일은행 서현역로데오지점"],"BUSSTOP": [{"StopName":"AK플라자2층","StopID":"163648","Bus": [{"BusNo":"520","Type":"1","BlID":"10004","BusCityName":"광주"},{"BusNo":"3-1","Type":"3","BlID":"5010","BusCityName":"성남"},{"BusNo":"3","Type":"3","BlID":"5116","BusCityName":"성남"},{"BusNo":"3-2","Type":"3","BlID":"5136","BusCityName":"성남"}]}]},{"GateNo":"4","GateLink": ["분당소방서","성남교육청","한국토지공사(판교사업단)","분당구청","외환은행 서현역지점"]},{"GateNo":"5","GateLink": ["분당우체국","금강아파트","안말초등학교","동신아파트","코오롱아파트","한신아파트","분당 KRA PLAZA(한국마사회)","제생병원"],"BUSSTOP": [{"StopName":"이매촌한신.서현역.AK프라자","StopID":"109369","Bus": [{"BusNo":"222","Type":"1","BlID":"5043","BusCityName":"성남"},{"BusNo":"2","Type":"1","BlID":"5048","BusCityName":"성남"},{"BusNo":"380","Type":"1","BlID":"5067","BusCityName":"성남"},{"BusNo":"101","Type":"1","BlID":"5114","BusCityName":"성남"},{"BusNo":"720-2","Type":"1","BlID":"10012","BusCityName":"광주"},{"BusNo":"116","Type":"1","BlID":"10074","BusCityName":"광주"},{"BusNo":"303","Type":"1","BlID":"10632","BusCityName":"광주"},{"BusNo":"602-2","Type":"3","BlID":"5007","BusCityName":"성남"},{"BusNo":"3-1","Type":"3","BlID":"5010","BusCityName":"성남"},{"BusNo":"602-1C","Type":"3","BlID":"5013","BusCityName":"성남"},{"BusNo":"602","Type":"3","BlID":"5127","BusCityName":"성남"},{"BusNo":"32","Type":"3","BlID":"5145","BusCityName":"성남"},{"BusNo":"74","Type":"3","BlID":"5148","BusCityName":"성남"},{"BusNo":"75","Type":"3","BlID":"5151","BusCityName":"성남"},{"BusNo":"602-1","Type":"3","BlID":"5154","BusCityName":"성남"},{"BusNo":"71","Type":"3","BlID":"5155","BusCityName":"성남"},{"BusNo":"1151","Type":"4","BlID":"5024","BusCityName":"성남"},{"BusNo":"9407","Type":"4","BlID":"5037","BusCityName":"성남"},{"BusNo":"3330","Type":"4","BlID":"5063","BusCityName":"성남"},{"BusNo":"4000","Type":"4","BlID":"5064","BusCityName":"성남"},{"BusNo":"1500-2","Type":"4","BlID":"10043","BusCityName":"광주"},{"BusNo":"1005-1","Type":"4","BlID":"10053","BusCityName":"광주"},{"BusNo":"9000-1","Type":"4","BlID":"10495","BusCityName":"광주"},{"BusNo":"9000","Type":"4","BlID":"10595","BusCityName":"광주"},{"BusNo":"3500","Type":"4","BlID":"10596","BusCityName":"광주"},{"BusNo":"1150","Type":"4","BlID":"10607","BusCityName":"광주"},{"BusNo":"8110","Type":"6","BlID":"5021","BusCityName":"성남"},{"BusNo":"8106","Type":"6","BlID":"10200","BusCityName":"광주"},{"BusNo":"9401","Type":"14","BlID":"1346","BusCityName":"서울"},{"BusNo":"9403","Type":"14","BlID":"1348","BusCityName":"서울"},{"BusNo":"M4102","Type":"14","BlID":"10155","BusCityName":"광주"}]},{"StopName":"서현역.AK프라자","StopID":"113182","Bus": [{"BusNo":"222","Type":"1","BlID":"5043","BusCityName":"성남"},{"BusNo":"116","Type":"1","BlID":"10074","BusCityName":"광주"},{"BusNo":"3500","Type":"4","BlID":"10596","BusCityName":"광주"}]},{"StopName":"서현역.AK프라자","StopID":"186547","Bus": [{"BusNo":"222","Type":"1","BlID":"5043","BusCityName":"성남"},{"BusNo":"116","Type":"1","BlID":"10074","BusCityName":"광주"},{"BusNo":"602-2","Type":"3","BlID":"5007","BusCityName":"성남"},{"BusNo":"3-1","Type":"3","BlID":"5010","BusCityName":"성남"},{"BusNo":"602-1C","Type":"3","BlID":"5013","BusCityName":"성남"},{"BusNo":"602","Type":"3","BlID":"5127","BusCityName":"성남"},{"BusNo":"32","Type":"3","BlID":"5145","BusCityName":"성남"},{"BusNo":"74","Type":"3","BlID":"5148","BusCityName":"성남"},{"BusNo":"72","Type":"3","BlID":"5153","BusCityName":"성남"},{"BusNo":"602-1","Type":"3","BlID":"5154","BusCityName":"성남"},{"BusNo":"71","Type":"3","BlID":"5155","BusCityName":"성남"},{"BusNo":"3500","Type":"4","BlID":"10596","BusCityName":"광주"}]}]}]}}}