{"result": {"stationName":"수내","stationID":1529,"type":100,"laneName":"분당선","laneCity":"수도권","x":127.11423,"y":37.3784448,"prevOBJ": {"station": [{"stationName":"서현","stationID":1528,"type":100,"laneName":"분당선","laneCity":"수도권","x":127.1232667,"y":37.3849367}]},"nextOBJ": {"station": [{"stationName":"정자","stationID":1530,"type":100,"laneName":"분당선","laneCity":"수도권","x":127.1080986,"y":37.366045}]},"defaultInfo": {"address":"경기도 성남시 분당구 수내동 14","new_address":"경기도 성남시 분당구 성남대로 491","tel":"1544-7788"},"useInfo": {"platform":2,"meetingPlace":0,"restroom":2,"offDoor":0,"crossOver":2,"publicPlace":0,"handicapCount":1,"parkingCount":1,"bicycleCount":1,"civilCount":0},"exitInfo": {"gate": [{"GateNo":"1","GateLink": ["초림초등학교","내정초등학교","금호아파트","대림아파트","청구아파트","수내2동주민센터","수내1동주민센터","SC제일은행 분당중앙지점"],"BUSSTOP": [{"StopName":"수내역.롯데백화점","StopID":"110320","Bus": [{"BusNo":"250","Type":"1","BlID":"5030","BusCityName":"성남"},{"BusNo":"55-1","Type":"1","BlID":"5038","BusCityName":"성남"},{"BusNo":"33","Type":"1","BlID":"5042","BusCityName":"성남"},{"BusNo":"380","Type":"1","BlID":"5067","BusCityName":"성남"},{"BusNo":"15","Type":"1","BlID":"5074","BusCityName":"성남"},{"BusNo":"52","Type":"1","BlID":"5080","BusCityName":"성남"},{"BusNo":"390","Type":"1","BlID":"5103","BusCityName":"성남"},{"BusNo":"300","Type":"1","BlID":"5113","BusCityName":"성남"},{"BusNo":"520","Type":"1","BlID":"10004","BusCityName":"광주"},{"BusNo":"17","Type":"1","BlID":"10077","BusCityName":"광주"},{"BusNo":"730","Type":"1","BlID":"10444","BusCityName":"광주"},{"BusNo":"602-2","Type":"3","BlID":"5007","BusCityName":"성남"},{"BusNo":"1241","Type":"4","BlID":"5061","BusCityName":"성남"},{"BusNo":"9414","Type":"4","BlID":"5076","BusCityName":"성남"},{"BusNo":"102","Type":"4","BlID":"5084","BusCityName":"성남"},{"BusNo":"5500-1","Type":"4","BlID":"10071","BusCityName":"광주"},{"BusNo":"7007-1","Type":"4","BlID":"10072","BusCityName":"광주"},{"BusNo":"5200","Type":"5","BlID":"10258","BusCityName":"광주"},{"BusNo":"5400","Type":"5","BlID":"10593","BusCityName":"광주"},{"BusNo":"8110","Type":"6","BlID":"5021","BusCityName":"성남"},{"BusNo":"8109","Type":"6","BlID":"10199","BusCityName":"광주"},{"BusNo":"8106","Type":"6","BlID":"10200","BusCityName":"광주"},{"BusNo":"8446","Type":"22","BlID":"10638","BusCityName":"광주"}]},{"StopName":"롯데백화점","StopID":"198820","Bus": [{"BusNo":"115","Type":"3","BlID":"5120","BusCityName":"성남"}]},{"StopName":"청구상가.금호타운1단지","StopID":"198973","Bus": [{"BusNo":"115","Type":"3","BlID":"5120","BusCityName":"성남"}]}]},{"GateNo":"2","GateLink": ["한양아파트","내정중학교","삼익아파트","백현초등학교","분당고등학교","롯데아파트","내정치안센터","백현중학교","성남세무서 분당민원실","한국잡월드"],"BUSSTOP": [{"StopName":"롯데백화점.수내역","StopID":"110319","Bus": [{"BusNo":"250","Type":"1","BlID":"5030","BusCityName":"성남"},{"BusNo":"55-1","Type":"1","BlID":"5038","BusCityName":"성남"},{"BusNo":"33","Type":"1","BlID":"5042","BusCityName":"성남"},{"BusNo":"380","Type":"1","BlID":"5067","BusCityName":"성남"},{"BusNo":"15","Type":"1","BlID":"5074","BusCityName":"성남"},{"BusNo":"52","Type":"1","BlID":"5080","BusCityName":"성남"},{"BusNo":"390","Type":"1","BlID":"5103","BusCityName":"성남"},{"BusNo":"300","Type":"1","BlID":"5113","BusCityName":"성남"},{"BusNo":"520","Type":"1","BlID":"10004","BusCityName":"광주"},{"BusNo":"17","Type":"1","BlID":"10077","BusCityName":"광주"},{"BusNo":"730","Type":"1","BlID":"10444","BusCityName":"광주"},{"BusNo":"602-2","Type":"3","BlID":"5007","BusCityName":"성남"},{"BusNo":"1241","Type":"4","BlID":"5061","BusCityName":"성남"},{"BusNo":"9414","Type":"4","BlID":"5076","BusCityName":"성남"},{"BusNo":"102","Type":"4","BlID":"5084","BusCityName":"성남"},{"BusNo":"5500-1","Type":"4","BlID":"10071","BusCityName":"광주"},{"BusNo":"7007-1","Type":"4","BlID":"10072","BusCityName":"광주"},{"BusNo":"9000-1","Type":"4","BlID":"10495","BusCityName":"광주"},{"BusNo":"5200","Type":"5","BlID":"10258","BusCityName":"광주"},{"BusNo":"5400","Type":"5","BlID":"10593","BusCityName":"광주"},{"BusNo":"8110","Type":"6","BlID":"5021","BusCityName":"성남"},{"BusNo":"8109","Type":"6","BlID":"10199","BusCityName":"광주"},{"BusNo":"8106","Type":"6","BlID":"10200","BusCityName":"광주"},{"BusNo":"8446","Type":"22","BlID":"10638","BusCityName":"광주"}]}]},{"GateNo":"3","GateLink": ["백현동","낙생중고등학교","성남농협"]},{"GateNo":"4","GateLink": ["분당구청"]}]}}}