{"result": {"stationName":"백운","stationID":153,"type":1,"laneName":"수도권 1호선","laneCity":"수도권","x":126.7071892,"y":37.4833117,"prevOBJ": {"station": [{"stationName":"부평","stationID":152,"type":1,"laneName":"수도권 1호선","laneCity":"수도권","x":126.7245988,"y":37.4894655}]},"nextOBJ": {"station": [{"stationName":"동암","stationID":154,"type":1,"laneName":"수도권 1호선","laneCity":"수도권","x":126.7029037,"y":37.4708845}]},"defaultInfo": {"address":"인천광역시 부평구 십정동 541-1","new_address":"인천광역시 부평구 마장로 55번길 14","tel":"1544-7788"},"useInfo": {"platform":2,"meetingPlace":0,"restroom":2,"offDoor":1,"crossOver":2,"publicPlace":0,"handicapCount":1,"parkingCount":1,"bicycleCount":1,"civilCount":0},"exitInfo": {"gate": [{"GateNo":"1","GateLink": ["남부","제일고교","혜광학교","광명원","대주아파트","목화아파트"],"BUSSTOP": [{"StopName":"백운역","StopID":"182752","Bus": [{"BusNo":"20","Type":"11","BlID":"21018","BusCityName":"인천"},{"BusNo":"30","Type":"11","BlID":"21025","BusCityName":"인천"},{"BusNo":"34","Type":"11","BlID":"21029","BusCityName":"인천"},{"BusNo":"2","Type":"11","BlID":"21109","BusCityName":"인천"},{"BusNo":"111-2","Type":"11","BlID":"21116","BusCityName":"인천"},{"BusNo":"760","Type":"11","BlID":"21168","BusCityName":"인천"},{"BusNo":"907","Type":"26","BlID":"21250","BusCityName":"인천"}]},{"StopName":"백운역","StopID":"182783","Bus": [{"BusNo":"20","Type":"11","BlID":"21018","BusCityName":"인천"},{"BusNo":"30","Type":"11","BlID":"21025","BusCityName":"인천"},{"BusNo":"34","Type":"11","BlID":"21029","BusCityName":"인천"},{"BusNo":"2","Type":"11","BlID":"21109","BusCityName":"인천"},{"BusNo":"111-2","Type":"11","BlID":"21116","BusCityName":"인천"},{"BusNo":"760-1","Type":"11","BlID":"21259","BusCityName":"인천"},{"BusNo":"907","Type":"26","BlID":"21250","BusCityName":"인천"}]}]},{"GateNo":"2","GateLink": ["북부백운공원","부평아트센터","부평3주민센터","백운파출소","현대아파트","신동아아파트"],"BUSSTOP": [{"StopName":"백운역","StopID":"122831","Bus": [{"BusNo":"564-1","Type":"12","BlID":"21016","BusCityName":"인천"},{"BusNo":"552","Type":"12","BlID":"21074","BusCityName":"인천"},{"BusNo":"553","Type":"12","BlID":"21075","BusCityName":"인천"},{"BusNo":"564","Type":"12","BlID":"21085","BusCityName":"인천"},{"BusNo":"566","Type":"12","BlID":"21087","BusCityName":"인천"},{"BusNo":"567","Type":"12","BlID":"21088","BusCityName":"인천"},{"BusNo":"569","Type":"12","BlID":"21090","BusCityName":"인천"},{"BusNo":"564-2","Type":"12","BlID":"21123","BusCityName":"인천"}]},{"StopName":"백운역","StopID":"189223","Bus": [{"BusNo":"564-1","Type":"12","BlID":"21016","BusCityName":"인천"},{"BusNo":"564","Type":"12","BlID":"21085","BusCityName":"인천"},{"BusNo":"564-2","Type":"12","BlID":"21123","BusCityName":"인천"}]}]},{"GateNo":"3","GateLink": ["북부","산곡동","현대아파트","부평3주민센터","백운파출소","현대아파트"]}]}}}