{"result": {"stationName":"정자","stationID":1530,"type":100,"laneName":"분당선","laneCity":"수도권","x":127.1080986,"y":37.366045,"exOBJ": {"station": [{"stationName":"정자","stationID":1915,"type":109,"laneName":"신분당선","laneCity":"수도권"}]},"prevOBJ": {"station": [{"stationName":"수내","stationID":1529,"type":100,"laneName":"분당선","laneCity":"수도권","x":127.11423,"y":37.3784448}]},"nextOBJ": {"station": [{"stationName":"미금","stationID":1531,"type":100,"laneName":"분당선","laneCity":"수도권","x":127.1089644,"y":37.3500843}]},"defaultInfo": {"address":"경기도 성남시 분당구 정자동 95-1","new_address":"경기도 성남시 분당구 성남대로 333","tel":"1544-7788"},"useInfo": {"platform":2,"meetingPlace":0,"restroom":2,"offDoor":0,"crossOver":2,"publicPlace":0,"handicapCount":1,"parkingCount":1,"bicycleCount":1,"civilCount":0},"exitInfo": {"gate": [{"GateNo":"1","GateLink": ["신기초등학교","백현중학교","한솔고등학교","한솔초등학교"],"BUSSTOP": [{"StopName":"정자역","StopID":"83266","Bus": [{"BusNo":"1241","Type":"4","BlID":"5061","BusCityName":"성남"},{"BusNo":"9414","Type":"4","BlID":"5076","BusCityName":"성남"},{"BusNo":"102","Type":"4","BlID":"5084","BusCityName":"성남"},{"BusNo":"5500-1","Type":"4","BlID":"10071","BusCityName":"광주"},{"BusNo":"1303","Type":"4","BlID":"10095","BusCityName":"광주"},{"BusNo":"9000-1","Type":"4","BlID":"10495","BusCityName":"광주"},{"BusNo":"8110","Type":"6","BlID":"5021","BusCityName":"성남"},{"BusNo":"8100","Type":"6","BlID":"10100","BusCityName":"광주"},{"BusNo":"8101","Type":"6","BlID":"10101","BusCityName":"광주"},{"BusNo":"8109","Type":"6","BlID":"10199","BusCityName":"광주"},{"BusNo":"8106","Type":"6","BlID":"10200","BusCityName":"광주"},{"BusNo":"M4102","Type":"14","BlID":"10155","BusCityName":"광주"}]},{"StopName":"정자중학교","StopID":"113229","Bus": [{"BusNo":"15","Type":"1","BlID":"5074","BusCityName":"성남"},{"BusNo":"109","Type":"3","BlID":"5130","BusCityName":"성남"}]}]},{"GateNo":"2","GateLink": ["정자중학교","탄천초등학교","정자1동주민센터","정자2동주민센터"],"BUSSTOP": [{"StopName":"정자역","StopID":"110313","Bus": [{"BusNo":"250","Type":"1","BlID":"5030","BusCityName":"성남"},{"BusNo":"220","Type":"1","BlID":"5033","BusCityName":"성남"},{"BusNo":"2","Type":"1","BlID":"5048","BusCityName":"성남"},{"BusNo":"380","Type":"1","BlID":"5067","BusCityName":"성남"},{"BusNo":"390","Type":"1","BlID":"5103","BusCityName":"성남"},{"BusNo":"300","Type":"1","BlID":"5113","BusCityName":"성남"},{"BusNo":"520","Type":"1","BlID":"10004","BusCityName":"광주"},{"BusNo":"116-1","Type":"1","BlID":"10059","BusCityName":"광주"},{"BusNo":"730","Type":"1","BlID":"10444","BusCityName":"광주"},{"BusNo":"820","Type":"1","BlID":"11005","BusCityName":"용인"},{"BusNo":"1","Type":"3","BlID":"5123","BusCityName":"성남"},{"BusNo":"109","Type":"3","BlID":"5130","BusCityName":"성남"},{"BusNo":"19","Type":"3","BlID":"5138","BusCityName":"성남"},{"BusNo":"2","Type":"3","BlID":"5140","BusCityName":"성남"},{"BusNo":"5200","Type":"5","BlID":"10258","BusCityName":"광주"},{"BusNo":"5400","Type":"5","BlID":"10593","BusCityName":"광주"},{"BusNo":"8446","Type":"22","BlID":"10638","BusCityName":"광주"}]},{"StopName":"정자중학교","StopID":"113228","Bus": [{"BusNo":"15","Type":"1","BlID":"5074","BusCityName":"성남"}]}]},{"GateNo":"3","GateLink": ["분당경찰서","하나은행 백궁지점","전문건설공제조합"],"BUSSTOP": [{"StopName":"분당경찰서.킨스타워","StopID":"80939","Bus": [{"BusNo":"55-1","Type":"1","BlID":"5038","BusCityName":"성남"}]},{"StopName":"정자역","StopID":"110314","Bus": [{"BusNo":"250","Type":"1","BlID":"5030","BusCityName":"성남"},{"BusNo":"220","Type":"1","BlID":"5033","BusCityName":"성남"},{"BusNo":"55-1","Type":"1","BlID":"5038","BusCityName":"성남"},{"BusNo":"2","Type":"1","BlID":"5048","BusCityName":"성남"},{"BusNo":"380","Type":"1","BlID":"5067","BusCityName":"성남"},{"BusNo":"390","Type":"1","BlID":"5103","BusCityName":"성남"},{"BusNo":"300","Type":"1","BlID":"5113","BusCityName":"성남"},{"BusNo":"520","Type":"1","BlID":"10004","BusCityName":"광주"},{"BusNo":"116-1","Type":"1","BlID":"10059","BusCityName":"광주"},{"BusNo":"730","Type":"1","BlID":"10444","BusCityName":"광주"},{"BusNo":"820","Type":"1","BlID":"11005","BusCityName":"용인"},{"BusNo":"111","Type":"3","BlID":"5122","BusCityName":"성남"},{"BusNo":"1","Type":"3","BlID":"5123","BusCityName":"성남"},{"BusNo":"19","Type":"3","BlID":"5138","BusCityName":"성남"},{"BusNo":"2","Type":"3","BlID":"5140","BusCityName":"성남"},{"BusNo":"1241","Type":"4","BlID":"5061","BusCityName":"성남"},{"BusNo":"9414","Type":"4","BlID":"5076","BusCityName":"성남"},{"BusNo":"102","Type":"4","BlID":"5084","BusCityName":"성남"},{"BusNo":"5500-1","Type":"4","BlID":"10071","BusCityName":"광주"},{"BusNo":"1303","Type":"4","BlID":"10095","BusCityName":"광주"},{"BusNo":"5200","Type":"5","BlID":"10258","BusCityName":"광주"},{"BusNo":"5400","Type":"5","BlID":"10593","BusCityName":"광주"},{"BusNo":"8110","Type":"6","BlID":"5021","BusCityName":"성남"},{"BusNo":"8100","Type":"6","BlID":"10100","BusCityName":"광주"},{"BusNo":"8101","Type":"6","BlID":"10101","BusCityName":"광주"},{"BusNo":"8109","Type":"6","BlID":"10199","BusCityName":"광주"},{"BusNo":"8106","Type":"6","BlID":"10200","BusCityName":"광주"},{"BusNo":"M4102","Type":"14","BlID":"10155","BusCityName":"광주"},{"BusNo":"8446","Type":"22","BlID":"10638","BusCityName":"광주"}]}]},{"GateNo":"4","GateLink": ["백궁동우체국","외환은행 분당중앙지점","전문건설공제조합"]},{"GateNo":"5","GateLink": ["정자동우체국"],"BUSSTOP": [{"StopName":"동양파라곤","StopID":"126358","Bus": [{"BusNo":"55-1","Type":"1","BlID":"5038","BusCityName":"성남"}]}]},{"GateNo":"6","GateLink": ["느티마을"],"BUSSTOP": [{"StopName":"신기초등학교","StopID":"113230","Bus": [{"BusNo":"15","Type":"1","BlID":"5074","BusCityName":"성남"}]},{"StopName":"신기초등학교","StopID":"113231","Bus": [{"BusNo":"15","Type":"1","BlID":"5074","BusCityName":"성남"},{"BusNo":"109","Type":"3","BlID":"5130","BusCityName":"성남"}]}]}]}}}