{"result": {"stationName":"미금","stationID":1531,"type":100,"laneName":"분당선","laneCity":"수도권","x":127.1089644,"y":37.3500843,"prevOBJ": {"station": [{"stationName":"정자","stationID":1530,"type":100,"laneName":"분당선","laneCity":"수도권","x":127.1080986,"y":37.366045}]},"nextOBJ": {"station": [{"stationName":"오리","stationID":1532,"type":100,"laneName":"분당선","laneCity":"수도권","x":127.108995,"y":37.3398392}]},"defaultInfo": {"address":"경기도 성남시 분당구 금곡동 222","new_address":"경기도 성남시 분당구 성남대로 156","tel":"1544-7788"},"useInfo": {"platform":2,"meetingPlace":0,"restroom":2,"offDoor":0,"crossOver":2,"publicPlace":0,"handicapCount":1,"parkingCount":0,"bicycleCount":1,"civilCount":0},"exitInfo": {"gate": [{"GateNo":"1","GateLink": ["청솔중학교","분당정보산업고등학교"],"BUSSTOP": [{"StopName":"미금역.청솔마을.2001아울렛","StopID":"113154","Bus": [{"BusNo":"250","Type":"1","BlID":"5030","BusCityName":"성남"},{"BusNo":"222","Type":"1","BlID":"5043","BusCityName":"성남"},{"BusNo":"2","Type":"1","BlID":"5048","BusCityName":"성남"},{"BusNo":"380","Type":"1","BlID":"5067","BusCityName":"성남"},{"BusNo":"15","Type":"1","BlID":"5074","BusCityName":"성남"},{"BusNo":"390","Type":"1","BlID":"5103","BusCityName":"성남"},{"BusNo":"300","Type":"1","BlID":"5113","BusCityName":"성남"},{"BusNo":"520","Type":"1","BlID":"10004","BusCityName":"광주"},{"BusNo":"720","Type":"1","BlID":"10009","BusCityName":"광주"},{"BusNo":"720-1","Type":"1","BlID":"10010","BusCityName":"광주"},{"BusNo":"116-1","Type":"1","BlID":"10059","BusCityName":"광주"},{"BusNo":"116-3","Type":"1","BlID":"10076","BusCityName":"화성"},{"BusNo":"730","Type":"1","BlID":"10444","BusCityName":"광주"},{"BusNo":"820","Type":"1","BlID":"11005","BusCityName":"용인"},{"BusNo":"19","Type":"3","BlID":"5138","BusCityName":"성남"},{"BusNo":"2","Type":"3","BlID":"5140","BusCityName":"성남"},{"BusNo":"39","Type":"3","BlID":"11207","BusCityName":"용인"},{"BusNo":"39-1","Type":"3","BlID":"11208","BusCityName":"용인"},{"BusNo":"50","Type":"3","BlID":"11209","BusCityName":"용인"},{"BusNo":"25","Type":"3","BlID":"11210","BusCityName":"용인"},{"BusNo":"22","Type":"3","BlID":"11212","BusCityName":"용인"},{"BusNo":"810","Type":"3","BlID":"11247","BusCityName":"용인"},{"BusNo":"1241","Type":"4","BlID":"5061","BusCityName":"성남"},{"BusNo":"9414","Type":"4","BlID":"5076","BusCityName":"성남"},{"BusNo":"102","Type":"4","BlID":"5084","BusCityName":"성남"},{"BusNo":"5500-1","Type":"4","BlID":"10071","BusCityName":"광주"},{"BusNo":"7007-1","Type":"4","BlID":"10072","BusCityName":"광주"},{"BusNo":"1303","Type":"4","BlID":"10095","BusCityName":"광주"},{"BusNo":"9000-1","Type":"4","BlID":"10495","BusCityName":"광주"},{"BusNo":"3500","Type":"4","BlID":"10596","BusCityName":"광주"},{"BusNo":"8100","Type":"6","BlID":"10100","BusCityName":"광주"},{"BusNo":"8101","Type":"6","BlID":"10101","BusCityName":"광주"},{"BusNo":"8109","Type":"6","BlID":"10199","BusCityName":"광주"},{"BusNo":"8106","Type":"6","BlID":"10200","BusCityName":"광주"},{"BusNo":"M4102","Type":"14","BlID":"10155","BusCityName":"광주"}]}]},{"GateNo":"2","GateLink": ["청솔초등학교"],"BUSSTOP": [{"StopName":"미금역.농협.2001아울렛","StopID":"110308","Bus": [{"BusNo":"51","Type":"1","BlID":"5046","BusCityName":"성남"},{"BusNo":"2","Type":"1","BlID":"5048","BusCityName":"성남"},{"BusNo":"33-1","Type":"1","BlID":"5056","BusCityName":"성남"},{"BusNo":"101","Type":"1","BlID":"5114","BusCityName":"성남"},{"BusNo":"720-2","Type":"1","BlID":"10012","BusCityName":"광주"},{"BusNo":"1","Type":"3","BlID":"5123","BusCityName":"성남"},{"BusNo":"7(보바스기념병원.분당서울대병원)","Type":"3","BlID":"5128","BusCityName":"성남"},{"BusNo":"7-1","Type":"3","BlID":"5133","BusCityName":"성남"},{"BusNo":"2","Type":"3","BlID":"5140","BusCityName":"성남"},{"BusNo":"1005-1","Type":"4","BlID":"10053","BusCityName":"광주"}]}]},{"GateNo":"3","GateLink": ["구미동우체국","한국토지주택공사 본사","구미동소방파출소","불곡고등학교","불곡중학교","한국가스공사","미금초등학교","서울대병원","장애인고용촉진공단","구미1동주민센터"],"BUSSTOP": [{"StopName":"미금역","StopID":"110307","Bus": [{"BusNo":"51","Type":"1","BlID":"5046","BusCityName":"성남"},{"BusNo":"2","Type":"1","BlID":"5048","BusCityName":"성남"},{"BusNo":"33-1","Type":"1","BlID":"5056","BusCityName":"성남"},{"BusNo":"101","Type":"1","BlID":"5114","BusCityName":"성남"},{"BusNo":"720-2","Type":"1","BlID":"10012","BusCityName":"광주"},{"BusNo":"1005-1","Type":"4","BlID":"10053","BusCityName":"광주"},{"BusNo":"8446","Type":"22","BlID":"10638","BusCityName":"광주"}]}]},{"GateNo":"4","GateLink": ["오리초등학교"]},{"GateNo":"5","GateLink": ["구미도서관"]},{"GateNo":"6","GateLink": ["2001아울렛"],"BUSSTOP": [{"StopName":"미금역.2001아울렛","StopID":"116063","Bus": [{"BusNo":"15","Type":"1","BlID":"5074","BusCityName":"성남"},{"BusNo":"7","Type":"1","BlID":"9578","BusCityName":"수원"},{"BusNo":"7-2","Type":"1","BlID":"9579","BusCityName":"수원"},{"BusNo":"720","Type":"1","BlID":"10009","BusCityName":"광주"},{"BusNo":"720-1","Type":"1","BlID":"10010","BusCityName":"광주"},{"BusNo":"700-2","Type":"1","BlID":"10013","BusCityName":"광주"},{"BusNo":"730","Type":"1","BlID":"10444","BusCityName":"광주"},{"BusNo":"7(보바스기념병원.분당서울대병원)","Type":"3","BlID":"5128","BusCityName":"성남"},{"BusNo":"32","Type":"3","BlID":"5145","BusCityName":"성남"},{"BusNo":"14","Type":"3","BlID":"11017","BusCityName":"용인"},{"BusNo":"17(B)","Type":"3","BlID":"11040","BusCityName":"용인"},{"BusNo":"17(A)","Type":"3","BlID":"11206","BusCityName":"용인"},{"BusNo":"11","Type":"3","BlID":"11265","BusCityName":"용인"},{"BusNo":"16","Type":"3","BlID":"11270","BusCityName":"용인"},{"BusNo":"15","Type":"3","BlID":"11271","BusCityName":"용인"},{"BusNo":"5(상현운수(상현동.수지구청.미금역))","Type":"3","BlID":"11275","BusCityName":"용인"}]}]},{"GateNo":"7","GateLink": ["수지물류센터"],"BUSSTOP": [{"StopName":"미금역.2001아울렛","StopID":"116062","Bus": [{"BusNo":"15","Type":"1","BlID":"5074","BusCityName":"성남"},{"BusNo":"7","Type":"1","BlID":"9578","BusCityName":"수원"},{"BusNo":"7-2","Type":"1","BlID":"9579","BusCityName":"수원"},{"BusNo":"720","Type":"1","BlID":"10009","BusCityName":"광주"},{"BusNo":"720-1","Type":"1","BlID":"10010","BusCityName":"광주"},{"BusNo":"700-2","Type":"1","BlID":"10013","BusCityName":"광주"},{"BusNo":"730","Type":"1","BlID":"10444","BusCityName":"광주"}]}]},{"GateNo":"8","GateLink": ["금곡지구대","YMCA","금곡동주민센터"],"BUSSTOP": [{"StopName":"미금역.청솔마을.2001아울렛","StopID":"113187","Bus": [{"BusNo":"250","Type":"1","BlID":"5030","BusCityName":"성남"},{"BusNo":"222","Type":"1","BlID":"5043","BusCityName":"성남"},{"BusNo":"380","Type":"1","BlID":"5067","BusCityName":"성남"},{"BusNo":"15","Type":"1","BlID":"5074","BusCityName":"성남"},{"BusNo":"390","Type":"1","BlID":"5103","BusCityName":"성남"},{"BusNo":"300","Type":"1","BlID":"5113","BusCityName":"성남"},{"BusNo":"520","Type":"1","BlID":"10004","BusCityName":"광주"},{"BusNo":"720","Type":"1","BlID":"10009","BusCityName":"광주"},{"BusNo":"720-1","Type":"1","BlID":"10010","BusCityName":"광주"},{"BusNo":"116-1","Type":"1","BlID":"10059","BusCityName":"광주"},{"BusNo":"116-3","Type":"1","BlID":"10076","BusCityName":"화성"},{"BusNo":"730","Type":"1","BlID":"10444","BusCityName":"광주"},{"BusNo":"820","Type":"1","BlID":"11005","BusCityName":"용인"},{"BusNo":"19","Type":"3","BlID":"5138","BusCityName":"성남"},{"BusNo":"32","Type":"3","BlID":"5145","BusCityName":"성남"},{"BusNo":"39","Type":"3","BlID":"11207","BusCityName":"용인"},{"BusNo":"50","Type":"3","BlID":"11209","BusCityName":"용인"},{"BusNo":"33","Type":"3","BlID":"11241","BusCityName":"용인"},{"BusNo":"810","Type":"3","BlID":"11247","BusCityName":"용인"},{"BusNo":"1241","Type":"4","BlID":"5061","BusCityName":"성남"},{"BusNo":"9414","Type":"4","BlID":"5076","BusCityName":"성남"},{"BusNo":"102","Type":"4","BlID":"5084","BusCityName":"성남"},{"BusNo":"5500-1","Type":"4","BlID":"10071","BusCityName":"광주"},{"BusNo":"7007-1","Type":"4","BlID":"10072","BusCityName":"광주"},{"BusNo":"1303","Type":"4","BlID":"10095","BusCityName":"광주"},{"BusNo":"3500","Type":"4","BlID":"10596","BusCityName":"광주"},{"BusNo":"5200","Type":"5","BlID":"10258","BusCityName":"광주"},{"BusNo":"5400","Type":"5","BlID":"10593","BusCityName":"광주"},{"BusNo":"8100","Type":"6","BlID":"10100","BusCityName":"광주"},{"BusNo":"8101","Type":"6","BlID":"10101","BusCityName":"광주"},{"BusNo":"8109","Type":"6","BlID":"10199","BusCityName":"광주"},{"BusNo":"8106","Type":"6","BlID":"10200","BusCityName":"광주"},{"BusNo":"M4102","Type":"14","BlID":"10155","BusCityName":"광주"}]}]}]}}}