{"result": {"stationName":"오리","stationID":1532,"type":100,"laneName":"분당선","laneCity":"수도권","x":127.108995,"y":37.3398392,"prevOBJ": {"station": [{"stationName":"미금","stationID":1531,"type":100,"laneName":"분당선","laneCity":"수도권","x":127.1089644,"y":37.3500843}]},"nextOBJ": {"station": [{"stationName":"죽전","stationID":1534,"type":100,"laneName":"분당선","laneCity":"수도권","x":127.1073922,"y":37.3245808}]},"defaultInfo": {"address":"경기도 성남시 분당구 구미동 197-1","new_address":"경기도 성남시 분당구 성남대로 55","tel":"1544-7788"},"useInfo": {"platform":2,"meetingPlace":0,"restroom":2,"offDoor":0,"crossOver":2,"publicPlace":0,"handicapCount":1,"parkingCount":1,"bicycleCount":1,"civilCount":0},"exitInfo": {"gate": [{"GateNo":"1","GateLink": ["한국토지주택공사 오리사옥","오리초등학교","주공임대아파트","불곡초등학교"]},{"GateNo":"2","GateLink": ["건영신한아파트","전문건설공제조합"],"BUSSTOP": [{"StopName":"오리역","StopID":"110301","Bus": [{"BusNo":"2-1","Type":"1","BlID":"5039","BusCityName":"성남"},{"BusNo":"222","Type":"1","BlID":"5043","BusCityName":"성남"},{"BusNo":"390","Type":"1","BlID":"5103","BusCityName":"성남"},{"BusNo":"300","Type":"1","BlID":"5113","BusCityName":"성남"},{"BusNo":"101","Type":"1","BlID":"5114","BusCityName":"성남"},{"BusNo":"520","Type":"1","BlID":"10004","BusCityName":"광주"},{"BusNo":"60","Type":"1","BlID":"10007","BusCityName":"광주"},{"BusNo":"720-2","Type":"1","BlID":"10012","BusCityName":"광주"},{"BusNo":"700-2","Type":"1","BlID":"10013","BusCityName":"광주"},{"BusNo":"116-1","Type":"1","BlID":"10059","BusCityName":"광주"},{"BusNo":"116","Type":"1","BlID":"10074","BusCityName":"광주"},{"BusNo":"116-3","Type":"1","BlID":"10076","BusCityName":"화성"},{"BusNo":"820","Type":"1","BlID":"11005","BusCityName":"용인"},{"BusNo":"1241","Type":"4","BlID":"5061","BusCityName":"성남"},{"BusNo":"9414","Type":"4","BlID":"5076","BusCityName":"성남"},{"BusNo":"102","Type":"4","BlID":"5084","BusCityName":"성남"},{"BusNo":"1005-1","Type":"4","BlID":"10053","BusCityName":"광주"},{"BusNo":"5500-1","Type":"4","BlID":"10071","BusCityName":"광주"},{"BusNo":"7007-1","Type":"4","BlID":"10072","BusCityName":"광주"},{"BusNo":"1303","Type":"4","BlID":"10095","BusCityName":"광주"},{"BusNo":"9000-1","Type":"4","BlID":"10495","BusCityName":"광주"},{"BusNo":"3500","Type":"4","BlID":"10596","BusCityName":"광주"},{"BusNo":"8100","Type":"6","BlID":"10100","BusCityName":"광주"},{"BusNo":"8101","Type":"6","BlID":"10101","BusCityName":"광주"},{"BusNo":"8109","Type":"6","BlID":"10199","BusCityName":"광주"},{"BusNo":"8106","Type":"6","BlID":"10200","BusCityName":"광주"}]}]},{"GateNo":"3","GateLink": ["LG아파트","주공아파트","대림아파트","구미초등학교"],"BUSSTOP": [{"StopName":"오리역.하나로마트","StopID":"163758","Bus": [{"BusNo":"19","Type":"3","BlID":"5138","BusCityName":"성남"},{"BusNo":"26-2","Type":"3","BlID":"11004","BusCityName":"용인"},{"BusNo":"39","Type":"3","BlID":"11207","BusCityName":"용인"},{"BusNo":"39-1","Type":"3","BlID":"11208","BusCityName":"용인"},{"BusNo":"50","Type":"3","BlID":"11209","BusCityName":"용인"},{"BusNo":"25","Type":"3","BlID":"11210","BusCityName":"용인"},{"BusNo":"35","Type":"3","BlID":"11211","BusCityName":"용인"},{"BusNo":"22","Type":"3","BlID":"11212","BusCityName":"용인"},{"BusNo":"19","Type":"3","BlID":"11216","BusCityName":"용인"},{"BusNo":"26","Type":"3","BlID":"11228","BusCityName":"용인"},{"BusNo":"34","Type":"3","BlID":"11240","BusCityName":"용인"},{"BusNo":"33","Type":"3","BlID":"11241","BusCityName":"용인"},{"BusNo":"810","Type":"3","BlID":"11247","BusCityName":"용인"},{"BusNo":"80","Type":"3","BlID":"11251","BusCityName":"용인"},{"BusNo":"36","Type":"3","BlID":"11256","BusCityName":"용인"},{"BusNo":"23","Type":"3","BlID":"11262","BusCityName":"용인"}]}]},{"GateNo":"4","GateLink": ["농수산물유통센터","벽산아파트","대현초등학교","이지뷰 원룸타운","죽전고등학교"],"BUSSTOP": [{"StopName":"오리역","StopID":"163757","Bus": [{"BusNo":"26-2","Type":"3","BlID":"11004","BusCityName":"용인"},{"BusNo":"39","Type":"3","BlID":"11207","BusCityName":"용인"},{"BusNo":"39-1","Type":"3","BlID":"11208","BusCityName":"용인"},{"BusNo":"50","Type":"3","BlID":"11209","BusCityName":"용인"},{"BusNo":"25","Type":"3","BlID":"11210","BusCityName":"용인"},{"BusNo":"35","Type":"3","BlID":"11211","BusCityName":"용인"},{"BusNo":"22","Type":"3","BlID":"11212","BusCityName":"용인"},{"BusNo":"19","Type":"3","BlID":"11216","BusCityName":"용인"},{"BusNo":"26","Type":"3","BlID":"11228","BusCityName":"용인"},{"BusNo":"34","Type":"3","BlID":"11240","BusCityName":"용인"},{"BusNo":"33","Type":"3","BlID":"11241","BusCityName":"용인"},{"BusNo":"810","Type":"3","BlID":"11247","BusCityName":"용인"},{"BusNo":"80","Type":"3","BlID":"11251","BusCityName":"용인"},{"BusNo":"36","Type":"3","BlID":"11256","BusCityName":"용인"},{"BusNo":"23","Type":"3","BlID":"11262","BusCityName":"용인"},{"BusNo":"59-1","Type":"3","BlID":"11272","BusCityName":"용인"}]}]},{"GateNo":"5","GateLink": ["하나로클럽"]},{"GateNo":"6","GateLink": ["홈플러스","CGV오리11","월드유통"]},{"GateNo":"7","GateLink": ["성남우편집중국","시그마II"],"BUSSTOP": [{"StopName":"오리역","StopID":"110302","Bus": [{"BusNo":"390","Type":"1","BlID":"5103","BusCityName":"성남"},{"BusNo":"300","Type":"1","BlID":"5113","BusCityName":"성남"},{"BusNo":"101","Type":"1","BlID":"5114","BusCityName":"성남"},{"BusNo":"520","Type":"1","BlID":"10004","BusCityName":"광주"},{"BusNo":"60","Type":"1","BlID":"10007","BusCityName":"광주"},{"BusNo":"720-2","Type":"1","BlID":"10012","BusCityName":"광주"},{"BusNo":"700-2","Type":"1","BlID":"10013","BusCityName":"광주"},{"BusNo":"116-1","Type":"1","BlID":"10059","BusCityName":"광주"},{"BusNo":"116-3","Type":"1","BlID":"10076","BusCityName":"화성"},{"BusNo":"820","Type":"1","BlID":"11005","BusCityName":"용인"},{"BusNo":"19","Type":"3","BlID":"5138","BusCityName":"성남"},{"BusNo":"1241","Type":"4","BlID":"5061","BusCityName":"성남"},{"BusNo":"9414","Type":"4","BlID":"5076","BusCityName":"성남"},{"BusNo":"102","Type":"4","BlID":"5084","BusCityName":"성남"},{"BusNo":"1005-1","Type":"4","BlID":"10053","BusCityName":"광주"},{"BusNo":"5500-1","Type":"4","BlID":"10071","BusCityName":"광주"},{"BusNo":"7007-1","Type":"4","BlID":"10072","BusCityName":"광주"},{"BusNo":"1303","Type":"4","BlID":"10095","BusCityName":"광주"},{"BusNo":"3500","Type":"4","BlID":"10596","BusCityName":"광주"},{"BusNo":"5200","Type":"5","BlID":"10258","BusCityName":"광주"},{"BusNo":"5400","Type":"5","BlID":"10593","BusCityName":"광주"},{"BusNo":"8100","Type":"6","BlID":"10100","BusCityName":"광주"},{"BusNo":"8101","Type":"6","BlID":"10101","BusCityName":"광주"},{"BusNo":"8109","Type":"6","BlID":"10199","BusCityName":"광주"},{"BusNo":"8106","Type":"6","BlID":"10200","BusCityName":"광주"}]}]}]}}}