{"result": {"stationName":"보정","stationID":1533,"type":100,"laneName":"분당선","laneCity":"수도권","x":127.1082313,"y":37.3127468,"prevOBJ": {"station": [{"stationName":"죽전","stationID":1534,"type":100,"laneName":"분당선","laneCity":"수도권","x":127.1073922,"y":37.3245808}]},"nextOBJ": {"station": [{"stationName":"구성","stationID":1535,"type":100,"laneName":"분당선","laneCity":"수도권","x":127.1056748,"y":37.299022}]},"defaultInfo": {"address":"경기도 용인시 기흥구 보정동 1285","new_address":"경기도 용인시 기흥구 용구대로 2560","tel":"1544-7788"},"useInfo": {"platform":2,"meetingPlace":0,"restroom":2,"offDoor":0,"crossOver":2,"publicPlace":0,"handicapCount":1,"parkingCount":0,"bicycleCount":0,"civilCount":0},"exitInfo": {"gate": [{"GateNo":"1","GateLink": ["보정고등학교","용인신촌중학교","보정동주민센터"],"BUSSTOP": [{"StopName":"보정역.보정고등학교.동아솔레시티","StopID":"115700","Bus": [{"BusNo":"101","Type":"1","BlID":"5114","BusCityName":"성남"},{"BusNo":"27","Type":"1","BlID":"9543","BusCityName":"수원"},{"BusNo":"116-1","Type":"1","BlID":"10059","BusCityName":"광주"},{"BusNo":"116-3","Type":"1","BlID":"10076","BusCityName":"화성"},{"BusNo":"820","Type":"1","BlID":"11005","BusCityName":"용인"},{"BusNo":"670","Type":"1","BlID":"11015","BusCityName":"용인"},{"BusNo":"690","Type":"1","BlID":"11042","BusCityName":"용인"},{"BusNo":"68","Type":"1","BlID":"11205","BusCityName":"용인"},{"BusNo":"35","Type":"3","BlID":"11211","BusCityName":"용인"},{"BusNo":"30","Type":"3","BlID":"11218","BusCityName":"용인"},{"BusNo":"31","Type":"3","BlID":"11226","BusCityName":"용인"},{"BusNo":"26","Type":"3","BlID":"11228","BusCityName":"용인"},{"BusNo":"49","Type":"3","BlID":"11231","BusCityName":"용인"},{"BusNo":"34","Type":"3","BlID":"11240","BusCityName":"용인"},{"BusNo":"33","Type":"3","BlID":"11241","BusCityName":"용인"},{"BusNo":"20","Type":"3","BlID":"11250","BusCityName":"용인"},{"BusNo":"80","Type":"3","BlID":"11251","BusCityName":"용인"},{"BusNo":"36","Type":"3","BlID":"11256","BusCityName":"용인"},{"BusNo":"23","Type":"3","BlID":"11262","BusCityName":"용인"},{"BusNo":"57","Type":"3","BlID":"11263","BusCityName":"용인"},{"BusNo":"29","Type":"3","BlID":"11266","BusCityName":"용인"},{"BusNo":"23-1A","Type":"3","BlID":"11269","BusCityName":"용인"},{"BusNo":"1241","Type":"4","BlID":"5061","BusCityName":"성남"},{"BusNo":"1251","Type":"4","BlID":"5089","BusCityName":"성남"},{"BusNo":"5500-1","Type":"4","BlID":"10071","BusCityName":"광주"},{"BusNo":"8165","Type":"5","BlID":"11124","BusCityName":"용인"},{"BusNo":"8852","Type":"5","BlID":"11198","BusCityName":"용인"}]}]},{"GateNo":"2","GateLink": ["보정초등학교"],"BUSSTOP": [{"StopName":"신촌마을2단지.포스홈타운","StopID":"115698","Bus": [{"BusNo":"101","Type":"1","BlID":"5114","BusCityName":"성남"},{"BusNo":"27","Type":"1","BlID":"9543","BusCityName":"수원"},{"BusNo":"116-1","Type":"1","BlID":"10059","BusCityName":"광주"},{"BusNo":"116-3","Type":"1","BlID":"10076","BusCityName":"화성"},{"BusNo":"820","Type":"1","BlID":"11005","BusCityName":"용인"},{"BusNo":"670","Type":"1","BlID":"11015","BusCityName":"용인"},{"BusNo":"690","Type":"1","BlID":"11042","BusCityName":"용인"},{"BusNo":"68","Type":"1","BlID":"11205","BusCityName":"용인"},{"BusNo":"35","Type":"3","BlID":"11211","BusCityName":"용인"},{"BusNo":"30","Type":"3","BlID":"11218","BusCityName":"용인"},{"BusNo":"31","Type":"3","BlID":"11226","BusCityName":"용인"},{"BusNo":"26","Type":"3","BlID":"11228","BusCityName":"용인"},{"BusNo":"49","Type":"3","BlID":"11231","BusCityName":"용인"},{"BusNo":"34","Type":"3","BlID":"11240","BusCityName":"용인"},{"BusNo":"33","Type":"3","BlID":"11241","BusCityName":"용인"},{"BusNo":"20","Type":"3","BlID":"11250","BusCityName":"용인"},{"BusNo":"80","Type":"3","BlID":"11251","BusCityName":"용인"},{"BusNo":"36","Type":"3","BlID":"11256","BusCityName":"용인"},{"BusNo":"23","Type":"3","BlID":"11262","BusCityName":"용인"},{"BusNo":"29","Type":"3","BlID":"11266","BusCityName":"용인"},{"BusNo":"23-1A","Type":"3","BlID":"11269","BusCityName":"용인"},{"BusNo":"1241","Type":"4","BlID":"5061","BusCityName":"성남"},{"BusNo":"1251","Type":"4","BlID":"5089","BusCityName":"성남"},{"BusNo":"5500-1","Type":"4","BlID":"10071","BusCityName":"광주"}]}]},{"GateNo":"3","GateLink": ["용인서부경찰서"],"BUSSTOP": [{"StopName":"신촌마을2단지.포스홈타운","StopID":"115699","Bus": [{"BusNo":"101","Type":"1","BlID":"5114","BusCityName":"성남"},{"BusNo":"27","Type":"1","BlID":"9543","BusCityName":"수원"},{"BusNo":"116-1","Type":"1","BlID":"10059","BusCityName":"광주"},{"BusNo":"116-3","Type":"1","BlID":"10076","BusCityName":"화성"},{"BusNo":"820","Type":"1","BlID":"11005","BusCityName":"용인"},{"BusNo":"670","Type":"1","BlID":"11015","BusCityName":"용인"},{"BusNo":"690","Type":"1","BlID":"11042","BusCityName":"용인"},{"BusNo":"68","Type":"1","BlID":"11205","BusCityName":"용인"},{"BusNo":"35","Type":"3","BlID":"11211","BusCityName":"용인"},{"BusNo":"30","Type":"3","BlID":"11218","BusCityName":"용인"},{"BusNo":"31","Type":"3","BlID":"11226","BusCityName":"용인"},{"BusNo":"26","Type":"3","BlID":"11228","BusCityName":"용인"},{"BusNo":"34","Type":"3","BlID":"11240","BusCityName":"용인"},{"BusNo":"33","Type":"3","BlID":"11241","BusCityName":"용인"},{"BusNo":"20","Type":"3","BlID":"11250","BusCityName":"용인"},{"BusNo":"80","Type":"3","BlID":"11251","BusCityName":"용인"},{"BusNo":"36","Type":"3","BlID":"11256","BusCityName":"용인"},{"BusNo":"58","Type":"3","BlID":"11260","BusCityName":"용인"},{"BusNo":"23","Type":"3","BlID":"11262","BusCityName":"용인"},{"BusNo":"23-1A","Type":"3","BlID":"11269","BusCityName":"용인"},{"BusNo":"15-1","Type":"3","BlID":"11280","BusCityName":"용인"},{"BusNo":"1241","Type":"4","BlID":"5061","BusCityName":"성남"},{"BusNo":"1251","Type":"4","BlID":"5089","BusCityName":"성남"},{"BusNo":"5500-1","Type":"4","BlID":"10071","BusCityName":"광주"}]}]},{"GateNo":"4","GateLink": ["분당차량사업소"],"BUSSTOP": [{"StopName":"보정역.보정고등학교.동아솔레시티","StopID":"115701","Bus": [{"BusNo":"101","Type":"1","BlID":"5114","BusCityName":"성남"},{"BusNo":"27","Type":"1","BlID":"9543","BusCityName":"수원"},{"BusNo":"116-1","Type":"1","BlID":"10059","BusCityName":"광주"},{"BusNo":"116-3","Type":"1","BlID":"10076","BusCityName":"화성"},{"BusNo":"820","Type":"1","BlID":"11005","BusCityName":"용인"},{"BusNo":"670","Type":"1","BlID":"11015","BusCityName":"용인"},{"BusNo":"690","Type":"1","BlID":"11042","BusCityName":"용인"},{"BusNo":"68","Type":"1","BlID":"11205","BusCityName":"용인"},{"BusNo":"30","Type":"3","BlID":"11218","BusCityName":"용인"},{"BusNo":"31","Type":"3","BlID":"11226","BusCityName":"용인"},{"BusNo":"26","Type":"3","BlID":"11228","BusCityName":"용인"},{"BusNo":"34","Type":"3","BlID":"11240","BusCityName":"용인"},{"BusNo":"33","Type":"3","BlID":"11241","BusCityName":"용인"},{"BusNo":"80","Type":"3","BlID":"11251","BusCityName":"용인"},{"BusNo":"36","Type":"3","BlID":"11256","BusCityName":"용인"},{"BusNo":"58","Type":"3","BlID":"11260","BusCityName":"용인"},{"BusNo":"23","Type":"3","BlID":"11262","BusCityName":"용인"},{"BusNo":"57","Type":"3","BlID":"11263","BusCityName":"용인"},{"BusNo":"29","Type":"3","BlID":"11266","BusCityName":"용인"},{"BusNo":"23-1A","Type":"3","BlID":"11269","BusCityName":"용인"},{"BusNo":"15-1","Type":"3","BlID":"11280","BusCityName":"용인"},{"BusNo":"1241","Type":"4","BlID":"5061","BusCityName":"성남"},{"BusNo":"1251","Type":"4","BlID":"5089","BusCityName":"성남"},{"BusNo":"5500-1","Type":"4","BlID":"10071","BusCityName":"광주"},{"BusNo":"8165","Type":"5","BlID":"11124","BusCityName":"용인"},{"BusNo":"8852","Type":"5","BlID":"11198","BusCityName":"용인"}]}]}]}}}