{"result": {"stationName":"죽전","stationID":1534,"type":100,"laneName":"분당선","laneCity":"수도권","x":127.1073922,"y":37.3245808,"prevOBJ": {"station": [{"stationName":"오리","stationID":1532,"type":100,"laneName":"분당선","laneCity":"수도권","x":127.108995,"y":37.3398392}]},"nextOBJ": {"station": [{"stationName":"보정","stationID":1533,"type":100,"laneName":"분당선","laneCity":"수도권","x":127.1082313,"y":37.3127468}]},"defaultInfo": {"address":"경기도 용인시 수지구 죽전동 1286","new_address":"경기도 용인시 수지구 포은대로 530","tel":"1544-7788"},"useInfo": {"platform":2,"meetingPlace":0,"restroom":2,"offDoor":2,"crossOver":2,"publicPlace":0,"handicapCount":1,"parkingCount":0,"bicycleCount":1,"civilCount":0},"exitInfo": {"gate": [{"GateNo":"1","GateLink": ["풍덕천사거리","수지지구대","수지119안전센터","문정중학교방면","수지구청방면","수지우체국방면"],"BUSSTOP": [{"StopName":"죽전역.포은아트홀.죽전2동주민센터.신세계경기점","StopID":"117356","Bus": [{"BusNo":"27","Type":"1","BlID":"9543","BusCityName":"수원"},{"BusNo":"60","Type":"1","BlID":"10007","BusCityName":"광주"},{"BusNo":"660","Type":"1","BlID":"10008","BusCityName":"광주"},{"BusNo":"720-2","Type":"1","BlID":"10012","BusCityName":"광주"},{"BusNo":"720-3","Type":"1","BlID":"10106","BusCityName":"광주"},{"BusNo":"670","Type":"1","BlID":"11015","BusCityName":"용인"},{"BusNo":"690","Type":"1","BlID":"11042","BusCityName":"용인"},{"BusNo":"68","Type":"1","BlID":"11205","BusCityName":"용인"},{"BusNo":"82-1","Type":"3","BlID":"11013","BusCityName":"용인"},{"BusNo":"57-1","Type":"3","BlID":"11213","BusCityName":"용인"},{"BusNo":"19","Type":"3","BlID":"11216","BusCityName":"용인"},{"BusNo":"30","Type":"3","BlID":"11218","BusCityName":"용인"},{"BusNo":"31","Type":"3","BlID":"11226","BusCityName":"용인"},{"BusNo":"49","Type":"3","BlID":"11231","BusCityName":"용인"},{"BusNo":"26-1","Type":"3","BlID":"11232","BusCityName":"용인"},{"BusNo":"20","Type":"3","BlID":"11250","BusCityName":"용인"},{"BusNo":"57","Type":"3","BlID":"11263","BusCityName":"용인"},{"BusNo":"59","Type":"3","BlID":"11267","BusCityName":"용인"},{"BusNo":"59-1","Type":"3","BlID":"11272","BusCityName":"용인"},{"BusNo":"39-2","Type":"3","BlID":"11274","BusCityName":"용인"},{"BusNo":"2-1","Type":"3","BlID":"11278","BusCityName":"용인"},{"BusNo":"1251","Type":"4","BlID":"5089","BusCityName":"성남"},{"BusNo":"8165","Type":"5","BlID":"11124","BusCityName":"용인"},{"BusNo":"8852","Type":"5","BlID":"11198","BusCityName":"용인"}]},{"StopName":"죽전역.수지레스피아.죽전2동주민센터.신세계경기점","StopID":"117357","Bus": [{"BusNo":"27","Type":"1","BlID":"9543","BusCityName":"수원"},{"BusNo":"660","Type":"1","BlID":"10008","BusCityName":"광주"},{"BusNo":"720-3","Type":"1","BlID":"10106","BusCityName":"광주"},{"BusNo":"670","Type":"1","BlID":"11015","BusCityName":"용인"},{"BusNo":"690","Type":"1","BlID":"11042","BusCityName":"용인"},{"BusNo":"68","Type":"1","BlID":"11205","BusCityName":"용인"},{"BusNo":"57-1","Type":"3","BlID":"11213","BusCityName":"용인"},{"BusNo":"19","Type":"3","BlID":"11216","BusCityName":"용인"},{"BusNo":"30","Type":"3","BlID":"11218","BusCityName":"용인"},{"BusNo":"31","Type":"3","BlID":"11226","BusCityName":"용인"},{"BusNo":"49","Type":"3","BlID":"11231","BusCityName":"용인"},{"BusNo":"26-1","Type":"3","BlID":"11232","BusCityName":"용인"},{"BusNo":"20","Type":"3","BlID":"11250","BusCityName":"용인"},{"BusNo":"58","Type":"3","BlID":"11260","BusCityName":"용인"},{"BusNo":"57","Type":"3","BlID":"11263","BusCityName":"용인"},{"BusNo":"59","Type":"3","BlID":"11267","BusCityName":"용인"},{"BusNo":"24","Type":"3","BlID":"11268","BusCityName":"용인"},{"BusNo":"23-1A","Type":"3","BlID":"11269","BusCityName":"용인"},{"BusNo":"15-1","Type":"3","BlID":"11280","BusCityName":"용인"},{"BusNo":"40","Type":"3","BlID":"11281","BusCityName":"용인"},{"BusNo":"1251","Type":"4","BlID":"5089","BusCityName":"성남"}]}]},{"GateNo":"2","GateLink": ["죽전사거리","죽전삼거리","죽전교","엑스파크","용인신촌초등학교","죽전체육공원","보정동주민센터","신세계백화점 경기점","이마트 죽전점"]},{"GateNo":"3","GateLink": ["풍덕천사거리","수지지구대","수지119안전센터","문정중학교방면","수지구청방면","수지우체국방면"],"BUSSTOP": [{"StopName":"죽전역.신세계백화점","StopID":"85050","Bus": [{"BusNo":"82-1","Type":"3","BlID":"11013","BusCityName":"용인"},{"BusNo":"14-1","Type":"3","BlID":"11018","BusCityName":"용인"},{"BusNo":"1-1","Type":"3","BlID":"11073","BusCityName":"용인"},{"BusNo":"15-2","Type":"3","BlID":"11139","BusCityName":"용인"},{"BusNo":"56","Type":"3","BlID":"11222","BusCityName":"용인"},{"BusNo":"58-1","Type":"3","BlID":"11245","BusCityName":"용인"},{"BusNo":"17-1","Type":"3","BlID":"11264","BusCityName":"용인"},{"BusNo":"11","Type":"3","BlID":"11265","BusCityName":"용인"},{"BusNo":"59-1","Type":"3","BlID":"11272","BusCityName":"용인"},{"BusNo":"39-2","Type":"3","BlID":"11274","BusCityName":"용인"},{"BusNo":"1","Type":"3","BlID":"11276","BusCityName":"용인"},{"BusNo":"2-1","Type":"3","BlID":"11278","BusCityName":"용인"},{"BusNo":"82","Type":"3","BlID":"11279","BusCityName":"용인"},{"BusNo":"15-1","Type":"3","BlID":"11280","BusCityName":"용인"}]}]}]}}}