{"result": {"stationName":"구성","stationID":1535,"type":100,"laneName":"분당선","laneCity":"수도권","x":127.1056748,"y":37.299022,"prevOBJ": {"station": [{"stationName":"보정","stationID":1533,"type":100,"laneName":"분당선","laneCity":"수도권","x":127.1082313,"y":37.3127468}]},"nextOBJ": {"station": [{"stationName":"신갈","stationID":1536,"type":100,"laneName":"분당선","laneCity":"수도권","x":127.1113193,"y":37.2861338}]},"defaultInfo": {"address":"경기도 용인시 기흥구 마북동 460-3","new_address":"경기도 용인시 기흥구 용구대로 2403","tel":"1544-7788"},"useInfo": {"platform":2,"meetingPlace":0,"restroom":2,"offDoor":0,"crossOver":2,"publicPlace":0,"handicapCount":1,"parkingCount":0,"bicycleCount":1,"civilCount":0},"exitInfo": {"gate": [{"GateNo":"1","GateLink": ["마북초등학교"],"BUSSTOP": [{"StopName":"구성역","StopID":"81646","Bus": [{"BusNo":"77","Type":"1","BlID":"11136","BusCityName":"용인"},{"BusNo":"20-2","Type":"3","BlID":"11074","BusCityName":"용인"},{"BusNo":"810-2","Type":"3","BlID":"11122","BusCityName":"용인"},{"BusNo":"23-2","Type":"3","BlID":"11127","BusCityName":"용인"},{"BusNo":"20-1B","Type":"3","BlID":"11140","BusCityName":"용인"},{"BusNo":"23-1B","Type":"3","BlID":"11141","BusCityName":"용인"},{"BusNo":"31","Type":"3","BlID":"11226","BusCityName":"용인"},{"BusNo":"26","Type":"3","BlID":"11228","BusCityName":"용인"},{"BusNo":"33","Type":"3","BlID":"11241","BusCityName":"용인"},{"BusNo":"23-1A","Type":"3","BlID":"11269","BusCityName":"용인"}]},{"StopName":"연원마을.LG.벽산아파트","StopID":"109088","Bus": [{"BusNo":"101","Type":"1","BlID":"5114","BusCityName":"성남"},{"BusNo":"27","Type":"1","BlID":"9543","BusCityName":"수원"},{"BusNo":"116-1","Type":"1","BlID":"10059","BusCityName":"광주"},{"BusNo":"116-3","Type":"1","BlID":"10076","BusCityName":"화성"},{"BusNo":"820","Type":"1","BlID":"11005","BusCityName":"용인"},{"BusNo":"670","Type":"1","BlID":"11015","BusCityName":"용인"},{"BusNo":"690","Type":"1","BlID":"11042","BusCityName":"용인"},{"BusNo":"77","Type":"1","BlID":"11136","BusCityName":"용인"},{"BusNo":"68","Type":"1","BlID":"11205","BusCityName":"용인"},{"BusNo":"20-1","Type":"3","BlID":"11028","BusCityName":"용인"},{"BusNo":"810-2","Type":"3","BlID":"11122","BusCityName":"용인"},{"BusNo":"35","Type":"3","BlID":"11211","BusCityName":"용인"},{"BusNo":"30","Type":"3","BlID":"11218","BusCityName":"용인"},{"BusNo":"34","Type":"3","BlID":"11240","BusCityName":"용인"},{"BusNo":"80","Type":"3","BlID":"11251","BusCityName":"용인"},{"BusNo":"36","Type":"3","BlID":"11256","BusCityName":"용인"},{"BusNo":"1241","Type":"4","BlID":"5061","BusCityName":"성남"},{"BusNo":"1251","Type":"4","BlID":"5089","BusCityName":"성남"},{"BusNo":"5500-1","Type":"4","BlID":"10071","BusCityName":"광주"},{"BusNo":"8165","Type":"5","BlID":"11124","BusCityName":"용인"},{"BusNo":"8852","Type":"5","BlID":"11198","BusCityName":"용인"}]},{"StopName":"연원마을.LG.벽산아파트","StopID":"109094","Bus": [{"BusNo":"101","Type":"1","BlID":"5114","BusCityName":"성남"},{"BusNo":"27","Type":"1","BlID":"9543","BusCityName":"수원"},{"BusNo":"116-1","Type":"1","BlID":"10059","BusCityName":"광주"},{"BusNo":"116-3","Type":"1","BlID":"10076","BusCityName":"화성"},{"BusNo":"820","Type":"1","BlID":"11005","BusCityName":"용인"},{"BusNo":"670","Type":"1","BlID":"11015","BusCityName":"용인"},{"BusNo":"690","Type":"1","BlID":"11042","BusCityName":"용인"},{"BusNo":"68","Type":"1","BlID":"11205","BusCityName":"용인"},{"BusNo":"20-1","Type":"3","BlID":"11028","BusCityName":"용인"},{"BusNo":"35","Type":"3","BlID":"11211","BusCityName":"용인"},{"BusNo":"30","Type":"3","BlID":"11218","BusCityName":"용인"},{"BusNo":"34","Type":"3","BlID":"11240","BusCityName":"용인"},{"BusNo":"80","Type":"3","BlID":"11251","BusCityName":"용인"},{"BusNo":"36","Type":"3","BlID":"11256","BusCityName":"용인"},{"BusNo":"1241","Type":"4","BlID":"5061","BusCityName":"성남"},{"BusNo":"1251","Type":"4","BlID":"5089","BusCityName":"성남"},{"BusNo":"5500-1","Type":"4","BlID":"10071","BusCityName":"광주"},{"BusNo":"8165","Type":"5","BlID":"11124","BusCityName":"용인"},{"BusNo":"8852","Type":"5","BlID":"11198","BusCityName":"용인"}]}]},{"GateNo":"2","GateLink": ["마북초등학교"],"BUSSTOP": [{"StopName":"한국전력기술연구소","StopID":"80652","Bus": [{"BusNo":"101","Type":"1","BlID":"5114","BusCityName":"성남"},{"BusNo":"27","Type":"1","BlID":"9543","BusCityName":"수원"},{"BusNo":"116-1","Type":"1","BlID":"10059","BusCityName":"광주"},{"BusNo":"116-3","Type":"1","BlID":"10076","BusCityName":"화성"},{"BusNo":"820","Type":"1","BlID":"11005","BusCityName":"용인"},{"BusNo":"670","Type":"1","BlID":"11015","BusCityName":"용인"},{"BusNo":"690","Type":"1","BlID":"11042","BusCityName":"용인"},{"BusNo":"77","Type":"1","BlID":"11136","BusCityName":"용인"},{"BusNo":"68","Type":"1","BlID":"11205","BusCityName":"용인"},{"BusNo":"26-2","Type":"3","BlID":"11004","BusCityName":"용인"},{"BusNo":"39-3","Type":"3","BlID":"11010","BusCityName":"용인"},{"BusNo":"21-1","Type":"3","BlID":"11023","BusCityName":"용인"},{"BusNo":"20-1","Type":"3","BlID":"11028","BusCityName":"용인"},{"BusNo":"34-2","Type":"3","BlID":"11032","BusCityName":"용인"},{"BusNo":"35","Type":"3","BlID":"11211","BusCityName":"용인"},{"BusNo":"30","Type":"3","BlID":"11218","BusCityName":"용인"},{"BusNo":"34","Type":"3","BlID":"11240","BusCityName":"용인"},{"BusNo":"80","Type":"3","BlID":"11251","BusCityName":"용인"},{"BusNo":"36","Type":"3","BlID":"11256","BusCityName":"용인"},{"BusNo":"1241","Type":"4","BlID":"5061","BusCityName":"성남"},{"BusNo":"1251","Type":"4","BlID":"5089","BusCityName":"성남"},{"BusNo":"5500-1","Type":"4","BlID":"10071","BusCityName":"광주"}]},{"StopName":"구성역3번출구","StopID":"80653","Bus": [{"BusNo":"77","Type":"1","BlID":"11136","BusCityName":"용인"},{"BusNo":"26-2","Type":"3","BlID":"11004","BusCityName":"용인"},{"BusNo":"39-3","Type":"3","BlID":"11010","BusCityName":"용인"},{"BusNo":"21-1","Type":"3","BlID":"11023","BusCityName":"용인"},{"BusNo":"34-2","Type":"3","BlID":"11032","BusCityName":"용인"},{"BusNo":"20-2","Type":"3","BlID":"11074","BusCityName":"용인"},{"BusNo":"23-2","Type":"3","BlID":"11127","BusCityName":"용인"},{"BusNo":"20-1B","Type":"3","BlID":"11140","BusCityName":"용인"},{"BusNo":"23-1B","Type":"3","BlID":"11141","BusCityName":"용인"},{"BusNo":"31","Type":"3","BlID":"11226","BusCityName":"용인"},{"BusNo":"26","Type":"3","BlID":"11228","BusCityName":"용인"},{"BusNo":"33","Type":"3","BlID":"11241","BusCityName":"용인"},{"BusNo":"23-1A","Type":"3","BlID":"11269","BusCityName":"용인"}]},{"StopName":"한국전력기술연구소","StopID":"109117","Bus": [{"BusNo":"101","Type":"1","BlID":"5114","BusCityName":"성남"},{"BusNo":"27","Type":"1","BlID":"9543","BusCityName":"수원"},{"BusNo":"116-1","Type":"1","BlID":"10059","BusCityName":"광주"},{"BusNo":"116-3","Type":"1","BlID":"10076","BusCityName":"화성"},{"BusNo":"820","Type":"1","BlID":"11005","BusCityName":"용인"},{"BusNo":"670","Type":"1","BlID":"11015","BusCityName":"용인"},{"BusNo":"690","Type":"1","BlID":"11042","BusCityName":"용인"},{"BusNo":"77","Type":"1","BlID":"11136","BusCityName":"용인"},{"BusNo":"68","Type":"1","BlID":"11205","BusCityName":"용인"},{"BusNo":"20-1","Type":"3","BlID":"11028","BusCityName":"용인"},{"BusNo":"810-2","Type":"3","BlID":"11122","BusCityName":"용인"},{"BusNo":"35","Type":"3","BlID":"11211","BusCityName":"용인"},{"BusNo":"30","Type":"3","BlID":"11218","BusCityName":"용인"},{"BusNo":"34","Type":"3","BlID":"11240","BusCityName":"용인"},{"BusNo":"80","Type":"3","BlID":"11251","BusCityName":"용인"},{"BusNo":"36","Type":"3","BlID":"11256","BusCityName":"용인"},{"BusNo":"1241","Type":"4","BlID":"5061","BusCityName":"성남"},{"BusNo":"1251","Type":"4","BlID":"5089","BusCityName":"성남"},{"BusNo":"5500-1","Type":"4","BlID":"10071","BusCityName":"광주"}]}]},{"GateNo":"3","GateLink": ["마북동"]}]}}}