{"result": {"stationName":"신갈","stationID":1536,"type":100,"laneName":"분당선","laneCity":"수도권","x":127.1113193,"y":37.2861338,"prevOBJ": {"station": [{"stationName":"구성","stationID":1535,"type":100,"laneName":"분당선","laneCity":"수도권","x":127.1056748,"y":37.299022}]},"nextOBJ": {"station": [{"stationName":"기흥","stationID":1537,"type":100,"laneName":"분당선","laneCity":"수도권","x":127.1159526,"y":37.2756617}]},"defaultInfo": {"address":"경기도 용인시 기흥구 신갈동 167","new_address":"경기도 용인시 기흥구 기흥로 136","tel":"1544-7788"},"useInfo": {"platform":2,"meetingPlace":0,"restroom":2,"offDoor":0,"crossOver":2,"publicPlace":0,"handicapCount":1,"parkingCount":0,"bicycleCount":1,"civilCount":0},"exitInfo": {"gate": [{"GateNo":"1","GateLink": ["용인운전면허시험장"],"BUSSTOP": [{"StopName":"신갈역.새릉골","StopID":"163698","Bus": [{"BusNo":"27-1","Type":"1","BlID":"9630","BusCityName":"수원"},{"BusNo":"820","Type":"1","BlID":"11005","BusCityName":"용인"},{"BusNo":"690","Type":"1","BlID":"11042","BusCityName":"용인"},{"BusNo":"20-1","Type":"3","BlID":"11028","BusCityName":"용인"},{"BusNo":"35-3","Type":"3","BlID":"11035","BusCityName":"용인"},{"BusNo":"21A","Type":"3","BlID":"11072","BusCityName":"용인"},{"BusNo":"20-1B","Type":"3","BlID":"11140","BusCityName":"용인"},{"BusNo":"38","Type":"3","BlID":"11220","BusCityName":"용인"},{"BusNo":"35-1","Type":"3","BlID":"11237","BusCityName":"용인"},{"BusNo":"21","Type":"3","BlID":"11238","BusCityName":"용인"},{"BusNo":"80","Type":"3","BlID":"11251","BusCityName":"용인"},{"BusNo":"34-1","Type":"3","BlID":"11258","BusCityName":"용인"},{"BusNo":"1251","Type":"4","BlID":"5089","BusCityName":"성남"},{"BusNo":"8165","Type":"5","BlID":"11124","BusCityName":"용인"},{"BusNo":"8852","Type":"5","BlID":"11198","BusCityName":"용인"}]},{"StopName":"새릉골.풍림아파트","StopID":"211240","Bus": [{"BusNo":"35-2","Type":"3","BlID":"11217","BusCityName":"용인"},{"BusNo":"36","Type":"3","BlID":"11256","BusCityName":"용인"}]},{"StopName":"새릉골.풍림아파트","StopID":"211422","Bus": [{"BusNo":"35-2","Type":"3","BlID":"11217","BusCityName":"용인"},{"BusNo":"36","Type":"3","BlID":"11256","BusCityName":"용인"}]}]},{"GateNo":"2","GateLink": ["용인시립도서관","만골근린공원","언남초등학교","새천년그린빌(1~5단지)"]},{"GateNo":"3","GateLink": ["기흥구청","산양초등학교","관곡초등학교","기흥고등학교","신갈중학교","구갈중학교"],"BUSSTOP": [{"StopName":"신갈역.도현마을","StopID":"119217","Bus": [{"BusNo":"820","Type":"1","BlID":"11005","BusCityName":"용인"},{"BusNo":"690","Type":"1","BlID":"11042","BusCityName":"용인"},{"BusNo":"20-1","Type":"3","BlID":"11028","BusCityName":"용인"},{"BusNo":"21A","Type":"3","BlID":"11072","BusCityName":"용인"},{"BusNo":"20-1B","Type":"3","BlID":"11140","BusCityName":"용인"},{"BusNo":"38","Type":"3","BlID":"11220","BusCityName":"용인"},{"BusNo":"21","Type":"3","BlID":"11238","BusCityName":"용인"},{"BusNo":"80","Type":"3","BlID":"11251","BusCityName":"용인"},{"BusNo":"51-1","Type":"3","BlID":"11253","BusCityName":"용인"},{"BusNo":"34-1","Type":"3","BlID":"11258","BusCityName":"용인"},{"BusNo":"1251","Type":"4","BlID":"5089","BusCityName":"성남"},{"BusNo":"8165","Type":"5","BlID":"11124","BusCityName":"용인"},{"BusNo":"8852","Type":"5","BlID":"11198","BusCityName":"용인"}]}]},{"GateNo":"4","GateLink": ["신갈운전면허시험장사거리"],"BUSSTOP": [{"StopName":"인성마을","StopID":"211011","Bus": [{"BusNo":"35-2","Type":"3","BlID":"11217","BusCityName":"용인"},{"BusNo":"36","Type":"3","BlID":"11256","BusCityName":"용인"}]},{"StopName":"인성마을","StopID":"211417","Bus": [{"BusNo":"35-2","Type":"3","BlID":"11217","BusCityName":"용인"},{"BusNo":"36","Type":"3","BlID":"11256","BusCityName":"용인"}]}]}]}}}