{"result": {"stationName":"기흥","stationID":1537,"type":100,"laneName":"분당선","laneCity":"수도권","x":127.1159526,"y":37.2756617,"exOBJ": {"station": [{"stationName":"기흥","stationID":1701,"type":107,"laneName":"에버라인","laneCity":"수도권"}]},"prevOBJ": {"station": [{"stationName":"신갈","stationID":1536,"type":100,"laneName":"분당선","laneCity":"수도권","x":127.1113193,"y":37.2861338}]},"nextOBJ": {"station": [{"stationName":"상갈","stationID":1538,"type":100,"laneName":"분당선","laneCity":"수도권","x":127.1087299,"y":37.2618028}]},"defaultInfo": {"address":"경기도 용인시 기흥구 구갈동 227-25","new_address":"경기도 용인시 기흥구 중부대로 460","tel":"1544-7788"},"useInfo": {"platform":2,"meetingPlace":0,"restroom":1,"offDoor":0,"crossOver":2,"publicPlace":0,"handicapCount":1,"parkingCount":0,"bicycleCount":1,"civilCount":0},"exitInfo": {"gate": [{"GateNo":"1","GateLink": ["기남방송"]},{"GateNo":"2","GateLink": ["용인구갈롯데캐슬아파트"]},{"GateNo":"3","GateLink": ["태평양"],"BUSSTOP": [{"StopName":"기흥역","StopID":"186960","Bus": [{"BusNo":"10","Type":"1","BlID":"11000","BusCityName":"용인"},{"BusNo":"820","Type":"1","BlID":"11005","BusCityName":"용인"},{"BusNo":"66-4","Type":"1","BlID":"11006","BusCityName":"용인"},{"BusNo":"66","Type":"1","BlID":"11007","BusCityName":"용인"},{"BusNo":"690","Type":"1","BlID":"11042","BusCityName":"용인"},{"BusNo":"55","Type":"1","BlID":"11106","BusCityName":"용인"},{"BusNo":"28","Type":"3","BlID":"11215","BusCityName":"용인"},{"BusNo":"33","Type":"3","BlID":"11241","BusCityName":"용인"},{"BusNo":"810-1","Type":"3","BlID":"11248","BusCityName":"용인"},{"BusNo":"80","Type":"3","BlID":"11251","BusCityName":"용인"},{"BusNo":"36","Type":"3","BlID":"11256","BusCityName":"용인"},{"BusNo":"5000","Type":"4","BlID":"11011","BusCityName":"용인"},{"BusNo":"5600","Type":"4","BlID":"11024","BusCityName":"용인"},{"BusNo":"5005","Type":"4","BlID":"11025","BusCityName":"용인"},{"BusNo":"5001","Type":"4","BlID":"11196","BusCityName":"용인"},{"BusNo":"5003","Type":"4","BlID":"11204","BusCityName":"용인"},{"BusNo":"8443","Type":"22","BlID":"11132","BusCityName":"용인"},{"BusNo":"8478","Type":"22","BlID":"11133","BusCityName":"용인"},{"BusNo":"8839","Type":"22","BlID":"11134","BusCityName":"용인"},{"BusNo":"8862","Type":"22","BlID":"11135","BusCityName":"용인"}]}]},{"GateNo":"4","GateLink": ["퍼시픽글라스"]},{"GateNo":"5","GateLink": ["신갈고등학교"]},{"GateNo":"6","GateLink": ["기흥구청","구갈초등학교"],"BUSSTOP": [{"StopName":"기흥역","StopID":"186961","Bus": [{"BusNo":"10","Type":"1","BlID":"11000","BusCityName":"용인"},{"BusNo":"820","Type":"1","BlID":"11005","BusCityName":"용인"},{"BusNo":"66-4","Type":"1","BlID":"11006","BusCityName":"용인"},{"BusNo":"66","Type":"1","BlID":"11007","BusCityName":"용인"},{"BusNo":"55","Type":"1","BlID":"11106","BusCityName":"용인"},{"BusNo":"20-1","Type":"3","BlID":"11028","BusCityName":"용인"},{"BusNo":"20-1B","Type":"3","BlID":"11140","BusCityName":"용인"},{"BusNo":"35-2","Type":"3","BlID":"11217","BusCityName":"용인"},{"BusNo":"18(청현마을.기흥구청)","Type":"3","BlID":"11221","BusCityName":"용인"},{"BusNo":"53","Type":"3","BlID":"11224","BusCityName":"용인"},{"BusNo":"38-1","Type":"3","BlID":"11230","BusCityName":"용인"},{"BusNo":"17A","Type":"3","BlID":"11234","BusCityName":"용인"},{"BusNo":"28-2","Type":"3","BlID":"11236","BusCityName":"용인"},{"BusNo":"810-1","Type":"3","BlID":"11248","BusCityName":"용인"},{"BusNo":"28-1","Type":"3","BlID":"11249","BusCityName":"용인"},{"BusNo":"51(Red(우림홀인원아파트.기흥초등학교))","Type":"3","BlID":"11254","BusCityName":"용인"},{"BusNo":"54","Type":"3","BlID":"11255","BusCityName":"용인"},{"BusNo":"5000","Type":"4","BlID":"11011","BusCityName":"용인"},{"BusNo":"5600","Type":"4","BlID":"11024","BusCityName":"용인"},{"BusNo":"5005","Type":"4","BlID":"11025","BusCityName":"용인"},{"BusNo":"5001","Type":"4","BlID":"11196","BusCityName":"용인"},{"BusNo":"5003","Type":"4","BlID":"11204","BusCityName":"용인"},{"BusNo":"8443","Type":"22","BlID":"11132","BusCityName":"용인"},{"BusNo":"8478","Type":"22","BlID":"11133","BusCityName":"용인"},{"BusNo":"8839","Type":"22","BlID":"11134","BusCityName":"용인"},{"BusNo":"8862","Type":"22","BlID":"11135","BusCityName":"용인"}]}]},{"GateNo":"7","GateLink": ["기흥구청","구갈초등학교"],"BUSSTOP": [{"StopName":"동부아파트","StopID":"211001","Bus": [{"BusNo":"35-2","Type":"3","BlID":"11217","BusCityName":"용인"},{"BusNo":"36","Type":"3","BlID":"11256","BusCityName":"용인"}]},{"StopName":"동부아파트","StopID":"211425","Bus": [{"BusNo":"20-1","Type":"3","BlID":"11028","BusCityName":"용인"},{"BusNo":"20-1B","Type":"3","BlID":"11140","BusCityName":"용인"},{"BusNo":"35-2","Type":"3","BlID":"11217","BusCityName":"용인"}]}]},{"GateNo":"8","GateLink": ["백남준아트센터","기흥구청","강남병원","경기도박물관","신갈우체국","신갈고등학교"],"BUSSTOP": [{"StopName":"수원컨트리크럽","StopID":"117998","Bus": [{"BusNo":"10","Type":"1","BlID":"11000","BusCityName":"용인"},{"BusNo":"820","Type":"1","BlID":"11005","BusCityName":"용인"},{"BusNo":"66-4","Type":"1","BlID":"11006","BusCityName":"용인"},{"BusNo":"66","Type":"1","BlID":"11007","BusCityName":"용인"},{"BusNo":"690","Type":"1","BlID":"11042","BusCityName":"용인"},{"BusNo":"55","Type":"1","BlID":"11106","BusCityName":"용인"},{"BusNo":"28","Type":"3","BlID":"11215","BusCityName":"용인"},{"BusNo":"33","Type":"3","BlID":"11241","BusCityName":"용인"},{"BusNo":"810-1","Type":"3","BlID":"11248","BusCityName":"용인"},{"BusNo":"80","Type":"3","BlID":"11251","BusCityName":"용인"},{"BusNo":"36","Type":"3","BlID":"11256","BusCityName":"용인"},{"BusNo":"5000","Type":"4","BlID":"11011","BusCityName":"용인"},{"BusNo":"5600","Type":"4","BlID":"11024","BusCityName":"용인"},{"BusNo":"5005","Type":"4","BlID":"11025","BusCityName":"용인"},{"BusNo":"5001","Type":"4","BlID":"11196","BusCityName":"용인"},{"BusNo":"5003","Type":"4","BlID":"11204","BusCityName":"용인"}]},{"StopName":"기흥역","StopID":"186960","Bus": [{"BusNo":"10","Type":"1","BlID":"11000","BusCityName":"용인"},{"BusNo":"820","Type":"1","BlID":"11005","BusCityName":"용인"},{"BusNo":"66-4","Type":"1","BlID":"11006","BusCityName":"용인"},{"BusNo":"66","Type":"1","BlID":"11007","BusCityName":"용인"},{"BusNo":"690","Type":"1","BlID":"11042","BusCityName":"용인"},{"BusNo":"55","Type":"1","BlID":"11106","BusCityName":"용인"},{"BusNo":"28","Type":"3","BlID":"11215","BusCityName":"용인"},{"BusNo":"33","Type":"3","BlID":"11241","BusCityName":"용인"},{"BusNo":"810-1","Type":"3","BlID":"11248","BusCityName":"용인"},{"BusNo":"80","Type":"3","BlID":"11251","BusCityName":"용인"},{"BusNo":"36","Type":"3","BlID":"11256","BusCityName":"용인"},{"BusNo":"5000","Type":"4","BlID":"11011","BusCityName":"용인"},{"BusNo":"5600","Type":"4","BlID":"11024","BusCityName":"용인"},{"BusNo":"5005","Type":"4","BlID":"11025","BusCityName":"용인"},{"BusNo":"5001","Type":"4","BlID":"11196","BusCityName":"용인"},{"BusNo":"5003","Type":"4","BlID":"11204","BusCityName":"용인"},{"BusNo":"8443","Type":"22","BlID":"11132","BusCityName":"용인"},{"BusNo":"8478","Type":"22","BlID":"11133","BusCityName":"용인"},{"BusNo":"8839","Type":"22","BlID":"11134","BusCityName":"용인"},{"BusNo":"8862","Type":"22","BlID":"11135","BusCityName":"용인"}]},{"StopName":"기흥역","StopID":"186961","Bus": [{"BusNo":"10","Type":"1","BlID":"11000","BusCityName":"용인"},{"BusNo":"820","Type":"1","BlID":"11005","BusCityName":"용인"},{"BusNo":"66-4","Type":"1","BlID":"11006","BusCityName":"용인"},{"BusNo":"66","Type":"1","BlID":"11007","BusCityName":"용인"},{"BusNo":"55","Type":"1","BlID":"11106","BusCityName":"용인"},{"BusNo":"20-1","Type":"3","BlID":"11028","BusCityName":"용인"},{"BusNo":"20-1B","Type":"3","BlID":"11140","BusCityName":"용인"},{"BusNo":"35-2","Type":"3","BlID":"11217","BusCityName":"용인"},{"BusNo":"18(청현마을.기흥구청)","Type":"3","BlID":"11221","BusCityName":"용인"},{"BusNo":"53","Type":"3","BlID":"11224","BusCityName":"용인"},{"BusNo":"38-1","Type":"3","BlID":"11230","BusCityName":"용인"},{"BusNo":"17A","Type":"3","BlID":"11234","BusCityName":"용인"},{"BusNo":"28-2","Type":"3","BlID":"11236","BusCityName":"용인"},{"BusNo":"810-1","Type":"3","BlID":"11248","BusCityName":"용인"},{"BusNo":"28-1","Type":"3","BlID":"11249","BusCityName":"용인"},{"BusNo":"51(Red(우림홀인원아파트.기흥초등학교))","Type":"3","BlID":"11254","BusCityName":"용인"},{"BusNo":"54","Type":"3","BlID":"11255","BusCityName":"용인"},{"BusNo":"5000","Type":"4","BlID":"11011","BusCityName":"용인"},{"BusNo":"5600","Type":"4","BlID":"11024","BusCityName":"용인"},{"BusNo":"5005","Type":"4","BlID":"11025","BusCityName":"용인"},{"BusNo":"5001","Type":"4","BlID":"11196","BusCityName":"용인"},{"BusNo":"5003","Type":"4","BlID":"11204","BusCityName":"용인"},{"BusNo":"8443","Type":"22","BlID":"11132","BusCityName":"용인"},{"BusNo":"8478","Type":"22","BlID":"11133","BusCityName":"용인"},{"BusNo":"8839","Type":"22","BlID":"11134","BusCityName":"용인"},{"BusNo":"8862","Type":"22","BlID":"11135","BusCityName":"용인"}]}]}]}}}