{"result": {"stationName":"상갈","stationID":1538,"type":100,"laneName":"분당선","laneCity":"수도권","x":127.1087299,"y":37.2618028,"prevOBJ": {"station": [{"stationName":"기흥","stationID":1537,"type":100,"laneName":"분당선","laneCity":"수도권","x":127.1159526,"y":37.2756617}]},"nextOBJ": {"station": [{"stationName":"청명","stationID":1539,"type":100,"laneName":"분당선","laneCity":"수도권","x":127.0789611,"y":37.2594938}]},"defaultInfo": {"address":"경기도 용인시 기흥구 상갈동 227-3","new_address":"경기도 용인시 기흥구 금화로 40","tel":"1544-7788"},"useInfo": {"platform":2,"meetingPlace":0,"restroom":2,"offDoor":0,"crossOver":2,"publicPlace":0,"handicapCount":1,"parkingCount":0,"bicycleCount":1,"civilCount":0},"exitInfo": {"gate": [{"GateNo":"1","GateLink": ["보라동방면"]},{"GateNo":"2","GateLink": ["상갈동방면"],"BUSSTOP": [{"StopName":"상갈역","StopID":"81965","Bus": [{"BusNo":"37","Type":"1","BlID":"9559","BusCityName":"수원"},{"BusNo":"10-5","Type":"1","BlID":"11002","BusCityName":"용인"},{"BusNo":"99","Type":"1","BlID":"11039","BusCityName":"용인"},{"BusNo":"30","Type":"3","BlID":"11218","BusCityName":"용인"},{"BusNo":"38","Type":"3","BlID":"11220","BusCityName":"용인"},{"BusNo":"53","Type":"3","BlID":"11224","BusCityName":"용인"},{"BusNo":"38-1","Type":"3","BlID":"11230","BusCityName":"용인"},{"BusNo":"51(Red(우림홀인원아파트.기흥초등학교))","Type":"3","BlID":"11254","BusCityName":"용인"},{"BusNo":"54","Type":"3","BlID":"11255","BusCityName":"용인"},{"BusNo":"1560","Type":"4","BlID":"10060","BusCityName":"광주"}]},{"StopName":"금화마을3단지","StopID":"163350","Bus": [{"BusNo":"37","Type":"1","BlID":"9559","BusCityName":"수원"},{"BusNo":"10-5","Type":"1","BlID":"11002","BusCityName":"용인"},{"BusNo":"99","Type":"1","BlID":"11039","BusCityName":"용인"},{"BusNo":"30","Type":"3","BlID":"11218","BusCityName":"용인"},{"BusNo":"38","Type":"3","BlID":"11220","BusCityName":"용인"},{"BusNo":"53","Type":"3","BlID":"11224","BusCityName":"용인"},{"BusNo":"38-1","Type":"3","BlID":"11230","BusCityName":"용인"},{"BusNo":"51(Red(우림홀인원아파트.기흥초등학교))","Type":"3","BlID":"11254","BusCityName":"용인"},{"BusNo":"54","Type":"3","BlID":"11255","BusCityName":"용인"},{"BusNo":"1560","Type":"4","BlID":"10060","BusCityName":"광주"},{"BusNo":"5001-1","Type":"4","BlID":"11197","BusCityName":"용인"}]}]},{"GateNo":"3","GateLink": ["보라초등학교","경기도박물관"],"BUSSTOP": [{"StopName":"상갈역","StopID":"81964","Bus": [{"BusNo":"37","Type":"1","BlID":"9559","BusCityName":"수원"},{"BusNo":"10-5","Type":"1","BlID":"11002","BusCityName":"용인"},{"BusNo":"99","Type":"1","BlID":"11039","BusCityName":"용인"},{"BusNo":"30","Type":"3","BlID":"11218","BusCityName":"용인"},{"BusNo":"38","Type":"3","BlID":"11220","BusCityName":"용인"},{"BusNo":"53","Type":"3","BlID":"11224","BusCityName":"용인"},{"BusNo":"38-1","Type":"3","BlID":"11230","BusCityName":"용인"},{"BusNo":"51(Red(우림홀인원아파트.기흥초등학교))","Type":"3","BlID":"11254","BusCityName":"용인"},{"BusNo":"54","Type":"3","BlID":"11255","BusCityName":"용인"},{"BusNo":"1560","Type":"4","BlID":"10060","BusCityName":"광주"}]},{"StopName":"금화마을3단지","StopID":"115393","Bus": [{"BusNo":"37","Type":"1","BlID":"9559","BusCityName":"수원"},{"BusNo":"10-5","Type":"1","BlID":"11002","BusCityName":"용인"},{"BusNo":"99","Type":"1","BlID":"11039","BusCityName":"용인"},{"BusNo":"30","Type":"3","BlID":"11218","BusCityName":"용인"},{"BusNo":"38","Type":"3","BlID":"11220","BusCityName":"용인"},{"BusNo":"53","Type":"3","BlID":"11224","BusCityName":"용인"},{"BusNo":"38-1","Type":"3","BlID":"11230","BusCityName":"용인"},{"BusNo":"51(Red(우림홀인원아파트.기흥초등학교))","Type":"3","BlID":"11254","BusCityName":"용인"},{"BusNo":"54","Type":"3","BlID":"11255","BusCityName":"용인"},{"BusNo":"1560","Type":"4","BlID":"10060","BusCityName":"광주"},{"BusNo":"5001-1","Type":"4","BlID":"11197","BusCityName":"용인"}]},{"StopName":"금화마을4단지","StopID":"184448","Bus": [{"BusNo":"37","Type":"1","BlID":"9559","BusCityName":"수원"},{"BusNo":"10-5","Type":"1","BlID":"11002","BusCityName":"용인"},{"BusNo":"99","Type":"1","BlID":"11039","BusCityName":"용인"},{"BusNo":"30","Type":"3","BlID":"11218","BusCityName":"용인"},{"BusNo":"38","Type":"3","BlID":"11220","BusCityName":"용인"},{"BusNo":"53","Type":"3","BlID":"11224","BusCityName":"용인"},{"BusNo":"38-1","Type":"3","BlID":"11230","BusCityName":"용인"},{"BusNo":"51(Red(우림홀인원아파트.기흥초등학교))","Type":"3","BlID":"11254","BusCityName":"용인"},{"BusNo":"54","Type":"3","BlID":"11255","BusCityName":"용인"},{"BusNo":"1560","Type":"4","BlID":"10060","BusCityName":"광주"},{"BusNo":"5001-1","Type":"4","BlID":"11197","BusCityName":"용인"}]}]},{"GateNo":"4","GateLink": ["루터대학교","상갈초등·중학교","금화마을"],"BUSSTOP": [{"StopName":"금화마을4단지","StopID":"163349","Bus": [{"BusNo":"37","Type":"1","BlID":"9559","BusCityName":"수원"},{"BusNo":"10-5","Type":"1","BlID":"11002","BusCityName":"용인"},{"BusNo":"99","Type":"1","BlID":"11039","BusCityName":"용인"},{"BusNo":"30","Type":"3","BlID":"11218","BusCityName":"용인"},{"BusNo":"38","Type":"3","BlID":"11220","BusCityName":"용인"},{"BusNo":"53","Type":"3","BlID":"11224","BusCityName":"용인"},{"BusNo":"38-1","Type":"3","BlID":"11230","BusCityName":"용인"},{"BusNo":"51(Red(우림홀인원아파트.기흥초등학교))","Type":"3","BlID":"11254","BusCityName":"용인"},{"BusNo":"54","Type":"3","BlID":"11255","BusCityName":"용인"},{"BusNo":"1560","Type":"4","BlID":"10060","BusCityName":"광주"},{"BusNo":"5001-1","Type":"4","BlID":"11197","BusCityName":"용인"}]},{"StopName":"금화마을1단지","StopID":"184449","Bus": [{"BusNo":"37","Type":"1","BlID":"9559","BusCityName":"수원"},{"BusNo":"10-5","Type":"1","BlID":"11002","BusCityName":"용인"},{"BusNo":"99","Type":"1","BlID":"11039","BusCityName":"용인"},{"BusNo":"51(Red(우림홀인원아파트.기흥초등학교))","Type":"3","BlID":"11254","BusCityName":"용인"}]}]}]}}}