{"result": {"stationName":"청명","stationID":1539,"type":100,"laneName":"분당선","laneCity":"수도권","x":127.0789611,"y":37.2594938,"prevOBJ": {"station": [{"stationName":"상갈","stationID":1538,"type":100,"laneName":"분당선","laneCity":"수도권","x":127.1087299,"y":37.2618028}]},"nextOBJ": {"station": [{"stationName":"영통","stationID":1540,"type":100,"laneName":"분당선","laneCity":"수도권","x":127.0713475,"y":37.2515318}]},"defaultInfo": {"address":"경기도 수원시 영통구 영통동 1055","new_address":"경기도 수원시 영통구 봉영로 1560","tel":"1544-7788"},"useInfo": {"platform":2,"meetingPlace":0,"restroom":2,"offDoor":0,"crossOver":2,"publicPlace":0,"handicapCount":1,"parkingCount":0,"bicycleCount":1,"civilCount":0},"exitInfo": {"gate": [{"GateNo":"1","GateLink": ["청명초등학교"],"BUSSTOP": [{"StopName":"황골쌍용아파트","StopID":"80818","Bus": [{"BusNo":"52","Type":"1","BlID":"9501","BusCityName":"수원"},{"BusNo":"63","Type":"1","BlID":"9519","BusCityName":"수원"},{"BusNo":"2-2","Type":"1","BlID":"9541","BusCityName":"수원"},{"BusNo":"11-1","Type":"1","BlID":"9556","BusCityName":"수원"},{"BusNo":"13-1","Type":"1","BlID":"9569","BusCityName":"수원"},{"BusNo":"99-1","Type":"1","BlID":"9570","BusCityName":"수원"},{"BusNo":"3","Type":"1","BlID":"9573","BusCityName":"수원"},{"BusNo":"2-1","Type":"1","BlID":"9574","BusCityName":"수원"},{"BusNo":"4-1","Type":"1","BlID":"9577","BusCityName":"수원"},{"BusNo":"27-1","Type":"1","BlID":"9630","BusCityName":"수원"},{"BusNo":"54","Type":"1","BlID":"9674","BusCityName":"수원"},{"BusNo":"720-1","Type":"1","BlID":"10010","BusCityName":"광주"},{"BusNo":"720-3","Type":"1","BlID":"10106","BusCityName":"광주"},{"BusNo":"34","Type":"1","BlID":"16008","BusCityName":"화성"},{"BusNo":"34-1","Type":"1","BlID":"16011","BusCityName":"화성"},{"BusNo":"721","Type":"1","BlID":"16095","BusCityName":"화성"}]},{"StopName":"청명역1번출구.청명산","StopID":"113731","Bus": [{"BusNo":"52","Type":"1","BlID":"9501","BusCityName":"수원"},{"BusNo":"63","Type":"1","BlID":"9519","BusCityName":"수원"},{"BusNo":"2-2","Type":"1","BlID":"9541","BusCityName":"수원"},{"BusNo":"11-1","Type":"1","BlID":"9556","BusCityName":"수원"},{"BusNo":"13-1","Type":"1","BlID":"9569","BusCityName":"수원"},{"BusNo":"3","Type":"1","BlID":"9573","BusCityName":"수원"},{"BusNo":"2-1","Type":"1","BlID":"9574","BusCityName":"수원"},{"BusNo":"4-1","Type":"1","BlID":"9577","BusCityName":"수원"},{"BusNo":"27-1","Type":"1","BlID":"9630","BusCityName":"수원"},{"BusNo":"54","Type":"1","BlID":"9674","BusCityName":"수원"},{"BusNo":"720-1","Type":"1","BlID":"10010","BusCityName":"광주"},{"BusNo":"720-3","Type":"1","BlID":"10106","BusCityName":"광주"},{"BusNo":"34","Type":"1","BlID":"16008","BusCityName":"화성"},{"BusNo":"34-1","Type":"1","BlID":"16011","BusCityName":"화성"},{"BusNo":"721","Type":"1","BlID":"16095","BusCityName":"화성"}]}]},{"GateNo":"2","GateLink": ["수원하이텍고등학교","신성초등학교"]},{"GateNo":"3","GateLink": ["샛별공원"],"BUSSTOP": [{"StopName":"청명역3번출구","StopID":"184647","Bus": [{"BusNo":"52","Type":"1","BlID":"9501","BusCityName":"수원"},{"BusNo":"63","Type":"1","BlID":"9519","BusCityName":"수원"},{"BusNo":"63-1","Type":"1","BlID":"9527","BusCityName":"수원"},{"BusNo":"2-2","Type":"1","BlID":"9541","BusCityName":"수원"},{"BusNo":"11-1","Type":"1","BlID":"9556","BusCityName":"수원"},{"BusNo":"13-1","Type":"1","BlID":"9569","BusCityName":"수원"},{"BusNo":"99-1","Type":"1","BlID":"9570","BusCityName":"수원"},{"BusNo":"3","Type":"1","BlID":"9573","BusCityName":"수원"},{"BusNo":"2-1","Type":"1","BlID":"9574","BusCityName":"수원"},{"BusNo":"5","Type":"1","BlID":"9576","BusCityName":"수원"},{"BusNo":"4-1","Type":"1","BlID":"9577","BusCityName":"수원"},{"BusNo":"27-1","Type":"1","BlID":"9630","BusCityName":"수원"},{"BusNo":"54","Type":"1","BlID":"9674","BusCityName":"수원"},{"BusNo":"720-1","Type":"1","BlID":"10010","BusCityName":"광주"},{"BusNo":"720-3","Type":"1","BlID":"10106","BusCityName":"광주"},{"BusNo":"34","Type":"1","BlID":"16008","BusCityName":"화성"},{"BusNo":"34-1","Type":"1","BlID":"16011","BusCityName":"화성"},{"BusNo":"721","Type":"1","BlID":"16095","BusCityName":"화성"},{"BusNo":"5100","Type":"4","BlID":"9564","BusCityName":"수원"},{"BusNo":"7000","Type":"4","BlID":"9592","BusCityName":"수원"},{"BusNo":"1112","Type":"4","BlID":"10052","BusCityName":"광주"},{"BusNo":"M5107","Type":"14","BlID":"10501","BusCityName":"광주"}]}]},{"GateNo":"4","GateLink": ["영덕초등학교","영덕중학교"],"BUSSTOP": [{"StopName":"법원가사과.동수원등기소","StopID":"116008","Bus": [{"BusNo":"82-2","Type":"1","BlID":"9561","BusCityName":"수원"},{"BusNo":"720-1","Type":"1","BlID":"10010","BusCityName":"광주"},{"BusNo":"721","Type":"1","BlID":"16095","BusCityName":"화성"}]},{"StopName":"법원가사과.동수원등기소","StopID":"116013","Bus": [{"BusNo":"82-2","Type":"1","BlID":"9561","BusCityName":"수원"},{"BusNo":"720-1","Type":"1","BlID":"10010","BusCityName":"광주"},{"BusNo":"721","Type":"1","BlID":"16095","BusCityName":"화성"}]},{"StopName":"청명역4번출구","StopID":"184648","Bus": [{"BusNo":"52","Type":"1","BlID":"9501","BusCityName":"수원"},{"BusNo":"63","Type":"1","BlID":"9519","BusCityName":"수원"},{"BusNo":"2-2","Type":"1","BlID":"9541","BusCityName":"수원"},{"BusNo":"11-1","Type":"1","BlID":"9556","BusCityName":"수원"},{"BusNo":"13-1","Type":"1","BlID":"9569","BusCityName":"수원"},{"BusNo":"99-1","Type":"1","BlID":"9570","BusCityName":"수원"},{"BusNo":"3","Type":"1","BlID":"9573","BusCityName":"수원"},{"BusNo":"2-1","Type":"1","BlID":"9574","BusCityName":"수원"},{"BusNo":"5","Type":"1","BlID":"9576","BusCityName":"수원"},{"BusNo":"4-1","Type":"1","BlID":"9577","BusCityName":"수원"},{"BusNo":"27-1","Type":"1","BlID":"9630","BusCityName":"수원"},{"BusNo":"54","Type":"1","BlID":"9674","BusCityName":"수원"},{"BusNo":"720-1","Type":"1","BlID":"10010","BusCityName":"광주"},{"BusNo":"720-3","Type":"1","BlID":"10106","BusCityName":"광주"},{"BusNo":"34","Type":"1","BlID":"16008","BusCityName":"화성"},{"BusNo":"34-1","Type":"1","BlID":"16011","BusCityName":"화성"},{"BusNo":"721","Type":"1","BlID":"16095","BusCityName":"화성"},{"BusNo":"5100","Type":"4","BlID":"9564","BusCityName":"수원"},{"BusNo":"7000","Type":"4","BlID":"9592","BusCityName":"수원"},{"BusNo":"1112","Type":"4","BlID":"10052","BusCityName":"광주"},{"BusNo":"M5107","Type":"14","BlID":"10501","BusCityName":"광주"}]}]},{"GateNo":"5","GateLink": ["청명고등학교","경기수원외국인학교"]},{"GateNo":"6","GateLink": ["청명중학교"],"BUSSTOP": [{"StopName":"청명역6번출구.황골주공1단지","StopID":"113703","Bus": [{"BusNo":"52","Type":"1","BlID":"9501","BusCityName":"수원"},{"BusNo":"63","Type":"1","BlID":"9519","BusCityName":"수원"},{"BusNo":"2-2","Type":"1","BlID":"9541","BusCityName":"수원"},{"BusNo":"11-1","Type":"1","BlID":"9556","BusCityName":"수원"},{"BusNo":"13-1","Type":"1","BlID":"9569","BusCityName":"수원"},{"BusNo":"99-1","Type":"1","BlID":"9570","BusCityName":"수원"},{"BusNo":"3","Type":"1","BlID":"9573","BusCityName":"수원"},{"BusNo":"2-1","Type":"1","BlID":"9574","BusCityName":"수원"},{"BusNo":"5","Type":"1","BlID":"9576","BusCityName":"수원"},{"BusNo":"4-1","Type":"1","BlID":"9577","BusCityName":"수원"},{"BusNo":"27-1","Type":"1","BlID":"9630","BusCityName":"수원"},{"BusNo":"54","Type":"1","BlID":"9674","BusCityName":"수원"},{"BusNo":"720-1","Type":"1","BlID":"10010","BusCityName":"광주"},{"BusNo":"720-3","Type":"1","BlID":"10106","BusCityName":"광주"},{"BusNo":"34","Type":"1","BlID":"16008","BusCityName":"화성"},{"BusNo":"34-1","Type":"1","BlID":"16011","BusCityName":"화성"},{"BusNo":"721","Type":"1","BlID":"16095","BusCityName":"화성"}]},{"StopName":"황골주공아파트","StopID":"115302","Bus": [{"BusNo":"5","Type":"1","BlID":"9576","BusCityName":"수원"}]}]}]}}}