{"result": {"stationName":"동암","stationID":154,"type":1,"laneName":"수도권 1호선","laneCity":"수도권","x":126.7029037,"y":37.4708845,"prevOBJ": {"station": [{"stationName":"백운","stationID":153,"type":1,"laneName":"수도권 1호선","laneCity":"수도권","x":126.7071892,"y":37.4833117}]},"nextOBJ": {"station": [{"stationName":"간석","stationID":155,"type":1,"laneName":"수도권 1호선","laneCity":"수도권","x":126.6934247,"y":37.4646982}]},"defaultInfo": {"address":"인천광역시 부평구 십정동 541","new_address":"인천광역시 부평구 동암광장로 10","tel":"1544-7788"},"useInfo": {"platform":2,"meetingPlace":0,"restroom":2,"offDoor":1,"crossOver":2,"publicPlace":0,"handicapCount":1,"parkingCount":1,"bicycleCount":1,"civilCount":0},"exitInfo": {"gate": [{"GateNo":"1","GateLink": ["남광장","인천시청","인천메트로","십정치안센터","가천의대길병원","신동아아파트","간석오거리","동암중학교","동아초등학교"],"BUSSTOP": [{"StopName":"동암남부역","StopID":"122454","Bus": [{"BusNo":"531","Type":"12","BlID":"21062","BusCityName":"인천"},{"BusNo":"532","Type":"12","BlID":"21063","BusCityName":"인천"},{"BusNo":"533","Type":"12","BlID":"21064","BusCityName":"인천"},{"BusNo":"535","Type":"12","BlID":"21066","BusCityName":"인천"},{"BusNo":"536","Type":"12","BlID":"21067","BusCityName":"인천"},{"BusNo":"537","Type":"12","BlID":"21068","BusCityName":"인천"}]},{"StopName":"동암남부역","StopID":"187455","Bus": [{"BusNo":"538","Type":"12","BlID":"21069","BusCityName":"인천"},{"BusNo":"539","Type":"12","BlID":"21070","BusCityName":"인천"}]}]},{"GateNo":"2","GateLink": ["북광장","서구청","인천의료원","동암우체국","가좌동","석남동","가정동","나은병원","동암지구대"],"BUSSTOP": [{"StopName":"동암역","StopID":"122652","Bus": [{"BusNo":"564","Type":"12","BlID":"21085","BusCityName":"인천"},{"BusNo":"592","Type":"12","BlID":"21107","BusCityName":"인천"},{"BusNo":"593","Type":"12","BlID":"21108","BusCityName":"인천"},{"BusNo":"530","Type":"12","BlID":"21202","BusCityName":"인천"}]},{"StopName":"동암역","StopID":"181608","Bus": [{"BusNo":"103","Type":"2","BlID":"21043","BusCityName":"인천"},{"BusNo":"7","Type":"11","BlID":"21002","BusCityName":"인천"},{"BusNo":"10","Type":"11","BlID":"21009","BusCityName":"인천"},{"BusNo":"42","Type":"11","BlID":"21035","BusCityName":"인천"},{"BusNo":"77","Type":"11","BlID":"21044","BusCityName":"인천"},{"BusNo":"7-1","Type":"11","BlID":"21112","BusCityName":"인천"},{"BusNo":"700-1","Type":"11","BlID":"21203","BusCityName":"인천"},{"BusNo":"700","Type":"11","BlID":"21258","BusCityName":"인천"},{"BusNo":"903","Type":"26","BlID":"21238","BusCityName":"인천"}]},{"StopName":"동암역","StopID":"181609","Bus": [{"BusNo":"103","Type":"2","BlID":"21043","BusCityName":"인천"},{"BusNo":"10","Type":"11","BlID":"21009","BusCityName":"인천"},{"BusNo":"42","Type":"11","BlID":"21035","BusCityName":"인천"},{"BusNo":"77","Type":"11","BlID":"21044","BusCityName":"인천"},{"BusNo":"7-1","Type":"11","BlID":"21112","BusCityName":"인천"},{"BusNo":"700-1","Type":"11","BlID":"21203","BusCityName":"인천"},{"BusNo":"700","Type":"11","BlID":"21258","BusCityName":"인천"},{"BusNo":"564","Type":"12","BlID":"21085","BusCityName":"인천"},{"BusNo":"903","Type":"26","BlID":"21238","BusCityName":"인천"}]}]}]}}}