{"result": {"stationName":"영통","stationID":1540,"type":100,"laneName":"분당선","laneCity":"수도권","x":127.0713475,"y":37.2515318,"prevOBJ": {"station": [{"stationName":"청명","stationID":1539,"type":100,"laneName":"분당선","laneCity":"수도권","x":127.0789611,"y":37.2594938}]},"nextOBJ": {"station": [{"stationName":"망포","stationID":1541,"type":100,"laneName":"분당선","laneCity":"수도권","x":127.0573734,"y":37.2458077}]},"defaultInfo": {"address":"경기도 수원시 영통구 영통동 1055","new_address":"경기도 수원시 영통구 봉영로 1670","tel":"1544-7788"},"useInfo": {"platform":2,"meetingPlace":0,"restroom":2,"offDoor":0,"crossOver":2,"publicPlace":0,"handicapCount":1,"parkingCount":0,"bicycleCount":1,"civilCount":0},"exitInfo": {"gate": [{"GateNo":"1","GateLink": ["동수원세무서","수원우편집중국","직녀광장"],"BUSSTOP": [{"StopName":"영통역","StopID":"184643","Bus": [{"BusNo":"52","Type":"1","BlID":"9501","BusCityName":"수원"},{"BusNo":"63","Type":"1","BlID":"9519","BusCityName":"수원"},{"BusNo":"63-1","Type":"1","BlID":"9527","BusCityName":"수원"},{"BusNo":"2-2","Type":"1","BlID":"9541","BusCityName":"수원"},{"BusNo":"11-1","Type":"1","BlID":"9556","BusCityName":"수원"},{"BusNo":"82-2","Type":"1","BlID":"9561","BusCityName":"수원"},{"BusNo":"13-1","Type":"1","BlID":"9569","BusCityName":"수원"},{"BusNo":"99-1","Type":"1","BlID":"9570","BusCityName":"수원"},{"BusNo":"3","Type":"1","BlID":"9573","BusCityName":"수원"},{"BusNo":"2-1","Type":"1","BlID":"9574","BusCityName":"수원"},{"BusNo":"5","Type":"1","BlID":"9576","BusCityName":"수원"},{"BusNo":"4-1","Type":"1","BlID":"9577","BusCityName":"수원"},{"BusNo":"27-1","Type":"1","BlID":"9630","BusCityName":"수원"},{"BusNo":"54","Type":"1","BlID":"9674","BusCityName":"수원"},{"BusNo":"720-3","Type":"1","BlID":"10106","BusCityName":"광주"},{"BusNo":"34","Type":"1","BlID":"16008","BusCityName":"화성"},{"BusNo":"34-1","Type":"1","BlID":"16011","BusCityName":"화성"},{"BusNo":"12(홈플러스)","Type":"3","BlID":"16199","BusCityName":"화성"},{"BusNo":"5100","Type":"4","BlID":"9564","BusCityName":"수원"},{"BusNo":"7000","Type":"4","BlID":"9592","BusCityName":"수원"},{"BusNo":"1112","Type":"4","BlID":"10052","BusCityName":"광주"},{"BusNo":"M5107","Type":"14","BlID":"10501","BusCityName":"광주"}]},{"StopName":"영통.랜드마크호텔","StopID":"194106","Bus": [{"BusNo":"4100","Type":"5","BlID":"9544","BusCityName":"수원"}]},{"StopName":"영통홈플러스","StopID":"198328","Bus": [{"BusNo":"52","Type":"3","BlID":"11225","BusCityName":"용인"},{"BusNo":"55","Type":"3","BlID":"11235","BusCityName":"용인"},{"BusNo":"32","Type":"3","BlID":"11242","BusCityName":"용인"},{"BusNo":"18(청현마을.영통홈플러스)","Type":"3","BlID":"11243","BusCityName":"용인"}]}]},{"GateNo":"2","GateLink": ["영일중학교","경희대학교"],"BUSSTOP": [{"StopName":"영일중학교.수원출입국사무소","StopID":"184509","Bus": [{"BusNo":"51","Type":"1","BlID":"9503","BusCityName":"수원"},{"BusNo":"310","Type":"1","BlID":"9516","BusCityName":"수원"},{"BusNo":"9-1","Type":"1","BlID":"9517","BusCityName":"수원"},{"BusNo":"5","Type":"1","BlID":"9576","BusCityName":"수원"},{"BusNo":"7-2","Type":"1","BlID":"9579","BusCityName":"수원"},{"BusNo":"9","Type":"1","BlID":"9598","BusCityName":"수원"},{"BusNo":"900","Type":"1","BlID":"9660","BusCityName":"수원"},{"BusNo":"52","Type":"3","BlID":"11225","BusCityName":"용인"},{"BusNo":"55","Type":"3","BlID":"11235","BusCityName":"용인"},{"BusNo":"32","Type":"3","BlID":"11242","BusCityName":"용인"},{"BusNo":"18(청현마을.영통홈플러스)","Type":"3","BlID":"11243","BusCityName":"용인"}]}]},{"GateNo":"3","GateLink": ["영일초등학교","영일중학교","경희대학교"],"BUSSTOP": [{"StopName":"수원출입국사무소.살구골공원.영통역3번출구","StopID":"184494","Bus": [{"BusNo":"51","Type":"1","BlID":"9503","BusCityName":"수원"},{"BusNo":"310","Type":"1","BlID":"9516","BusCityName":"수원"},{"BusNo":"9-1","Type":"1","BlID":"9517","BusCityName":"수원"},{"BusNo":"5","Type":"1","BlID":"9576","BusCityName":"수원"},{"BusNo":"7-2","Type":"1","BlID":"9579","BusCityName":"수원"},{"BusNo":"9","Type":"1","BlID":"9598","BusCityName":"수원"},{"BusNo":"900","Type":"1","BlID":"9660","BusCityName":"수원"}]}]},{"GateNo":"4","GateLink": ["살구골삼거리"],"BUSSTOP": [{"StopName":"살구골현대아파트.영통역4번출구","StopID":"184689","Bus": [{"BusNo":"2-2","Type":"1","BlID":"9541","BusCityName":"수원"},{"BusNo":"720-3","Type":"1","BlID":"10106","BusCityName":"광주"},{"BusNo":"34","Type":"1","BlID":"16008","BusCityName":"화성"},{"BusNo":"34-1","Type":"1","BlID":"16011","BusCityName":"화성"},{"BusNo":"12(홈플러스)","Type":"3","BlID":"16199","BusCityName":"화성"},{"BusNo":"5100","Type":"4","BlID":"9564","BusCityName":"수원"},{"BusNo":"1112","Type":"4","BlID":"10052","BusCityName":"광주"}]}]},{"GateNo":"5","GateLink": ["영동초등학교","태장중학교"],"BUSSTOP": [{"StopName":"극동.풍림아파트","StopID":"115501","Bus": [{"BusNo":"2-2","Type":"1","BlID":"9541","BusCityName":"수원"},{"BusNo":"720-1","Type":"1","BlID":"10010","BusCityName":"광주"},{"BusNo":"720-3","Type":"1","BlID":"10106","BusCityName":"광주"},{"BusNo":"34","Type":"1","BlID":"16008","BusCityName":"화성"},{"BusNo":"34-1","Type":"1","BlID":"16011","BusCityName":"화성"},{"BusNo":"721","Type":"1","BlID":"16095","BusCityName":"화성"},{"BusNo":"12(홈플러스)","Type":"3","BlID":"16199","BusCityName":"화성"},{"BusNo":"5100","Type":"4","BlID":"9564","BusCityName":"수원"},{"BusNo":"1112","Type":"4","BlID":"10052","BusCityName":"광주"},{"BusNo":"M5107","Type":"14","BlID":"10501","BusCityName":"광주"}]}]},{"GateNo":"6","GateLink": ["영덕고등학교","영통초등학교·중학교","영통중학교"],"BUSSTOP": [{"StopName":"영통역6번출구.영덕고등학교","StopID":"184508","Bus": [{"BusNo":"52","Type":"1","BlID":"9501","BusCityName":"수원"},{"BusNo":"51","Type":"1","BlID":"9503","BusCityName":"수원"},{"BusNo":"310","Type":"1","BlID":"9516","BusCityName":"수원"},{"BusNo":"9-1","Type":"1","BlID":"9517","BusCityName":"수원"},{"BusNo":"63","Type":"1","BlID":"9519","BusCityName":"수원"},{"BusNo":"63-1","Type":"1","BlID":"9527","BusCityName":"수원"},{"BusNo":"11-1","Type":"1","BlID":"9556","BusCityName":"수원"},{"BusNo":"82-2","Type":"1","BlID":"9561","BusCityName":"수원"},{"BusNo":"13-1","Type":"1","BlID":"9569","BusCityName":"수원"},{"BusNo":"99-1","Type":"1","BlID":"9570","BusCityName":"수원"},{"BusNo":"3","Type":"1","BlID":"9573","BusCityName":"수원"},{"BusNo":"2-1","Type":"1","BlID":"9574","BusCityName":"수원"},{"BusNo":"4-1","Type":"1","BlID":"9577","BusCityName":"수원"},{"BusNo":"7-2","Type":"1","BlID":"9579","BusCityName":"수원"},{"BusNo":"9","Type":"1","BlID":"9598","BusCityName":"수원"},{"BusNo":"27-1","Type":"1","BlID":"9630","BusCityName":"수원"},{"BusNo":"900","Type":"1","BlID":"9660","BusCityName":"수원"},{"BusNo":"54","Type":"1","BlID":"9674","BusCityName":"수원"},{"BusNo":"720-1","Type":"1","BlID":"10010","BusCityName":"광주"},{"BusNo":"721","Type":"1","BlID":"16095","BusCityName":"화성"},{"BusNo":"7000","Type":"4","BlID":"9592","BusCityName":"수원"}]}]},{"GateNo":"7","GateLink": ["영통119안전센터","영통청소년문화의집"],"BUSSTOP": [{"StopName":"영통역7번출구.영덕고등학교","StopID":"184507","Bus": [{"BusNo":"52","Type":"1","BlID":"9501","BusCityName":"수원"},{"BusNo":"51","Type":"1","BlID":"9503","BusCityName":"수원"},{"BusNo":"310","Type":"1","BlID":"9516","BusCityName":"수원"},{"BusNo":"9-1","Type":"1","BlID":"9517","BusCityName":"수원"},{"BusNo":"63","Type":"1","BlID":"9519","BusCityName":"수원"},{"BusNo":"63-1","Type":"1","BlID":"9527","BusCityName":"수원"},{"BusNo":"11-1","Type":"1","BlID":"9556","BusCityName":"수원"},{"BusNo":"82-2","Type":"1","BlID":"9561","BusCityName":"수원"},{"BusNo":"13-1","Type":"1","BlID":"9569","BusCityName":"수원"},{"BusNo":"99-1","Type":"1","BlID":"9570","BusCityName":"수원"},{"BusNo":"3","Type":"1","BlID":"9573","BusCityName":"수원"},{"BusNo":"2-1","Type":"1","BlID":"9574","BusCityName":"수원"},{"BusNo":"4-1","Type":"1","BlID":"9577","BusCityName":"수원"},{"BusNo":"7-2","Type":"1","BlID":"9579","BusCityName":"수원"},{"BusNo":"9","Type":"1","BlID":"9598","BusCityName":"수원"},{"BusNo":"27-1","Type":"1","BlID":"9630","BusCityName":"수원"},{"BusNo":"900","Type":"1","BlID":"9660","BusCityName":"수원"},{"BusNo":"54","Type":"1","BlID":"9674","BusCityName":"수원"},{"BusNo":"720-1","Type":"1","BlID":"10010","BusCityName":"광주"},{"BusNo":"721","Type":"1","BlID":"16095","BusCityName":"화성"},{"BusNo":"7000","Type":"4","BlID":"9592","BusCityName":"수원"}]}]},{"GateNo":"8","GateLink": ["견우광장","영통보건소","동수원등기소"],"BUSSTOP": [{"StopName":"영통역8번출구","StopID":"184644","Bus": [{"BusNo":"52","Type":"1","BlID":"9501","BusCityName":"수원"},{"BusNo":"63","Type":"1","BlID":"9519","BusCityName":"수원"},{"BusNo":"63-1","Type":"1","BlID":"9527","BusCityName":"수원"},{"BusNo":"2-2","Type":"1","BlID":"9541","BusCityName":"수원"},{"BusNo":"11-1","Type":"1","BlID":"9556","BusCityName":"수원"},{"BusNo":"82-2","Type":"1","BlID":"9561","BusCityName":"수원"},{"BusNo":"13-1","Type":"1","BlID":"9569","BusCityName":"수원"},{"BusNo":"99-1","Type":"1","BlID":"9570","BusCityName":"수원"},{"BusNo":"3","Type":"1","BlID":"9573","BusCityName":"수원"},{"BusNo":"2-1","Type":"1","BlID":"9574","BusCityName":"수원"},{"BusNo":"4-1","Type":"1","BlID":"9577","BusCityName":"수원"},{"BusNo":"27-1","Type":"1","BlID":"9630","BusCityName":"수원"},{"BusNo":"54","Type":"1","BlID":"9674","BusCityName":"수원"},{"BusNo":"720-3","Type":"1","BlID":"10106","BusCityName":"광주"},{"BusNo":"34","Type":"1","BlID":"16008","BusCityName":"화성"},{"BusNo":"34-1","Type":"1","BlID":"16011","BusCityName":"화성"},{"BusNo":"12(홈플러스)","Type":"3","BlID":"16199","BusCityName":"화성"},{"BusNo":"5100","Type":"4","BlID":"9564","BusCityName":"수원"},{"BusNo":"7000","Type":"4","BlID":"9592","BusCityName":"수원"},{"BusNo":"1112","Type":"4","BlID":"10052","BusCityName":"광주"},{"BusNo":"M5107","Type":"14","BlID":"10501","BusCityName":"광주"}]},{"StopName":"영통.랜드마크호텔","StopID":"194107","Bus": [{"BusNo":"4100","Type":"5","BlID":"9544","BusCityName":"수원"}]}]}]}}}