{"result": {"stationName":"망포","stationID":1541,"type":100,"laneName":"분당선","laneCity":"수도권","x":127.0573734,"y":37.2458077,"prevOBJ": {"station": [{"stationName":"영통","stationID":1540,"type":100,"laneName":"분당선","laneCity":"수도권","x":127.0713475,"y":37.2515318}]},"nextOBJ": {"station": [{"stationName":"매탄권선","stationID":1542,"type":100,"laneName":"분당선","laneCity":"수도권","x":127.0404657,"y":37.252962}]},"defaultInfo": {"address":"경기도 수원시 영통구 영통동 1069","new_address":"경기도 수원시 영통구 덕영대로 1520","tel":"1544-7788"},"useInfo": {"platform":1,"meetingPlace":0,"restroom":2,"offDoor":0,"crossOver":1,"publicPlace":0,"handicapCount":1,"parkingCount":0,"bicycleCount":1,"civilCount":0},"exitInfo": {"gate": [{"GateNo":"1","GateLink": ["수원어린이교통공원","디지털 엠파이어","영통패션타운"],"BUSSTOP": [{"StopName":"망포역1번출구","StopID":"83217","Bus": [{"BusNo":"52","Type":"1","BlID":"9501","BusCityName":"수원"},{"BusNo":"63","Type":"1","BlID":"9519","BusCityName":"수원"},{"BusNo":"98","Type":"1","BlID":"9536","BusCityName":"수원"},{"BusNo":"99-1","Type":"1","BlID":"9570","BusCityName":"수원"},{"BusNo":"8","Type":"1","BlID":"15015","BusCityName":"오산"}]},{"StopName":"망포역1번출구.디지털엠파이어1","StopID":"184505","Bus": [{"BusNo":"61","Type":"1","BlID":"9526","BusCityName":"수원"},{"BusNo":"2-2","Type":"1","BlID":"9541","BusCityName":"수원"},{"BusNo":"720-1","Type":"1","BlID":"10010","BusCityName":"광주"},{"BusNo":"720-3","Type":"1","BlID":"10106","BusCityName":"광주"},{"BusNo":"8","Type":"1","BlID":"15015","BusCityName":"오산"},{"BusNo":"34","Type":"1","BlID":"16008","BusCityName":"화성"},{"BusNo":"34-1","Type":"1","BlID":"16011","BusCityName":"화성"},{"BusNo":"721","Type":"1","BlID":"16095","BusCityName":"화성"},{"BusNo":"1550-1","Type":"4","BlID":"10049","BusCityName":"광주"}]}]},{"GateNo":"2","GateLink": ["망포공원","현대프라자"],"BUSSTOP": [{"StopName":"영통회차장","StopID":"118695","Bus": [{"BusNo":"310","Type":"1","BlID":"9516","BusCityName":"수원"},{"BusNo":"61","Type":"1","BlID":"9526","BusCityName":"수원"},{"BusNo":"11-1","Type":"1","BlID":"9556","BusCityName":"수원"},{"BusNo":"13-1","Type":"1","BlID":"9569","BusCityName":"수원"},{"BusNo":"7-2","Type":"1","BlID":"9579","BusCityName":"수원"},{"BusNo":"27-1","Type":"1","BlID":"9630","BusCityName":"수원"}]},{"StopName":"영통회차장","StopID":"163668","Bus": [{"BusNo":"310","Type":"1","BlID":"9516","BusCityName":"수원"},{"BusNo":"61","Type":"1","BlID":"9526","BusCityName":"수원"},{"BusNo":"11-1","Type":"1","BlID":"9556","BusCityName":"수원"},{"BusNo":"13-1","Type":"1","BlID":"9569","BusCityName":"수원"},{"BusNo":"7-2","Type":"1","BlID":"9579","BusCityName":"수원"},{"BusNo":"27-1","Type":"1","BlID":"9630","BusCityName":"수원"}]}]},{"GateNo":"3","GateLink": ["태장초등학교"],"BUSSTOP": [{"StopName":"망포역3번출구.골든스퀘어","StopID":"82052","Bus": [{"BusNo":"52","Type":"1","BlID":"9501","BusCityName":"수원"},{"BusNo":"51","Type":"1","BlID":"9503","BusCityName":"수원"},{"BusNo":"92-1","Type":"1","BlID":"9513","BusCityName":"수원"},{"BusNo":"310","Type":"1","BlID":"9516","BusCityName":"수원"},{"BusNo":"62-1","Type":"1","BlID":"9525","BusCityName":"수원"},{"BusNo":"61","Type":"1","BlID":"9526","BusCityName":"수원"},{"BusNo":"13-5","Type":"1","BlID":"9535","BusCityName":"수원"},{"BusNo":"2-2","Type":"1","BlID":"9541","BusCityName":"수원"},{"BusNo":"82-2","Type":"1","BlID":"9561","BusCityName":"수원"},{"BusNo":"7-1","Type":"1","BlID":"9571","BusCityName":"수원"},{"BusNo":"5-1","Type":"1","BlID":"9572","BusCityName":"수원"},{"BusNo":"3","Type":"1","BlID":"9573","BusCityName":"수원"},{"BusNo":"2-1","Type":"1","BlID":"9574","BusCityName":"수원"},{"BusNo":"5","Type":"1","BlID":"9576","BusCityName":"수원"},{"BusNo":"7-2","Type":"1","BlID":"9579","BusCityName":"수원"},{"BusNo":"15","Type":"1","BlID":"9599","BusCityName":"수원"},{"BusNo":"99(용남고속(동탄.아주대.호매실지구))","Type":"1","BlID":"9622","BusCityName":"수원"},{"BusNo":"900","Type":"1","BlID":"9660","BusCityName":"수원"},{"BusNo":"15-1","Type":"1","BlID":"9662","BusCityName":"수원"},{"BusNo":"54","Type":"1","BlID":"9674","BusCityName":"수원"},{"BusNo":"5-2","Type":"1","BlID":"9680","BusCityName":"수원"},{"BusNo":"8","Type":"1","BlID":"15015","BusCityName":"오산"}]},{"StopName":"그대가프리미어아파트.망포역3번출구","StopID":"115042","Bus": [{"BusNo":"92-1","Type":"1","BlID":"9513","BusCityName":"수원"},{"BusNo":"63","Type":"1","BlID":"9519","BusCityName":"수원"},{"BusNo":"62-1","Type":"1","BlID":"9525","BusCityName":"수원"},{"BusNo":"63-1","Type":"1","BlID":"9527","BusCityName":"수원"},{"BusNo":"13-5","Type":"1","BlID":"9535","BusCityName":"수원"},{"BusNo":"98","Type":"1","BlID":"9536","BusCityName":"수원"},{"BusNo":"99-1","Type":"1","BlID":"9570","BusCityName":"수원"},{"BusNo":"7-1","Type":"1","BlID":"9571","BusCityName":"수원"},{"BusNo":"5-1","Type":"1","BlID":"9572","BusCityName":"수원"},{"BusNo":"3","Type":"1","BlID":"9573","BusCityName":"수원"},{"BusNo":"2-1","Type":"1","BlID":"9574","BusCityName":"수원"},{"BusNo":"15","Type":"1","BlID":"9599","BusCityName":"수원"},{"BusNo":"99(용남고속(동탄.아주대.호매실지구))","Type":"1","BlID":"9622","BusCityName":"수원"},{"BusNo":"15-1","Type":"1","BlID":"9662","BusCityName":"수원"},{"BusNo":"5-2","Type":"1","BlID":"9680","BusCityName":"수원"},{"BusNo":"720-1","Type":"1","BlID":"10010","BusCityName":"광주"},{"BusNo":"720-3","Type":"1","BlID":"10106","BusCityName":"광주"},{"BusNo":"34","Type":"1","BlID":"16008","BusCityName":"화성"},{"BusNo":"34-1","Type":"1","BlID":"16011","BusCityName":"화성"},{"BusNo":"721","Type":"1","BlID":"16095","BusCityName":"화성"},{"BusNo":"1550-1","Type":"4","BlID":"10049","BusCityName":"광주"}]},{"StopName":"망포그대가프리미어.쌍용아파트","StopID":"184519","Bus": [{"BusNo":"52","Type":"1","BlID":"9501","BusCityName":"수원"},{"BusNo":"51","Type":"1","BlID":"9503","BusCityName":"수원"},{"BusNo":"92-1","Type":"1","BlID":"9513","BusCityName":"수원"},{"BusNo":"310","Type":"1","BlID":"9516","BusCityName":"수원"},{"BusNo":"62-1","Type":"1","BlID":"9525","BusCityName":"수원"},{"BusNo":"61","Type":"1","BlID":"9526","BusCityName":"수원"},{"BusNo":"13-5","Type":"1","BlID":"9535","BusCityName":"수원"},{"BusNo":"2-2","Type":"1","BlID":"9541","BusCityName":"수원"},{"BusNo":"82-2","Type":"1","BlID":"9561","BusCityName":"수원"},{"BusNo":"7-1","Type":"1","BlID":"9571","BusCityName":"수원"},{"BusNo":"5-1","Type":"1","BlID":"9572","BusCityName":"수원"},{"BusNo":"3","Type":"1","BlID":"9573","BusCityName":"수원"},{"BusNo":"2-1","Type":"1","BlID":"9574","BusCityName":"수원"},{"BusNo":"5","Type":"1","BlID":"9576","BusCityName":"수원"},{"BusNo":"7-2","Type":"1","BlID":"9579","BusCityName":"수원"},{"BusNo":"15","Type":"1","BlID":"9599","BusCityName":"수원"},{"BusNo":"99(용남고속(동탄.아주대.호매실지구))","Type":"1","BlID":"9622","BusCityName":"수원"},{"BusNo":"900","Type":"1","BlID":"9660","BusCityName":"수원"},{"BusNo":"15-1","Type":"1","BlID":"9662","BusCityName":"수원"},{"BusNo":"54","Type":"1","BlID":"9674","BusCityName":"수원"},{"BusNo":"5-2","Type":"1","BlID":"9680","BusCityName":"수원"},{"BusNo":"8","Type":"1","BlID":"15015","BusCityName":"오산"}]}]},{"GateNo":"4","GateLink": ["영통2동 주민센터","영동중학교","태장고등학교","신명초등학교"],"BUSSTOP": [{"StopName":"망포역4번출구.영통2동주민센터","StopID":"82051","Bus": [{"BusNo":"52","Type":"1","BlID":"9501","BusCityName":"수원"},{"BusNo":"51","Type":"1","BlID":"9503","BusCityName":"수원"},{"BusNo":"92-1","Type":"1","BlID":"9513","BusCityName":"수원"},{"BusNo":"310","Type":"1","BlID":"9516","BusCityName":"수원"},{"BusNo":"62-1","Type":"1","BlID":"9525","BusCityName":"수원"},{"BusNo":"61","Type":"1","BlID":"9526","BusCityName":"수원"},{"BusNo":"13-5","Type":"1","BlID":"9535","BusCityName":"수원"},{"BusNo":"2-2","Type":"1","BlID":"9541","BusCityName":"수원"},{"BusNo":"82-2","Type":"1","BlID":"9561","BusCityName":"수원"},{"BusNo":"7-1","Type":"1","BlID":"9571","BusCityName":"수원"},{"BusNo":"5-1","Type":"1","BlID":"9572","BusCityName":"수원"},{"BusNo":"3","Type":"1","BlID":"9573","BusCityName":"수원"},{"BusNo":"2-1","Type":"1","BlID":"9574","BusCityName":"수원"},{"BusNo":"5","Type":"1","BlID":"9576","BusCityName":"수원"},{"BusNo":"7-2","Type":"1","BlID":"9579","BusCityName":"수원"},{"BusNo":"15","Type":"1","BlID":"9599","BusCityName":"수원"},{"BusNo":"99(용남고속(동탄.아주대.호매실지구))","Type":"1","BlID":"9622","BusCityName":"수원"},{"BusNo":"900","Type":"1","BlID":"9660","BusCityName":"수원"},{"BusNo":"15-1","Type":"1","BlID":"9662","BusCityName":"수원"},{"BusNo":"54","Type":"1","BlID":"9674","BusCityName":"수원"},{"BusNo":"5-2","Type":"1","BlID":"9680","BusCityName":"수원"},{"BusNo":"8","Type":"1","BlID":"15015","BusCityName":"오산"}]},{"StopName":"망포그대가프리미어.쌍용아파트","StopID":"184518","Bus": [{"BusNo":"52","Type":"1","BlID":"9501","BusCityName":"수원"},{"BusNo":"51","Type":"1","BlID":"9503","BusCityName":"수원"},{"BusNo":"92-1","Type":"1","BlID":"9513","BusCityName":"수원"},{"BusNo":"310","Type":"1","BlID":"9516","BusCityName":"수원"},{"BusNo":"62-1","Type":"1","BlID":"9525","BusCityName":"수원"},{"BusNo":"61","Type":"1","BlID":"9526","BusCityName":"수원"},{"BusNo":"13-5","Type":"1","BlID":"9535","BusCityName":"수원"},{"BusNo":"2-2","Type":"1","BlID":"9541","BusCityName":"수원"},{"BusNo":"82-2","Type":"1","BlID":"9561","BusCityName":"수원"},{"BusNo":"7-1","Type":"1","BlID":"9571","BusCityName":"수원"},{"BusNo":"5-1","Type":"1","BlID":"9572","BusCityName":"수원"},{"BusNo":"3","Type":"1","BlID":"9573","BusCityName":"수원"},{"BusNo":"2-1","Type":"1","BlID":"9574","BusCityName":"수원"},{"BusNo":"5","Type":"1","BlID":"9576","BusCityName":"수원"},{"BusNo":"7-2","Type":"1","BlID":"9579","BusCityName":"수원"},{"BusNo":"15","Type":"1","BlID":"9599","BusCityName":"수원"},{"BusNo":"99(용남고속(동탄.아주대.호매실지구))","Type":"1","BlID":"9622","BusCityName":"수원"},{"BusNo":"900","Type":"1","BlID":"9660","BusCityName":"수원"},{"BusNo":"15-1","Type":"1","BlID":"9662","BusCityName":"수원"},{"BusNo":"54","Type":"1","BlID":"9674","BusCityName":"수원"},{"BusNo":"5-2","Type":"1","BlID":"9680","BusCityName":"수원"},{"BusNo":"8","Type":"1","BlID":"15015","BusCityName":"오산"}]}]},{"GateNo":"5","GateLink": ["영통2동 주민센터","영동중학교","태장고등학교","신명초등학교"],"BUSSTOP": [{"StopName":"영동중학교","StopID":"83215","Bus": [{"BusNo":"63-1","Type":"1","BlID":"9527","BusCityName":"수원"}]}]},{"GateNo":"6","GateLink": ["영통2동 주민센터","영동중학교","태장고등학교","신명초등학교"],"BUSSTOP": [{"StopName":"영동중학교","StopID":"83216","Bus": [{"BusNo":"63-1","Type":"1","BlID":"9527","BusCityName":"수원"}]}]},{"GateNo":"7","GateLink": ["영통2동 주민센터","영동중학교","태장고등학교","신명초등학교","한울어린이공원"],"BUSSTOP": [{"StopName":"망포역7번출구.벽적골8단지","StopID":"184504","Bus": [{"BusNo":"52","Type":"1","BlID":"9501","BusCityName":"수원"},{"BusNo":"51","Type":"1","BlID":"9503","BusCityName":"수원"},{"BusNo":"310","Type":"1","BlID":"9516","BusCityName":"수원"},{"BusNo":"61","Type":"1","BlID":"9526","BusCityName":"수원"},{"BusNo":"2-2","Type":"1","BlID":"9541","BusCityName":"수원"},{"BusNo":"82-2","Type":"1","BlID":"9561","BusCityName":"수원"},{"BusNo":"5","Type":"1","BlID":"9576","BusCityName":"수원"},{"BusNo":"7-2","Type":"1","BlID":"9579","BusCityName":"수원"},{"BusNo":"900","Type":"1","BlID":"9660","BusCityName":"수원"},{"BusNo":"54","Type":"1","BlID":"9674","BusCityName":"수원"},{"BusNo":"8","Type":"1","BlID":"15015","BusCityName":"오산"}]}]},{"GateNo":"8","GateLink": ["영통구","태장고등학교","신명초등학교","한울어린이공원","벽적공원"],"BUSSTOP": [{"StopName":"우성아파트","StopID":"113704","Bus": [{"BusNo":"52","Type":"1","BlID":"9501","BusCityName":"수원"},{"BusNo":"51","Type":"1","BlID":"9503","BusCityName":"수원"},{"BusNo":"310","Type":"1","BlID":"9516","BusCityName":"수원"},{"BusNo":"63","Type":"1","BlID":"9519","BusCityName":"수원"},{"BusNo":"98","Type":"1","BlID":"9536","BusCityName":"수원"},{"BusNo":"11-1","Type":"1","BlID":"9556","BusCityName":"수원"},{"BusNo":"82-2","Type":"1","BlID":"9561","BusCityName":"수원"},{"BusNo":"13-1","Type":"1","BlID":"9569","BusCityName":"수원"},{"BusNo":"99-1","Type":"1","BlID":"9570","BusCityName":"수원"},{"BusNo":"3","Type":"1","BlID":"9573","BusCityName":"수원"},{"BusNo":"2-1","Type":"1","BlID":"9574","BusCityName":"수원"},{"BusNo":"5","Type":"1","BlID":"9576","BusCityName":"수원"},{"BusNo":"4-1","Type":"1","BlID":"9577","BusCityName":"수원"},{"BusNo":"7-2","Type":"1","BlID":"9579","BusCityName":"수원"},{"BusNo":"27-1","Type":"1","BlID":"9630","BusCityName":"수원"},{"BusNo":"900","Type":"1","BlID":"9660","BusCityName":"수원"},{"BusNo":"54","Type":"1","BlID":"9674","BusCityName":"수원"},{"BusNo":"12(홈플러스)","Type":"3","BlID":"16199","BusCityName":"화성"},{"BusNo":"7000","Type":"4","BlID":"9592","BusCityName":"수원"}]}]}]}}}