{"result": {"stationName":"매탄권선","stationID":1542,"type":100,"laneName":"분당선","laneCity":"수도권","x":127.0404657,"y":37.252962,"prevOBJ": {"station": [{"stationName":"망포","stationID":1541,"type":100,"laneName":"분당선","laneCity":"수도권","x":127.0573734,"y":37.2458077}]},"nextOBJ": {"station": [{"stationName":"수원시청","stationID":1543,"type":100,"laneName":"분당선","laneCity":"수도권","x":127.0307466,"y":37.2619479}]},"defaultInfo": {"address":"경기도 수원시 영통구 매탄동 687-4","new_address":"경기도 수원시 영통구 권선로 841","tel":"1544-7788"},"useInfo": {"platform":2,"meetingPlace":0,"restroom":2,"offDoor":0,"crossOver":2,"publicPlace":0,"handicapCount":1,"parkingCount":0,"bicycleCount":1,"civilCount":0},"exitInfo": {"gate": [{"GateNo":"1","GateLink": ["매탄권선역사거리","지혜샘어린이도서관"],"BUSSTOP": [{"StopName":"매탄권선역.화홍고등학교","StopID":"115045","Bus": [{"BusNo":"92-1","Type":"1","BlID":"9513","BusCityName":"수원"},{"BusNo":"62-1","Type":"1","BlID":"9525","BusCityName":"수원"},{"BusNo":"99(용남고속(동탄.아주대.호매실지구))","Type":"1","BlID":"9622","BusCityName":"수원"},{"BusNo":"3900(출근형)","Type":"4","BlID":"9566","BusCityName":"수원"}]}]},{"GateNo":"2","GateLink": ["화홍고등학교","명당초등학교"]},{"GateNo":"3","GateLink": ["경기도소방재난본부","효정초등학교"]},{"GateNo":"4","GateLink": ["매현중.초등학교","매탄3동주민센터"],"BUSSTOP": [{"StopName":"매탄권선역.그린빌주공6단지","StopID":"115046","Bus": [{"BusNo":"92-1","Type":"1","BlID":"9513","BusCityName":"수원"},{"BusNo":"62-1","Type":"1","BlID":"9525","BusCityName":"수원"},{"BusNo":"99(용남고속(동탄.아주대.호매실지구))","Type":"1","BlID":"9622","BusCityName":"수원"},{"BusNo":"3900(출근형)","Type":"4","BlID":"9566","BusCityName":"수원"}]},{"StopName":"그린빌주공5단지","StopID":"115047","Bus": [{"BusNo":"92-1","Type":"1","BlID":"9513","BusCityName":"수원"},{"BusNo":"62-1","Type":"1","BlID":"9525","BusCityName":"수원"},{"BusNo":"99(용남고속(동탄.아주대.호매실지구))","Type":"1","BlID":"9622","BusCityName":"수원"},{"BusNo":"3900(출근형)","Type":"4","BlID":"9566","BusCityName":"수원"}]},{"StopName":"그린빌주공5단지","StopID":"115048","Bus": [{"BusNo":"92-1","Type":"1","BlID":"9513","BusCityName":"수원"},{"BusNo":"62-1","Type":"1","BlID":"9525","BusCityName":"수원"},{"BusNo":"99(용남고속(동탄.아주대.호매실지구))","Type":"1","BlID":"9622","BusCityName":"수원"},{"BusNo":"3900(출근형)","Type":"4","BlID":"9566","BusCityName":"수원"}]}]},{"GateNo":"5","GateLink": ["백년교","원천리천"]}]}}}