{"result": {"stationName":"수원시청","stationID":1543,"type":100,"laneName":"분당선","laneCity":"수도권","x":127.0307466,"y":37.2619479,"prevOBJ": {"station": [{"stationName":"매탄권선","stationID":1542,"type":100,"laneName":"분당선","laneCity":"수도권","x":127.0404657,"y":37.252962}]},"nextOBJ": {"station": [{"stationName":"매교","stationID":1544,"type":100,"laneName":"분당선","laneCity":"수도권","x":127.0156722,"y":37.2655092}]},"defaultInfo": {"address":"경기도 수원시 권선구 권선동 1122","new_address":"경기도 수원시 권선구 효원로 270","tel":"1544-7788"},"useInfo": {"platform":2,"meetingPlace":0,"restroom":2,"offDoor":0,"crossOver":1,"publicPlace":0,"handicapCount":1,"parkingCount":0,"bicycleCount":1,"civilCount":0},"exitInfo": {"gate": [{"GateNo":"1","GateLink": ["국민체육진흥공단","경기도여성비전센터"],"BUSSTOP": [{"StopName":"수원시청역1번출구.국민연금공단.경인일보","StopID":"113713","Bus": [{"BusNo":"52","Type":"1","BlID":"9501","BusCityName":"수원"},{"BusNo":"51","Type":"1","BlID":"9503","BusCityName":"수원"},{"BusNo":"61","Type":"1","BlID":"9526","BusCityName":"수원"},{"BusNo":"81","Type":"1","BlID":"9542","BusCityName":"수원"},{"BusNo":"82-1","Type":"1","BlID":"9562","BusCityName":"수원"},{"BusNo":"85","Type":"1","BlID":"9633","BusCityName":"수원"},{"BusNo":"80","Type":"1","BlID":"9655","BusCityName":"수원"}]}]},{"GateNo":"2","GateLink": ["경인지방통계청","국민건강보험공단"],"BUSSTOP": [{"StopName":"수원이비스호텔","StopID":"83542","Bus": [{"BusNo":"4100","Type":"5","BlID":"9544","BusCityName":"수원"}]},{"StopName":"수원시청역2번출구.벽산그랜드코아","StopID":"114821","Bus": [{"BusNo":"52","Type":"1","BlID":"9501","BusCityName":"수원"},{"BusNo":"99-2","Type":"1","BlID":"9534","BusCityName":"수원"},{"BusNo":"13-1","Type":"1","BlID":"9569","BusCityName":"수원"},{"BusNo":"18","Type":"1","BlID":"9584","BusCityName":"수원"},{"BusNo":"80","Type":"1","BlID":"9655","BusCityName":"수원"},{"BusNo":"202-1","Type":"1","BlID":"15041","BusCityName":"오산"},{"BusNo":"202","Type":"1","BlID":"15074","BusCityName":"오산"},{"BusNo":"4000","Type":"4","BlID":"5064","BusCityName":"성남"},{"BusNo":"7002","Type":"4","BlID":"9604","BusCityName":"수원"},{"BusNo":"3002","Type":"4","BlID":"9610","BusCityName":"수원"}]}]},{"GateNo":"3","GateLink": ["사학연금공단","대한적십자사"],"BUSSTOP": [{"StopName":"수원시청역3번출구.서울보증보험","StopID":"114824","Bus": [{"BusNo":"52","Type":"1","BlID":"9501","BusCityName":"수원"},{"BusNo":"99-2","Type":"1","BlID":"9534","BusCityName":"수원"},{"BusNo":"13-1","Type":"1","BlID":"9569","BusCityName":"수원"},{"BusNo":"18","Type":"1","BlID":"9584","BusCityName":"수원"},{"BusNo":"80","Type":"1","BlID":"9655","BusCityName":"수원"},{"BusNo":"202-1","Type":"1","BlID":"15041","BusCityName":"오산"},{"BusNo":"202","Type":"1","BlID":"15074","BusCityName":"오산"},{"BusNo":"4000","Type":"4","BlID":"5064","BusCityName":"성남"},{"BusNo":"7002","Type":"4","BlID":"9604","BusCityName":"수원"},{"BusNo":"3002","Type":"4","BlID":"9610","BusCityName":"수원"}]}]},{"GateNo":"4","GateLink": ["수원올림픽공원","권선파출소"]},{"GateNo":"5","GateLink": ["권선동우체국","권선119안전센터"],"BUSSTOP": [{"StopName":"수원시청.수원일자리센터","StopID":"113715","Bus": [{"BusNo":"51","Type":"1","BlID":"9503","BusCityName":"수원"},{"BusNo":"92-1","Type":"1","BlID":"9513","BusCityName":"수원"},{"BusNo":"92","Type":"1","BlID":"9514","BusCityName":"수원"},{"BusNo":"61","Type":"1","BlID":"9526","BusCityName":"수원"},{"BusNo":"81","Type":"1","BlID":"9542","BusCityName":"수원"},{"BusNo":"82-1","Type":"1","BlID":"9562","BusCityName":"수원"},{"BusNo":"99-1","Type":"1","BlID":"9570","BusCityName":"수원"},{"BusNo":"85","Type":"1","BlID":"9633","BusCityName":"수원"}]}]},{"GateNo":"6","GateLink": ["시청사거리","한국장애인고용공단"],"BUSSTOP": [{"StopName":"수원시청.수원일자리센터","StopID":"113714","Bus": [{"BusNo":"51","Type":"1","BlID":"9503","BusCityName":"수원"},{"BusNo":"92-1","Type":"1","BlID":"9513","BusCityName":"수원"},{"BusNo":"92","Type":"1","BlID":"9514","BusCityName":"수원"},{"BusNo":"61","Type":"1","BlID":"9526","BusCityName":"수원"},{"BusNo":"81","Type":"1","BlID":"9542","BusCityName":"수원"},{"BusNo":"82-1","Type":"1","BlID":"9562","BusCityName":"수원"},{"BusNo":"99-1","Type":"1","BlID":"9570","BusCityName":"수원"},{"BusNo":"85","Type":"1","BlID":"9633","BusCityName":"수원"}]}]},{"GateNo":"7","GateLink": ["수원시청","수원시의회"]},{"GateNo":"8","GateLink": ["동수원우체국","KBS수원센터"],"BUSSTOP": [{"StopName":"수원시청역8번출구.씨네파크","StopID":"114826","Bus": [{"BusNo":"92-1","Type":"1","BlID":"9513","BusCityName":"수원"},{"BusNo":"92","Type":"1","BlID":"9514","BusCityName":"수원"},{"BusNo":"99-2","Type":"1","BlID":"9534","BusCityName":"수원"},{"BusNo":"13-1","Type":"1","BlID":"9569","BusCityName":"수원"},{"BusNo":"99-1","Type":"1","BlID":"9570","BusCityName":"수원"},{"BusNo":"18","Type":"1","BlID":"9584","BusCityName":"수원"},{"BusNo":"202-1","Type":"1","BlID":"15041","BusCityName":"오산"},{"BusNo":"202","Type":"1","BlID":"15074","BusCityName":"오산"},{"BusNo":"4000","Type":"4","BlID":"5064","BusCityName":"성남"},{"BusNo":"7002","Type":"4","BlID":"9604","BusCityName":"수원"},{"BusNo":"3002","Type":"4","BlID":"9610","BusCityName":"수원"}]}]},{"GateNo":"9","GateLink": ["한국토지주택공사","대한지적공사","신용보증기금"],"BUSSTOP": [{"StopName":"수원시청역9번출구.국민연금공단","StopID":"114825","Bus": [{"BusNo":"92-1","Type":"1","BlID":"9513","BusCityName":"수원"},{"BusNo":"92","Type":"1","BlID":"9514","BusCityName":"수원"},{"BusNo":"99-2","Type":"1","BlID":"9534","BusCityName":"수원"},{"BusNo":"13-1","Type":"1","BlID":"9569","BusCityName":"수원"},{"BusNo":"99-1","Type":"1","BlID":"9570","BusCityName":"수원"},{"BusNo":"18","Type":"1","BlID":"9584","BusCityName":"수원"},{"BusNo":"202-1","Type":"1","BlID":"15041","BusCityName":"오산"},{"BusNo":"202","Type":"1","BlID":"15074","BusCityName":"오산"},{"BusNo":"4000","Type":"4","BlID":"5064","BusCityName":"성남"},{"BusNo":"7002","Type":"4","BlID":"9604","BusCityName":"수원"},{"BusNo":"3002","Type":"4","BlID":"9610","BusCityName":"수원"}]}]},{"GateNo":"10","GateLink": ["국민연금공단","경기도문화의전당"],"BUSSTOP": [{"StopName":"수원시청역10번출구.국민연금공단.경인일보","StopID":"113712","Bus": [{"BusNo":"52","Type":"1","BlID":"9501","BusCityName":"수원"},{"BusNo":"51","Type":"1","BlID":"9503","BusCityName":"수원"},{"BusNo":"61","Type":"1","BlID":"9526","BusCityName":"수원"},{"BusNo":"81","Type":"1","BlID":"9542","BusCityName":"수원"},{"BusNo":"82-1","Type":"1","BlID":"9562","BusCityName":"수원"},{"BusNo":"85","Type":"1","BlID":"9633","BusCityName":"수원"},{"BusNo":"80","Type":"1","BlID":"9655","BusCityName":"수원"}]}]}]}}}