{"result": {"stationName":"매교","stationID":1544,"type":100,"laneName":"분당선","laneCity":"수도권","x":127.0156722,"y":37.2655092,"prevOBJ": {"station": [{"stationName":"수원시청","stationID":1543,"type":100,"laneName":"분당선","laneCity":"수도권","x":127.0307466,"y":37.2619479}]},"nextOBJ": {"station": [{"stationName":"수원","stationID":1545,"type":100,"laneName":"분당선","laneCity":"수도권","x":127.0008778,"y":37.2665478}]},"defaultInfo": {"address":"경기도 수원시 팔달구 매교동 283","new_address":"경기도 수원시 팔달구 효원로 126","tel":"1544-7788"},"useInfo": {"platform":2,"meetingPlace":0,"restroom":2,"offDoor":0,"crossOver":2,"publicPlace":0,"handicapCount":1,"parkingCount":0,"bicycleCount":1,"civilCount":0},"exitInfo": {"gate": [{"GateNo":"1","GateLink": ["권선초등학교","수원시청방면"],"BUSSTOP": [{"StopName":"태장면고개","StopID":"113717","Bus": [{"BusNo":"51","Type":"1","BlID":"9503","BusCityName":"수원"},{"BusNo":"92-1","Type":"1","BlID":"9513","BusCityName":"수원"},{"BusNo":"92","Type":"1","BlID":"9514","BusCityName":"수원"},{"BusNo":"112","Type":"1","BlID":"9553","BusCityName":"수원"}]}]},{"GateNo":"2","GateLink": ["정조사거리"],"BUSSTOP": [{"StopName":"매교역2번출구.성원아파트","StopID":"115321","Bus": [{"BusNo":"20-1","Type":"1","BlID":"9502","BusCityName":"수원"},{"BusNo":"64","Type":"1","BlID":"9520","BusCityName":"수원"},{"BusNo":"25","Type":"1","BlID":"9547","BusCityName":"수원"},{"BusNo":"20","Type":"1","BlID":"9548","BusCityName":"수원"},{"BusNo":"45","Type":"1","BlID":"9550","BusCityName":"수원"},{"BusNo":"25-1","Type":"1","BlID":"9629","BusCityName":"수원"},{"BusNo":"25-2","Type":"1","BlID":"9651","BusCityName":"수원"},{"BusNo":"25-5","Type":"1","BlID":"9676","BusCityName":"수원"}]}]},{"GateNo":"3","GateLink": ["수원세류동우체국","세류3동주민센터"],"BUSSTOP": [{"StopName":"매교역3번출구.성원아파트","StopID":"115322","Bus": [{"BusNo":"20-1","Type":"1","BlID":"9502","BusCityName":"수원"},{"BusNo":"64","Type":"1","BlID":"9520","BusCityName":"수원"},{"BusNo":"25","Type":"1","BlID":"9547","BusCityName":"수원"},{"BusNo":"20","Type":"1","BlID":"9548","BusCityName":"수원"},{"BusNo":"45","Type":"1","BlID":"9550","BusCityName":"수원"},{"BusNo":"25-1","Type":"1","BlID":"9629","BusCityName":"수원"},{"BusNo":"25-2","Type":"1","BlID":"9651","BusCityName":"수원"},{"BusNo":"25-5","Type":"1","BlID":"9676","BusCityName":"수원"}]}]},{"GateNo":"4","GateLink": ["세류초등학교","세류1동주민센터"],"BUSSTOP": [{"StopName":"매교역4번출구.경기도박치료센터","StopID":"113719","Bus": [{"BusNo":"51","Type":"1","BlID":"9503","BusCityName":"수원"},{"BusNo":"92-1","Type":"1","BlID":"9513","BusCityName":"수원"},{"BusNo":"92","Type":"1","BlID":"9514","BusCityName":"수원"}]}]},{"GateNo":"5","GateLink": ["수원천","세곡사거리"],"BUSSTOP": [{"StopName":"매교역5번출구.경기도박치료센터","StopID":"113718","Bus": [{"BusNo":"51","Type":"1","BlID":"9503","BusCityName":"수원"},{"BusNo":"92-1","Type":"1","BlID":"9513","BusCityName":"수원"},{"BusNo":"92","Type":"1","BlID":"9514","BusCityName":"수원"},{"BusNo":"6","Type":"3","BlID":"9618","BusCityName":"수원"}]}]},{"GateNo":"6","GateLink": ["매교동주민센터","유천파출소"],"BUSSTOP": [{"StopName":"수원중고교.연향아파트","StopID":"115324","Bus": [{"BusNo":"20-1","Type":"1","BlID":"9502","BusCityName":"수원"},{"BusNo":"64","Type":"1","BlID":"9520","BusCityName":"수원"},{"BusNo":"25","Type":"1","BlID":"9547","BusCityName":"수원"},{"BusNo":"20","Type":"1","BlID":"9548","BusCityName":"수원"},{"BusNo":"45","Type":"1","BlID":"9550","BusCityName":"수원"},{"BusNo":"112","Type":"1","BlID":"9553","BusCityName":"수원"},{"BusNo":"25-1","Type":"1","BlID":"9629","BusCityName":"수원"},{"BusNo":"25-2","Type":"1","BlID":"9651","BusCityName":"수원"},{"BusNo":"25-5","Type":"1","BlID":"9676","BusCityName":"수원"}]}]},{"GateNo":"7","GateLink": ["수원고등학교","수원중학교"],"BUSSTOP": [{"StopName":"수원고교","StopID":"115323","Bus": [{"BusNo":"20-1","Type":"1","BlID":"9502","BusCityName":"수원"},{"BusNo":"64","Type":"1","BlID":"9520","BusCityName":"수원"},{"BusNo":"25","Type":"1","BlID":"9547","BusCityName":"수원"},{"BusNo":"20","Type":"1","BlID":"9548","BusCityName":"수원"},{"BusNo":"45","Type":"1","BlID":"9550","BusCityName":"수원"},{"BusNo":"112","Type":"1","BlID":"9553","BusCityName":"수원"},{"BusNo":"25-1","Type":"1","BlID":"9629","BusCityName":"수원"},{"BusNo":"25-2","Type":"1","BlID":"9651","BusCityName":"수원"},{"BusNo":"25-5","Type":"1","BlID":"9676","BusCityName":"수원"},{"BusNo":"6","Type":"3","BlID":"9618","BusCityName":"수원"}]}]},{"GateNo":"8","GateLink": ["솔밭사거리"],"BUSSTOP": [{"StopName":"태장면고개","StopID":"113716","Bus": [{"BusNo":"51","Type":"1","BlID":"9503","BusCityName":"수원"},{"BusNo":"92-1","Type":"1","BlID":"9513","BusCityName":"수원"},{"BusNo":"92","Type":"1","BlID":"9514","BusCityName":"수원"},{"BusNo":"112","Type":"1","BlID":"9553","BusCityName":"수원"},{"BusNo":"6","Type":"3","BlID":"9618","BusCityName":"수원"}]}]}]}}}