{"result": {"stationName":"수원","stationID":1545,"type":100,"laneName":"분당선","laneCity":"수도권","x":127.0008778,"y":37.2665478,"exOBJ": {"station": [{"stationName":"수원","stationID":184,"type":1,"laneName":"수도권 1호선","laneCity":"수도권"}]},"prevOBJ": {"station": [{"stationName":"매교","stationID":1544,"type":100,"laneName":"분당선","laneCity":"수도권","x":127.0156722,"y":37.2655092}]},"defaultInfo": {"address":"경기도 수원시 팔달구 매산로1가 18","new_address":"경기도 수원시 팔달구 덕영대로 944","tel":"1544-7788"},"useInfo": {"platform":2,"meetingPlace":0,"restroom":2,"offDoor":0,"crossOver":2,"publicPlace":0,"handicapCount":1,"parkingCount":0,"bicycleCount":1,"civilCount":0},"exitInfo": {"gate": [{"GateNo":"1","GateLink": ["매산지구대","종합관광안내소(수원시)","매산로","매산시장","경기도청"]},{"GateNo":"2","GateLink": ["주차장","서평초등학교","센트라우스아파트"]},{"GateNo":"3","GateLink": ["(주)금강고려화학","동남아파트","평주민센터"]},{"GateNo":"4","GateLink": ["지하상가","역전우체국","청호아파트","금강아파트","해창아파트","고등주민센터","교통안전공단","종합관광안내소"],"BUSSTOP": [{"StopName":"수원역.노보텔수원","StopID":"183010","Bus": [{"BusNo":"46-1","Type":"1","BlID":"9504","BusCityName":"수원"},{"BusNo":"39","Type":"1","BlID":"9506","BusCityName":"수원"},{"BusNo":"13-4","Type":"1","BlID":"9509","BusCityName":"수원"},{"BusNo":"88","Type":"1","BlID":"9510","BusCityName":"수원"},{"BusNo":"83-1","Type":"1","BlID":"9512","BusCityName":"수원"},{"BusNo":"92-1","Type":"1","BlID":"9513","BusCityName":"수원"},{"BusNo":"92","Type":"1","BlID":"9514","BusCityName":"수원"},{"BusNo":"9-1","Type":"1","BlID":"9517","BusCityName":"수원"},{"BusNo":"9-2","Type":"1","BlID":"9533","BusCityName":"수원"},{"BusNo":"2-2","Type":"1","BlID":"9541","BusCityName":"수원"},{"BusNo":"11-1","Type":"1","BlID":"9556","BusCityName":"수원"},{"BusNo":"11","Type":"1","BlID":"9557","BusCityName":"수원"},{"BusNo":"37","Type":"1","BlID":"9559","BusCityName":"수원"},{"BusNo":"36","Type":"1","BlID":"9560","BusCityName":"수원"},{"BusNo":"82-2","Type":"1","BlID":"9561","BusCityName":"수원"},{"BusNo":"13","Type":"1","BlID":"9568","BusCityName":"수원"},{"BusNo":"2-1","Type":"1","BlID":"9574","BusCityName":"수원"},{"BusNo":"7","Type":"1","BlID":"9578","BusCityName":"수원"},{"BusNo":"9","Type":"1","BlID":"9598","BusCityName":"수원"},{"BusNo":"15-1","Type":"1","BlID":"9662","BusCityName":"수원"},{"BusNo":"88-1","Type":"1","BlID":"9663","BusCityName":"수원"},{"BusNo":"60","Type":"1","BlID":"10007","BusCityName":"광주"},{"BusNo":"660","Type":"1","BlID":"10008","BusCityName":"광주"},{"BusNo":"720-2","Type":"1","BlID":"10012","BusCityName":"광주"},{"BusNo":"700-2","Type":"1","BlID":"10013","BusCityName":"광주"},{"BusNo":"730","Type":"1","BlID":"10444","BusCityName":"광주"},{"BusNo":"10","Type":"1","BlID":"11000","BusCityName":"용인"},{"BusNo":"10-5","Type":"1","BlID":"11002","BusCityName":"용인"},{"BusNo":"66-4","Type":"1","BlID":"11006","BusCityName":"용인"},{"BusNo":"66","Type":"1","BlID":"11007","BusCityName":"용인"},{"BusNo":"10-2","Type":"1","BlID":"11191","BusCityName":"용인"},{"BusNo":"22-1","Type":"1","BlID":"16014","BusCityName":"화성"},{"BusNo":"777","Type":"1","BlID":"16015","BusCityName":"화성"},{"BusNo":"707","Type":"2","BlID":"6500","BusCityName":"안산"},{"BusNo":"110","Type":"2","BlID":"6541","BusCityName":"안산"},{"BusNo":"909","Type":"2","BlID":"9661","BusCityName":"수원"},{"BusNo":"1004","Type":"2","BlID":"16000","BusCityName":"화성"},{"BusNo":"1004-1","Type":"2","BlID":"16070","BusCityName":"화성"},{"BusNo":"8401","Type":"4","BlID":"9003","BusCityName":"의정부"},{"BusNo":"2007","Type":"4","BlID":"9583","BusCityName":"수원"},{"BusNo":"7770","Type":"4","BlID":"9594","BusCityName":"수원"},{"BusNo":"1007","Type":"4","BlID":"10005","BusCityName":"광주"},{"BusNo":"4100","Type":"5","BlID":"9544","BusCityName":"수원"},{"BusNo":"8409","Type":"6","BlID":"10601","BusCityName":"광주"}]}]},{"GateNo":"5","GateLink": ["북측정류장","매산주민센터","담배인삼공사","수원세무서","대한결핵협회","경기도청","덕영대로"]},{"GateNo":"6","GateLink": ["남측정류장","매산지구대","매산시장","대한대우아파트","세곡치안센터","세류1주민센터","세류초등학교"],"BUSSTOP": [{"StopName":"수원역","StopID":"81719","Bus": [{"BusNo":"8450","Type":"22","BlID":"9639","BusCityName":"수원"},{"BusNo":"8471","Type":"22","BlID":"9640","BusCityName":"수원"},{"BusNo":"9801","Type":"22","BlID":"9642","BusCityName":"수원"},{"BusNo":"8426","Type":"22","BlID":"10581","BusCityName":"광주"},{"BusNo":"8448","Type":"22","BlID":"10639","BusCityName":"광주"},{"BusNo":"8805","Type":"22","BlID":"10651","BusCityName":"광주"}]},{"StopName":"수원역.AK프라자","StopID":"165908","Bus": [{"BusNo":"46","Type":"1","BlID":"9500","BusCityName":"수원"},{"BusNo":"52","Type":"1","BlID":"9501","BusCityName":"수원"},{"BusNo":"51","Type":"1","BlID":"9503","BusCityName":"수원"},{"BusNo":"400-1","Type":"1","BlID":"9531","BusCityName":"수원"},{"BusNo":"999","Type":"1","BlID":"9537","BusCityName":"수원"},{"BusNo":"16-2","Type":"1","BlID":"9552","BusCityName":"수원"},{"BusNo":"16","Type":"1","BlID":"9554","BusCityName":"수원"},{"BusNo":"32-1","Type":"1","BlID":"9558","BusCityName":"수원"},{"BusNo":"999-1","Type":"1","BlID":"9567","BusCityName":"수원"},{"BusNo":"50-3","Type":"1","BlID":"9587","BusCityName":"수원"},{"BusNo":"50-5","Type":"1","BlID":"9588","BusCityName":"수원"},{"BusNo":"50-4","Type":"1","BlID":"9589","BusCityName":"수원"},{"BusNo":"32","Type":"1","BlID":"9590","BusCityName":"수원"},{"BusNo":"32-2","Type":"1","BlID":"9591","BusCityName":"수원"},{"BusNo":"15","Type":"1","BlID":"9599","BusCityName":"수원"},{"BusNo":"30","Type":"1","BlID":"9600","BusCityName":"수원"},{"BusNo":"26","Type":"1","BlID":"9602","BusCityName":"수원"},{"BusNo":"32-5","Type":"1","BlID":"9603","BusCityName":"수원"},{"BusNo":"50-2","Type":"1","BlID":"9606","BusCityName":"수원"},{"BusNo":"38","Type":"1","BlID":"9611","BusCityName":"수원"},{"BusNo":"990","Type":"1","BlID":"9625","BusCityName":"수원"},{"BusNo":"50-6","Type":"1","BlID":"9626","BusCityName":"수원"},{"BusNo":"16-1","Type":"1","BlID":"9628","BusCityName":"수원"},{"BusNo":"400-4","Type":"1","BlID":"9632","BusCityName":"수원"},{"BusNo":"35","Type":"1","BlID":"9652","BusCityName":"수원"},{"BusNo":"42","Type":"1","BlID":"9654","BusCityName":"수원"},{"BusNo":"400","Type":"1","BlID":"9659","BusCityName":"수원"},{"BusNo":"17","Type":"1","BlID":"9675","BusCityName":"수원"},{"BusNo":"32-3","Type":"1","BlID":"9679","BusCityName":"수원"},{"BusNo":"33","Type":"1","BlID":"16009","BusCityName":"화성"},{"BusNo":"33-3","Type":"1","BlID":"16099","BusCityName":"화성"},{"BusNo":"27-2","Type":"3","BlID":"9555","BusCityName":"수원"},{"BusNo":"6","Type":"3","BlID":"9618","BusCityName":"수원"},{"BusNo":"6-1","Type":"3","BlID":"16185","BusCityName":"화성"},{"BusNo":"6-3","Type":"3","BlID":"16200","BusCityName":"화성"},{"BusNo":"31","Type":"3","BlID":"16214","BusCityName":"화성"},{"BusNo":"3000","Type":"4","BlID":"9582","BusCityName":"수원"},{"BusNo":"737","Type":"22","BlID":"6583","BusCityName":"안산"},{"BusNo":"8821","Type":"22","BlID":"6588","BusCityName":"안산"},{"BusNo":"8851","Type":"22","BlID":"6590","BusCityName":"안산"},{"BusNo":"8850","Type":"22","BlID":"10725","BusCityName":"광주"}]}]},{"GateNo":"7","GateLink": ["수원역전우체국","고등동주민센터"],"BUSSTOP": [{"StopName":"수원역","StopID":"81747","Bus": [{"BusNo":"8472","Type":"22","BlID":"9641","BusCityName":"수원"},{"BusNo":"9802","Type":"22","BlID":"9643","BusCityName":"수원"}]},{"StopName":"수원역(공항리무진버스)","StopID":"83981","Bus": [{"BusNo":"4100","Type":"5","BlID":"9544","BusCityName":"수원"}]},{"StopName":"수원역.AK프라자","StopID":"184320","Bus": [{"BusNo":"46-1","Type":"1","BlID":"9504","BusCityName":"수원"},{"BusNo":"39","Type":"1","BlID":"9506","BusCityName":"수원"},{"BusNo":"13-4","Type":"1","BlID":"9509","BusCityName":"수원"},{"BusNo":"92-1","Type":"1","BlID":"9513","BusCityName":"수원"},{"BusNo":"92","Type":"1","BlID":"9514","BusCityName":"수원"},{"BusNo":"9-1","Type":"1","BlID":"9517","BusCityName":"수원"},{"BusNo":"9-2","Type":"1","BlID":"9533","BusCityName":"수원"},{"BusNo":"2-2","Type":"1","BlID":"9541","BusCityName":"수원"},{"BusNo":"11-1","Type":"1","BlID":"9556","BusCityName":"수원"},{"BusNo":"11","Type":"1","BlID":"9557","BusCityName":"수원"},{"BusNo":"37","Type":"1","BlID":"9559","BusCityName":"수원"},{"BusNo":"36","Type":"1","BlID":"9560","BusCityName":"수원"},{"BusNo":"82-2","Type":"1","BlID":"9561","BusCityName":"수원"},{"BusNo":"82-1","Type":"1","BlID":"9562","BusCityName":"수원"},{"BusNo":"13","Type":"1","BlID":"9568","BusCityName":"수원"},{"BusNo":"2-1","Type":"1","BlID":"9574","BusCityName":"수원"},{"BusNo":"7","Type":"1","BlID":"9578","BusCityName":"수원"},{"BusNo":"9","Type":"1","BlID":"9598","BusCityName":"수원"},{"BusNo":"15","Type":"1","BlID":"9599","BusCityName":"수원"},{"BusNo":"15-1","Type":"1","BlID":"9662","BusCityName":"수원"},{"BusNo":"720-2","Type":"1","BlID":"10012","BusCityName":"광주"},{"BusNo":"730","Type":"1","BlID":"10444","BusCityName":"광주"},{"BusNo":"10","Type":"1","BlID":"11000","BusCityName":"용인"},{"BusNo":"10-5","Type":"1","BlID":"11002","BusCityName":"용인"},{"BusNo":"10-2","Type":"1","BlID":"11191","BusCityName":"용인"},{"BusNo":"22-1","Type":"1","BlID":"16014","BusCityName":"화성"},{"BusNo":"707","Type":"2","BlID":"6500","BusCityName":"안산"}]},{"StopName":"수원역","StopID":"197127","Bus": [{"BusNo":"8401","Type":"4","BlID":"9003","BusCityName":"의정부"},{"BusNo":"2007","Type":"4","BlID":"9583","BusCityName":"수원"},{"BusNo":"7770","Type":"4","BlID":"9594","BusCityName":"수원"},{"BusNo":"1007","Type":"4","BlID":"10005","BusCityName":"광주"},{"BusNo":"8409","Type":"6","BlID":"10601","BusCityName":"광주"}]}]},{"GateNo":"8","GateLink": ["매산동주민센터","수원세무소"]},{"GateNo":"9","GateLink": ["역전시장","매산시장","도청오거리"],"BUSSTOP": [{"StopName":"수원역","StopID":"81718","Bus": [{"BusNo":"8450","Type":"22","BlID":"9639","BusCityName":"수원"},{"BusNo":"8471","Type":"22","BlID":"9640","BusCityName":"수원"},{"BusNo":"8472","Type":"22","BlID":"9641","BusCityName":"수원"},{"BusNo":"9801","Type":"22","BlID":"9642","BusCityName":"수원"},{"BusNo":"9802","Type":"22","BlID":"9643","BusCityName":"수원"},{"BusNo":"8426","Type":"22","BlID":"10581","BusCityName":"광주"},{"BusNo":"8448","Type":"22","BlID":"10639","BusCityName":"광주"},{"BusNo":"8805","Type":"22","BlID":"10651","BusCityName":"광주"}]},{"StopName":"매산시장","StopID":"113642","Bus": [{"BusNo":"46","Type":"1","BlID":"9500","BusCityName":"수원"},{"BusNo":"52","Type":"1","BlID":"9501","BusCityName":"수원"},{"BusNo":"51","Type":"1","BlID":"9503","BusCityName":"수원"},{"BusNo":"46-1","Type":"1","BlID":"9504","BusCityName":"수원"},{"BusNo":"39","Type":"1","BlID":"9506","BusCityName":"수원"},{"BusNo":"13-4","Type":"1","BlID":"9509","BusCityName":"수원"},{"BusNo":"83-1","Type":"1","BlID":"9512","BusCityName":"수원"},{"BusNo":"92-1","Type":"1","BlID":"9513","BusCityName":"수원"},{"BusNo":"92","Type":"1","BlID":"9514","BusCityName":"수원"},{"BusNo":"9-1","Type":"1","BlID":"9517","BusCityName":"수원"},{"BusNo":"9-2","Type":"1","BlID":"9533","BusCityName":"수원"},{"BusNo":"999","Type":"1","BlID":"9537","BusCityName":"수원"},{"BusNo":"2-2","Type":"1","BlID":"9541","BusCityName":"수원"},{"BusNo":"16-2","Type":"1","BlID":"9552","BusCityName":"수원"},{"BusNo":"16","Type":"1","BlID":"9554","BusCityName":"수원"},{"BusNo":"11-1","Type":"1","BlID":"9556","BusCityName":"수원"},{"BusNo":"11","Type":"1","BlID":"9557","BusCityName":"수원"},{"BusNo":"32-1","Type":"1","BlID":"9558","BusCityName":"수원"},{"BusNo":"37","Type":"1","BlID":"9559","BusCityName":"수원"},{"BusNo":"36","Type":"1","BlID":"9560","BusCityName":"수원"},{"BusNo":"82-2","Type":"1","BlID":"9561","BusCityName":"수원"},{"BusNo":"13","Type":"1","BlID":"9568","BusCityName":"수원"},{"BusNo":"2-1","Type":"1","BlID":"9574","BusCityName":"수원"},{"BusNo":"7","Type":"1","BlID":"9578","BusCityName":"수원"},{"BusNo":"50-5","Type":"1","BlID":"9588","BusCityName":"수원"},{"BusNo":"32","Type":"1","BlID":"9590","BusCityName":"수원"},{"BusNo":"32-2","Type":"1","BlID":"9591","BusCityName":"수원"},{"BusNo":"9","Type":"1","BlID":"9598","BusCityName":"수원"},{"BusNo":"26","Type":"1","BlID":"9602","BusCityName":"수원"},{"BusNo":"32-5","Type":"1","BlID":"9603","BusCityName":"수원"},{"BusNo":"50-2","Type":"1","BlID":"9606","BusCityName":"수원"},{"BusNo":"16-1","Type":"1","BlID":"9628","BusCityName":"수원"},{"BusNo":"400-4","Type":"1","BlID":"9632","BusCityName":"수원"},{"BusNo":"35","Type":"1","BlID":"9652","BusCityName":"수원"},{"BusNo":"400","Type":"1","BlID":"9659","BusCityName":"수원"},{"BusNo":"15-1","Type":"1","BlID":"9662","BusCityName":"수원"},{"BusNo":"17","Type":"1","BlID":"9675","BusCityName":"수원"},{"BusNo":"32-3","Type":"1","BlID":"9679","BusCityName":"수원"},{"BusNo":"720-2","Type":"1","BlID":"10012","BusCityName":"광주"},{"BusNo":"730","Type":"1","BlID":"10444","BusCityName":"광주"},{"BusNo":"10","Type":"1","BlID":"11000","BusCityName":"용인"},{"BusNo":"10-5","Type":"1","BlID":"11002","BusCityName":"용인"},{"BusNo":"10-2","Type":"1","BlID":"11191","BusCityName":"용인"}]}]},{"GateNo":"10","GateLink": ["수원역고가도로","세류1동주민센터"],"BUSSTOP": [{"StopName":"수원역","StopID":"152911","Bus": [{"BusNo":"3000","Type":"4","BlID":"9582","BusCityName":"수원"}]},{"StopName":"역전시장","StopID":"165909","Bus": [{"BusNo":"46","Type":"1","BlID":"9500","BusCityName":"수원"},{"BusNo":"52","Type":"1","BlID":"9501","BusCityName":"수원"},{"BusNo":"51","Type":"1","BlID":"9503","BusCityName":"수원"},{"BusNo":"88","Type":"1","BlID":"9510","BusCityName":"수원"},{"BusNo":"310","Type":"1","BlID":"9516","BusCityName":"수원"},{"BusNo":"301","Type":"1","BlID":"9528","BusCityName":"수원"},{"BusNo":"13-5","Type":"1","BlID":"9535","BusCityName":"수원"},{"BusNo":"999","Type":"1","BlID":"9537","BusCityName":"수원"},{"BusNo":"16-2","Type":"1","BlID":"9552","BusCityName":"수원"},{"BusNo":"16","Type":"1","BlID":"9554","BusCityName":"수원"},{"BusNo":"32-1","Type":"1","BlID":"9558","BusCityName":"수원"},{"BusNo":"999-1","Type":"1","BlID":"9567","BusCityName":"수원"},{"BusNo":"13-1","Type":"1","BlID":"9569","BusCityName":"수원"},{"BusNo":"7-1","Type":"1","BlID":"9571","BusCityName":"수원"},{"BusNo":"5-1","Type":"1","BlID":"9572","BusCityName":"수원"},{"BusNo":"5","Type":"1","BlID":"9576","BusCityName":"수원"},{"BusNo":"7-2","Type":"1","BlID":"9579","BusCityName":"수원"},{"BusNo":"1","Type":"1","BlID":"9580","BusCityName":"수원"},{"BusNo":"18","Type":"1","BlID":"9584","BusCityName":"수원"},{"BusNo":"50-3","Type":"1","BlID":"9587","BusCityName":"수원"},{"BusNo":"50-5","Type":"1","BlID":"9588","BusCityName":"수원"},{"BusNo":"50-4","Type":"1","BlID":"9589","BusCityName":"수원"},{"BusNo":"32","Type":"1","BlID":"9590","BusCityName":"수원"},{"BusNo":"32-2","Type":"1","BlID":"9591","BusCityName":"수원"},{"BusNo":"15","Type":"1","BlID":"9599","BusCityName":"수원"},{"BusNo":"30","Type":"1","BlID":"9600","BusCityName":"수원"},{"BusNo":"26","Type":"1","BlID":"9602","BusCityName":"수원"},{"BusNo":"32-5","Type":"1","BlID":"9603","BusCityName":"수원"},{"BusNo":"50-2","Type":"1","BlID":"9606","BusCityName":"수원"},{"BusNo":"38","Type":"1","BlID":"9611","BusCityName":"수원"},{"BusNo":"990","Type":"1","BlID":"9625","BusCityName":"수원"},{"BusNo":"50-6","Type":"1","BlID":"9626","BusCityName":"수원"},{"BusNo":"16-1","Type":"1","BlID":"9628","BusCityName":"수원"},{"BusNo":"400-4","Type":"1","BlID":"9632","BusCityName":"수원"},{"BusNo":"35","Type":"1","BlID":"9652","BusCityName":"수원"},{"BusNo":"42","Type":"1","BlID":"9654","BusCityName":"수원"},{"BusNo":"400","Type":"1","BlID":"9659","BusCityName":"수원"},{"BusNo":"900","Type":"1","BlID":"9660","BusCityName":"수원"},{"BusNo":"88-1","Type":"1","BlID":"9663","BusCityName":"수원"},{"BusNo":"17","Type":"1","BlID":"9675","BusCityName":"수원"},{"BusNo":"32-3","Type":"1","BlID":"9679","BusCityName":"수원"},{"BusNo":"5-2","Type":"1","BlID":"9680","BusCityName":"수원"},{"BusNo":"700-2","Type":"1","BlID":"10013","BusCityName":"광주"},{"BusNo":"33","Type":"1","BlID":"16009","BusCityName":"화성"},{"BusNo":"22-1","Type":"1","BlID":"16014","BusCityName":"화성"},{"BusNo":"33-3","Type":"1","BlID":"16099","BusCityName":"화성"},{"BusNo":"27-2","Type":"3","BlID":"9555","BusCityName":"수원"},{"BusNo":"6","Type":"3","BlID":"9618","BusCityName":"수원"},{"BusNo":"6-1","Type":"3","BlID":"16185","BusCityName":"화성"},{"BusNo":"6-3","Type":"3","BlID":"16200","BusCityName":"화성"},{"BusNo":"31","Type":"3","BlID":"16214","BusCityName":"화성"},{"BusNo":"737","Type":"22","BlID":"6583","BusCityName":"안산"},{"BusNo":"8821","Type":"22","BlID":"6588","BusCityName":"안산"},{"BusNo":"8851","Type":"22","BlID":"6590","BusCityName":"안산"},{"BusNo":"8850","Type":"22","BlID":"10725","BusCityName":"광주"}]}]}]}}}