{"result": {"stationName":"간석","stationID":155,"type":1,"laneName":"수도권 1호선","laneCity":"수도권","x":126.6934247,"y":37.4646982,"prevOBJ": {"station": [{"stationName":"동암","stationID":154,"type":1,"laneName":"수도권 1호선","laneCity":"수도권","x":126.7029037,"y":37.4708845}]},"nextOBJ": {"station": [{"stationName":"주안","stationID":156,"type":1,"laneName":"수도권 1호선","laneCity":"수도권","x":126.679967,"y":37.4650444}]},"defaultInfo": {"address":"인천광역시 남동구 간석동 757","new_address":"인천광역시 남동구 석정로 522-14","tel":"1544-7788"},"useInfo": {"platform":2,"meetingPlace":0,"restroom":1,"offDoor":1,"crossOver":2,"publicPlace":0,"handicapCount":1,"parkingCount":1,"bicycleCount":1,"civilCount":0},"exitInfo": {"gate": [{"GateNo":"1","GateLink": ["KEB 외환은행 석암지점","주안6주민센터","남인천우체국","KT인천지사","길병원","풍림아파트","석바위"],"BUSSTOP": [{"StopName":"간석남부역","StopID":"150928","Bus": [{"BusNo":"6","Type":"11","BlID":"21006","BusCityName":"인천"}]},{"StopName":"로얄아파트","StopID":"181303","Bus": [{"BusNo":"540","Type":"12","BlID":"21071","BusCityName":"인천"}]},{"StopName":"더월드스테이트후문","StopID":"181304","Bus": [{"BusNo":"540","Type":"12","BlID":"21071","BusCityName":"인천"}]},{"StopName":"간석남부역","StopID":"181578","Bus": [{"BusNo":"6-1","Type":"11","BlID":"21125","BusCityName":"인천"}]},{"StopName":"간석남부역","StopID":"187489","Bus": [{"BusNo":"540","Type":"12","BlID":"21071","BusCityName":"인천"}]}]},{"GateNo":"2","GateLink": ["간석4동파출소","간석4주민센터","석정초등학교","인천남고등학교","석정여자고등학교","동앙우체국","성산효대학원","석정여고","인천남고","홈플러스간석점"],"BUSSTOP": [{"StopName":"간석역","StopID":"187264","Bus": [{"BusNo":"10","Type":"11","BlID":"21009","BusCityName":"인천"},{"BusNo":"62","Type":"11","BlID":"21039","BusCityName":"인천"}]},{"StopName":"간석역","StopID":"187266","Bus": [{"BusNo":"10","Type":"11","BlID":"21009","BusCityName":"인천"},{"BusNo":"62","Type":"11","BlID":"21039","BusCityName":"인천"}]}]}]}}}