{"result": {"stationName":"주안","stationID":156,"type":1,"laneName":"수도권 1호선","laneCity":"수도권","x":126.679967,"y":37.4650444,"prevOBJ": {"station": [{"stationName":"간석","stationID":155,"type":1,"laneName":"수도권 1호선","laneCity":"수도권","x":126.6934247,"y":37.4646982}]},"nextOBJ": {"station": [{"stationName":"도화","stationID":157,"type":1,"laneName":"수도권 1호선","laneCity":"수도권","x":126.6687684,"y":37.4661173}]},"defaultInfo": {"address":"인천광역시 남구 주안동 125","new_address":"인천광역시 남구 주안로 95-19","tel":"1544-7788"},"useInfo": {"platform":2,"meetingPlace":1,"restroom":1,"offDoor":1,"crossOver":2,"publicPlace":0,"handicapCount":1,"parkingCount":1,"bicycleCount":1,"civilCount":0},"exitInfo": {"gate": [{"GateNo":"1","GateLink": ["경인식약청","병무청","국립식물검역소","남광장","연수동","인하대학교","석암초등학교"],"BUSSTOP": [{"StopName":"주안역","StopID":"122553","Bus": [{"BusNo":"515","Type":"12","BlID":"21053","BusCityName":"인천"},{"BusNo":"516","Type":"12","BlID":"21054","BusCityName":"인천"},{"BusNo":"518","Type":"12","BlID":"21056","BusCityName":"인천"},{"BusNo":"522","Type":"12","BlID":"21060","BusCityName":"인천"},{"BusNo":"523","Type":"12","BlID":"21061","BusCityName":"인천"},{"BusNo":"31","Type":"12","BlID":"21119","BusCityName":"인천"},{"BusNo":"515-1","Type":"12","BlID":"21162","BusCityName":"인천"}]},{"StopName":"주안역","StopID":"152183","Bus": [{"BusNo":"6-1","Type":"11","BlID":"21125","BusCityName":"인천"}]},{"StopName":"주안역","StopID":"181310","Bus": [{"BusNo":"6","Type":"11","BlID":"21006","BusCityName":"인천"}]}]},{"GateNo":"2","GateLink": ["남광장","주안1동주민센터","주안역광장 주차장","주안1파출소","주안초등학교","주안공원","인천지방법원"],"BUSSTOP": [{"StopName":"주안역환승정류장","StopID":"189199","Bus": [{"BusNo":"780-1","Type":"2","BlID":"21136","BusCityName":"인천"},{"BusNo":"780","Type":"2","BlID":"21224","BusCityName":"인천"},{"BusNo":"41","Type":"11","BlID":"21034","BusCityName":"인천"},{"BusNo":"65","Type":"11","BlID":"21111","BusCityName":"인천"},{"BusNo":"5-1","Type":"11","BlID":"21141","BusCityName":"인천"},{"BusNo":"65-1","Type":"11","BlID":"21143","BusCityName":"인천"},{"BusNo":"511","Type":"12","BlID":"21050","BusCityName":"인천"},{"BusNo":"516","Type":"12","BlID":"21054","BusCityName":"인천"},{"BusNo":"31","Type":"12","BlID":"21119","BusCityName":"인천"},{"BusNo":"514-1","Type":"12","BlID":"21128","BusCityName":"인천"}]}]},{"GateNo":"3","GateLink": ["북광장","주안북초등학교","주안5파출소","한국폴리텍 II대학 남인천캠퍼스","인천광역시의료원"],"BUSSTOP": [{"StopName":"주안북부역","StopID":"122722","Bus": [{"BusNo":"510","Type":"12","BlID":"21049","BusCityName":"인천"}]},{"StopName":"주안북부역","StopID":"181389","Bus": [{"BusNo":"10","Type":"11","BlID":"21009","BusCityName":"인천"},{"BusNo":"62","Type":"11","BlID":"21039","BusCityName":"인천"},{"BusNo":"28-1","Type":"11","BlID":"21231","BusCityName":"인천"},{"BusNo":"510","Type":"12","BlID":"21049","BusCityName":"인천"}]}]},{"GateNo":"4","GateLink": ["주안5주민센터","북광장"]}]}}}