{"result": {"stationName":"도화","stationID":157,"type":1,"laneName":"수도권 1호선","laneCity":"수도권","x":126.6687684,"y":37.4661173,"prevOBJ": {"station": [{"stationName":"주안","stationID":156,"type":1,"laneName":"수도권 1호선","laneCity":"수도권","x":126.679967,"y":37.4650444}]},"nextOBJ": {"station": [{"stationName":"제물포","stationID":158,"type":1,"laneName":"수도권 1호선","laneCity":"수도권","x":126.6571804,"y":37.4668242}]},"defaultInfo": {"address":"인천광역시 남구 도화동 668","new_address":"인천광역시 남구 숙골로 24번길 9","tel":"1544-7788"},"useInfo": {"platform":2,"meetingPlace":0,"restroom":2,"offDoor":1,"crossOver":2,"publicPlace":0,"handicapCount":1,"parkingCount":0,"bicycleCount":1,"civilCount":0},"exitInfo": {"gate": [{"GateNo":"1","GateLink": ["동오아파트","우남아파트"]},{"GateNo":"2","GateLink": ["도화초등학교","수봉공원"],"BUSSTOP": [{"StopName":"도화초등학교","StopID":"181738","Bus": [{"BusNo":"4","Type":"11","BlID":"21004","BusCityName":"인천"},{"BusNo":"15","Type":"11","BlID":"21014","BusCityName":"인천"},{"BusNo":"21","Type":"11","BlID":"21019","BusCityName":"인천"},{"BusNo":"22","Type":"11","BlID":"21020","BusCityName":"인천"},{"BusNo":"23","Type":"11","BlID":"21021","BusCityName":"인천"},{"BusNo":"33","Type":"11","BlID":"21028","BusCityName":"인천"},{"BusNo":"70","Type":"11","BlID":"21157","BusCityName":"인천"}]},{"StopName":"도화초등학교.수봉도서관","StopID":"181739","Bus": [{"BusNo":"4","Type":"11","BlID":"21004","BusCityName":"인천"},{"BusNo":"15","Type":"11","BlID":"21014","BusCityName":"인천"},{"BusNo":"21","Type":"11","BlID":"21019","BusCityName":"인천"},{"BusNo":"22","Type":"11","BlID":"21020","BusCityName":"인천"},{"BusNo":"23","Type":"11","BlID":"21021","BusCityName":"인천"},{"BusNo":"33","Type":"11","BlID":"21028","BusCityName":"인천"},{"BusNo":"70","Type":"11","BlID":"21157","BusCityName":"인천"}]},{"StopName":"쑥골고가교","StopID":"181740","Bus": [{"BusNo":"13","Type":"11","BlID":"21012","BusCityName":"인천"},{"BusNo":"63","Type":"11","BlID":"21040","BusCityName":"인천"},{"BusNo":"2","Type":"11","BlID":"21109","BusCityName":"인천"}]},{"StopName":"쑥골고가교","StopID":"181741","Bus": [{"BusNo":"6","Type":"11","BlID":"21006","BusCityName":"인천"},{"BusNo":"13","Type":"11","BlID":"21012","BusCityName":"인천"},{"BusNo":"63","Type":"11","BlID":"21040","BusCityName":"인천"},{"BusNo":"2","Type":"11","BlID":"21109","BusCityName":"인천"}]}]},{"GateNo":"3","GateLink": ["인천대학교","도화5거리","인천의료원","한진고등기술학교"],"BUSSTOP": [{"StopName":"대화초등학교","StopID":"181748","Bus": [{"BusNo":"10","Type":"11","BlID":"21009","BusCityName":"인천"},{"BusNo":"28","Type":"11","BlID":"21024","BusCityName":"인천"},{"BusNo":"62","Type":"11","BlID":"21039","BusCityName":"인천"},{"BusNo":"29","Type":"11","BlID":"21113","BusCityName":"인천"}]},{"StopName":"대화초등학교","StopID":"181749","Bus": [{"BusNo":"10","Type":"11","BlID":"21009","BusCityName":"인천"},{"BusNo":"28","Type":"11","BlID":"21024","BusCityName":"인천"},{"BusNo":"62","Type":"11","BlID":"21039","BusCityName":"인천"},{"BusNo":"29","Type":"11","BlID":"21113","BusCityName":"인천"}]}]},{"GateNo":"4","GateLink": ["대화초등학교"]}]}}}