{"result": {"stationName":"제물포","stationID":158,"type":1,"laneName":"수도권 1호선","laneCity":"수도권","x":126.6571804,"y":37.4668242,"prevOBJ": {"station": [{"stationName":"도화","stationID":157,"type":1,"laneName":"수도권 1호선","laneCity":"수도권","x":126.6687684,"y":37.4661173}]},"nextOBJ": {"station": [{"stationName":"도원","stationID":159,"type":1,"laneName":"수도권 1호선","laneCity":"수도권","x":126.6428369,"y":37.4686157}]},"defaultInfo": {"address":"인천광역시 남구 숭의동 450-39","new_address":"인천광역시 남구 경인로 129","tel":"1544-7788"},"useInfo": {"platform":2,"meetingPlace":0,"restroom":2,"offDoor":1,"crossOver":2,"publicPlace":0,"handicapCount":1,"parkingCount":1,"bicycleCount":1,"civilCount":0},"exitInfo": {"gate": [{"GateNo":"1","GateLink": ["제물포파출소","인하대병원","수봉공원","우체국"],"BUSSTOP": [{"StopName":"제물포역","StopID":"100010","Bus": [{"BusNo":"512","Type":"12","BlID":"21051","BusCityName":"인천"}]},{"StopName":"제물포역(동양빌딩)","StopID":"100011","Bus": [{"BusNo":"72","Type":"11","BlID":"21200","BusCityName":"인천"},{"BusNo":"790","Type":"14","BlID":"21171","BusCityName":"인천"},{"BusNo":"8848","Type":"22","BlID":"6589","BusCityName":"안산"},{"BusNo":"8851","Type":"22","BlID":"6590","BusCityName":"안산"},{"BusNo":"8855","Type":"22","BlID":"6592","BusCityName":"광주"},{"BusNo":"8850","Type":"22","BlID":"10725","BusCityName":"광주"}]},{"StopName":"제물포역","StopID":"181730","Bus": [{"BusNo":"4","Type":"11","BlID":"21004","BusCityName":"인천"},{"BusNo":"15","Type":"11","BlID":"21014","BusCityName":"인천"},{"BusNo":"21","Type":"11","BlID":"21019","BusCityName":"인천"},{"BusNo":"22","Type":"11","BlID":"21020","BusCityName":"인천"},{"BusNo":"23","Type":"11","BlID":"21021","BusCityName":"인천"},{"BusNo":"33","Type":"11","BlID":"21028","BusCityName":"인천"},{"BusNo":"70","Type":"11","BlID":"21157","BusCityName":"인천"},{"BusNo":"9100","Type":"14","BlID":"21132","BusCityName":"인천"}]},{"StopName":"제물포역","StopID":"181731","Bus": [{"BusNo":"4","Type":"11","BlID":"21004","BusCityName":"인천"},{"BusNo":"15","Type":"11","BlID":"21014","BusCityName":"인천"},{"BusNo":"21","Type":"11","BlID":"21019","BusCityName":"인천"},{"BusNo":"22","Type":"11","BlID":"21020","BusCityName":"인천"},{"BusNo":"23","Type":"11","BlID":"21021","BusCityName":"인천"},{"BusNo":"33","Type":"11","BlID":"21028","BusCityName":"인천"},{"BusNo":"70","Type":"11","BlID":"21157","BusCityName":"인천"},{"BusNo":"9100","Type":"14","BlID":"21132","BusCityName":"인천"},{"BusNo":"790","Type":"14","BlID":"21171","BusCityName":"인천"},{"BusNo":"8848","Type":"22","BlID":"6589","BusCityName":"안산"},{"BusNo":"8851","Type":"22","BlID":"6590","BusCityName":"안산"},{"BusNo":"8855","Type":"22","BlID":"6592","BusCityName":"광주"},{"BusNo":"8850","Type":"22","BlID":"10725","BusCityName":"광주"}]}]},{"GateNo":"2","GateLink": ["인천대학교 제물포캠퍼스","도화2동주민센터","재능대학","도화지구대","인천광역시의료원","인화여자중학교","선인여자상업고등학교","청운대학교 인천캠퍼스"],"BUSSTOP": [{"StopName":"제물포역","StopID":"181728","Bus": [{"BusNo":"6","Type":"11","BlID":"21006","BusCityName":"인천"},{"BusNo":"10","Type":"11","BlID":"21009","BusCityName":"인천"},{"BusNo":"13","Type":"11","BlID":"21012","BusCityName":"인천"},{"BusNo":"14","Type":"11","BlID":"21013","BusCityName":"인천"},{"BusNo":"28","Type":"11","BlID":"21024","BusCityName":"인천"},{"BusNo":"46","Type":"11","BlID":"21038","BusCityName":"인천"},{"BusNo":"62","Type":"11","BlID":"21039","BusCityName":"인천"},{"BusNo":"2","Type":"11","BlID":"21109","BusCityName":"인천"},{"BusNo":"29","Type":"11","BlID":"21113","BusCityName":"인천"},{"BusNo":"510","Type":"12","BlID":"21049","BusCityName":"인천"}]},{"StopName":"제물포역","StopID":"181729","Bus": [{"BusNo":"10","Type":"11","BlID":"21009","BusCityName":"인천"},{"BusNo":"13","Type":"11","BlID":"21012","BusCityName":"인천"},{"BusNo":"14","Type":"11","BlID":"21013","BusCityName":"인천"},{"BusNo":"28","Type":"11","BlID":"21024","BusCityName":"인천"},{"BusNo":"46","Type":"11","BlID":"21038","BusCityName":"인천"},{"BusNo":"62","Type":"11","BlID":"21039","BusCityName":"인천"},{"BusNo":"63","Type":"11","BlID":"21040","BusCityName":"인천"},{"BusNo":"2","Type":"11","BlID":"21109","BusCityName":"인천"},{"BusNo":"29","Type":"11","BlID":"21113","BusCityName":"인천"},{"BusNo":"6-1","Type":"11","BlID":"21125","BusCityName":"인천"},{"BusNo":"510","Type":"12","BlID":"21049","BusCityName":"인천"}]}]}]}}}