{"result": {"stationName":"도원","stationID":159,"type":1,"laneName":"수도권 1호선","laneCity":"수도권","x":126.6428369,"y":37.4686157,"prevOBJ": {"station": [{"stationName":"제물포","stationID":158,"type":1,"laneName":"수도권 1호선","laneCity":"수도권","x":126.6571804,"y":37.4668242}]},"nextOBJ": {"station": [{"stationName":"동인천","stationID":160,"type":1,"laneName":"수도권 1호선","laneCity":"수도권","x":126.6326181,"y":37.4754269}]},"defaultInfo": {"address":"인천광역시 동구 창영동 179-1","new_address":"인천광역시 동구 참외전로 245","tel":"1544-7788"},"useInfo": {"platform":2,"meetingPlace":0,"restroom":1,"offDoor":1,"crossOver":2,"publicPlace":0,"handicapCount":1,"parkingCount":1,"bicycleCount":1,"civilCount":0},"exitInfo": {"gate": [{"GateNo":"1","GateLink": ["도원주민센터","인천축구전용경기장","숭의로타리","도원치안센터"],"BUSSTOP": [{"StopName":"도원역(인천축구전용경기장)","StopID":"80629","Bus": [{"BusNo":"25","Type":"11","BlID":"21223","BusCityName":"인천"}]},{"StopName":"도원역(인천축구전용경기장)","StopID":"181716","Bus": [{"BusNo":"10","Type":"11","BlID":"21009","BusCityName":"인천"},{"BusNo":"15","Type":"11","BlID":"21014","BusCityName":"인천"},{"BusNo":"21","Type":"11","BlID":"21019","BusCityName":"인천"},{"BusNo":"22","Type":"11","BlID":"21020","BusCityName":"인천"},{"BusNo":"28","Type":"11","BlID":"21024","BusCityName":"인천"}]}]},{"GateNo":"2","GateLink": ["인천정보산업고","창영사회복지관","배다리"],"BUSSTOP": [{"StopName":"도원고개(도원역)","StopID":"181717","Bus": [{"BusNo":"10","Type":"11","BlID":"21009","BusCityName":"인천"},{"BusNo":"15","Type":"11","BlID":"21014","BusCityName":"인천"},{"BusNo":"21","Type":"11","BlID":"21019","BusCityName":"인천"},{"BusNo":"22","Type":"11","BlID":"21020","BusCityName":"인천"},{"BusNo":"28","Type":"11","BlID":"21024","BusCityName":"인천"},{"BusNo":"25","Type":"11","BlID":"21223","BusCityName":"인천"}]}]},{"GateNo":"3","GateLink": ["인천세무서","송림사거리","동구청","동부경찰서"]}]}}}