{"result": {"stationName":"동인천","stationID":160,"type":1,"laneName":"수도권 1호선","laneCity":"수도권","x":126.6326181,"y":37.4754269,"prevOBJ": {"station": [{"stationName":"도원","stationID":159,"type":1,"laneName":"수도권 1호선","laneCity":"수도권","x":126.6428369,"y":37.4686157}]},"nextOBJ": {"station": [{"stationName":"인천","stationID":161,"type":1,"laneName":"수도권 1호선","laneCity":"수도권","x":126.6169538,"y":37.4763801}]},"defaultInfo": {"address":"인천광역시 중구 인현동 1-613","new_address":"인천광역시 중구 참외전로 121","tel":"1544-7788"},"useInfo": {"platform":2,"meetingPlace":0,"restroom":2,"offDoor":1,"crossOver":2,"publicPlace":0,"handicapCount":1,"parkingCount":1,"bicycleCount":1,"civilCount":0},"exitInfo": {"gate": [{"GateNo":"1","GateLink": ["연안부두","수도국산","자유공원","달동네박물관","인하대병원"],"BUSSTOP": [{"StopName":"동인천","StopID":"122515","Bus": [{"BusNo":"40","Type":"11","BlID":"21139","BusCityName":"인천"},{"BusNo":"517","Type":"12","BlID":"21055","BusCityName":"인천"},{"BusNo":"519","Type":"12","BlID":"21057","BusCityName":"인천"},{"BusNo":"521","Type":"12","BlID":"21059","BusCityName":"인천"}]}]},{"GateNo":"2","GateLink": ["연안부두","인천학생문화회관","국제여객터미널","신포동 방면","지하상가"],"BUSSTOP": [{"StopName":"동인천역","StopID":"181946","Bus": [{"BusNo":"306","Type":"2","BlID":"21120","BusCityName":"인천"},{"BusNo":"307","Type":"2","BlID":"21221","BusCityName":"인천"},{"BusNo":"4","Type":"11","BlID":"21004","BusCityName":"인천"},{"BusNo":"6","Type":"11","BlID":"21006","BusCityName":"인천"},{"BusNo":"12","Type":"11","BlID":"21011","BusCityName":"인천"},{"BusNo":"15","Type":"11","BlID":"21014","BusCityName":"인천"},{"BusNo":"16","Type":"11","BlID":"21015","BusCityName":"인천"},{"BusNo":"23","Type":"11","BlID":"21021","BusCityName":"인천"},{"BusNo":"24","Type":"11","BlID":"21022","BusCityName":"인천"},{"BusNo":"28","Type":"11","BlID":"21024","BusCityName":"인천"},{"BusNo":"41","Type":"11","BlID":"21034","BusCityName":"인천"},{"BusNo":"45","Type":"11","BlID":"21037","BusCityName":"인천"},{"BusNo":"46","Type":"11","BlID":"21038","BusCityName":"인천"},{"BusNo":"112","Type":"11","BlID":"21121","BusCityName":"인천"},{"BusNo":"72","Type":"11","BlID":"21200","BusCityName":"인천"},{"BusNo":"9","Type":"11","BlID":"21204","BusCityName":"인천"}]},{"StopName":"동인천역","StopID":"181947","Bus": [{"BusNo":"15","Type":"11","BlID":"21014","BusCityName":"인천"},{"BusNo":"16","Type":"11","BlID":"21015","BusCityName":"인천"},{"BusNo":"28","Type":"11","BlID":"21024","BusCityName":"인천"},{"BusNo":"46","Type":"11","BlID":"21038","BusCityName":"인천"}]}]},{"GateNo":"3","GateLink": ["택시정류장","월미도","경인방송","인하대병원","축현파출소","인천공항 버스 타는 곳","인천학생문화회관"],"BUSSTOP": [{"StopName":"동인천역","StopID":"181943","Bus": [{"BusNo":"10","Type":"11","BlID":"21009","BusCityName":"인천"},{"BusNo":"21","Type":"11","BlID":"21019","BusCityName":"인천"},{"BusNo":"22","Type":"11","BlID":"21020","BusCityName":"인천"},{"BusNo":"2","Type":"11","BlID":"21109","BusCityName":"인천"},{"BusNo":"29","Type":"11","BlID":"21113","BusCityName":"인천"},{"BusNo":"3-2","Type":"11","BlID":"21186","BusCityName":"인천"}]},{"StopName":"동인천역","StopID":"181944","Bus": [{"BusNo":"306","Type":"2","BlID":"21120","BusCityName":"인천"},{"BusNo":"307","Type":"2","BlID":"21221","BusCityName":"인천"},{"BusNo":"4","Type":"11","BlID":"21004","BusCityName":"인천"},{"BusNo":"10","Type":"11","BlID":"21009","BusCityName":"인천"},{"BusNo":"12","Type":"11","BlID":"21011","BusCityName":"인천"},{"BusNo":"17","Type":"11","BlID":"21017","BusCityName":"인천"},{"BusNo":"21","Type":"11","BlID":"21019","BusCityName":"인천"},{"BusNo":"22","Type":"11","BlID":"21020","BusCityName":"인천"},{"BusNo":"23","Type":"11","BlID":"21021","BusCityName":"인천"},{"BusNo":"24","Type":"11","BlID":"21022","BusCityName":"인천"},{"BusNo":"41","Type":"11","BlID":"21034","BusCityName":"인천"},{"BusNo":"45","Type":"11","BlID":"21037","BusCityName":"인천"},{"BusNo":"62","Type":"11","BlID":"21039","BusCityName":"인천"},{"BusNo":"2","Type":"11","BlID":"21109","BusCityName":"인천"},{"BusNo":"29","Type":"11","BlID":"21113","BusCityName":"인천"},{"BusNo":"112","Type":"11","BlID":"21121","BusCityName":"인천"},{"BusNo":"6-1","Type":"11","BlID":"21125","BusCityName":"인천"},{"BusNo":"40","Type":"11","BlID":"21139","BusCityName":"인천"},{"BusNo":"3-2","Type":"11","BlID":"21186","BusCityName":"인천"},{"BusNo":"72","Type":"11","BlID":"21200","BusCityName":"인천"},{"BusNo":"9","Type":"11","BlID":"21204","BusCityName":"인천"}]}]},{"GateNo":"4","GateLink": ["중앙시장","솔빛마을","주공아파트","수도국산달동네박물관"],"BUSSTOP": [{"StopName":"동인천역북광장","StopID":"81633","Bus": [{"BusNo":"4","Type":"11","BlID":"21004","BusCityName":"인천"},{"BusNo":"24","Type":"11","BlID":"21022","BusCityName":"인천"},{"BusNo":"28","Type":"11","BlID":"21024","BusCityName":"인천"},{"BusNo":"506","Type":"12","BlID":"21048","BusCityName":"인천"}]},{"StopName":"동인천역북광장","StopID":"81634","Bus": [{"BusNo":"306","Type":"2","BlID":"21120","BusCityName":"인천"},{"BusNo":"307","Type":"2","BlID":"21221","BusCityName":"인천"},{"BusNo":"22","Type":"11","BlID":"21020","BusCityName":"인천"},{"BusNo":"29","Type":"11","BlID":"21113","BusCityName":"인천"},{"BusNo":"112","Type":"11","BlID":"21121","BusCityName":"인천"},{"BusNo":"6-1","Type":"11","BlID":"21125","BusCityName":"인천"},{"BusNo":"40","Type":"11","BlID":"21139","BusCityName":"인천"},{"BusNo":"3-2","Type":"11","BlID":"21186","BusCityName":"인천"},{"BusNo":"506","Type":"12","BlID":"21048","BusCityName":"인천"}]}]}]}}}