{"result": {"stationName":"효창공원앞","stationID":1606,"type":104,"laneName":"경의중앙선","laneCity":"수도권","x":126.962537,"y":37.5386104,"exOBJ": {"station": [{"stationName":"효창공원앞","stationID":627,"type":6,"laneName":"수도권 6호선","laneCity":"수도권"}]},"prevOBJ": {"station": [{"stationName":"공덕","stationID":1607,"type":104,"laneName":"경의중앙선","laneCity":"수도권","x":126.9521501,"y":37.5426186}]},"nextOBJ": {"station": [{"stationName":"용산","stationID":1318,"type":104,"laneName":"경의중앙선","laneCity":"수도권","x":126.9647656,"y":37.5296375}]},"defaultInfo": {"address":"서울특별시 용산구 용문동 5-157번지","new_address":null,"tel":"1544-7788"},"useInfo": {"platform":2,"meetingPlace":0,"restroom":2,"offDoor":0,"crossOver":2,"publicPlace":0,"handicapCount":1,"parkingCount":1,"bicycleCount":1,"civilCount":0},"exitInfo": {"gate": [{"GateNo":"1","GateLink": ["효창공원","효창동주민센터","효창운동장","백범김구기념관","한반도국제대학원대학교","서울자동차고등학교","금양초등학교"],"BUSSTOP": [{"StopName":"효창공원앞역","StopID":"152484","Bus": [{"BusNo":"마포17","Type":"3","BlID":"1761","BusCityName":"서울"}]}]},{"GateNo":"2","GateLink": ["원효로1동 주민센터","용산구보건소","용산경찰서","원효지구대","원효로2가 우체국","효창종합사회복지관","숙명여자대학교","선린인터넷고등학교","선린중학교"],"BUSSTOP": [{"StopName":"효창공원앞역","StopID":"111496","Bus": [{"BusNo":"400","Type":"11","BlID":"500","BusCityName":"서울"},{"BusNo":"110A","Type":"11","BlID":"789","BusCityName":"서울"},{"BusNo":"740","Type":"11","BlID":"1273","BusCityName":"서울"},{"BusNo":"2016","Type":"12","BlID":"522","BusCityName":"서울"}]}]},{"GateNo":"3","GateLink": ["용문동우체국","원효로2가 치안센터","용산등기소","방송통신위원회 전파연구소","용문시장","용산전자상가"],"BUSSTOP": [{"StopName":"효창공원앞역","StopID":"111495","Bus": [{"BusNo":"400","Type":"11","BlID":"500","BusCityName":"서울"},{"BusNo":"110B","Type":"11","BlID":"790","BusCityName":"서울"},{"BusNo":"740","Type":"11","BlID":"1273","BusCityName":"서울"},{"BusNo":"2016","Type":"12","BlID":"522","BusCityName":"서울"}]}]},{"GateNo":"4","GateLink": ["용문동우체국","용문시장","용산전자상가"]},{"GateNo":"5","GateLink": ["원효로1동주민센터","남정초등학교","용산등기소"]},{"GateNo":"6","GateLink": ["용문동우체국","용문동 주민센터","도원동"],"BUSSTOP": [{"StopName":"효창공원역","StopID":"104345","Bus": [{"BusNo":"용산04","Type":"3","BlID":"703","BusCityName":"서울"}]}]}]}}}