{"result": {"stationName":"공덕","stationID":1607,"type":104,"laneName":"경의중앙선","laneCity":"수도권","x":126.9521501,"y":37.5426186,"exOBJ": {"station": [{"stationName":"공덕","stationID":529,"type":5,"laneName":"수도권 5호선","laneCity":"수도권"},{"stationName":"공덕","stationID":626,"type":6,"laneName":"수도권 6호선","laneCity":"수도권"},{"stationName":"공덕","stationID":4002,"type":101,"laneName":"공항철도","laneCity":"수도권"}]},"prevOBJ": {"station": [{"stationName":"서강대","stationID":1608,"type":104,"laneName":"경의중앙선","laneCity":"수도권","x":126.9354031,"y":37.5521371}]},"nextOBJ": {"station": [{"stationName":"효창공원앞","stationID":1606,"type":104,"laneName":"경의중앙선","laneCity":"수도권","x":126.962537,"y":37.5386104}]},"defaultInfo": {"address":"서울특별시 마포구 도화동 25-13","new_address":"서울특별시 마포구 마포대로 92","tel":"1544-7788"},"useInfo": {"platform":2,"meetingPlace":0,"restroom":2,"offDoor":0,"crossOver":2,"publicPlace":0,"handicapCount":1,"parkingCount":0,"bicycleCount":1,"civilCount":0},"exitInfo": {"gate": [{"GateNo":"1","GateLink": ["서강로","국민건강보험공단","마포우체국","서울지방고용노동청 서울서부지청","염리초등학교","한국환경공단서울지사","서울디지털대학교"],"BUSSTOP": [{"StopName":"공덕역1번출구","StopID":"104042","Bus": [{"BusNo":"110B","Type":"11","BlID":"790","BusCityName":"서울"},{"BusNo":"163","Type":"11","BlID":"899","BusCityName":"서울"},{"BusNo":"604","Type":"11","BlID":"1169","BusCityName":"서울"},{"BusNo":"740","Type":"11","BlID":"1273","BusCityName":"서울"},{"BusNo":"7016","Type":"12","BlID":"1247","BusCityName":"서울"},{"BusNo":"7613","Type":"12","BlID":"1280","BusCityName":"서울"}]}]},{"GateNo":"2","GateLink": ["공덕동로터리","한국산업인력공단","신촌 방면","동도중학교","서울디자인고등학교","서울여자중.고등학교","중앙노동위원회","케이스파(K-SPA)"],"BUSSTOP": [{"StopName":"공덕역2번출구","StopID":"104040","Bus": [{"BusNo":"110A","Type":"11","BlID":"789","BusCityName":"서울"},{"BusNo":"163","Type":"11","BlID":"899","BusCityName":"서울"},{"BusNo":"604","Type":"11","BlID":"1169","BusCityName":"서울"},{"BusNo":"740","Type":"11","BlID":"1273","BusCityName":"서울"},{"BusNo":"7016","Type":"12","BlID":"1247","BusCityName":"서울"},{"BusNo":"7613","Type":"12","BlID":"1280","BusCityName":"서울"}]},{"StopName":"공덕역2번출구","StopID":"196401","Bus": [{"BusNo":"마포10","Type":"3","BlID":"1527","BusCityName":"서울"}]}]},{"GateNo":"3","GateLink": ["아현동주민센터","서대문 방면","마포경찰서 방면","아현동주민센터"],"BUSSTOP": [{"StopName":"공덕전철역","StopID":"123595","Bus": [{"BusNo":"마포10","Type":"3","BlID":"1527","BusCityName":"서울"}]},{"StopName":"아현동주민센터","StopID":"126836","Bus": [{"BusNo":"1002","Type":"1","BlID":"13008","BusCityName":"김포"},{"BusNo":"6021","Type":"5","BlID":"596","BusCityName":"서울"},{"BusNo":"6015","Type":"5","BlID":"1774","BusCityName":"서울"},{"BusNo":"260","Type":"11","BlID":"1447","BusCityName":"서울"},{"BusNo":"160","Type":"11","BlID":"1449","BusCityName":"서울"},{"BusNo":"600","Type":"11","BlID":"1450","BusCityName":"서울"},{"BusNo":"7013A","Type":"12","BlID":"1244","BusCityName":"서울"},{"BusNo":"7611","Type":"12","BlID":"1278","BusCityName":"서울"},{"BusNo":"7013B","Type":"12","BlID":"1812","BusCityName":"서울"},{"BusNo":"2500","Type":"14","BlID":"21216","BusCityName":"인천"}]}]},{"GateNo":"4","GateLink": ["공덕동로터리","공덕초등학교","서울서부지방법원","서울서부지방검찰청","별정우체국연금관리단","신용보증기금","국립공원관리공단","노사발전재단"]},{"GateNo":"5","GateLink": ["만리동고개","공덕시장","사랑의 전화복지재단"],"BUSSTOP": [{"StopName":"공덕역","StopID":"126838","Bus": [{"BusNo":"1002","Type":"1","BlID":"13008","BusCityName":"김포"},{"BusNo":"6021","Type":"5","BlID":"596","BusCityName":"서울"},{"BusNo":"6015","Type":"5","BlID":"1774","BusCityName":"서울"},{"BusNo":"6701","Type":"5","BlID":"1776","BusCityName":"서울"},{"BusNo":"6702","Type":"5","BlID":"1786","BusCityName":"서울"},{"BusNo":"8601","Type":"6","BlID":"13001","BusCityName":"김포"},{"BusNo":"8601(예약)","Type":"6","BlID":"13025","BusCityName":"김포"},{"BusNo":"8600","Type":"6","BlID":"13046","BusCityName":"김포"},{"BusNo":"260","Type":"11","BlID":"1447","BusCityName":"서울"},{"BusNo":"160","Type":"11","BlID":"1449","BusCityName":"서울"},{"BusNo":"600","Type":"11","BlID":"1450","BusCityName":"서울"},{"BusNo":"7013A","Type":"12","BlID":"1244","BusCityName":"서울"},{"BusNo":"7611","Type":"12","BlID":"1278","BusCityName":"서울"},{"BusNo":"7013B","Type":"12","BlID":"1812","BusCityName":"서울"},{"BusNo":"2500","Type":"14","BlID":"21216","BusCityName":"인천"}]}]},{"GateNo":"6","GateLink": ["한겨레신문사","효창공원방면","국민연금마포지사","한국사회복지회관"],"BUSSTOP": [{"StopName":"공덕오거리","StopID":"104140","Bus": [{"BusNo":"110A","Type":"11","BlID":"789","BusCityName":"서울"},{"BusNo":"740","Type":"11","BlID":"1273","BusCityName":"서울"},{"BusNo":"8001","Type":"12","BlID":"598","BusCityName":"서울"}]},{"StopName":"공덕전철역","StopID":"152486","Bus": [{"BusNo":"마포17","Type":"3","BlID":"1761","BusCityName":"서울"}]}]},{"GateNo":"7","GateLink": ["도화동","도화동주민센터","브라운스톤공덕아파트"],"BUSSTOP": [{"StopName":"공덕오거리","StopID":"104129","Bus": [{"BusNo":"110B","Type":"11","BlID":"790","BusCityName":"서울"},{"BusNo":"740","Type":"11","BlID":"1273","BusCityName":"서울"}]}]},{"GateNo":"8","GateLink": ["도화치안센터","국민연금마포지사"],"BUSSTOP": [{"StopName":"공덕역","StopID":"104091","Bus": [{"BusNo":"마포02","Type":"3","BlID":"1682","BusCityName":"서울"},{"BusNo":"1711","Type":"12","BlID":"908","BusCityName":"서울"}]},{"StopName":"공덕역","StopID":"126840","Bus": [{"BusNo":"1002","Type":"1","BlID":"13008","BusCityName":"김포"},{"BusNo":"6021","Type":"5","BlID":"596","BusCityName":"서울"},{"BusNo":"6015","Type":"5","BlID":"1774","BusCityName":"서울"},{"BusNo":"6702","Type":"5","BlID":"1786","BusCityName":"서울"},{"BusNo":"8601","Type":"6","BlID":"13001","BusCityName":"김포"},{"BusNo":"8601(예약)","Type":"6","BlID":"13025","BusCityName":"김포"},{"BusNo":"8600","Type":"6","BlID":"13046","BusCityName":"김포"},{"BusNo":"260","Type":"11","BlID":"1447","BusCityName":"서울"},{"BusNo":"160","Type":"11","BlID":"1449","BusCityName":"서울"},{"BusNo":"600","Type":"11","BlID":"1450","BusCityName":"서울"},{"BusNo":"7013A","Type":"12","BlID":"1244","BusCityName":"서울"},{"BusNo":"7611","Type":"12","BlID":"1278","BusCityName":"서울"},{"BusNo":"7013B","Type":"12","BlID":"1812","BusCityName":"서울"},{"BusNo":"2500","Type":"14","BlID":"21216","BusCityName":"인천"}]}]},{"GateNo":"9","GateLink": ["도화치안센터","도화동주민센터","신용보증기금"],"BUSSTOP": [{"StopName":"서울대동창회관","StopID":"104073","Bus": [{"BusNo":"마포02","Type":"3","BlID":"1682","BusCityName":"서울"},{"BusNo":"163","Type":"11","BlID":"899","BusCityName":"서울"},{"BusNo":"604","Type":"11","BlID":"1169","BusCityName":"서울"},{"BusNo":"1711","Type":"12","BlID":"908","BusCityName":"서울"}]}]},{"GateNo":"10","GateLink": ["도화동","새창고개길"],"BUSSTOP": [{"StopName":"열린마트","StopID":"125763","Bus": [{"BusNo":"마포01","Type":"3","BlID":"1680","BusCityName":"서울"},{"BusNo":"마포02","Type":"3","BlID":"1682","BusCityName":"서울"}]},{"StopName":"열린마트","StopID":"125783","Bus": [{"BusNo":"마포01","Type":"3","BlID":"1680","BusCityName":"서울"}]}]}]}}}