{"result": {"stationName":"서강대","stationID":1608,"type":104,"laneName":"경의중앙선","laneCity":"수도권","x":126.9354031,"y":37.5521371,"prevOBJ": {"station": [{"stationName":"홍대입구","stationID":1609,"type":104,"laneName":"경의중앙선","laneCity":"수도권","x":126.9280819,"y":37.5568015}]},"nextOBJ": {"station": [{"stationName":"공덕","stationID":1607,"type":104,"laneName":"경의중앙선","laneCity":"수도권","x":126.9521501,"y":37.5426186}]},"defaultInfo": {"address":"서울특별시 마포구 노고산동 112-5","new_address":"서울특별시 마포구 서강로 118","tel":"1544-7788"},"useInfo": {"platform":2,"meetingPlace":0,"restroom":2,"offDoor":0,"crossOver":2,"publicPlace":0,"handicapCount":1,"parkingCount":0,"bicycleCount":1,"civilCount":0},"exitInfo": {"gate": [{"GateNo":"1","GateLink": ["서강대학교"],"BUSSTOP": [{"StopName":"삼익아파트입구","StopID":"123687","Bus": [{"BusNo":"마포11","Type":"3","BlID":"1532","BusCityName":"서울"},{"BusNo":"마포12","Type":"3","BlID":"1536","BusCityName":"서울"}]}]},{"GateNo":"2","GateLink": ["창전동방면"],"BUSSTOP": [{"StopName":"창전현대홈타운","StopID":"103514","Bus": [{"BusNo":"153","Type":"11","BlID":"906","BusCityName":"서울"},{"BusNo":"753","Type":"11","BlID":"1277","BusCityName":"서울"},{"BusNo":"5713","Type":"12","BlID":"1153","BusCityName":"서울"}]},{"StopName":"창전현대홈타운","StopID":"103529","Bus": [{"BusNo":"153","Type":"11","BlID":"906","BusCityName":"서울"},{"BusNo":"5713","Type":"12","BlID":"1153","BusCityName":"서울"}]},{"StopName":"신촌연세병원.기업은행","StopID":"103560","Bus": [{"BusNo":"마포07","Type":"3","BlID":"1514","BusCityName":"서울"},{"BusNo":"마포11","Type":"3","BlID":"1532","BusCityName":"서울"},{"BusNo":"마포12","Type":"3","BlID":"1536","BusCityName":"서울"}]},{"StopName":"기업은행.신촌연세병원","StopID":"123462","Bus": [{"BusNo":"마포07","Type":"3","BlID":"1514","BusCityName":"서울"},{"BusNo":"마포08","Type":"3","BlID":"1518","BusCityName":"서울"},{"BusNo":"마포09","Type":"3","BlID":"1523","BusCityName":"서울"},{"BusNo":"마포13","Type":"3","BlID":"1539","BusCityName":"서울"}]},{"StopName":"창전현대홈타운","StopID":"196374","Bus": [{"BusNo":"마포07","Type":"3","BlID":"1514","BusCityName":"서울"}]}]}]}}}