{"result": {"stationName":"인천","stationID":161,"type":1,"laneName":"수도권 1호선","laneCity":"수도권","x":126.6169538,"y":37.4763801,"exOBJ": {"station": [{"stationName":"인천","stationID":11134,"type":111,"laneName":"수인선","laneCity":"수도권"}]},"prevOBJ": {"station": [{"stationName":"동인천","stationID":160,"type":1,"laneName":"수도권 1호선","laneCity":"수도권","x":126.6326181,"y":37.4754269}]},"defaultInfo": {"address":"인천광역시 중구 북성동1가 3-1","new_address":"인천광역시 중구 제물량로 269","tel":"1544-7788"},"useInfo": {"platform":1,"meetingPlace":0,"restroom":2,"offDoor":1,"crossOver":2,"publicPlace":0,"handicapCount":1,"parkingCount":0,"bicycleCount":1,"civilCount":0},"exitInfo": {"gate": [{"GateNo":"1","GateLink": ["제물포고등학교","송월시장","동구보건소","인일여자고등학교","남부교육청","만석우체국","전동소방파출소","경동치안센터","송월초등학교","중부소방서","중구청","인성여자고등학교","북성동주민센터","신포동주민센터","동인천동주민센터","KRA PLAZA 인천중앙지점"],"BUSSTOP": [{"StopName":"인천역(차이나타운)","StopID":"187241","Bus": [{"BusNo":"306","Type":"2","BlID":"21120","BusCityName":"인천"},{"BusNo":"307","Type":"2","BlID":"21221","BusCityName":"인천"},{"BusNo":"15","Type":"11","BlID":"21014","BusCityName":"인천"},{"BusNo":"23","Type":"11","BlID":"21021","BusCityName":"인천"},{"BusNo":"28","Type":"11","BlID":"21024","BusCityName":"인천"},{"BusNo":"45","Type":"11","BlID":"21037","BusCityName":"인천"},{"BusNo":"2","Type":"11","BlID":"21109","BusCityName":"인천"}]},{"StopName":"인천역(차이나타운)","StopID":"187242","Bus": [{"BusNo":"306","Type":"2","BlID":"21120","BusCityName":"인천"},{"BusNo":"307","Type":"2","BlID":"21221","BusCityName":"인천"},{"BusNo":"15","Type":"11","BlID":"21014","BusCityName":"인천"},{"BusNo":"23","Type":"11","BlID":"21021","BusCityName":"인천"},{"BusNo":"28","Type":"11","BlID":"21024","BusCityName":"인천"},{"BusNo":"45","Type":"11","BlID":"21037","BusCityName":"인천"},{"BusNo":"2","Type":"11","BlID":"21109","BusCityName":"인천"}]}]}]}}}