{"result": {"stationName":"서울역","stationID":1610,"type":104,"laneName":"경의중앙선","laneCity":"수도권","x":126.9699025,"y":37.5559659,"exOBJ": {"station": [{"stationName":"서울역","stationID":133,"type":1,"laneName":"수도권 1호선","laneCity":"수도권"},{"stationName":"서울역","stationID":426,"type":4,"laneName":"수도권 4호선","laneCity":"수도권"},{"stationName":"서울역","stationID":4001,"type":101,"laneName":"공항철도","laneCity":"수도권"}]},"prevOBJ": {"station": [{"stationName":"신촌","stationID":1611,"type":104,"laneName":"경의중앙선","laneCity":"수도권","x":126.9423234,"y":37.559777}]},"defaultInfo": {"address":"서울특별시 중구 봉래동2가 122-23","new_address":"서울특별시 중구 한강대로 405","tel":"1544-7788"},"useInfo": {"platform":4,"meetingPlace":0,"restroom":2,"offDoor":1,"crossOver":2,"publicPlace":0,"handicapCount":1,"parkingCount":0,"bicycleCount":0,"civilCount":0},"exitInfo": {"gate": [{"GateNo":"1","GateLink": ["청파1동","중림동","만리동","경기여자상업고등학교"]},{"GateNo":"2","GateLink": ["서울역 광장"]},{"GateNo":"3","GateLink": ["청파동방면"]},{"GateNo":"5","GateLink": ["서계동방면"],"BUSSTOP": [{"StopName":"서울역서부","StopID":"104578","Bus": [{"BusNo":"용산04","Type":"3","BlID":"703","BusCityName":"서울"}]},{"StopName":"서울역서부","StopID":"104582","Bus": [{"BusNo":"N16","Type":"11","BlID":"572","BusCityName":"서울"},{"BusNo":"163","Type":"11","BlID":"899","BusCityName":"서울"},{"BusNo":"463","Type":"11","BlID":"987","BusCityName":"서울"},{"BusNo":"503","Type":"11","BlID":"1092","BusCityName":"서울"},{"BusNo":"604","Type":"11","BlID":"1169","BusCityName":"서울"},{"BusNo":"261","Type":"11","BlID":"1438","BusCityName":"서울"},{"BusNo":"262","Type":"11","BlID":"1439","BusCityName":"서울"},{"BusNo":"8001","Type":"12","BlID":"598","BusCityName":"서울"}]},{"StopName":"서울역서부","StopID":"194126","Bus": [{"BusNo":"서대문06","Type":"3","BlID":"1564","BusCityName":"서울"}]}]},{"GateNo":"15","GateLink": ["청파동방면"]}]}}}