{"result": {"stationName":"신촌","stationID":1611,"type":104,"laneName":"경의중앙선","laneCity":"수도권","x":126.9423234,"y":37.559777,"prevOBJ": {"station": [{"stationName":"가좌","stationID":1612,"type":104,"laneName":"경의중앙선","laneCity":"수도권","x":126.914861,"y":37.5686196}]},"nextOBJ": {"station": [{"stationName":"서울역","stationID":1610,"type":104,"laneName":"경의중앙선","laneCity":"수도권","x":126.9699025,"y":37.5559659}]},"defaultInfo": {"address":"서울특별시 서대문구 신촌동 74-12","new_address":"서울특별시 서대문구 신촌역로 30","tel":"1544-7788"},"useInfo": {"platform":2,"meetingPlace":0,"restroom":1,"offDoor":1,"crossOver":2,"publicPlace":0,"handicapCount":1,"parkingCount":0,"bicycleCount":1,"civilCount":0},"exitInfo": {"gate": [{"GateNo":"1","GateLink": ["이대정문","이대전철역"],"BUSSTOP": [{"StopName":"신촌기차역","StopID":"103839","Bus": [{"BusNo":"800","Type":"2","BlID":"5539","BusCityName":"고양"},{"BusNo":"163","Type":"11","BlID":"899","BusCityName":"서울"},{"BusNo":"153","Type":"11","BlID":"906","BusCityName":"서울"},{"BusNo":"171","Type":"11","BlID":"907","BusCityName":"서울"},{"BusNo":"172","Type":"11","BlID":"909","BusCityName":"서울"},{"BusNo":"472","Type":"11","BlID":"1073","BusCityName":"서울"},{"BusNo":"751","Type":"11","BlID":"1275","BusCityName":"서울"},{"BusNo":"7017","Type":"12","BlID":"1248","BusCityName":"서울"},{"BusNo":"7713","Type":"12","BlID":"1285","BusCityName":"서울"},{"BusNo":"7024","Type":"12","BlID":"1411","BusCityName":"서울"}]},{"StopName":"신촌기차역","StopID":"206177","Bus": [{"BusNo":"567","Type":"1","BlID":"12017","BusCityName":"파주"},{"BusNo":"770","Type":"2","BlID":"5508","BusCityName":"고양"},{"BusNo":"751","Type":"11","BlID":"1275","BusCityName":"서울"},{"BusNo":"5713","Type":"12","BlID":"1153","BusCityName":"서울"},{"BusNo":"7017","Type":"12","BlID":"1248","BusCityName":"서울"}]}]},{"GateNo":"2","GateLink": ["연세대","세브란스병원"]}]}}}