{"result": {"stationName":"가좌","stationID":1612,"type":104,"laneName":"경의중앙선","laneCity":"수도권","x":126.914861,"y":37.5686196,"prevOBJ": {"station": [{"stationName":"디지털미디어시티","stationID":1613,"type":104,"laneName":"경의중앙선","laneCity":"수도권","x":126.9004901,"y":37.5775151}]},"nextOBJ": {"station": [{"stationName":"신촌","stationID":1611,"type":104,"laneName":"경의중앙선","laneCity":"수도권","x":126.9423234,"y":37.559777},{"stationName":"홍대입구","stationID":1609,"type":104,"laneName":"경의중앙선","laneCity":"수도권","x":126.9280819,"y":37.5568015}]},"defaultInfo": {"address":"서울특별시 서대문구 남가좌동 296-12","new_address":"서울특별시 서대문구 수색로 27","tel":"1544-7788"},"useInfo": {"platform":2,"meetingPlace":0,"restroom":2,"offDoor":0,"crossOver":2,"publicPlace":0,"handicapCount":1,"parkingCount":0,"bicycleCount":0,"civilCount":0},"exitInfo": {"gate": [{"GateNo":"1","GateLink": ["홍제천","연남교사거리","연남동방면","성산동우체국","성산1치안센터","경성중학교","경성고등학교","홍익디자인고등학교"],"BUSSTOP": [{"StopName":"월드컵아이파크","StopID":"195076","Bus": [{"BusNo":"7737","Type":"12","BlID":"1412","BusCityName":"서울"}]},{"StopName":"월드컵아이파크","StopID":"195077","Bus": [{"BusNo":"7737","Type":"12","BlID":"1412","BusCityName":"서울"}]}]},{"GateNo":"2","GateLink": ["성사중학교","서울성산유원우편취급국","서숭중동초등학교","성산2동주민센터","서울성원초등학교"],"BUSSTOP": [{"StopName":"성산자동차학원","StopID":"195074","Bus": [{"BusNo":"7737","Type":"12","BlID":"1412","BusCityName":"서울"}]},{"StopName":"성산자동차학원","StopID":"195075","Bus": [{"BusNo":"7737","Type":"12","BlID":"1412","BusCityName":"서울"}]}]},{"GateNo":"3","GateLink": ["모래내시장","시립서대문농아인복지관","북가좌동방면","모래내우체국","남가좌2동우편취급국","남가좌1동주민센터","서대문종합사회복지관"],"BUSSTOP": [{"StopName":"모래내삼거리","StopID":"102771","Bus": [{"BusNo":"760","Type":"11","BlID":"1149","BusCityName":"서울"},{"BusNo":"721","Type":"11","BlID":"1259","BusCityName":"서울"},{"BusNo":"751","Type":"11","BlID":"1275","BusCityName":"서울"},{"BusNo":"7611","Type":"12","BlID":"1278","BusCityName":"서울"},{"BusNo":"7613","Type":"12","BlID":"1280","BusCityName":"서울"},{"BusNo":"7726","Type":"12","BlID":"1298","BusCityName":"서울"}]},{"StopName":"모래내시장.가좌역","StopID":"102818","Bus": [{"BusNo":"72","Type":"1","BlID":"5506","BusCityName":"고양"},{"BusNo":"770","Type":"2","BlID":"5508","BusCityName":"고양"},{"BusNo":"800","Type":"2","BlID":"5539","BusCityName":"고양"},{"BusNo":"6005","Type":"5","BlID":"1775","BusCityName":"서울"},{"BusNo":"270","Type":"11","BlID":"988","BusCityName":"서울"},{"BusNo":"470","Type":"11","BlID":"1071","BusCityName":"서울"},{"BusNo":"740","Type":"11","BlID":"1273","BusCityName":"서울"},{"BusNo":"750B","Type":"11","BlID":"1274","BusCityName":"서울"},{"BusNo":"753","Type":"11","BlID":"1277","BusCityName":"서울"},{"BusNo":"700","Type":"11","BlID":"1370","BusCityName":"서울"},{"BusNo":"707","Type":"11","BlID":"1372","BusCityName":"서울"},{"BusNo":"750A","Type":"11","BlID":"1718","BusCityName":"서울"},{"BusNo":"7713","Type":"12","BlID":"1285","BusCityName":"서울"},{"BusNo":"7727","Type":"12","BlID":"1299","BusCityName":"서울"},{"BusNo":"7728","Type":"12","BlID":"1300","BusCityName":"서울"}]},{"StopName":"모래내시장.가좌역","StopID":"102828","Bus": [{"BusNo":"760","Type":"11","BlID":"1149","BusCityName":"서울"},{"BusNo":"721","Type":"11","BlID":"1259","BusCityName":"서울"},{"BusNo":"751","Type":"11","BlID":"1275","BusCityName":"서울"},{"BusNo":"7611","Type":"12","BlID":"1278","BusCityName":"서울"},{"BusNo":"7613","Type":"12","BlID":"1280","BusCityName":"서울"}]}]},{"GateNo":"4","GateLink": ["남가좌1동주민센터","서대문종합사회복지관","사천교","연희동방면"],"BUSSTOP": [{"StopName":"모래내시장.가좌역","StopID":"102799","Bus": [{"BusNo":"72","Type":"1","BlID":"5506","BusCityName":"고양"},{"BusNo":"770","Type":"2","BlID":"5508","BusCityName":"고양"},{"BusNo":"800","Type":"2","BlID":"5539","BusCityName":"고양"},{"BusNo":"6005","Type":"5","BlID":"1775","BusCityName":"서울"},{"BusNo":"270","Type":"11","BlID":"988","BusCityName":"서울"},{"BusNo":"470","Type":"11","BlID":"1071","BusCityName":"서울"},{"BusNo":"760","Type":"11","BlID":"1149","BusCityName":"서울"},{"BusNo":"721","Type":"11","BlID":"1259","BusCityName":"서울"},{"BusNo":"740","Type":"11","BlID":"1273","BusCityName":"서울"},{"BusNo":"750B","Type":"11","BlID":"1274","BusCityName":"서울"},{"BusNo":"751","Type":"11","BlID":"1275","BusCityName":"서울"},{"BusNo":"753","Type":"11","BlID":"1277","BusCityName":"서울"},{"BusNo":"700","Type":"11","BlID":"1370","BusCityName":"서울"},{"BusNo":"707","Type":"11","BlID":"1372","BusCityName":"서울"},{"BusNo":"750A","Type":"11","BlID":"1718","BusCityName":"서울"},{"BusNo":"7611","Type":"12","BlID":"1278","BusCityName":"서울"},{"BusNo":"7613","Type":"12","BlID":"1280","BusCityName":"서울"},{"BusNo":"7713","Type":"12","BlID":"1285","BusCityName":"서울"},{"BusNo":"7726","Type":"12","BlID":"1298","BusCityName":"서울"},{"BusNo":"7727","Type":"12","BlID":"1299","BusCityName":"서울"},{"BusNo":"7728","Type":"12","BlID":"1300","BusCityName":"서울"}]},{"StopName":"모래내시장","StopID":"102869","Bus": [{"BusNo":"마포06","Type":"3","BlID":"1513","BusCityName":"서울"}]}]}]}}}