{"result": {"stationName":"디지털미디어시티","stationID":1613,"type":104,"laneName":"경의중앙선","laneCity":"수도권","x":126.9004901,"y":37.5775151,"exOBJ": {"station": [{"stationName":"디지털미디어시티","stationID":618,"type":6,"laneName":"수도권 6호선","laneCity":"수도권"},{"stationName":"디지털미디어시티","stationID":4004,"type":101,"laneName":"공항철도","laneCity":"수도권"}]},"prevOBJ": {"station": [{"stationName":"수색","stationID":1614,"type":104,"laneName":"경의중앙선","laneCity":"수도권","x":126.895697,"y":37.5808674}]},"nextOBJ": {"station": [{"stationName":"가좌","stationID":1612,"type":104,"laneName":"경의중앙선","laneCity":"수도권","x":126.914861,"y":37.5686196}]},"defaultInfo": {"address":"서울특별시 은평구 수색동 37-7","new_address":"서울특별시 은평구 수색로 193","tel":"1544-7788"},"useInfo": {"platform":3,"meetingPlace":0,"restroom":2,"offDoor":0,"crossOver":2,"publicPlace":0,"handicapCount":1,"parkingCount":1,"bicycleCount":1,"civilCount":0},"exitInfo": {"gate": [{"GateNo":"1","GateLink": ["증산동","빗물펌프장"]},{"GateNo":"2","GateLink": ["상암동","성산119안전센터","성산2동우체국","성산빗물펌프장","상암초등학교","디지털미디어시티"],"BUSSTOP": [{"StopName":"상암휴먼시아아파트","StopID":"102183","Bus": [{"BusNo":"마포15","Type":"3","BlID":"1546","BusCityName":"서울"},{"BusNo":"710","Type":"11","BlID":"895","BusCityName":"서울"},{"BusNo":"171","Type":"11","BlID":"907","BusCityName":"서울"},{"BusNo":"172","Type":"11","BlID":"909","BusCityName":"서울"},{"BusNo":"673","Type":"11","BlID":"1173","BusCityName":"서울"},{"BusNo":"771","Type":"11","BlID":"1377","BusCityName":"서울"},{"BusNo":"6715","Type":"12","BlID":"1230","BusCityName":"서울"},{"BusNo":"7013A","Type":"12","BlID":"1244","BusCityName":"서울"},{"BusNo":"7016","Type":"12","BlID":"1247","BusCityName":"서울"},{"BusNo":"7711","Type":"12","BlID":"1282","BusCityName":"서울"},{"BusNo":"7730","Type":"12","BlID":"1302","BusCityName":"서울"},{"BusNo":"7013B","Type":"12","BlID":"1812","BusCityName":"서울"},{"BusNo":"9711B","Type":"14","BlID":"544","BusCityName":"서울"},{"BusNo":"9711A","Type":"14","BlID":"1375","BusCityName":"서울"}]},{"StopName":"상암휴먼시아아파트","StopID":"102197","Bus": [{"BusNo":"마포15","Type":"3","BlID":"1546","BusCityName":"서울"},{"BusNo":"710","Type":"11","BlID":"895","BusCityName":"서울"},{"BusNo":"171","Type":"11","BlID":"907","BusCityName":"서울"},{"BusNo":"172","Type":"11","BlID":"909","BusCityName":"서울"},{"BusNo":"673","Type":"11","BlID":"1173","BusCityName":"서울"},{"BusNo":"771","Type":"11","BlID":"1377","BusCityName":"서울"},{"BusNo":"670","Type":"11","BlID":"1430","BusCityName":"서울"},{"BusNo":"6715","Type":"12","BlID":"1230","BusCityName":"서울"},{"BusNo":"7013A","Type":"12","BlID":"1244","BusCityName":"서울"},{"BusNo":"7016","Type":"12","BlID":"1247","BusCityName":"서울"},{"BusNo":"7711","Type":"12","BlID":"1282","BusCityName":"서울"},{"BusNo":"7730","Type":"12","BlID":"1302","BusCityName":"서울"},{"BusNo":"7013B","Type":"12","BlID":"1812","BusCityName":"서울"},{"BusNo":"9711B","Type":"14","BlID":"544","BusCityName":"서울"},{"BusNo":"9711A","Type":"14","BlID":"1375","BusCityName":"서울"}]},{"StopName":"상암동입구","StopID":"123926","Bus": [{"BusNo":"6012","Type":"5","BlID":"1789","BusCityName":"서울"}]},{"StopName":"월드컵경기장북측","StopID":"150812","Bus": [{"BusNo":"710","Type":"11","BlID":"895","BusCityName":"서울"},{"BusNo":"171","Type":"11","BlID":"907","BusCityName":"서울"},{"BusNo":"172","Type":"11","BlID":"909","BusCityName":"서울"},{"BusNo":"673","Type":"11","BlID":"1173","BusCityName":"서울"},{"BusNo":"7016","Type":"12","BlID":"1247","BusCityName":"서울"},{"BusNo":"7711","Type":"12","BlID":"1282","BusCityName":"서울"},{"BusNo":"7730","Type":"12","BlID":"1302","BusCityName":"서울"},{"BusNo":"9711B","Type":"14","BlID":"544","BusCityName":"서울"},{"BusNo":"9711A","Type":"14","BlID":"1375","BusCityName":"서울"}]},{"StopName":"디지털미디어시티역2번출구","StopID":"150813","Bus": [{"BusNo":"마포18","Type":"3","BlID":"594","BusCityName":"서울"},{"BusNo":"771","Type":"11","BlID":"1377","BusCityName":"서울"},{"BusNo":"670","Type":"11","BlID":"1430","BusCityName":"서울"},{"BusNo":"6715","Type":"12","BlID":"1230","BusCityName":"서울"},{"BusNo":"7013A","Type":"12","BlID":"1244","BusCityName":"서울"},{"BusNo":"7016","Type":"12","BlID":"1247","BusCityName":"서울"},{"BusNo":"7711","Type":"12","BlID":"1282","BusCityName":"서울"},{"BusNo":"7730","Type":"12","BlID":"1302","BusCityName":"서울"},{"BusNo":"7013B","Type":"12","BlID":"1812","BusCityName":"서울"}]},{"StopName":"월드컵경기장북측","StopID":"193761","Bus": [{"BusNo":"710","Type":"11","BlID":"895","BusCityName":"서울"},{"BusNo":"6715","Type":"12","BlID":"1230","BusCityName":"서울"}]},{"StopName":"월드컵경기장역","StopID":"196412","Bus": [{"BusNo":"마포15","Type":"3","BlID":"1546","BusCityName":"서울"}]}]},{"GateNo":"3","GateLink": ["성산2동방면(중동)","중암중학교","신북초등학교","한국우진학교","월드컵참누리아파트","중동청구아파트"],"BUSSTOP": [{"StopName":"디지털미디어시티역","StopID":"193802","Bus": [{"BusNo":"771","Type":"11","BlID":"1377","BusCityName":"서울"}]}]},{"GateNo":"4","GateLink": ["북가좌1동","증산교","북가좌초등학교","북가좌1치안센터"],"BUSSTOP": [{"StopName":"디지털미디어시티역","StopID":"102340","Bus": [{"BusNo":"7715","Type":"12","BlID":"1287","BusCityName":"서울"}]},{"StopName":"디지털미디어시티역","StopID":"102347","Bus": [{"BusNo":"72","Type":"1","BlID":"5506","BusCityName":"고양"},{"BusNo":"66","Type":"1","BlID":"5516","BusCityName":"고양"},{"BusNo":"770","Type":"2","BlID":"5508","BusCityName":"고양"},{"BusNo":"800","Type":"2","BlID":"5539","BusCityName":"고양"},{"BusNo":"075A","Type":"3","BlID":"5521","BusCityName":"고양"},{"BusNo":"075B","Type":"3","BlID":"5530","BusCityName":"고양"},{"BusNo":"1100","Type":"4","BlID":"5501","BusCityName":"고양"},{"BusNo":"1200","Type":"4","BlID":"5522","BusCityName":"고양"},{"BusNo":"1900","Type":"4","BlID":"5556","BusCityName":"고양"},{"BusNo":"2000","Type":"4","BlID":"12062","BusCityName":"파주"},{"BusNo":"6005","Type":"5","BlID":"1775","BusCityName":"서울"},{"BusNo":"270","Type":"11","BlID":"988","BusCityName":"서울"},{"BusNo":"470","Type":"11","BlID":"1071","BusCityName":"서울"},{"BusNo":"740","Type":"11","BlID":"1273","BusCityName":"서울"},{"BusNo":"750B","Type":"11","BlID":"1274","BusCityName":"서울"},{"BusNo":"700","Type":"11","BlID":"1370","BusCityName":"서울"},{"BusNo":"707","Type":"11","BlID":"1372","BusCityName":"서울"},{"BusNo":"750A","Type":"11","BlID":"1718","BusCityName":"서울"},{"BusNo":"7212","Type":"12","BlID":"518","BusCityName":"서울"},{"BusNo":"7739","Type":"12","BlID":"550","BusCityName":"서울"},{"BusNo":"7714","Type":"12","BlID":"551","BusCityName":"서울"},{"BusNo":"7021","Type":"12","BlID":"1254","BusCityName":"서울"},{"BusNo":"7025","Type":"12","BlID":"1265","BusCityName":"서울"},{"BusNo":"7611","Type":"12","BlID":"1278","BusCityName":"서울"},{"BusNo":"7726","Type":"12","BlID":"1298","BusCityName":"서울"},{"BusNo":"7727","Type":"12","BlID":"1299","BusCityName":"서울"},{"BusNo":"7728","Type":"12","BlID":"1300","BusCityName":"서울"},{"BusNo":"7738","Type":"12","BlID":"1489","BusCityName":"서울"},{"BusNo":"9714","Type":"14","BlID":"1744","BusCityName":"서울"}]}]},{"GateNo":"5","GateLink": ["증산동","증산시장","한국전력공사 수색변전소"],"BUSSTOP": [{"StopName":"디지털미디어시티역","StopID":"102334","Bus": [{"BusNo":"7212","Type":"12","BlID":"518","BusCityName":"서울"},{"BusNo":"7714","Type":"12","BlID":"551","BusCityName":"서울"},{"BusNo":"7021","Type":"12","BlID":"1254","BusCityName":"서울"},{"BusNo":"7611","Type":"12","BlID":"1278","BusCityName":"서울"},{"BusNo":"7715","Type":"12","BlID":"1287","BusCityName":"서울"}]},{"StopName":"디지털미디어시티역","StopID":"102345","Bus": [{"BusNo":"72","Type":"1","BlID":"5506","BusCityName":"고양"},{"BusNo":"66","Type":"1","BlID":"5516","BusCityName":"고양"},{"BusNo":"770","Type":"2","BlID":"5508","BusCityName":"고양"},{"BusNo":"800","Type":"2","BlID":"5539","BusCityName":"고양"},{"BusNo":"075A","Type":"3","BlID":"5521","BusCityName":"고양"},{"BusNo":"075B","Type":"3","BlID":"5530","BusCityName":"고양"},{"BusNo":"1100","Type":"4","BlID":"5501","BusCityName":"고양"},{"BusNo":"1200","Type":"4","BlID":"5522","BusCityName":"고양"},{"BusNo":"1900","Type":"4","BlID":"5556","BusCityName":"고양"},{"BusNo":"2000","Type":"4","BlID":"12062","BusCityName":"파주"},{"BusNo":"6005","Type":"5","BlID":"1775","BusCityName":"서울"},{"BusNo":"270","Type":"11","BlID":"988","BusCityName":"서울"},{"BusNo":"470","Type":"11","BlID":"1071","BusCityName":"서울"},{"BusNo":"740","Type":"11","BlID":"1273","BusCityName":"서울"},{"BusNo":"750B","Type":"11","BlID":"1274","BusCityName":"서울"},{"BusNo":"700","Type":"11","BlID":"1370","BusCityName":"서울"},{"BusNo":"707","Type":"11","BlID":"1372","BusCityName":"서울"},{"BusNo":"750A","Type":"11","BlID":"1718","BusCityName":"서울"},{"BusNo":"7739","Type":"12","BlID":"550","BusCityName":"서울"},{"BusNo":"7025","Type":"12","BlID":"1265","BusCityName":"서울"},{"BusNo":"7726","Type":"12","BlID":"1298","BusCityName":"서울"},{"BusNo":"7727","Type":"12","BlID":"1299","BusCityName":"서울"},{"BusNo":"7728","Type":"12","BlID":"1300","BusCityName":"서울"},{"BusNo":"7738","Type":"12","BlID":"1489","BusCityName":"서울"},{"BusNo":"9714","Type":"14","BlID":"1744","BusCityName":"서울"}]}]},{"GateNo":"6","GateLink": ["증산동","증산중학교","증산초등학교","북가좌1동 주민센터","빗물펌프장","북가좌초등학교","한국전력공사 수색변전소"]},{"GateNo":"7","GateLink": ["월드컵경기장 방면"]},{"GateNo":"8","GateLink": ["중소기업글로벌지원센터"],"BUSSTOP": [{"StopName":"상암휴먼시아아파트","StopID":"102183","Bus": [{"BusNo":"마포15","Type":"3","BlID":"1546","BusCityName":"서울"},{"BusNo":"710","Type":"11","BlID":"895","BusCityName":"서울"},{"BusNo":"171","Type":"11","BlID":"907","BusCityName":"서울"},{"BusNo":"172","Type":"11","BlID":"909","BusCityName":"서울"},{"BusNo":"673","Type":"11","BlID":"1173","BusCityName":"서울"},{"BusNo":"771","Type":"11","BlID":"1377","BusCityName":"서울"},{"BusNo":"6715","Type":"12","BlID":"1230","BusCityName":"서울"},{"BusNo":"7013A","Type":"12","BlID":"1244","BusCityName":"서울"},{"BusNo":"7016","Type":"12","BlID":"1247","BusCityName":"서울"},{"BusNo":"7711","Type":"12","BlID":"1282","BusCityName":"서울"},{"BusNo":"7730","Type":"12","BlID":"1302","BusCityName":"서울"},{"BusNo":"7013B","Type":"12","BlID":"1812","BusCityName":"서울"},{"BusNo":"9711B","Type":"14","BlID":"544","BusCityName":"서울"},{"BusNo":"9711A","Type":"14","BlID":"1375","BusCityName":"서울"}]},{"StopName":"상암휴먼시아아파트","StopID":"102197","Bus": [{"BusNo":"마포15","Type":"3","BlID":"1546","BusCityName":"서울"},{"BusNo":"710","Type":"11","BlID":"895","BusCityName":"서울"},{"BusNo":"171","Type":"11","BlID":"907","BusCityName":"서울"},{"BusNo":"172","Type":"11","BlID":"909","BusCityName":"서울"},{"BusNo":"673","Type":"11","BlID":"1173","BusCityName":"서울"},{"BusNo":"771","Type":"11","BlID":"1377","BusCityName":"서울"},{"BusNo":"670","Type":"11","BlID":"1430","BusCityName":"서울"},{"BusNo":"6715","Type":"12","BlID":"1230","BusCityName":"서울"},{"BusNo":"7013A","Type":"12","BlID":"1244","BusCityName":"서울"},{"BusNo":"7016","Type":"12","BlID":"1247","BusCityName":"서울"},{"BusNo":"7711","Type":"12","BlID":"1282","BusCityName":"서울"},{"BusNo":"7730","Type":"12","BlID":"1302","BusCityName":"서울"},{"BusNo":"7013B","Type":"12","BlID":"1812","BusCityName":"서울"},{"BusNo":"9711B","Type":"14","BlID":"544","BusCityName":"서울"},{"BusNo":"9711A","Type":"14","BlID":"1375","BusCityName":"서울"}]},{"StopName":"상암동입구","StopID":"123885","Bus": [{"BusNo":"6012","Type":"5","BlID":"1789","BusCityName":"서울"}]},{"StopName":"상암동입구","StopID":"123926","Bus": [{"BusNo":"6012","Type":"5","BlID":"1789","BusCityName":"서울"}]}]},{"GateNo":"9","GateLink": ["디지털미디어시티"]}]}}}