{"result": {"stationName":"수색","stationID":1614,"type":104,"laneName":"경의중앙선","laneCity":"수도권","x":126.895697,"y":37.5808674,"prevOBJ": {"station": [{"stationName":"화전","stationID":1615,"type":104,"laneName":"경의중앙선","laneCity":"수도권","x":126.8679595,"y":37.6032838}]},"nextOBJ": {"station": [{"stationName":"디지털미디어시티","stationID":1613,"type":104,"laneName":"경의중앙선","laneCity":"수도권","x":126.9004901,"y":37.5775151}]},"defaultInfo": {"address":"서울특별시 은평구 수색동 81","new_address":"서울특별시 은평구 수색로 261-1","tel":"1544-7788"},"useInfo": {"platform":3,"meetingPlace":0,"restroom":2,"offDoor":0,"crossOver":2,"publicPlace":0,"handicapCount":1,"parkingCount":1,"bicycleCount":1,"civilCount":0},"exitInfo": {"gate": [{"GateNo":"1","GateLink": ["수색동","수색우체국","수색동주민센터","수색초등학교","수색초등학교 병설유치원","은평종합사회복지관","수색119안전센터","수색치안센터","한국전력공사 수색변전소","증산중학교","증산초등학교"],"BUSSTOP": [{"StopName":"수색소방파출소","StopID":"102111","Bus": [{"BusNo":"7017","Type":"12","BlID":"1248","BusCityName":"서울"}]},{"StopName":"수색역앞","StopID":"102133","Bus": [{"BusNo":"72","Type":"1","BlID":"5506","BusCityName":"고양"},{"BusNo":"66","Type":"1","BlID":"5516","BusCityName":"고양"},{"BusNo":"770","Type":"2","BlID":"5508","BusCityName":"고양"},{"BusNo":"800","Type":"2","BlID":"5539","BusCityName":"고양"},{"BusNo":"075A","Type":"3","BlID":"5521","BusCityName":"고양"},{"BusNo":"075B","Type":"3","BlID":"5530","BusCityName":"고양"},{"BusNo":"6005","Type":"5","BlID":"1775","BusCityName":"서울"},{"BusNo":"270","Type":"11","BlID":"988","BusCityName":"서울"},{"BusNo":"470","Type":"11","BlID":"1071","BusCityName":"서울"},{"BusNo":"740","Type":"11","BlID":"1273","BusCityName":"서울"},{"BusNo":"750B","Type":"11","BlID":"1274","BusCityName":"서울"},{"BusNo":"700","Type":"11","BlID":"1370","BusCityName":"서울"},{"BusNo":"707","Type":"11","BlID":"1372","BusCityName":"서울"},{"BusNo":"750A","Type":"11","BlID":"1718","BusCityName":"서울"},{"BusNo":"7212","Type":"12","BlID":"518","BusCityName":"서울"},{"BusNo":"7739","Type":"12","BlID":"550","BusCityName":"서울"},{"BusNo":"7714","Type":"12","BlID":"551","BusCityName":"서울"},{"BusNo":"7021","Type":"12","BlID":"1254","BusCityName":"서울"},{"BusNo":"7025","Type":"12","BlID":"1265","BusCityName":"서울"},{"BusNo":"7611","Type":"12","BlID":"1278","BusCityName":"서울"},{"BusNo":"7726","Type":"12","BlID":"1298","BusCityName":"서울"},{"BusNo":"7727","Type":"12","BlID":"1299","BusCityName":"서울"},{"BusNo":"7728","Type":"12","BlID":"1300","BusCityName":"서울"},{"BusNo":"7738","Type":"12","BlID":"1489","BusCityName":"서울"}]},{"StopName":"수색역앞","StopID":"102140","Bus": [{"BusNo":"72","Type":"1","BlID":"5506","BusCityName":"고양"},{"BusNo":"66","Type":"1","BlID":"5516","BusCityName":"고양"},{"BusNo":"770","Type":"2","BlID":"5508","BusCityName":"고양"},{"BusNo":"800","Type":"2","BlID":"5539","BusCityName":"고양"},{"BusNo":"075A","Type":"3","BlID":"5521","BusCityName":"고양"},{"BusNo":"075B","Type":"3","BlID":"5530","BusCityName":"고양"},{"BusNo":"6005","Type":"5","BlID":"1775","BusCityName":"서울"},{"BusNo":"270","Type":"11","BlID":"988","BusCityName":"서울"},{"BusNo":"470","Type":"11","BlID":"1071","BusCityName":"서울"},{"BusNo":"740","Type":"11","BlID":"1273","BusCityName":"서울"},{"BusNo":"750B","Type":"11","BlID":"1274","BusCityName":"서울"},{"BusNo":"700","Type":"11","BlID":"1370","BusCityName":"서울"},{"BusNo":"707","Type":"11","BlID":"1372","BusCityName":"서울"},{"BusNo":"750A","Type":"11","BlID":"1718","BusCityName":"서울"},{"BusNo":"7212","Type":"12","BlID":"518","BusCityName":"서울"},{"BusNo":"7739","Type":"12","BlID":"550","BusCityName":"서울"},{"BusNo":"7714","Type":"12","BlID":"551","BusCityName":"서울"},{"BusNo":"7017","Type":"12","BlID":"1248","BusCityName":"서울"},{"BusNo":"7021","Type":"12","BlID":"1254","BusCityName":"서울"},{"BusNo":"7025","Type":"12","BlID":"1265","BusCityName":"서울"},{"BusNo":"7611","Type":"12","BlID":"1278","BusCityName":"서울"},{"BusNo":"7726","Type":"12","BlID":"1298","BusCityName":"서울"},{"BusNo":"7727","Type":"12","BlID":"1299","BusCityName":"서울"},{"BusNo":"7728","Type":"12","BlID":"1300","BusCityName":"서울"},{"BusNo":"7738","Type":"12","BlID":"1489","BusCityName":"서울"}]},{"StopName":"수색역","StopID":"111532","Bus": [{"BusNo":"7715","Type":"12","BlID":"1287","BusCityName":"서울"}]},{"StopName":"수색역","StopID":"111564","Bus": [{"BusNo":"7212","Type":"12","BlID":"518","BusCityName":"서울"},{"BusNo":"7715","Type":"12","BlID":"1287","BusCityName":"서울"}]}]}]}}}