{"result": {"stationName":"화전","stationID":1615,"type":104,"laneName":"경의중앙선","laneCity":"수도권","x":126.8679595,"y":37.6032838,"prevOBJ": {"station": [{"stationName":"강매","stationID":1635,"type":104,"laneName":"경의중앙선","laneCity":"수도권","x":126.844479,"y":37.6123191}]},"nextOBJ": {"station": [{"stationName":"수색","stationID":1614,"type":104,"laneName":"경의중앙선","laneCity":"수도권","x":126.895697,"y":37.5808674}]},"defaultInfo": {"address":"경기도 고양시 덕양구 화전동 183-10","new_address":"경기도 고양시 덕양구 화랑로 53","tel":"1544-7788"},"useInfo": {"platform":3,"meetingPlace":0,"restroom":2,"offDoor":0,"crossOver":2,"publicPlace":0,"handicapCount":1,"parkingCount":1,"bicycleCount":1,"civilCount":0},"exitInfo": {"gate": [{"GateNo":"1","GateLink": ["화전동주민센터","덕양중학교","화전동우체국","화전파출소","덕은초등학교"],"BUSSTOP": [{"StopName":"항공대학교","StopID":"101621","Bus": [{"BusNo":"72","Type":"1","BlID":"5506","BusCityName":"고양"},{"BusNo":"022(난점.행신초등학교)","Type":"3","BlID":"5513","BusCityName":"고양"},{"BusNo":"075A","Type":"3","BlID":"5521","BusCityName":"고양"},{"BusNo":"042","Type":"3","BlID":"5635","BusCityName":"고양"},{"BusNo":"707","Type":"11","BlID":"1372","BusCityName":"서울"},{"BusNo":"7727","Type":"12","BlID":"1299","BusCityName":"서울"},{"BusNo":"7728","Type":"12","BlID":"1300","BusCityName":"서울"}]},{"StopName":"화전사거리","StopID":"112104","Bus": [{"BusNo":"075A","Type":"3","BlID":"5521","BusCityName":"고양"},{"BusNo":"075B","Type":"3","BlID":"5530","BusCityName":"고양"},{"BusNo":"042","Type":"3","BlID":"5635","BusCityName":"고양"}]},{"StopName":"화전사거리","StopID":"112105","Bus": [{"BusNo":"075A","Type":"3","BlID":"5521","BusCityName":"고양"},{"BusNo":"075B","Type":"3","BlID":"5530","BusCityName":"고양"},{"BusNo":"042","Type":"3","BlID":"5635","BusCityName":"고양"}]},{"StopName":"화전역앞(중)","StopID":"126695","Bus": [{"BusNo":"72","Type":"1","BlID":"5506","BusCityName":"고양"},{"BusNo":"66","Type":"1","BlID":"5516","BusCityName":"고양"},{"BusNo":"770","Type":"2","BlID":"5508","BusCityName":"고양"},{"BusNo":"800","Type":"2","BlID":"5539","BusCityName":"고양"},{"BusNo":"022(난점.행신초등학교)","Type":"3","BlID":"5513","BusCityName":"고양"},{"BusNo":"700","Type":"11","BlID":"1370","BusCityName":"서울"},{"BusNo":"707","Type":"11","BlID":"1372","BusCityName":"서울"},{"BusNo":"771","Type":"11","BlID":"1377","BusCityName":"서울"},{"BusNo":"7727","Type":"12","BlID":"1299","BusCityName":"서울"},{"BusNo":"7728","Type":"12","BlID":"1300","BusCityName":"서울"},{"BusNo":"7733","Type":"12","BlID":"1304","BusCityName":"서울"}]},{"StopName":"화전역앞(중)","StopID":"126697","Bus": [{"BusNo":"72","Type":"1","BlID":"5506","BusCityName":"고양"},{"BusNo":"66","Type":"1","BlID":"5516","BusCityName":"고양"},{"BusNo":"770","Type":"2","BlID":"5508","BusCityName":"고양"},{"BusNo":"800","Type":"2","BlID":"5539","BusCityName":"고양"},{"BusNo":"022(난점.행신초등학교)","Type":"3","BlID":"5513","BusCityName":"고양"},{"BusNo":"700","Type":"11","BlID":"1370","BusCityName":"서울"},{"BusNo":"707","Type":"11","BlID":"1372","BusCityName":"서울"},{"BusNo":"771","Type":"11","BlID":"1377","BusCityName":"서울"},{"BusNo":"7727","Type":"12","BlID":"1299","BusCityName":"서울"},{"BusNo":"7728","Type":"12","BlID":"1300","BusCityName":"서울"},{"BusNo":"7733","Type":"12","BlID":"1304","BusCityName":"서울"}]}]},{"GateNo":"2","GateLink": ["한국항공대학교","항공우주박물관"]}]}}}