{"result": {"stationName":"행신","stationID":1616,"type":104,"laneName":"경의중앙선","laneCity":"수도권","x":126.8340842,"y":37.6121358,"prevOBJ": {"station": [{"stationName":"능곡","stationID":1617,"type":104,"laneName":"경의중앙선","laneCity":"수도권","x":126.8208639,"y":37.6187533}]},"nextOBJ": {"station": [{"stationName":"강매","stationID":1635,"type":104,"laneName":"경의중앙선","laneCity":"수도권","x":126.844479,"y":37.6123191}]},"defaultInfo": {"address":"경기도 고양시 덕양구 행신동 812","new_address":"경기도 고양시 덕양구 소원로 114","tel":"1544-7788"},"useInfo": {"platform":3,"meetingPlace":0,"restroom":2,"offDoor":2,"crossOver":2,"publicPlace":0,"handicapCount":1,"parkingCount":1,"bicycleCount":1,"civilCount":0},"exitInfo": {"gate": [{"GateNo":"1","GateLink": ["행신중학교","행신파출소"],"BUSSTOP": [{"StopName":"행신역","StopID":"164628","Bus": [{"BusNo":"11","Type":"1","BlID":"5529","BusCityName":"고양"},{"BusNo":"97","Type":"1","BlID":"5562","BusCityName":"고양"},{"BusNo":"850","Type":"1","BlID":"12055","BusCityName":"파주"},{"BusNo":"024","Type":"3","BlID":"5517","BusCityName":"고양"},{"BusNo":"023","Type":"3","BlID":"5618","BusCityName":"고양"},{"BusNo":"021(화정역)","Type":"3","BlID":"5619","BusCityName":"고양"},{"BusNo":"060","Type":"3","BlID":"5621","BusCityName":"고양"},{"BusNo":"035","Type":"3","BlID":"5630","BusCityName":"고양"},{"BusNo":"032","Type":"3","BlID":"5631","BusCityName":"고양"},{"BusNo":"030","Type":"3","BlID":"5636","BusCityName":"고양"},{"BusNo":"065","Type":"3","BlID":"5639","BusCityName":"고양"}]}]},{"GateNo":"2","GateLink": ["행신2동주민센터","치안센터"]}]}}}