{"result": {"stationName":"능곡","stationID":1617,"type":104,"laneName":"경의중앙선","laneCity":"수도권","x":126.8208639,"y":37.6187533,"prevOBJ": {"station": [{"stationName":"대곡","stationID":1618,"type":104,"laneName":"경의중앙선","laneCity":"수도권","x":126.8095813,"y":37.6322996}]},"nextOBJ": {"station": [{"stationName":"행신","stationID":1616,"type":104,"laneName":"경의중앙선","laneCity":"수도권","x":126.8340842,"y":37.6121358}]},"defaultInfo": {"address":"경기도 고양시 덕양구 토당동 454-3","new_address":"경기도 고양시 덕양구 토당로 35","tel":"1544-7788"},"useInfo": {"platform":3,"meetingPlace":0,"restroom":2,"offDoor":0,"crossOver":2,"publicPlace":0,"handicapCount":1,"parkingCount":1,"bicycleCount":1,"civilCount":0},"exitInfo": {"gate": [{"GateNo":"1","GateLink": ["한라비발디아파트","능곡주민센터","성원상떼빌아파트","현대홈타운2차","능곡대림아파트","능곡현대아파트","백제1차아파트","능곡고등학교","능곡중학교","장미8차아파트","행주동주민센터","행신벽산아파트","토당초등학교"],"BUSSTOP": [{"StopName":"능곡역.능곡시장","StopID":"100732","Bus": [{"BusNo":"150","Type":"1","BlID":"12018","BusCityName":"파주"},{"BusNo":"870","Type":"2","BlID":"5520","BusCityName":"고양"},{"BusNo":"069","Type":"3","BlID":"5505","BusCityName":"고양"},{"BusNo":"011","Type":"3","BlID":"5609","BusCityName":"고양"},{"BusNo":"072","Type":"3","BlID":"5616","BusCityName":"고양"},{"BusNo":"060","Type":"3","BlID":"5621","BusCityName":"고양"},{"BusNo":"3200","Type":"5","BlID":"10804","BusCityName":"광주"},{"BusNo":"3700","Type":"5","BlID":"12008","BusCityName":"파주"},{"BusNo":"707","Type":"11","BlID":"1372","BusCityName":"서울"},{"BusNo":"7728","Type":"12","BlID":"1300","BusCityName":"서울"},{"BusNo":"9707","Type":"14","BlID":"1371","BusCityName":"서울"}]}]}]}}}