{"result": {"stationName":"대곡","stationID":1618,"type":104,"laneName":"경의중앙선","laneCity":"수도권","x":126.8095813,"y":37.6322996,"exOBJ": {"station": [{"stationName":"대곡","stationID":315,"type":3,"laneName":"수도권 3호선","laneCity":"수도권"}]},"prevOBJ": {"station": [{"stationName":"곡산","stationID":1619,"type":104,"laneName":"경의중앙선","laneCity":"수도권","x":126.8017157,"y":37.6459065}]},"nextOBJ": {"station": [{"stationName":"능곡","stationID":1617,"type":104,"laneName":"경의중앙선","laneCity":"수도권","x":126.8208639,"y":37.6187533}]},"defaultInfo": {"address":"경기도 고양시 덕양구 대장동 420-1","new_address":"경기도 고양시 덕양구 대주로 107번길 71-81","tel":"1544-7788"},"useInfo": {"platform":3,"meetingPlace":0,"restroom":3,"offDoor":0,"crossOver":2,"publicPlace":0,"handicapCount":1,"parkingCount":1,"bicycleCount":0,"civilCount":0},"exitInfo": {"gate": [{"GateNo":"1","GateLink": ["대림아파트","능곡초등학교","풍림아이원"]},{"GateNo":"2","GateLink": ["서울.화정방면버스정류장"],"BUSSTOP": [{"StopName":"대곡역(중)","StopID":"126671","Bus": [{"BusNo":"72","Type":"1","BlID":"5506","BusCityName":"고양"},{"BusNo":"66","Type":"1","BlID":"5516","BusCityName":"고양"},{"BusNo":"95","Type":"1","BlID":"5557","BusCityName":"고양"},{"BusNo":"97","Type":"1","BlID":"5562","BusCityName":"고양"},{"BusNo":"56","Type":"1","BlID":"12129","BusCityName":"파주"},{"BusNo":"770","Type":"2","BlID":"5508","BusCityName":"고양"},{"BusNo":"871","Type":"2","BlID":"5510","BusCityName":"고양"},{"BusNo":"108","Type":"2","BlID":"5536","BusCityName":"고양"},{"BusNo":"921","Type":"2","BlID":"5540","BusCityName":"고양"},{"BusNo":"9700","Type":"4","BlID":"10603","BusCityName":"광주"},{"BusNo":"2000","Type":"4","BlID":"12062","BusCityName":"파주"},{"BusNo":"700","Type":"11","BlID":"1370","BusCityName":"서울"},{"BusNo":"706","Type":"11","BlID":"1501","BusCityName":"서울"},{"BusNo":"7727","Type":"12","BlID":"1299","BusCityName":"서울"},{"BusNo":"9701","Type":"14","BlID":"1365","BusCityName":"서울"}]}]},{"GateNo":"3","GateLink": ["백석역방면"]},{"GateNo":"4","GateLink": ["일산방면버스정류장"],"BUSSTOP": [{"StopName":"대곡역(중)","StopID":"126673","Bus": [{"BusNo":"72","Type":"1","BlID":"5506","BusCityName":"고양"},{"BusNo":"66","Type":"1","BlID":"5516","BusCityName":"고양"},{"BusNo":"95","Type":"1","BlID":"5557","BusCityName":"고양"},{"BusNo":"97","Type":"1","BlID":"5562","BusCityName":"고양"},{"BusNo":"56","Type":"1","BlID":"12129","BusCityName":"파주"},{"BusNo":"770","Type":"2","BlID":"5508","BusCityName":"고양"},{"BusNo":"871","Type":"2","BlID":"5510","BusCityName":"고양"},{"BusNo":"108","Type":"2","BlID":"5536","BusCityName":"고양"},{"BusNo":"921","Type":"2","BlID":"5540","BusCityName":"고양"},{"BusNo":"9700","Type":"4","BlID":"10603","BusCityName":"광주"},{"BusNo":"2000","Type":"4","BlID":"12062","BusCityName":"파주"},{"BusNo":"700","Type":"11","BlID":"1370","BusCityName":"서울"},{"BusNo":"706","Type":"11","BlID":"1501","BusCityName":"서울"},{"BusNo":"7727","Type":"12","BlID":"1299","BusCityName":"서울"},{"BusNo":"9701","Type":"14","BlID":"1365","BusCityName":"서울"}]}]},{"GateNo":"5","GateLink": ["갈머리","대곡초등학교","수자원공사"]}]}}}