{"result": {"stationName":"곡산","stationID":1619,"type":104,"laneName":"경의중앙선","laneCity":"수도권","x":126.8017157,"y":37.6459065,"prevOBJ": {"station": [{"stationName":"백마","stationID":1620,"type":104,"laneName":"경의중앙선","laneCity":"수도권","x":126.7944212,"y":37.6583564}]},"nextOBJ": {"station": [{"stationName":"대곡","stationID":1618,"type":104,"laneName":"경의중앙선","laneCity":"수도권","x":126.8095813,"y":37.6322996}]},"defaultInfo": {"address":"경기도 고양시 일산동구 백석동 1185-1","new_address":"경기도 고양시 일산동구 경의로 160","tel":"1544-7788"},"useInfo": {"platform":3,"meetingPlace":0,"restroom":2,"offDoor":0,"crossOver":2,"publicPlace":0,"handicapCount":1,"parkingCount":1,"bicycleCount":1,"civilCount":0},"exitInfo": {"gate": [{"GateNo":"1","GateLink": ["일산열병합발전소","백석공원","국민건강보험관리일산병원","백선도서관"]},{"GateNo":"2","GateLink": ["능곡동보건진료소","갈머리","대곡초등학교","한국수자원공사"]}]}}}