{"result": {"stationName":"백마","stationID":1620,"type":104,"laneName":"경의중앙선","laneCity":"수도권","x":126.7944212,"y":37.6583564,"prevOBJ": {"station": [{"stationName":"풍산","stationID":1621,"type":104,"laneName":"경의중앙선","laneCity":"수도권","x":126.7863763,"y":37.6721856}]},"nextOBJ": {"station": [{"stationName":"곡산","stationID":1619,"type":104,"laneName":"경의중앙선","laneCity":"수도권","x":126.8017157,"y":37.6459065}]},"defaultInfo": {"address":"경기도 고양시 일산동구 백석동 92","new_address":"경기도 고양시 일산동구 경의로 318","tel":"1544-7788"},"useInfo": {"platform":3,"meetingPlace":0,"restroom":2,"offDoor":0,"crossOver":2,"publicPlace":0,"handicapCount":1,"parkingCount":1,"bicycleCount":1,"civilCount":0},"exitInfo": {"gate": [{"GateNo":"1","GateLink": ["백마마을","백송마을","숲속마을","은행마을","동국대학교병원","일산병원","설촌공원","백마교사거리","백마초등학교","마두1동주민센터","국립암센터"],"BUSSTOP": [{"StopName":"백마마을5단지","StopID":"180714","Bus": [{"BusNo":"550","Type":"1","BlID":"12053","BusCityName":"파주"},{"BusNo":"05","Type":"1","BlID":"12118","BusCityName":"파주"},{"BusNo":"871","Type":"2","BlID":"5510","BusCityName":"고양"},{"BusNo":"050","Type":"3","BlID":"5640","BusCityName":"고양"},{"BusNo":"017","Type":"3","BlID":"5648","BusCityName":"고양"}]},{"StopName":"백마마을5단지","StopID":"180715","Bus": [{"BusNo":"550","Type":"1","BlID":"12053","BusCityName":"파주"},{"BusNo":"05","Type":"1","BlID":"12118","BusCityName":"파주"},{"BusNo":"871","Type":"2","BlID":"5510","BusCityName":"고양"},{"BusNo":"050","Type":"3","BlID":"5640","BusCityName":"고양"}]},{"StopName":"백마역","StopID":"202446","Bus": [{"BusNo":"11","Type":"1","BlID":"5529","BusCityName":"고양"},{"BusNo":"017","Type":"3","BlID":"5648","BusCityName":"고양"},{"BusNo":"080","Type":"3","BlID":"5650","BusCityName":"고양"},{"BusNo":"081","Type":"3","BlID":"5651","BusCityName":"고양"},{"BusNo":"082","Type":"3","BlID":"5660","BusCityName":"고양"},{"BusNo":"039","Type":"3","BlID":"5664","BusCityName":"고양"}]},{"StopName":"백마역","StopID":"202447","Bus": [{"BusNo":"11","Type":"1","BlID":"5529","BusCityName":"고양"},{"BusNo":"080","Type":"3","BlID":"5650","BusCityName":"고양"},{"BusNo":"081","Type":"3","BlID":"5651","BusCityName":"고양"},{"BusNo":"082","Type":"3","BlID":"5660","BusCityName":"고양"},{"BusNo":"039","Type":"3","BlID":"5664","BusCityName":"고양"}]}]},{"GateNo":"2","GateLink": ["풍동","풍산중학교","단풍마을"]}]}}}