{"result": {"stationName":"풍산","stationID":1621,"type":104,"laneName":"경의중앙선","laneCity":"수도권","x":126.7863763,"y":37.6721856,"prevOBJ": {"station": [{"stationName":"일산","stationID":1622,"type":104,"laneName":"경의중앙선","laneCity":"수도권","x":126.7700613,"y":37.682009}]},"nextOBJ": {"station": [{"stationName":"백마","stationID":1620,"type":104,"laneName":"경의중앙선","laneCity":"수도권","x":126.7944212,"y":37.6583564}]},"defaultInfo": {"address":"경기도 고양시 일산동구 풍동 1042","new_address":"경기도 고양시 일산동구 경의로 486","tel":"1544-7788"},"useInfo": {"platform":3,"meetingPlace":0,"restroom":2,"offDoor":0,"crossOver":2,"publicPlace":0,"handicapCount":1,"parkingCount":1,"bicycleCount":1,"civilCount":0},"exitInfo": {"gate": [{"GateNo":"1","GateLink": ["건영빌라4-9단지","정발산동주민센터","풍동애니골입구사거리","냉천초등학교","국립암센터","일산경찰서"]},{"GateNo":"2","GateLink": ["하늘마을 주공3-4단지","풍동쌍용아파트","YMCA","애니골입구","동국대학교병원","이마트풍산점"]}]}}}