{"result": {"stationName":"일산","stationID":1622,"type":104,"laneName":"경의중앙선","laneCity":"수도권","x":126.7700613,"y":37.682009,"prevOBJ": {"station": [{"stationName":"탄현","stationID":1623,"type":104,"laneName":"경의중앙선","laneCity":"수도권","x":126.7611798,"y":37.6938905}]},"nextOBJ": {"station": [{"stationName":"풍산","stationID":1621,"type":104,"laneName":"경의중앙선","laneCity":"수도권","x":126.7863763,"y":37.6721856}]},"defaultInfo": {"address":"경기도 고양시 일산서구 일산동 655-691","new_address":"경기도 고양시 일산서구 경의로 672","tel":"1544-7788"},"useInfo": {"platform":3,"meetingPlace":0,"restroom":2,"offDoor":1,"crossOver":2,"publicPlace":0,"handicapCount":1,"parkingCount":1,"bicycleCount":1,"civilCount":0},"exitInfo": {"gate": [{"GateNo":"1","GateLink": ["후곡마을","일산3동주민센터","신일초등학교","신촌초등학교","신일정보산업고등학교","문화공원"],"BUSSTOP": [{"StopName":"일산역","StopID":"112613","Bus": [{"BusNo":"11","Type":"1","BlID":"5529","BusCityName":"고양"},{"BusNo":"066","Type":"3","BlID":"5677","BusCityName":"고양"}]},{"StopName":"일산역","StopID":"112663","Bus": [{"BusNo":"11","Type":"1","BlID":"5529","BusCityName":"고양"},{"BusNo":"066","Type":"3","BlID":"5677","BusCityName":"고양"}]}]},{"GateNo":"2","GateLink": ["일산시장","일산1동주민센터","일산2동주민센터","일산2동우체국","일산초등학교","일산중학교","일산고등학교","일산사회복지관","천주교일산성당"],"BUSSTOP": [{"StopName":"일산시장","StopID":"100306","Bus": [{"BusNo":"830","Type":"2","BlID":"5519","BusCityName":"고양"},{"BusNo":"071","Type":"3","BlID":"5661","BusCityName":"고양"},{"BusNo":"056(서촌)","Type":"3","BlID":"5674","BusCityName":"고양"},{"BusNo":"066","Type":"3","BlID":"5677","BusCityName":"고양"},{"BusNo":"056(도촌)","Type":"3","BlID":"5679","BusCityName":"고양"},{"BusNo":"056(멱절)","Type":"3","BlID":"5681","BusCityName":"고양"},{"BusNo":"771","Type":"11","BlID":"1377","BusCityName":"서울"},{"BusNo":"7727","Type":"12","BlID":"1299","BusCityName":"서울"},{"BusNo":"5000","Type":"22","BlID":"12040","BusCityName":"파주"}]},{"StopName":"일산시장","StopID":"100311","Bus": [{"BusNo":"830","Type":"2","BlID":"5519","BusCityName":"고양"},{"BusNo":"071","Type":"3","BlID":"5661","BusCityName":"고양"},{"BusNo":"056(서촌)","Type":"3","BlID":"5674","BusCityName":"고양"},{"BusNo":"066","Type":"3","BlID":"5677","BusCityName":"고양"},{"BusNo":"056(도촌)","Type":"3","BlID":"5679","BusCityName":"고양"},{"BusNo":"056(멱절)","Type":"3","BlID":"5681","BusCityName":"고양"},{"BusNo":"7727","Type":"12","BlID":"1299","BusCityName":"서울"},{"BusNo":"5000","Type":"22","BlID":"12040","BusCityName":"파주"}]}]}]}}}