{"result": {"stationName":"탄현","stationID":1623,"type":104,"laneName":"경의중앙선","laneCity":"수도권","x":126.7611798,"y":37.6938905,"prevOBJ": {"station": [{"stationName":"야당","stationID":1636,"type":104,"laneName":"경의중앙선","laneCity":"수도권","x":126.7614006,"y":37.7126697}]},"nextOBJ": {"station": [{"stationName":"일산","stationID":1622,"type":104,"laneName":"경의중앙선","laneCity":"수도권","x":126.7700613,"y":37.682009}]},"defaultInfo": {"address":"경기도 고양시 일산서구 덕이동 238번지","new_address":"경기도 고양시 일산서구 경의로 856","tel":"1544-7788"},"useInfo": {"platform":3,"meetingPlace":0,"restroom":2,"offDoor":0,"crossOver":2,"publicPlace":0,"handicapCount":1,"parkingCount":1,"bicycleCount":1,"civilCount":0},"exitInfo": {"gate": [{"GateNo":"1","GateLink": ["태극단사거리","태극단공원","덕이동아울렛","덕이지구","송산동주민센터","일산가구단지","중고차매매단지"],"BUSSTOP": [{"StopName":"철산아파트.탄현역앞","StopID":"100212","Bus": [{"BusNo":"900","Type":"1","BlID":"12015","BusCityName":"파주"},{"BusNo":"567","Type":"1","BlID":"12017","BusCityName":"파주"},{"BusNo":"600","Type":"1","BlID":"12054","BusCityName":"파주"},{"BusNo":"80","Type":"1","BlID":"12117","BusCityName":"파주"},{"BusNo":"56","Type":"1","BlID":"12129","BusCityName":"파주"},{"BusNo":"1500","Type":"4","BlID":"5511","BusCityName":"고양"},{"BusNo":"706","Type":"11","BlID":"1501","BusCityName":"서울"},{"BusNo":"7728","Type":"12","BlID":"1300","BusCityName":"서울"},{"BusNo":"9711A","Type":"14","BlID":"1375","BusCityName":"서울"}]},{"StopName":"철산아파트.탄현역앞","StopID":"100217","Bus": [{"BusNo":"900","Type":"1","BlID":"12015","BusCityName":"파주"},{"BusNo":"567","Type":"1","BlID":"12017","BusCityName":"파주"},{"BusNo":"600","Type":"1","BlID":"12054","BusCityName":"파주"},{"BusNo":"80","Type":"1","BlID":"12117","BusCityName":"파주"},{"BusNo":"56","Type":"1","BlID":"12129","BusCityName":"파주"},{"BusNo":"1500","Type":"4","BlID":"5511","BusCityName":"고양"},{"BusNo":"706","Type":"11","BlID":"1501","BusCityName":"서울"},{"BusNo":"7728","Type":"12","BlID":"1300","BusCityName":"서울"},{"BusNo":"9711A","Type":"14","BlID":"1375","BusCityName":"서울"}]}]},{"GateNo":"2","GateLink": ["탄현마을1-16단지","탄현큰마을","SBS일산제작센터","일산동중학교","상탄초등학교","탄현동주민센터","탄현동우체국","숯고개공원","일산고등학교"]}]}}}