{"result": {"stationName":"운정","stationID":1624,"type":104,"laneName":"경의중앙선","laneCity":"수도권","x":126.767098,"y":37.7254515,"prevOBJ": {"station": [{"stationName":"금릉","stationID":1625,"type":104,"laneName":"경의중앙선","laneCity":"수도권","x":126.7654214,"y":37.7513017}]},"nextOBJ": {"station": [{"stationName":"야당","stationID":1636,"type":104,"laneName":"경의중앙선","laneCity":"수도권","x":126.7614006,"y":37.7126697}]},"defaultInfo": {"address":"경기도 파주시 교하읍 야당리 295번지","new_address":"경기도 파주시 운정역길 368","tel":"1544-7788"},"useInfo": {"platform":3,"meetingPlace":0,"restroom":2,"offDoor":0,"crossOver":2,"publicPlace":0,"handicapCount":1,"parkingCount":1,"bicycleCount":1,"civilCount":0},"exitInfo": {"gate": [{"GateNo":"1","GateLink": ["지산초등학교","지산중학교","운정사거리"]},{"GateNo":"2","GateLink": ["파주연천축협","보건진료소"],"BUSSTOP": [{"StopName":"운정역","StopID":"116374","Bus": [{"BusNo":"3","Type":"1","BlID":"12066","BusCityName":"파주"},{"BusNo":"52","Type":"1","BlID":"12128","BusCityName":"파주"},{"BusNo":"088","Type":"3","BlID":"12207","BusCityName":"파주"}]},{"StopName":"운정역","StopID":"154945","Bus": [{"BusNo":"3","Type":"1","BlID":"12066","BusCityName":"파주"},{"BusNo":"52","Type":"1","BlID":"12128","BusCityName":"파주"},{"BusNo":"088","Type":"3","BlID":"12207","BusCityName":"파주"}]}]}]}}}