{"result": {"stationName":"금릉","stationID":1625,"type":104,"laneName":"경의중앙선","laneCity":"수도권","x":126.7654214,"y":37.7513017,"prevOBJ": {"station": [{"stationName":"금촌","stationID":1626,"type":104,"laneName":"경의중앙선","laneCity":"수도권","x":126.7745389,"y":37.766119}]},"nextOBJ": {"station": [{"stationName":"운정","stationID":1624,"type":104,"laneName":"경의중앙선","laneCity":"수도권","x":126.767098,"y":37.7254515}]},"defaultInfo": {"address":"경기도 파주시 금촌동 605-1","new_address":"경기도 파주시 금릉역로 85","tel":"1544-7788"},"useInfo": {"platform":3,"meetingPlace":0,"restroom":2,"offDoor":0,"crossOver":2,"publicPlace":0,"handicapCount":1,"parkingCount":1,"bicycleCount":1,"civilCount":0},"exitInfo": {"gate": [{"GateNo":"1","GateLink": ["금촌2동주민센터","중앙광장","로데오거리","파주시중앙도서관","파주시노인복지회관","파주우체국"],"BUSSTOP": [{"StopName":"금화초등학교","StopID":"120674","Bus": [{"BusNo":"99","Type":"1","BlID":"12001","BusCityName":"파주"},{"BusNo":"90","Type":"1","BlID":"12014","BusCityName":"파주"},{"BusNo":"900","Type":"1","BlID":"12015","BusCityName":"파주"},{"BusNo":"17","Type":"1","BlID":"12047","BusCityName":"파주"},{"BusNo":"38","Type":"1","BlID":"12052","BusCityName":"파주"},{"BusNo":"600","Type":"1","BlID":"12054","BusCityName":"파주"},{"BusNo":"11-2","Type":"1","BlID":"12058","BusCityName":"파주"},{"BusNo":"10","Type":"1","BlID":"12131","BusCityName":"파주"},{"BusNo":"030B","Type":"3","BlID":"12105","BusCityName":"파주"},{"BusNo":"030탄현B","Type":"3","BlID":"12106","BusCityName":"파주"},{"BusNo":"030금승B","Type":"3","BlID":"12107","BusCityName":"파주"},{"BusNo":"034(축현리)","Type":"3","BlID":"12172","BusCityName":"파주"},{"BusNo":"034(내포리)","Type":"3","BlID":"12202","BusCityName":"파주"},{"BusNo":"034","Type":"3","BlID":"12206","BusCityName":"파주"},{"BusNo":"3000","Type":"22","BlID":"12041","BusCityName":"파주"}]},{"StopName":"금화초교.3단지","StopID":"120680","Bus": [{"BusNo":"99","Type":"1","BlID":"12001","BusCityName":"파주"},{"BusNo":"90","Type":"1","BlID":"12014","BusCityName":"파주"},{"BusNo":"900","Type":"1","BlID":"12015","BusCityName":"파주"},{"BusNo":"17","Type":"1","BlID":"12047","BusCityName":"파주"},{"BusNo":"38","Type":"1","BlID":"12052","BusCityName":"파주"},{"BusNo":"600","Type":"1","BlID":"12054","BusCityName":"파주"},{"BusNo":"10","Type":"1","BlID":"12131","BusCityName":"파주"},{"BusNo":"030A","Type":"3","BlID":"12080","BusCityName":"파주"},{"BusNo":"030금승A","Type":"3","BlID":"12082","BusCityName":"파주"},{"BusNo":"067","Type":"3","BlID":"12088","BusCityName":"파주"},{"BusNo":"030탄현A","Type":"3","BlID":"12171","BusCityName":"파주"},{"BusNo":"3000","Type":"22","BlID":"12041","BusCityName":"파주"}]},{"StopName":"주공뜨란채4단지","StopID":"126425","Bus": [{"BusNo":"011","Type":"3","BlID":"12161","BusCityName":"파주"},{"BusNo":"073","Type":"3","BlID":"12163","BusCityName":"파주"}]},{"StopName":"주공뜨란채4단지","StopID":"164596","Bus": [{"BusNo":"073","Type":"3","BlID":"12163","BusCityName":"파주"}]},{"StopName":"금릉역","StopID":"197231","Bus": [{"BusNo":"025","Type":"3","BlID":"12050","BusCityName":"파주"},{"BusNo":"030A","Type":"3","BlID":"12080","BusCityName":"파주"},{"BusNo":"030금승A","Type":"3","BlID":"12082","BusCityName":"파주"},{"BusNo":"073","Type":"3","BlID":"12163","BusCityName":"파주"},{"BusNo":"030탄현A","Type":"3","BlID":"12171","BusCityName":"파주"},{"BusNo":"078","Type":"3","BlID":"12192","BusCityName":"파주"},{"BusNo":"5600","Type":"5","BlID":"10805","BusCityName":"광주"},{"BusNo":"5000","Type":"22","BlID":"12040","BusCityName":"파주"}]},{"StopName":"금릉역","StopID":"197236","Bus": [{"BusNo":"025","Type":"3","BlID":"12050","BusCityName":"파주"},{"BusNo":"030B","Type":"3","BlID":"12105","BusCityName":"파주"},{"BusNo":"030탄현B","Type":"3","BlID":"12106","BusCityName":"파주"},{"BusNo":"030금승B","Type":"3","BlID":"12107","BusCityName":"파주"},{"BusNo":"073","Type":"3","BlID":"12163","BusCityName":"파주"},{"BusNo":"078","Type":"3","BlID":"12192","BusCityName":"파주"},{"BusNo":"5600","Type":"5","BlID":"10805","BusCityName":"광주"},{"BusNo":"5000","Type":"22","BlID":"12040","BusCityName":"파주"}]}]},{"GateNo":"2","GateLink": ["하나은행","파주세무서","파주우체국","금릉초.중학교","금촌2동주민센터"],"BUSSTOP": [{"StopName":"우체국","StopID":"116756","Bus": [{"BusNo":"900","Type":"1","BlID":"12015","BusCityName":"파주"},{"BusNo":"92","Type":"1","BlID":"12033","BusCityName":"파주"},{"BusNo":"600","Type":"1","BlID":"12054","BusCityName":"파주"},{"BusNo":"10","Type":"1","BlID":"12131","BusCityName":"파주"},{"BusNo":"025","Type":"3","BlID":"12050","BusCityName":"파주"},{"BusNo":"030B","Type":"3","BlID":"12105","BusCityName":"파주"},{"BusNo":"030탄현B","Type":"3","BlID":"12106","BusCityName":"파주"},{"BusNo":"030금승B","Type":"3","BlID":"12107","BusCityName":"파주"},{"BusNo":"3000","Type":"22","BlID":"12041","BusCityName":"파주"}]},{"StopName":"우체국","StopID":"116763","Bus": [{"BusNo":"900","Type":"1","BlID":"12015","BusCityName":"파주"},{"BusNo":"92","Type":"1","BlID":"12033","BusCityName":"파주"},{"BusNo":"600","Type":"1","BlID":"12054","BusCityName":"파주"},{"BusNo":"10","Type":"1","BlID":"12131","BusCityName":"파주"},{"BusNo":"025","Type":"3","BlID":"12050","BusCityName":"파주"},{"BusNo":"030A","Type":"3","BlID":"12080","BusCityName":"파주"},{"BusNo":"030금승A","Type":"3","BlID":"12082","BusCityName":"파주"},{"BusNo":"030탄현A","Type":"3","BlID":"12171","BusCityName":"파주"},{"BusNo":"3000","Type":"22","BlID":"12041","BusCityName":"파주"}]},{"StopName":"후곡마을6단지","StopID":"164597","Bus": [{"BusNo":"073","Type":"3","BlID":"12163","BusCityName":"파주"}]},{"StopName":"후곡마을6단지","StopID":"164598","Bus": [{"BusNo":"011","Type":"3","BlID":"12161","BusCityName":"파주"},{"BusNo":"073","Type":"3","BlID":"12163","BusCityName":"파주"}]}]}]}}}