{"result": {"stationName":"금촌","stationID":1626,"type":104,"laneName":"경의중앙선","laneCity":"수도권","x":126.7745389,"y":37.766119,"prevOBJ": {"station": [{"stationName":"월롱","stationID":1627,"type":104,"laneName":"경의중앙선","laneCity":"수도권","x":126.7925956,"y":37.7962093}]},"nextOBJ": {"station": [{"stationName":"금릉","stationID":1625,"type":104,"laneName":"경의중앙선","laneCity":"수도권","x":126.7654214,"y":37.7513017}]},"defaultInfo": {"address":"경기도 파주시 금촌동 329-355","new_address":"경기도 파주시 새꽃로 193","tel":"1544-7788"},"useInfo": {"platform":3,"meetingPlace":0,"restroom":2,"offDoor":0,"crossOver":1,"publicPlace":0,"handicapCount":1,"parkingCount":1,"bicycleCount":1,"civilCount":0},"exitInfo": {"gate": [{"GateNo":"1","GateLink": ["금신초등학교","금촌체육공원","금촌초등학교","파주시세무서","파주시법원","파주시청"],"BUSSTOP": [{"StopName":"금촌역","StopID":"100347","Bus": [{"BusNo":"99","Type":"1","BlID":"12001","BusCityName":"파주"},{"BusNo":"9","Type":"1","BlID":"12007","BusCityName":"파주"},{"BusNo":"90","Type":"1","BlID":"12014","BusCityName":"파주"},{"BusNo":"900","Type":"1","BlID":"12015","BusCityName":"파주"},{"BusNo":"150","Type":"1","BlID":"12018","BusCityName":"파주"},{"BusNo":"333","Type":"1","BlID":"12032","BusCityName":"파주"},{"BusNo":"92","Type":"1","BlID":"12033","BusCityName":"파주"},{"BusNo":"100","Type":"1","BlID":"12037","BusCityName":"파주"},{"BusNo":"17","Type":"1","BlID":"12047","BusCityName":"파주"},{"BusNo":"38","Type":"1","BlID":"12052","BusCityName":"파주"},{"BusNo":"600","Type":"1","BlID":"12054","BusCityName":"파주"},{"BusNo":"11-2","Type":"1","BlID":"12058","BusCityName":"파주"},{"BusNo":"77-1","Type":"1","BlID":"12098","BusCityName":"파주"},{"BusNo":"77-B","Type":"1","BlID":"12099","BusCityName":"파주"},{"BusNo":"77-D","Type":"1","BlID":"12101","BusCityName":"파주"},{"BusNo":"77-E(주말운행)","Type":"1","BlID":"12102","BusCityName":"파주"},{"BusNo":"10","Type":"1","BlID":"12131","BusCityName":"파주"},{"BusNo":"025","Type":"3","BlID":"12050","BusCityName":"파주"},{"BusNo":"030A","Type":"3","BlID":"12080","BusCityName":"파주"},{"BusNo":"033(탄현중)","Type":"3","BlID":"12081","BusCityName":"파주"},{"BusNo":"030금승A","Type":"3","BlID":"12082","BusCityName":"파주"},{"BusNo":"065(봉일천고)","Type":"3","BlID":"12084","BusCityName":"파주"},{"BusNo":"065(봉일천중)","Type":"3","BlID":"12085","BusCityName":"파주"},{"BusNo":"060","Type":"3","BlID":"12086","BusCityName":"파주"},{"BusNo":"067","Type":"3","BlID":"12088","BusCityName":"파주"},{"BusNo":"021","Type":"3","BlID":"12089","BusCityName":"파주"},{"BusNo":"021-2","Type":"3","BlID":"12095","BusCityName":"파주"},{"BusNo":"030B","Type":"3","BlID":"12105","BusCityName":"파주"},{"BusNo":"030탄현B","Type":"3","BlID":"12106","BusCityName":"파주"},{"BusNo":"030금승B","Type":"3","BlID":"12107","BusCityName":"파주"},{"BusNo":"037","Type":"3","BlID":"12151","BusCityName":"파주"},{"BusNo":"065-1","Type":"3","BlID":"12160","BusCityName":"파주"},{"BusNo":"011","Type":"3","BlID":"12161","BusCityName":"파주"},{"BusNo":"073","Type":"3","BlID":"12163","BusCityName":"파주"},{"BusNo":"066","Type":"3","BlID":"12164","BusCityName":"파주"},{"BusNo":"062","Type":"3","BlID":"12166","BusCityName":"파주"},{"BusNo":"061","Type":"3","BlID":"12167","BusCityName":"파주"},{"BusNo":"032","Type":"3","BlID":"12170","BusCityName":"파주"},{"BusNo":"030탄현A","Type":"3","BlID":"12171","BusCityName":"파주"},{"BusNo":"034(축현리)","Type":"3","BlID":"12172","BusCityName":"파주"},{"BusNo":"023","Type":"3","BlID":"12175","BusCityName":"파주"},{"BusNo":"022","Type":"3","BlID":"12176","BusCityName":"파주"},{"BusNo":"068","Type":"3","BlID":"12177","BusCityName":"파주"},{"BusNo":"065","Type":"3","BlID":"12181","BusCityName":"파주"},{"BusNo":"078","Type":"3","BlID":"12192","BusCityName":"파주"},{"BusNo":"064","Type":"3","BlID":"12194","BusCityName":"파주"},{"BusNo":"033","Type":"3","BlID":"12195","BusCityName":"파주"},{"BusNo":"063","Type":"3","BlID":"12196","BusCityName":"파주"},{"BusNo":"034(내포리)","Type":"3","BlID":"12202","BusCityName":"파주"},{"BusNo":"036","Type":"3","BlID":"12204","BusCityName":"파주"},{"BusNo":"034","Type":"3","BlID":"12206","BusCityName":"파주"},{"BusNo":"088","Type":"3","BlID":"12207","BusCityName":"파주"},{"BusNo":"5600","Type":"5","BlID":"10805","BusCityName":"광주"},{"BusNo":"9709","Type":"14","BlID":"1373","BusCityName":"서울"},{"BusNo":"5000","Type":"22","BlID":"12040","BusCityName":"파주"},{"BusNo":"3000","Type":"22","BlID":"12041","BusCityName":"파주"}]},{"StopName":"금촌역","StopID":"112387","Bus": [{"BusNo":"99","Type":"1","BlID":"12001","BusCityName":"파주"},{"BusNo":"9","Type":"1","BlID":"12007","BusCityName":"파주"},{"BusNo":"90","Type":"1","BlID":"12014","BusCityName":"파주"},{"BusNo":"900","Type":"1","BlID":"12015","BusCityName":"파주"},{"BusNo":"150","Type":"1","BlID":"12018","BusCityName":"파주"},{"BusNo":"333","Type":"1","BlID":"12032","BusCityName":"파주"},{"BusNo":"92","Type":"1","BlID":"12033","BusCityName":"파주"},{"BusNo":"100","Type":"1","BlID":"12037","BusCityName":"파주"},{"BusNo":"17","Type":"1","BlID":"12047","BusCityName":"파주"},{"BusNo":"38","Type":"1","BlID":"12052","BusCityName":"파주"},{"BusNo":"600","Type":"1","BlID":"12054","BusCityName":"파주"},{"BusNo":"77-1","Type":"1","BlID":"12098","BusCityName":"파주"},{"BusNo":"77-B","Type":"1","BlID":"12099","BusCityName":"파주"},{"BusNo":"77-D","Type":"1","BlID":"12101","BusCityName":"파주"},{"BusNo":"77-E(주말운행)","Type":"1","BlID":"12102","BusCityName":"파주"},{"BusNo":"10","Type":"1","BlID":"12131","BusCityName":"파주"},{"BusNo":"025","Type":"3","BlID":"12050","BusCityName":"파주"},{"BusNo":"030A","Type":"3","BlID":"12080","BusCityName":"파주"},{"BusNo":"033(탄현중)","Type":"3","BlID":"12081","BusCityName":"파주"},{"BusNo":"030금승A","Type":"3","BlID":"12082","BusCityName":"파주"},{"BusNo":"065(봉일천고)","Type":"3","BlID":"12084","BusCityName":"파주"},{"BusNo":"065(봉일천중)","Type":"3","BlID":"12085","BusCityName":"파주"},{"BusNo":"060","Type":"3","BlID":"12086","BusCityName":"파주"},{"BusNo":"067","Type":"3","BlID":"12088","BusCityName":"파주"},{"BusNo":"021","Type":"3","BlID":"12089","BusCityName":"파주"},{"BusNo":"021-2","Type":"3","BlID":"12095","BusCityName":"파주"},{"BusNo":"030B","Type":"3","BlID":"12105","BusCityName":"파주"},{"BusNo":"030탄현B","Type":"3","BlID":"12106","BusCityName":"파주"},{"BusNo":"030금승B","Type":"3","BlID":"12107","BusCityName":"파주"},{"BusNo":"037","Type":"3","BlID":"12151","BusCityName":"파주"},{"BusNo":"065-1","Type":"3","BlID":"12160","BusCityName":"파주"},{"BusNo":"011","Type":"3","BlID":"12161","BusCityName":"파주"},{"BusNo":"073","Type":"3","BlID":"12163","BusCityName":"파주"},{"BusNo":"066","Type":"3","BlID":"12164","BusCityName":"파주"},{"BusNo":"061","Type":"3","BlID":"12167","BusCityName":"파주"},{"BusNo":"032","Type":"3","BlID":"12170","BusCityName":"파주"},{"BusNo":"030탄현A","Type":"3","BlID":"12171","BusCityName":"파주"},{"BusNo":"034(축현리)","Type":"3","BlID":"12172","BusCityName":"파주"},{"BusNo":"023","Type":"3","BlID":"12175","BusCityName":"파주"},{"BusNo":"022","Type":"3","BlID":"12176","BusCityName":"파주"},{"BusNo":"068","Type":"3","BlID":"12177","BusCityName":"파주"},{"BusNo":"065","Type":"3","BlID":"12181","BusCityName":"파주"},{"BusNo":"078","Type":"3","BlID":"12192","BusCityName":"파주"},{"BusNo":"064","Type":"3","BlID":"12194","BusCityName":"파주"},{"BusNo":"033","Type":"3","BlID":"12195","BusCityName":"파주"},{"BusNo":"063","Type":"3","BlID":"12196","BusCityName":"파주"},{"BusNo":"034(내포리)","Type":"3","BlID":"12202","BusCityName":"파주"},{"BusNo":"036","Type":"3","BlID":"12204","BusCityName":"파주"},{"BusNo":"034","Type":"3","BlID":"12206","BusCityName":"파주"},{"BusNo":"088","Type":"3","BlID":"12207","BusCityName":"파주"},{"BusNo":"5600","Type":"5","BlID":"10805","BusCityName":"광주"},{"BusNo":"9709","Type":"14","BlID":"1373","BusCityName":"서울"},{"BusNo":"5000","Type":"22","BlID":"12040","BusCityName":"파주"},{"BusNo":"3000","Type":"22","BlID":"12041","BusCityName":"파주"}]}]},{"GateNo":"2","GateLink": ["금신초등학교","금촌체육공원","금촌지구대","금촌1동 주민센터","파주세관"]}]}}}