{"result": {"stationName":"월롱","stationID":1627,"type":104,"laneName":"경의중앙선","laneCity":"수도권","x":126.7925956,"y":37.7962093,"prevOBJ": {"station": [{"stationName":"파주","stationID":1628,"type":104,"laneName":"경의중앙선","laneCity":"수도권","x":126.7924424,"y":37.8153988}]},"nextOBJ": {"station": [{"stationName":"금촌","stationID":1626,"type":104,"laneName":"경의중앙선","laneCity":"수도권","x":126.7745389,"y":37.766119}]},"defaultInfo": {"address":"경기도 파주시 월롱면 위전리 168-3","new_address":"경기도 파주시 월롱면 통일로 980","tel":"1544-7788"},"useInfo": {"platform":3,"meetingPlace":0,"restroom":2,"offDoor":0,"crossOver":2,"publicPlace":0,"handicapCount":1,"parkingCount":1,"bicycleCount":1,"civilCount":0},"exitInfo": {"gate": [{"GateNo":"1","GateLink": ["월롱면사무소","월롱초등학교"],"BUSSTOP": [{"StopName":"월롱역","StopID":"100535","Bus": [{"BusNo":"30","Type":"1","BlID":"12028","BusCityName":"파주"},{"BusNo":"92","Type":"1","BlID":"12033","BusCityName":"파주"},{"BusNo":"17","Type":"1","BlID":"12047","BusCityName":"파주"},{"BusNo":"600","Type":"1","BlID":"12054","BusCityName":"파주"},{"BusNo":"11-2","Type":"1","BlID":"12058","BusCityName":"파주"},{"BusNo":"069","Type":"3","BlID":"12061","BusCityName":"파주"},{"BusNo":"021","Type":"3","BlID":"12089","BusCityName":"파주"},{"BusNo":"021-2","Type":"3","BlID":"12095","BusCityName":"파주"},{"BusNo":"9710","Type":"4","BlID":"12038","BusCityName":"파주"},{"BusNo":"5600","Type":"5","BlID":"10805","BusCityName":"광주"},{"BusNo":"5000","Type":"22","BlID":"12040","BusCityName":"파주"}]},{"StopName":"월롱역.월롱면사무소","StopID":"115917","Bus": [{"BusNo":"025","Type":"3","BlID":"12050","BusCityName":"파주"}]}]}]}}}