{"result": {"stationName":"파주","stationID":1628,"type":104,"laneName":"경의중앙선","laneCity":"수도권","x":126.7924424,"y":37.8153988,"prevOBJ": {"station": [{"stationName":"문산","stationID":1629,"type":104,"laneName":"경의중앙선","laneCity":"수도권","x":126.7874773,"y":37.8544327}]},"nextOBJ": {"station": [{"stationName":"월롱","stationID":1627,"type":104,"laneName":"경의중앙선","laneCity":"수도권","x":126.7925956,"y":37.7962093}]},"defaultInfo": {"address":"경기도 파주시 파주읍 봉암리 487-4","new_address":"경기도 파주시 파주읍 주라위길 38","tel":"1544-7788"},"useInfo": {"platform":3,"meetingPlace":0,"restroom":2,"offDoor":0,"crossOver":2,"publicPlace":0,"handicapCount":1,"parkingCount":1,"bicycleCount":1,"civilCount":0},"exitInfo": {"gate": [{"GateNo":"1","GateLink": ["봉암1리회관","두원공과대학 파주캠퍼스"],"BUSSTOP": [{"StopName":"파주역","StopID":"100538","Bus": [{"BusNo":"30","Type":"1","BlID":"12028","BusCityName":"파주"},{"BusNo":"600","Type":"1","BlID":"12054","BusCityName":"파주"},{"BusNo":"017-1","Type":"3","BlID":"12091","BusCityName":"파주"},{"BusNo":"017-2","Type":"3","BlID":"12092","BusCityName":"파주"}]},{"StopName":"파주역","StopID":"100541","Bus": [{"BusNo":"30","Type":"1","BlID":"12028","BusCityName":"파주"},{"BusNo":"600","Type":"1","BlID":"12054","BusCityName":"파주"},{"BusNo":"017","Type":"3","BlID":"12090","BusCityName":"파주"},{"BusNo":"017-1","Type":"3","BlID":"12091","BusCityName":"파주"},{"BusNo":"017-3","Type":"3","BlID":"12093","BusCityName":"파주"}]}]}]}}}