{"result": {"stationName":"문산","stationID":1629,"type":104,"laneName":"경의중앙선","laneCity":"수도권","x":126.7874773,"y":37.8544327,"nextOBJ": {"station": [{"stationName":"파주","stationID":1628,"type":104,"laneName":"경의중앙선","laneCity":"수도권","x":126.7924424,"y":37.8153988}]},"defaultInfo": {"address":"경기도 파주시 문산읍 문산리 17-14","new_address":"경기도 파주시 문산읍 문산역로 94","tel":"1544-7788"},"useInfo": {"platform":3,"meetingPlace":1,"restroom":2,"offDoor":2,"crossOver":2,"publicPlace":0,"handicapCount":1,"parkingCount":1,"bicycleCount":1,"civilCount":0},"exitInfo": {"gate": [{"GateNo":"1","GateLink": ["임진각","문산시외버스터미널","문산우체국","문산읍주민자치센터"],"BUSSTOP": [{"StopName":"한진1차.문산역","StopID":"117044","Bus": [{"BusNo":"11","Type":"1","BlID":"12004","BusCityName":"파주"},{"BusNo":"12","Type":"1","BlID":"12005","BusCityName":"파주"},{"BusNo":"14-3","Type":"1","BlID":"12023","BusCityName":"파주"},{"BusNo":"92","Type":"1","BlID":"12033","BusCityName":"파주"},{"BusNo":"11-1","Type":"1","BlID":"12057","BusCityName":"파주"},{"BusNo":"11-2","Type":"1","BlID":"12058","BusCityName":"파주"},{"BusNo":"11-3","Type":"1","BlID":"12059","BusCityName":"파주"},{"BusNo":"14-2","Type":"1","BlID":"12103","BusCityName":"파주"},{"BusNo":"11-1-1","Type":"1","BlID":"12132","BusCityName":"파주"},{"BusNo":"22","Type":"1","BlID":"12137","BusCityName":"파주"},{"BusNo":"22-1","Type":"1","BlID":"12138","BusCityName":"파주"},{"BusNo":"12-1","Type":"1","BlID":"12139","BusCityName":"파주"},{"BusNo":"93-8","Type":"1","BlID":"12162","BusCityName":"파주"},{"BusNo":"053A","Type":"3","BlID":"12056","BusCityName":"파주"},{"BusNo":"058(마정)","Type":"3","BlID":"12077","BusCityName":"파주"},{"BusNo":"058(운천)","Type":"3","BlID":"12078","BusCityName":"파주"},{"BusNo":"058(운천.임진)","Type":"3","BlID":"12079","BusCityName":"파주"},{"BusNo":"021","Type":"3","BlID":"12089","BusCityName":"파주"},{"BusNo":"017-1","Type":"3","BlID":"12091","BusCityName":"파주"},{"BusNo":"017-2","Type":"3","BlID":"12092","BusCityName":"파주"},{"BusNo":"021-2","Type":"3","BlID":"12095","BusCityName":"파주"},{"BusNo":"054북중고4","Type":"3","BlID":"12111","BusCityName":"파주"},{"BusNo":"054한양7","Type":"3","BlID":"12112","BusCityName":"파주"},{"BusNo":"051A","Type":"3","BlID":"12144","BusCityName":"파주"},{"BusNo":"050","Type":"3","BlID":"12147","BusCityName":"파주"},{"BusNo":"055(새성A)","Type":"3","BlID":"12154","BusCityName":"파주"},{"BusNo":"055(월롱)","Type":"3","BlID":"12156","BusCityName":"파주"},{"BusNo":"053B","Type":"3","BlID":"12179","BusCityName":"파주"},{"BusNo":"052","Type":"3","BlID":"12197","BusCityName":"파주"},{"BusNo":"058(임진각)","Type":"3","BlID":"12198","BusCityName":"파주"},{"BusNo":"055(선유)","Type":"3","BlID":"12208","BusCityName":"파주"},{"BusNo":"9710","Type":"4","BlID":"12038","BusCityName":"파주"}]},{"StopName":"문산역","StopID":"120670","Bus": [{"BusNo":"11","Type":"1","BlID":"12004","BusCityName":"파주"},{"BusNo":"14-3","Type":"1","BlID":"12023","BusCityName":"파주"},{"BusNo":"11-1","Type":"1","BlID":"12057","BusCityName":"파주"},{"BusNo":"11-2","Type":"1","BlID":"12058","BusCityName":"파주"},{"BusNo":"11-3","Type":"1","BlID":"12059","BusCityName":"파주"},{"BusNo":"14-2","Type":"1","BlID":"12103","BusCityName":"파주"},{"BusNo":"11-1-1","Type":"1","BlID":"12132","BusCityName":"파주"},{"BusNo":"22","Type":"1","BlID":"12137","BusCityName":"파주"},{"BusNo":"22-1","Type":"1","BlID":"12138","BusCityName":"파주"},{"BusNo":"14-1","Type":"1","BlID":"12183","BusCityName":"파주"},{"BusNo":"058(마정)","Type":"3","BlID":"12077","BusCityName":"파주"},{"BusNo":"058(운천)","Type":"3","BlID":"12078","BusCityName":"파주"},{"BusNo":"058(운천.임진)","Type":"3","BlID":"12079","BusCityName":"파주"},{"BusNo":"054주공1","Type":"3","BlID":"12108","BusCityName":"파주"},{"BusNo":"054주공2","Type":"3","BlID":"12109","BusCityName":"파주"},{"BusNo":"054한양3","Type":"3","BlID":"12110","BusCityName":"파주"},{"BusNo":"050","Type":"3","BlID":"12147","BusCityName":"파주"},{"BusNo":"052","Type":"3","BlID":"12197","BusCityName":"파주"},{"BusNo":"058(임진각)","Type":"3","BlID":"12198","BusCityName":"파주"},{"BusNo":"055(선유)","Type":"3","BlID":"12208","BusCityName":"파주"},{"BusNo":"5000","Type":"22","BlID":"12040","BusCityName":"파주"}]},{"StopName":"문산역","StopID":"120686","Bus": [{"BusNo":"058(마정)","Type":"3","BlID":"12077","BusCityName":"파주"},{"BusNo":"058(운천)","Type":"3","BlID":"12078","BusCityName":"파주"},{"BusNo":"058(운천.임진)","Type":"3","BlID":"12079","BusCityName":"파주"},{"BusNo":"050","Type":"3","BlID":"12147","BusCityName":"파주"},{"BusNo":"058(임진각)","Type":"3","BlID":"12198","BusCityName":"파주"},{"BusNo":"5000","Type":"22","BlID":"12040","BusCityName":"파주"}]}]}]}}}