{"result": {"stationName":"강매","stationID":1635,"type":104,"laneName":"경의중앙선","laneCity":"수도권","x":126.844479,"y":37.6123191,"prevOBJ": {"station": [{"stationName":"행신","stationID":1616,"type":104,"laneName":"경의중앙선","laneCity":"수도권","x":126.8340842,"y":37.6121358}]},"nextOBJ": {"station": [{"stationName":"화전","stationID":1615,"type":104,"laneName":"경의중앙선","laneCity":"수도권","x":126.8679595,"y":37.6032838}]},"defaultInfo": {"address":"경기도 고양시 덕양구 행신동 1115-1","new_address":"경기도 고양시 덕양구 소원로 202","tel":"1544-7788"},"useInfo": {"platform":2,"meetingPlace":0,"restroom":1,"offDoor":2,"crossOver":2,"publicPlace":0,"handicapCount":1,"parkingCount":1,"bicycleCount":1,"civilCount":0},"exitInfo": {"gate": [{"GateNo":"1","GateLink": ["서정마을7단지","서정초등학교","행신119안전센터"],"BUSSTOP": [{"StopName":"소만마을5단지","StopID":"201531","Bus": [{"BusNo":"032","Type":"3","BlID":"5631","BusCityName":"고양"},{"BusNo":"030","Type":"3","BlID":"5636","BusCityName":"고양"}]},{"StopName":"서정마을7단지후문","StopID":"202273","Bus": [{"BusNo":"024","Type":"3","BlID":"5517","BusCityName":"고양"},{"BusNo":"023","Type":"3","BlID":"5618","BusCityName":"고양"}]},{"StopName":"서정마을7단지후문","StopID":"202275","Bus": [{"BusNo":"024","Type":"3","BlID":"5517","BusCityName":"고양"},{"BusNo":"023","Type":"3","BlID":"5618","BusCityName":"고양"}]},{"StopName":"서정마을7단지","StopID":"202359","Bus": [{"BusNo":"032","Type":"3","BlID":"5631","BusCityName":"고양"}]},{"StopName":"서정마을7단지","StopID":"202361","Bus": [{"BusNo":"032","Type":"3","BlID":"5631","BusCityName":"고양"}]},{"StopName":"소만마을5단지","StopID":"202364","Bus": [{"BusNo":"032","Type":"3","BlID":"5631","BusCityName":"고양"},{"BusNo":"030","Type":"3","BlID":"5636","BusCityName":"고양"}]}]},{"GateNo":"2","GateLink": ["행신119안전센터"]}]}}}