{"result": {"stationName":"야당","stationID":1636,"type":104,"laneName":"경의중앙선","laneCity":"수도권","x":126.7614006,"y":37.7126697,"prevOBJ": {"station": [{"stationName":"운정","stationID":1624,"type":104,"laneName":"경의중앙선","laneCity":"수도권","x":126.767098,"y":37.7254515}]},"nextOBJ": {"station": [{"stationName":"탄현","stationID":1623,"type":104,"laneName":"경의중앙선","laneCity":"수도권","x":126.7611798,"y":37.6938905}]},"defaultInfo": {"address":"경기도 파주시 야당동 1088","new_address":"경기도 파주시 소리천로 10","tel":"1544-7788"},"useInfo": {"platform":2,"meetingPlace":0,"restroom":2,"offDoor":0,"crossOver":2,"publicPlace":0,"handicapCount":1,"parkingCount":1,"bicycleCount":1,"civilCount":0},"exitInfo": {"gate": [{"GateNo":"1","GateLink": ["와석초등학교","해마루공원"],"BUSSTOP": [{"StopName":"한빛마을4.5단지","StopID":"83249","Bus": [{"BusNo":"567","Type":"1","BlID":"12017","BusCityName":"파주"},{"BusNo":"600","Type":"1","BlID":"12054","BusCityName":"파주"},{"BusNo":"5600","Type":"5","BlID":"10805","BusCityName":"광주"},{"BusNo":"M7426","Type":"14","BlID":"12010","BusCityName":"파주"}]},{"StopName":"한빛마을4.5단지","StopID":"83250","Bus": [{"BusNo":"567","Type":"1","BlID":"12017","BusCityName":"파주"},{"BusNo":"600","Type":"1","BlID":"12054","BusCityName":"파주"},{"BusNo":"083","Type":"3","BlID":"12029","BusCityName":"파주"},{"BusNo":"5600","Type":"5","BlID":"10805","BusCityName":"광주"},{"BusNo":"M7426","Type":"14","BlID":"12010","BusCityName":"파주"}]}]},{"GateNo":"2","GateLink": ["한빛중.고등학교","빛오름공원"]},{"GateNo":"3","GateLink": ["주차장"],"BUSSTOP": [{"StopName":"운정가구공단","StopID":"84545","Bus": [{"BusNo":"082","Type":"3","BlID":"12013","BusCityName":"파주"}]},{"StopName":"운정가구공단","StopID":"84546","Bus": [{"BusNo":"082","Type":"3","BlID":"12013","BusCityName":"파주"}]}]}]}}}