{"result": {"stationName":"강남대","stationID":1702,"type":107,"laneName":"에버라인","laneCity":"수도권","x":127.1260403,"y":37.2701767,"prevOBJ": {"station": [{"stationName":"기흥","stationID":1701,"type":107,"laneName":"에버라인","laneCity":"수도권","x":127.1168682,"y":37.2754703}]},"nextOBJ": {"station": [{"stationName":"지석","stationID":1703,"type":107,"laneName":"에버라인","laneCity":"수도권","x":127.1366664,"y":37.2697499}]},"defaultInfo": {"address":"경기도 용인시 기흥구 구갈동 480-42","new_address":"경기도 용인시 기흥구 중부대로 578","tel":"031-329-3570"},"useInfo": {"platform":2,"meetingPlace":0,"restroom":2,"offDoor":1,"crossOver":2,"publicPlace":0,"handicapCount":1,"parkingCount":0,"bicycleCount":1,"civilCount":0},"exitInfo": {"gate": [{"GateNo":"1","GateLink": ["강남대학교","구갈동주민센터","성지중학교","성지초등학교"],"BUSSTOP": [{"StopName":"강남대역.강남대입구","StopID":"186958","Bus": [{"BusNo":"10","Type":"1","BlID":"11000","BusCityName":"용인"},{"BusNo":"820","Type":"1","BlID":"11005","BusCityName":"용인"},{"BusNo":"66-4","Type":"1","BlID":"11006","BusCityName":"용인"},{"BusNo":"66","Type":"1","BlID":"11007","BusCityName":"용인"},{"BusNo":"690","Type":"1","BlID":"11042","BusCityName":"용인"},{"BusNo":"55","Type":"1","BlID":"11106","BusCityName":"용인"},{"BusNo":"28","Type":"3","BlID":"11215","BusCityName":"용인"},{"BusNo":"33","Type":"3","BlID":"11241","BusCityName":"용인"},{"BusNo":"810-1","Type":"3","BlID":"11248","BusCityName":"용인"},{"BusNo":"80","Type":"3","BlID":"11251","BusCityName":"용인"},{"BusNo":"36","Type":"3","BlID":"11256","BusCityName":"용인"},{"BusNo":"5000","Type":"4","BlID":"11011","BusCityName":"용인"},{"BusNo":"5600","Type":"4","BlID":"11024","BusCityName":"용인"},{"BusNo":"5005","Type":"4","BlID":"11025","BusCityName":"용인"},{"BusNo":"5001","Type":"4","BlID":"11196","BusCityName":"용인"},{"BusNo":"5003","Type":"4","BlID":"11204","BusCityName":"용인"},{"BusNo":"8165","Type":"5","BlID":"11124","BusCityName":"용인"},{"BusNo":"8852","Type":"5","BlID":"11198","BusCityName":"용인"},{"BusNo":"8443","Type":"22","BlID":"11132","BusCityName":"용인"},{"BusNo":"8478","Type":"22","BlID":"11133","BusCityName":"용인"},{"BusNo":"8839","Type":"22","BlID":"11134","BusCityName":"용인"},{"BusNo":"8862","Type":"22","BlID":"11135","BusCityName":"용인"}]},{"StopName":"강남대역.강남대입구","StopID":"186959","Bus": [{"BusNo":"10","Type":"1","BlID":"11000","BusCityName":"용인"},{"BusNo":"820","Type":"1","BlID":"11005","BusCityName":"용인"},{"BusNo":"66-4","Type":"1","BlID":"11006","BusCityName":"용인"},{"BusNo":"66","Type":"1","BlID":"11007","BusCityName":"용인"},{"BusNo":"690","Type":"1","BlID":"11042","BusCityName":"용인"},{"BusNo":"55","Type":"1","BlID":"11106","BusCityName":"용인"},{"BusNo":"810-1","Type":"3","BlID":"11248","BusCityName":"용인"},{"BusNo":"36","Type":"3","BlID":"11256","BusCityName":"용인"},{"BusNo":"5000","Type":"4","BlID":"11011","BusCityName":"용인"},{"BusNo":"5600","Type":"4","BlID":"11024","BusCityName":"용인"},{"BusNo":"5005","Type":"4","BlID":"11025","BusCityName":"용인"},{"BusNo":"5001","Type":"4","BlID":"11196","BusCityName":"용인"},{"BusNo":"5003","Type":"4","BlID":"11204","BusCityName":"용인"},{"BusNo":"8165","Type":"5","BlID":"11124","BusCityName":"용인"},{"BusNo":"8852","Type":"5","BlID":"11198","BusCityName":"용인"},{"BusNo":"8443","Type":"22","BlID":"11132","BusCityName":"용인"},{"BusNo":"8478","Type":"22","BlID":"11133","BusCityName":"용인"},{"BusNo":"8839","Type":"22","BlID":"11134","BusCityName":"용인"},{"BusNo":"8862","Type":"22","BlID":"11135","BusCityName":"용인"}]},{"StopName":"강남대입구","StopID":"210885","Bus": [{"BusNo":"28","Type":"3","BlID":"11215","BusCityName":"용인"},{"BusNo":"33","Type":"3","BlID":"11241","BusCityName":"용인"},{"BusNo":"80","Type":"3","BlID":"11251","BusCityName":"용인"},{"BusNo":"36","Type":"3","BlID":"11256","BusCityName":"용인"}]},{"StopName":"구갈동주민센터","StopID":"211281","Bus": [{"BusNo":"36","Type":"3","BlID":"11256","BusCityName":"용인"}]},{"StopName":"구갈동주민센터","StopID":"211448","Bus": [{"BusNo":"36","Type":"3","BlID":"11256","BusCityName":"용인"},{"BusNo":"33-1","Type":"3","BlID":"11261","BusCityName":"용인"}]}]},{"GateNo":"2","GateLink": ["구갈3지구/강남마을","구갈희망누리도서관","성지고등학교","갈곡초등학교"],"BUSSTOP": [{"StopName":"강남마을5단지","StopID":"210884","Bus": [{"BusNo":"28","Type":"3","BlID":"11215","BusCityName":"용인"},{"BusNo":"33","Type":"3","BlID":"11241","BusCityName":"용인"},{"BusNo":"80","Type":"3","BlID":"11251","BusCityName":"용인"},{"BusNo":"33-1","Type":"3","BlID":"11261","BusCityName":"용인"}]},{"StopName":"강남대입구","StopID":"210901","Bus": [{"BusNo":"28","Type":"3","BlID":"11215","BusCityName":"용인"},{"BusNo":"33","Type":"3","BlID":"11241","BusCityName":"용인"},{"BusNo":"80","Type":"3","BlID":"11251","BusCityName":"용인"},{"BusNo":"36","Type":"3","BlID":"11256","BusCityName":"용인"}]},{"StopName":"강남마을5단지","StopID":"210902","Bus": [{"BusNo":"28","Type":"3","BlID":"11215","BusCityName":"용인"},{"BusNo":"33","Type":"3","BlID":"11241","BusCityName":"용인"},{"BusNo":"80","Type":"3","BlID":"11251","BusCityName":"용인"},{"BusNo":"33-1","Type":"3","BlID":"11261","BusCityName":"용인"}]}]},{"GateNo":"3","GateLink": ["구갈3지구 생태체육공원","구갈레스피아"]}]}}}