{"result": {"stationName":"지석","stationID":1703,"type":107,"laneName":"에버라인","laneCity":"수도권","x":127.1366664,"y":37.2697499,"prevOBJ": {"station": [{"stationName":"강남대","stationID":1702,"type":107,"laneName":"에버라인","laneCity":"수도권","x":127.1260403,"y":37.2701767}]},"nextOBJ": {"station": [{"stationName":"어정","stationID":1704,"type":107,"laneName":"에버라인","laneCity":"수도권","x":127.1437559,"y":37.2749556}]},"defaultInfo": {"address":"경기도 용인시 기흥구 상하동 401-1","new_address":"경기도 용인시 기흥구 어정로 28","tel":"031-329-3570"},"useInfo": {"platform":2,"meetingPlace":0,"restroom":2,"offDoor":1,"crossOver":2,"publicPlace":0,"handicapCount":1,"parkingCount":0,"bicycleCount":1,"civilCount":0},"exitInfo": {"gate": [{"GateNo":"1","GateLink": ["구갈3지구","갈곡초등학교","성지고등학교","구갈3지구 생태체육공원"]},{"GateNo":"2","GateLink": ["구갈3지구/강남마을"]},{"GateNo":"3","GateLink": ["상하동주민센터","갈천마을"]},{"GateNo":"4","GateLink": ["상하동","오산천산책로","임광 APT."]}]}}}