{"result": {"stationName":"어정","stationID":1704,"type":107,"laneName":"에버라인","laneCity":"수도권","x":127.1437559,"y":37.2749556,"prevOBJ": {"station": [{"stationName":"지석","stationID":1703,"type":107,"laneName":"에버라인","laneCity":"수도권","x":127.1366664,"y":37.2697499}]},"nextOBJ": {"station": [{"stationName":"동백","stationID":1705,"type":107,"laneName":"에버라인","laneCity":"수도권","x":127.1527292,"y":37.2691179}]},"defaultInfo": {"address":"경기도 용인시 기흥구 상하동 620-50","new_address":"경기도 용인시 기흥구 어정로 128","tel":"031-329-3570"},"useInfo": {"platform":2,"meetingPlace":0,"restroom":2,"offDoor":1,"crossOver":2,"publicPlace":0,"handicapCount":1,"parkingCount":0,"bicycleCount":1,"civilCount":0},"exitInfo": {"gate": [{"GateNo":"1","GateLink": ["상하동 주민센터","어청초등학교","어정가구단지"]},{"GateNo":"2","GateLink": ["동백호수공원","동백동주민센터","국민연금공단(용인지사)"]},{"GateNo":"3","GateLink": ["갈천마을","산책로"]}]}}}