{"result": {"stationName":"동백","stationID":1705,"type":107,"laneName":"에버라인","laneCity":"수도권","x":127.1527292,"y":37.2691179,"prevOBJ": {"station": [{"stationName":"어정","stationID":1704,"type":107,"laneName":"에버라인","laneCity":"수도권","x":127.1437559,"y":37.2749556}]},"nextOBJ": {"station": [{"stationName":"초당","stationID":1706,"type":107,"laneName":"에버라인","laneCity":"수도권","x":127.1594735,"y":37.2608307}]},"defaultInfo": {"address":"경기도 용인시 기흥구 중동 1087","new_address":"경기도 용인시 기흥구 동백죽전대로 314","tel":"031-329-3570"},"useInfo": {"platform":2,"meetingPlace":0,"restroom":2,"offDoor":1,"crossOver":2,"publicPlace":0,"handicapCount":1,"parkingCount":0,"bicycleCount":1,"civilCount":0},"exitInfo": {"gate": [{"GateNo":"1","GateLink": ["동백동주민센터","국민연금공단(용인지사)","동백호수공원","성산마을"]},{"GateNo":"2","GateLink": ["어은목마을","석성초등학교","초당중학교"]},{"GateNo":"3","GateLink": ["참솔마을"]}]}}}