{"result": {"stationName":"초당","stationID":1706,"type":107,"laneName":"에버라인","laneCity":"수도권","x":127.1594735,"y":37.2608307,"prevOBJ": {"station": [{"stationName":"동백","stationID":1705,"type":107,"laneName":"에버라인","laneCity":"수도권","x":127.1527292,"y":37.2691179}]},"nextOBJ": {"station": [{"stationName":"삼가","stationID":1707,"type":107,"laneName":"에버라인","laneCity":"수도권","x":127.1681568,"y":37.242113}]},"defaultInfo": {"address":"경기도 용인시 기흥구 중동 1090","new_address":"경기도 용인시 기흥구 동백죽전대로 204","tel":"031-329-3570"},"useInfo": {"platform":2,"meetingPlace":0,"restroom":2,"offDoor":1,"crossOver":2,"publicPlace":0,"handicapCount":1,"parkingCount":0,"bicycleCount":1,"civilCount":0},"exitInfo": {"gate": [{"GateNo":"1","GateLink": ["초당마을","초당고등학교","초당초등학교","초당중학교","한국지역난방공사"],"BUSSTOP": [{"StopName":"초당초등학교.현진에버빌","StopID":"122253","Bus": [{"BusNo":"101","Type":"1","BlID":"5114","BusCityName":"성남"},{"BusNo":"66-4","Type":"1","BlID":"11006","BusCityName":"용인"},{"BusNo":"65","Type":"1","BlID":"11200","BusCityName":"용인"},{"BusNo":"810-2","Type":"3","BlID":"11122","BusCityName":"용인"},{"BusNo":"810","Type":"3","BlID":"11247","BusCityName":"용인"},{"BusNo":"810-1","Type":"3","BlID":"11248","BusCityName":"용인"},{"BusNo":"5000","Type":"4","BlID":"11011","BusCityName":"용인"},{"BusNo":"5003","Type":"4","BlID":"11204","BusCityName":"용인"}]},{"StopName":"초당초등학교.현진에버빌","StopID":"122254","Bus": [{"BusNo":"101","Type":"1","BlID":"5114","BusCityName":"성남"},{"BusNo":"66-4","Type":"1","BlID":"11006","BusCityName":"용인"},{"BusNo":"65","Type":"1","BlID":"11200","BusCityName":"용인"},{"BusNo":"810-2","Type":"3","BlID":"11122","BusCityName":"용인"},{"BusNo":"810","Type":"3","BlID":"11247","BusCityName":"용인"},{"BusNo":"810-1","Type":"3","BlID":"11248","BusCityName":"용인"},{"BusNo":"5000","Type":"4","BlID":"11011","BusCityName":"용인"},{"BusNo":"5003","Type":"4","BlID":"11204","BusCityName":"용인"}]}]},{"GateNo":"2","GateLink": ["웨스터민스터신학대학원대학","화운사","한국수출입은행인재개발원","멱조현고개"],"BUSSTOP": [{"StopName":"초당역","StopID":"118417","Bus": [{"BusNo":"66-4","Type":"1","BlID":"11006","BusCityName":"용인"},{"BusNo":"65","Type":"1","BlID":"11200","BusCityName":"용인"},{"BusNo":"68","Type":"1","BlID":"11205","BusCityName":"용인"},{"BusNo":"5000","Type":"4","BlID":"11011","BusCityName":"용인"},{"BusNo":"5003","Type":"4","BlID":"11204","BusCityName":"용인"}]},{"StopName":"초당역","StopID":"118426","Bus": [{"BusNo":"66-4","Type":"1","BlID":"11006","BusCityName":"용인"},{"BusNo":"65","Type":"1","BlID":"11200","BusCityName":"용인"},{"BusNo":"68","Type":"1","BlID":"11205","BusCityName":"용인"},{"BusNo":"5000","Type":"4","BlID":"11011","BusCityName":"용인"},{"BusNo":"5003","Type":"4","BlID":"11204","BusCityName":"용인"}]}]}]}}}