{"result": {"stationName":"삼가","stationID":1707,"type":107,"laneName":"에버라인","laneCity":"수도권","x":127.1681568,"y":37.242113,"prevOBJ": {"station": [{"stationName":"초당","stationID":1706,"type":107,"laneName":"에버라인","laneCity":"수도권","x":127.1594735,"y":37.2608307}]},"nextOBJ": {"station": [{"stationName":"시청.용인대","stationID":1708,"type":107,"laneName":"에버라인","laneCity":"수도권","x":127.1788708,"y":37.2394302}]},"defaultInfo": {"address":"경기도 용인시 처인구 삼가동 499-1","new_address":"경기도 용인시 처인구 중부대로 1098","tel":"031-329-3570"},"useInfo": {"platform":2,"meetingPlace":0,"restroom":2,"offDoor":1,"crossOver":2,"publicPlace":0,"handicapCount":1,"parkingCount":0,"bicycleCount":1,"civilCount":0},"exitInfo": {"gate": [{"GateNo":"1","GateLink": ["용인경전철㈜차량기지","삼가삼거리"]},{"GateNo":"2","GateLink": ["역삼동","로데오거리","우남 APT."]},{"GateNo":"3","GateLink": ["늘푸른 APT.","삼가초등학교","진우 APT."]}]}}}