{"result": {"stationName":"시청.용인대","stationID":1708,"type":107,"laneName":"에버라인","laneCity":"수도권","x":127.1788708,"y":37.2394302,"prevOBJ": {"station": [{"stationName":"삼가","stationID":1707,"type":107,"laneName":"에버라인","laneCity":"수도권","x":127.1681568,"y":37.242113}]},"nextOBJ": {"station": [{"stationName":"명지대","stationID":1709,"type":107,"laneName":"에버라인","laneCity":"수도권","x":127.190314,"y":37.2380491}]},"defaultInfo": {"address":"경기도 용인시 처인구 삼가동 255-15","new_address":"경기도 용인시 처인구 중부대로 1199-1","tel":"031-329-3570"},"useInfo": {"platform":2,"meetingPlace":0,"restroom":2,"offDoor":1,"crossOver":2,"publicPlace":0,"handicapCount":1,"parkingCount":0,"bicycleCount":1,"civilCount":0},"exitInfo": {"gate": [{"GateNo":"1","GateLink": ["용인시청","용인시의회","용인경찰서","용인우체국","용인시보건소","용인시문화예술원","용인시청소년수련원","노인복지회관","우남 APT.","진우 / 늘푸른 APT.","용인대학교"]}]}}}