{"result": {"stationName":"명지대","stationID":1709,"type":107,"laneName":"에버라인","laneCity":"수도권","x":127.190314,"y":37.2380491,"prevOBJ": {"station": [{"stationName":"시청.용인대","stationID":1708,"type":107,"laneName":"에버라인","laneCity":"수도권","x":127.1788708,"y":37.2394302}]},"nextOBJ": {"station": [{"stationName":"김량장","stationID":1710,"type":107,"laneName":"에버라인","laneCity":"수도권","x":127.1986847,"y":37.237295}]},"defaultInfo": {"address":"경기도 용인시 처인구 역북동 484-10","new_address":"경기도 용인시 처인구 금학로 241","tel":"031-329-3570"},"useInfo": {"platform":2,"meetingPlace":0,"restroom":2,"offDoor":1,"crossOver":2,"publicPlace":0,"handicapCount":1,"parkingCount":0,"bicycleCount":1,"civilCount":0},"exitInfo": {"gate": [{"GateNo":"1","GateLink": ["용인세브란스 병원","용인시법원","용인등기소","서룡초등학교","명지대학교"]},{"GateNo":"2","GateLink": ["용인고등학교","역북소공원","신성교"]}]}}}