{"result": {"stationName":"김량장","stationID":1710,"type":107,"laneName":"에버라인","laneCity":"수도권","x":127.1986847,"y":37.237295,"prevOBJ": {"station": [{"stationName":"명지대","stationID":1709,"type":107,"laneName":"에버라인","laneCity":"수도권","x":127.190314,"y":37.2380491}]},"nextOBJ": {"station": [{"stationName":"운동장.송담대","stationID":1711,"type":107,"laneName":"에버라인","laneCity":"수도권","x":127.2090584,"y":37.2378962}]},"defaultInfo": {"address":"경기도 용인시 처인구 김량장동 486-21","new_address":"경기도 용인시 처인구 금학로 315","tel":"031-329-3570"},"useInfo": {"platform":2,"meetingPlace":0,"restroom":2,"offDoor":1,"crossOver":2,"publicPlace":0,"handicapCount":1,"parkingCount":0,"bicycleCount":1,"civilCount":0},"exitInfo": {"gate": [{"GateNo":"1","GateLink": ["처인구청","전기안전공사","용인문예회관","통일공원","용인시립도서관","용인고등학교","용신중학교","역북초등학교"],"BUSSTOP": [{"StopName":"김량장동어울림아파트","StopID":"164280","Bus": [{"BusNo":"84","Type":"1","BlID":"11069","BusCityName":"용인"},{"BusNo":"970","Type":"1","BlID":"11126","BusCityName":"용인"},{"BusNo":"5-1","Type":"3","BlID":"11068","BusCityName":"용인"},{"BusNo":"5(경남여객(용인터미널.처인구청.행정타운))","Type":"3","BlID":"11214","BusCityName":"용인"}]},{"StopName":"김량장동어울림아파트","StopID":"164281","Bus": [{"BusNo":"84","Type":"1","BlID":"11069","BusCityName":"용인"},{"BusNo":"970","Type":"1","BlID":"11126","BusCityName":"용인"},{"BusNo":"5-1","Type":"3","BlID":"11068","BusCityName":"용인"},{"BusNo":"5(경남여객(용인터미널.처인구청.행정타운))","Type":"3","BlID":"11214","BusCityName":"용인"}]},{"StopName":"김량장역","StopID":"204933","Bus": [{"BusNo":"970","Type":"1","BlID":"11126","BusCityName":"용인"},{"BusNo":"5-1","Type":"3","BlID":"11068","BusCityName":"용인"},{"BusNo":"5(경남여객(용인터미널.처인구청.행정타운))","Type":"3","BlID":"11214","BusCityName":"용인"}]},{"StopName":"김량장역","StopID":"204945","Bus": [{"BusNo":"970","Type":"1","BlID":"11126","BusCityName":"용인"},{"BusNo":"5-1","Type":"3","BlID":"11068","BusCityName":"용인"},{"BusNo":"5(경남여객(용인터미널.처인구청.행정타운))","Type":"3","BlID":"11214","BusCityName":"용인"}]}]},{"GateNo":"2","GateLink": ["용인중학교","용인초등학교","용인교육청"],"BUSSTOP": [{"StopName":"용인중학교","StopID":"164279","Bus": [{"BusNo":"84-2","Type":"1","BlID":"11071","BusCityName":"용인"}]}]}]}}}