{"result": {"stationName":"운동장.송담대","stationID":1711,"type":107,"laneName":"에버라인","laneCity":"수도권","x":127.2090584,"y":37.2378962,"prevOBJ": {"station": [{"stationName":"김량장","stationID":1710,"type":107,"laneName":"에버라인","laneCity":"수도권","x":127.1986847,"y":37.237295}]},"nextOBJ": {"station": [{"stationName":"고진","stationID":1712,"type":107,"laneName":"에버라인","laneCity":"수도권","x":127.214184,"y":37.2446525}]},"defaultInfo": {"address":"경기도 용인시 처인구 김량장동 144-6","new_address":"경기도 용인시 처인구 금학로 409","tel":"031-329-3570"},"useInfo": {"platform":2,"meetingPlace":0,"restroom":2,"offDoor":1,"crossOver":2,"publicPlace":0,"handicapCount":1,"parkingCount":0,"bicycleCount":1,"civilCount":0},"exitInfo": {"gate": [{"GateNo":"1","GateLink": ["용인시외버스터미널","용인우체국","용인초등학교","용인교육청"]},{"GateNo":"2","GateLink": ["용인시종합운동장","용마초등학교","서울병원"]}]}}}