{"result": {"stationName":"고진","stationID":1712,"type":107,"laneName":"에버라인","laneCity":"수도권","x":127.214184,"y":37.2446525,"prevOBJ": {"station": [{"stationName":"운동장.송담대","stationID":1711,"type":107,"laneName":"에버라인","laneCity":"수도권","x":127.2090584,"y":37.2378962}]},"nextOBJ": {"station": [{"stationName":"보평","stationID":1713,"type":107,"laneName":"에버라인","laneCity":"수도권","x":127.2184885,"y":37.2589815}]},"defaultInfo": {"address":"경기도 용인시 처인구 유방동 1029-8","new_address":"경기도 용인시 처인구 경안천로 141","tel":"031-329-3570"},"useInfo": {"platform":2,"meetingPlace":0,"restroom":2,"offDoor":1,"crossOver":2,"publicPlace":0,"handicapCount":1,"parkingCount":0,"bicycleCount":1,"civilCount":0},"exitInfo": {"gate": [{"GateNo":"1","GateLink": ["용인정보산업고등학교","고림중학교","서울병원"]}]}}}