{"result": {"stationName":"보평","stationID":1713,"type":107,"laneName":"에버라인","laneCity":"수도권","x":127.2184885,"y":37.2589815,"prevOBJ": {"station": [{"stationName":"고진","stationID":1712,"type":107,"laneName":"에버라인","laneCity":"수도권","x":127.214184,"y":37.2446525}]},"nextOBJ": {"station": [{"stationName":"둔전","stationID":1714,"type":107,"laneName":"에버라인","laneCity":"수도권","x":127.2136345,"y":37.2672035}]},"defaultInfo": {"address":"경기도 용인시 처인구 유방동 276-1","new_address":"경기도 용인시 처인구 경안천로 313","tel":"031-329-3570"},"useInfo": {"platform":2,"meetingPlace":0,"restroom":2,"offDoor":1,"crossOver":2,"publicPlace":0,"handicapCount":1,"parkingCount":0,"bicycleCount":1,"civilCount":0},"exitInfo": {"gate": [{"GateNo":"1","GateLink": ["용인성산초등학교","유림어린이집","강촌빌라"]},{"GateNo":"2","GateLink": ["위생처리장","용인시장애인종합복지관","오렌지 팩토리 아웃렛","도루코"],"BUSSTOP": [{"StopName":"보평역.장애인종합복지관","StopID":"163960","Bus": [{"BusNo":"70","Type":"1","BlID":"11109","BusCityName":"용인"}]},{"StopName":"보평역.장애인종합복지관","StopID":"163961","Bus": [{"BusNo":"70","Type":"1","BlID":"11109","BusCityName":"용인"}]}]}]}}}