{"result": {"stationName":"둔전","stationID":1714,"type":107,"laneName":"에버라인","laneCity":"수도권","x":127.2136345,"y":37.2672035,"prevOBJ": {"station": [{"stationName":"보평","stationID":1713,"type":107,"laneName":"에버라인","laneCity":"수도권","x":127.2184885,"y":37.2589815}]},"nextOBJ": {"station": [{"stationName":"전대.에버랜드","stationID":1715,"type":107,"laneName":"에버라인","laneCity":"수도권","x":127.2195015,"y":37.2854085}]},"defaultInfo": {"address":"경기도 용인시 처인구 포곡읍 둔전리 406-93","new_address":"경기도 용인시 처인구 포곡읍 포곡로 70","tel":"031-329-3570"},"useInfo": {"platform":2,"meetingPlace":0,"restroom":2,"offDoor":1,"crossOver":2,"publicPlace":0,"handicapCount":1,"parkingCount":0,"bicycleCount":1,"civilCount":0},"exitInfo": {"gate": [{"GateNo":"1","GateLink": ["국풍빌라","윤약국"]},{"GateNo":"2","GateLink": ["인정프린스 APT","둔전 12리 마을회관","선경타운"]}]}}}