{"result": {"stationName":"전대.에버랜드","stationID":1715,"type":107,"laneName":"에버라인","laneCity":"수도권","x":127.2195015,"y":37.2854085,"prevOBJ": {"station": [{"stationName":"둔전","stationID":1714,"type":107,"laneName":"에버라인","laneCity":"수도권","x":127.2136345,"y":37.2672035}]},"defaultInfo": {"address":"경기도 용인시 처인구 포곡읍 전대리 192-38","new_address":"경기도 용인시 처인구 포곡읍 에버랜드로 143","tel":"031-329-3570"},"useInfo": {"platform":2,"meetingPlace":0,"restroom":2,"offDoor":1,"crossOver":2,"publicPlace":0,"handicapCount":1,"parkingCount":0,"bicycleCount":1,"civilCount":0},"exitInfo": {"gate": [{"GateNo":"1","GateLink": ["포곡 초등학교"],"BUSSTOP": [{"StopName":"포곡초등학교후문","StopID":"118074","Bus": [{"BusNo":"66-4","Type":"1","BlID":"11006","BusCityName":"용인"},{"BusNo":"66","Type":"1","BlID":"11007","BusCityName":"용인"},{"BusNo":"85","Type":"1","BlID":"11078","BusCityName":"용인"},{"BusNo":"90","Type":"1","BlID":"11086","BusCityName":"용인"},{"BusNo":"90-1","Type":"1","BlID":"11100","BusCityName":"용인"}]},{"StopName":"포곡초등학교후문","StopID":"118077","Bus": [{"BusNo":"66-4","Type":"1","BlID":"11006","BusCityName":"용인"},{"BusNo":"66","Type":"1","BlID":"11007","BusCityName":"용인"},{"BusNo":"85","Type":"1","BlID":"11078","BusCityName":"용인"},{"BusNo":"90","Type":"1","BlID":"11086","BusCityName":"용인"},{"BusNo":"90-1","Type":"1","BlID":"11100","BusCityName":"용인"}]}]},{"GateNo":"2","GateLink": ["장미 APT","포곡 어린이집"],"BUSSTOP": [{"StopName":"전대리","StopID":"186475","Bus": [{"BusNo":"66-4","Type":"1","BlID":"11006","BusCityName":"용인"},{"BusNo":"66","Type":"1","BlID":"11007","BusCityName":"용인"},{"BusNo":"85","Type":"1","BlID":"11078","BusCityName":"용인"},{"BusNo":"90","Type":"1","BlID":"11086","BusCityName":"용인"},{"BusNo":"90-1","Type":"1","BlID":"11100","BusCityName":"용인"}]},{"StopName":"포곡농협전대지점","StopID":"186476","Bus": [{"BusNo":"66-4","Type":"1","BlID":"11006","BusCityName":"용인"},{"BusNo":"66","Type":"1","BlID":"11007","BusCityName":"용인"},{"BusNo":"85","Type":"1","BlID":"11078","BusCityName":"용인"},{"BusNo":"90","Type":"1","BlID":"11086","BusCityName":"용인"},{"BusNo":"90-1","Type":"1","BlID":"11100","BusCityName":"용인"}]}]},{"GateNo":"3","GateLink": ["에버랜드","에버랜드 주차장","에버랜드 셔틀관광"],"BUSSTOP": [{"StopName":"에버랜드입구","StopID":"127157","Bus": [{"BusNo":"90","Type":"1","BlID":"11086","BusCityName":"용인"},{"BusNo":"90-1","Type":"1","BlID":"11100","BusCityName":"용인"}]},{"StopName":"리조트지원센터","StopID":"174410","Bus": [{"BusNo":"5700","Type":"4","BlID":"11036","BusCityName":"용인"},{"BusNo":"5002","Type":"4","BlID":"11203","BusCityName":"용인"}]},{"StopName":"전대교앞","StopID":"186971","Bus": [{"BusNo":"66-4","Type":"1","BlID":"11006","BusCityName":"용인"},{"BusNo":"66","Type":"1","BlID":"11007","BusCityName":"용인"},{"BusNo":"85","Type":"1","BlID":"11078","BusCityName":"용인"},{"BusNo":"5700","Type":"4","BlID":"11036","BusCityName":"용인"},{"BusNo":"5002","Type":"4","BlID":"11203","BusCityName":"용인"}]},{"StopName":"전대교앞","StopID":"186976","Bus": [{"BusNo":"66-4","Type":"1","BlID":"11006","BusCityName":"용인"},{"BusNo":"66","Type":"1","BlID":"11007","BusCityName":"용인"},{"BusNo":"85","Type":"1","BlID":"11078","BusCityName":"용인"},{"BusNo":"5700","Type":"4","BlID":"11036","BusCityName":"용인"},{"BusNo":"5002","Type":"4","BlID":"11203","BusCityName":"용인"}]}]},{"GateNo":"4","GateLink": ["항공 APT"],"BUSSTOP": [{"StopName":"부대앞","StopID":"186970","Bus": [{"BusNo":"85","Type":"1","BlID":"11078","BusCityName":"용인"},{"BusNo":"90-1","Type":"1","BlID":"11100","BusCityName":"용인"},{"BusNo":"1500-2","Type":"4","BlID":"10043","BusCityName":"광주"},{"BusNo":"1113","Type":"4","BlID":"10085","BusCityName":"광주"}]},{"StopName":"부대앞","StopID":"186977","Bus": [{"BusNo":"85","Type":"1","BlID":"11078","BusCityName":"용인"},{"BusNo":"90-1","Type":"1","BlID":"11100","BusCityName":"용인"},{"BusNo":"1500-2","Type":"4","BlID":"10043","BusCityName":"광주"},{"BusNo":"1113","Type":"4","BlID":"10085","BusCityName":"광주"}]},{"StopName":"에버랜드","StopID":"197799","Bus": [{"BusNo":"66-4","Type":"1","BlID":"11006","BusCityName":"용인"},{"BusNo":"66","Type":"1","BlID":"11007","BusCityName":"용인"},{"BusNo":"670","Type":"1","BlID":"11015","BusCityName":"용인"},{"BusNo":"90-1","Type":"1","BlID":"11100","BusCityName":"용인"},{"BusNo":"1500-2","Type":"4","BlID":"10043","BusCityName":"광주"},{"BusNo":"1113","Type":"4","BlID":"10085","BusCityName":"광주"},{"BusNo":"5700","Type":"4","BlID":"11036","BusCityName":"용인"},{"BusNo":"5002","Type":"4","BlID":"11203","BusCityName":"용인"},{"BusNo":"8478","Type":"22","BlID":"11133","BusCityName":"용인"},{"BusNo":"8839","Type":"22","BlID":"11134","BusCityName":"용인"},{"BusNo":"8862","Type":"22","BlID":"11135","BusCityName":"용인"}]}]}]}}}