{"result": {"stationName":"가산디지털단지","stationID":172,"type":1,"laneName":"수도권 1호선","laneCity":"수도권","x":126.8826538,"y":37.4814412,"exOBJ": {"station": [{"stationName":"가산디지털단지","stationID":746,"type":7,"laneName":"수도권 7호선","laneCity":"수도권"}]},"prevOBJ": {"station": [{"stationName":"구로","stationID":141,"type":1,"laneName":"수도권 1호선","laneCity":"수도권","x":126.8822776,"y":37.5029185}]},"nextOBJ": {"station": [{"stationName":"독산","stationID":173,"type":1,"laneName":"수도권 1호선","laneCity":"수도권","x":126.8893577,"y":37.4662045}]},"defaultInfo": {"address":"서울특별시 금천구 가산동 468-4","new_address":"서울특별시 금천구 벚꽃로 309","tel":"1544-7788"},"useInfo": {"platform":2,"meetingPlace":0,"restroom":2,"offDoor":0,"crossOver":2,"publicPlace":0,"handicapCount":1,"parkingCount":0,"bicycleCount":1,"civilCount":0},"exitInfo": {"gate": [{"GateNo":"1","GateLink": ["디지털단지5거리","상설할인매장","가리봉2동주민센터","구로3동주민센터","영일초등학교","구로4치안센터"],"BUSSTOP": [{"StopName":"가산디지털단지역","StopID":"123640","Bus": [{"BusNo":"5616","Type":"12","BlID":"1134","BusCityName":"서울"},{"BusNo":"5712","Type":"12","BlID":"1152","BusCityName":"서울"},{"BusNo":"5537","Type":"12","BlID":"1473","BusCityName":"서울"}]},{"StopName":"가산디지털단지역","StopID":"193561","Bus": [{"BusNo":"6004","Type":"5","BlID":"1805","BusCityName":"서울"}]},{"StopName":"가산디지털단지역","StopID":"196216","Bus": [{"BusNo":"금천03","Type":"3","BlID":"1528","BusCityName":"서울"}]}]},{"GateNo":"2","GateLink": ["남부순환로"],"BUSSTOP": [{"StopName":"가산디지털단지역","StopID":"123678","Bus": [{"BusNo":"5616","Type":"12","BlID":"1134","BusCityName":"서울"},{"BusNo":"5712","Type":"12","BlID":"1152","BusCityName":"서울"}]},{"StopName":"가산디지털단지역","StopID":"196217","Bus": [{"BusNo":"금천03","Type":"3","BlID":"1528","BusCityName":"서울"}]}]},{"GateNo":"3","GateLink": ["가리봉시장"],"BUSSTOP": [{"StopName":"국민연금관리공단앞","StopID":"126894","Bus": [{"BusNo":"금천07","Type":"3","BlID":"509","BusCityName":"서울"},{"BusNo":"5537","Type":"12","BlID":"1473","BusCityName":"서울"}]}]},{"GateNo":"4","GateLink": ["서울디자털산업2단지","국민연금공단구로.금천지사","가산치안센터"],"BUSSTOP": [{"StopName":"가산디지털단지역","StopID":"193560","Bus": [{"BusNo":"6004","Type":"5","BlID":"1805","BusCityName":"서울"}]}]},{"GateNo":"5","GateLink": ["서울디지털산업3단지","가산문화센터","청소년쉼터","구로세관","디지털단지로","우림라이온스밸리","세계일보","KSA한국준협회","한국어촌어항협회","ROHM세미컨덕터코리아"],"BUSSTOP": [{"StopName":"디지털3단지.(주)로옴코리아","StopID":"101783","Bus": [{"BusNo":"653","Type":"11","BlID":"515","BusCityName":"서울"},{"BusNo":"571","Type":"11","BlID":"1150","BusCityName":"서울"},{"BusNo":"652","Type":"11","BlID":"1219","BusCityName":"서울"},{"BusNo":"5528","Type":"12","BlID":"1120","BusCityName":"서울"},{"BusNo":"5012","Type":"12","BlID":"1452","BusCityName":"서울"}]},{"StopName":"7호선가산디지털단지역","StopID":"162754","Bus": [{"BusNo":"75","Type":"1","BlID":"7055","BusCityName":"부천"},{"BusNo":"21","Type":"1","BlID":"12506","BusCityName":"광명"},{"BusNo":"금천05","Type":"3","BlID":"1540","BusCityName":"서울"}]}]},{"GateNo":"6","GateLink": ["서울디지털운동장","서부간선도로","외환은행 가산디지털기업금융","우림라이온스밸리"],"BUSSTOP": [{"StopName":"가산디지털단지역","StopID":"101810","Bus": [{"BusNo":"75","Type":"1","BlID":"7055","BusCityName":"부천"},{"BusNo":"653","Type":"11","BlID":"515","BusCityName":"서울"},{"BusNo":"571","Type":"11","BlID":"1150","BusCityName":"서울"},{"BusNo":"652","Type":"11","BlID":"1219","BusCityName":"서울"},{"BusNo":"5528","Type":"12","BlID":"1120","BusCityName":"서울"},{"BusNo":"5012","Type":"12","BlID":"1452","BusCityName":"서울"}]},{"StopName":"디지털3단지.한일합섬","StopID":"111630","Bus": [{"BusNo":"5528","Type":"12","BlID":"1120","BusCityName":"서울"},{"BusNo":"5012","Type":"12","BlID":"1452","BusCityName":"서울"}]},{"StopName":"가산디지털단지역1호선앞","StopID":"196229","Bus": [{"BusNo":"금천05","Type":"3","BlID":"1540","BusCityName":"서울"}]},{"StopName":"가산디지털단지역1호선","StopID":"196230","Bus": [{"BusNo":"금천05","Type":"3","BlID":"1540","BusCityName":"서울"}]}]},{"GateNo":"7","GateLink": ["구로세관","광명시(하안동.철산동) 3공단"],"BUSSTOP": [{"StopName":"가산디지털단지역","StopID":"101814","Bus": [{"BusNo":"75","Type":"1","BlID":"7055","BusCityName":"부천"},{"BusNo":"21","Type":"1","BlID":"12506","BusCityName":"광명"},{"BusNo":"653","Type":"11","BlID":"515","BusCityName":"서울"},{"BusNo":"571","Type":"11","BlID":"1150","BusCityName":"서울"},{"BusNo":"652","Type":"11","BlID":"1219","BusCityName":"서울"},{"BusNo":"5528","Type":"12","BlID":"1120","BusCityName":"서울"},{"BusNo":"5012","Type":"12","BlID":"1452","BusCityName":"서울"}]}]}]}}}