{"result": {"stationName":"독산","stationID":173,"type":1,"laneName":"수도권 1호선","laneCity":"수도권","x":126.8893577,"y":37.4662045,"prevOBJ": {"station": [{"stationName":"가산디지털단지","stationID":172,"type":1,"laneName":"수도권 1호선","laneCity":"수도권","x":126.8826538,"y":37.4814412}]},"nextOBJ": {"station": [{"stationName":"금천구청","stationID":174,"type":1,"laneName":"수도권 1호선","laneCity":"수도권","x":126.8940234,"y":37.4556519}]},"defaultInfo": {"address":"서울특별시 금천구 가산동 717","new_address":"서울특별시 금천구 벚꽃로 115","tel":"1544-7788"},"useInfo": {"platform":2,"meetingPlace":0,"restroom":2,"offDoor":0,"crossOver":2,"publicPlace":0,"handicapCount":1,"parkingCount":0,"bicycleCount":1,"civilCount":0},"exitInfo": {"gate": [{"GateNo":"1","GateLink": ["두산초등학교","진도2차아파트","가산중학교","삼환아파트","독산우시장","독산1동주민센터","독산지구대","대흥아파트","삼익아파트","금천장애인종합복지관","서강전문학교"],"BUSSTOP": [{"StopName":"독산역","StopID":"102019","Bus": [{"BusNo":"금천06","Type":"3","BlID":"1543","BusCityName":"서울"}]},{"StopName":"독산역","StopID":"102023","Bus": [{"BusNo":"금천07","Type":"3","BlID":"509","BusCityName":"서울"},{"BusNo":"금천01","Type":"3","BlID":"1521","BusCityName":"서울"},{"BusNo":"금천06","Type":"3","BlID":"1543","BusCityName":"서울"},{"BusNo":"금천08","Type":"3","BlID":"1548","BusCityName":"서울"}]},{"StopName":"독산역","StopID":"195936","Bus": [{"BusNo":"금천07","Type":"3","BlID":"509","BusCityName":"서울"},{"BusNo":"금천01","Type":"3","BlID":"1521","BusCityName":"서울"},{"BusNo":"금천08","Type":"3","BlID":"1548","BusCityName":"서울"}]}]},{"GateNo":"2","GateLink": ["독산빗물펌프장","하안남초등학교","하안중학교","연서초등학교","하안주공10.11단지","하안주공12단지","안천초등학교","안천중학교","구로세관","기업은행 독산역지점","한국어촌어항협회"],"BUSSTOP": [{"StopName":"독산역","StopID":"101927","Bus": [{"BusNo":"75","Type":"1","BlID":"7055","BusCityName":"부천"},{"BusNo":"27","Type":"1","BlID":"12509","BusCityName":"광명"}]},{"StopName":"독산역","StopID":"101933","Bus": [{"BusNo":"75","Type":"1","BlID":"7055","BusCityName":"부천"},{"BusNo":"27","Type":"1","BlID":"12509","BusCityName":"광명"}]},{"StopName":"독산역","StopID":"193871","Bus": [{"BusNo":"금천05","Type":"3","BlID":"1540","BusCityName":"서울"}]},{"StopName":"독산역","StopID":"193872","Bus": [{"BusNo":"금천05","Type":"3","BlID":"1540","BusCityName":"서울"}]}]}]}}}