{"result": {"stationName":"금천구청","stationID":174,"type":1,"laneName":"수도권 1호선","laneCity":"수도권","x":126.8940234,"y":37.4556519,"prevOBJ": {"station": [{"stationName":"독산","stationID":173,"type":1,"laneName":"수도권 1호선","laneCity":"수도권","x":126.8893577,"y":37.4662045}]},"nextOBJ": {"station": [{"stationName":"석수","stationID":175,"type":1,"laneName":"수도권 1호선","laneCity":"수도권","x":126.9022456,"y":37.4351664},{"stationName":"광명","stationID":1175,"type":1,"laneName":"수도권 1호선","laneCity":"수도권","x":126.8845405,"y":37.4160066}]},"defaultInfo": {"address":"서울특별시 금천구 시흥동 113-77","new_address":"서울특별시 금천구 시흥대로 63길 91","tel":"1544-7788"},"useInfo": {"platform":2,"meetingPlace":0,"restroom":2,"offDoor":1,"crossOver":2,"publicPlace":0,"handicapCount":1,"parkingCount":0,"bicycleCount":1,"civilCount":1},"exitInfo": {"gate": [{"GateNo":"1","GateLink": ["시흥1동주민센터","금천구청","시흥초등학교","문일고등학교","시흥1동우체국","한신아파트","문일중학교","안천초등학교","베르빌아파트","라이프아파트","안천중학교","시흥동","독산동방면","금천구청"],"BUSSTOP": [{"StopName":"금천구종합청사.금천구청역","StopID":"123576","Bus": [{"BusNo":"금천07","Type":"3","BlID":"509","BusCityName":"서울"},{"BusNo":"금천02","Type":"3","BlID":"1525","BusCityName":"서울"},{"BusNo":"금천04","Type":"3","BlID":"1535","BusCityName":"서울"},{"BusNo":"금천06","Type":"3","BlID":"1543","BusCityName":"서울"},{"BusNo":"금천08","Type":"3","BlID":"1548","BusCityName":"서울"}]},{"StopName":"금천구종합청사.금천구청역","StopID":"193907","Bus": [{"BusNo":"금천07","Type":"3","BlID":"509","BusCityName":"서울"},{"BusNo":"금천01","Type":"3","BlID":"1521","BusCityName":"서울"},{"BusNo":"금천06","Type":"3","BlID":"1543","BusCityName":"서울"}]}]}]}}}