{"result": {"stationName":"석수","stationID":175,"type":1,"laneName":"수도권 1호선","laneCity":"수도권","x":126.9022456,"y":37.4351664,"prevOBJ": {"station": [{"stationName":"금천구청","stationID":174,"type":1,"laneName":"수도권 1호선","laneCity":"수도권","x":126.8940234,"y":37.4556519}]},"nextOBJ": {"station": [{"stationName":"관악","stationID":176,"type":1,"laneName":"수도권 1호선","laneCity":"수도권","x":126.9084942,"y":37.4195908}]},"defaultInfo": {"address":"경기도 안양시 만안구 석수동 737","new_address":"경기도 안양시 만안구 경수대로 1431","tel":"1544-7788"},"useInfo": {"platform":2,"meetingPlace":0,"restroom":4,"offDoor":1,"crossOver":2,"publicPlace":0,"handicapCount":1,"parkingCount":0,"bicycleCount":1,"civilCount":0},"exitInfo": {"gate": [{"GateNo":"1","GateLink": ["석수역푸르지오","덕수아파트","대림 e편한세상","우편취급소","장미아파트","공영아파트","미도아파트","석수1동","시흥3동","경수(시흥)대로"],"BUSSTOP": [{"StopName":"석수역","StopID":"102400","Bus": [{"BusNo":"51","Type":"1","BlID":"6001","BusCityName":"안양"},{"BusNo":"9","Type":"1","BlID":"6010","BusCityName":"안양"},{"BusNo":"1","Type":"1","BlID":"6015","BusCityName":"안양"},{"BusNo":"5","Type":"1","BlID":"6071","BusCityName":"안양"},{"BusNo":"900","Type":"1","BlID":"9660","BusCityName":"수원"},{"BusNo":"5602","Type":"1","BlID":"11518","BusCityName":"시흥"},{"BusNo":"101","Type":"1","BlID":"12517","BusCityName":"광명"},{"BusNo":"3002","Type":"4","BlID":"12513","BusCityName":"광명"},{"BusNo":"3001","Type":"4","BlID":"12516","BusCityName":"광명"},{"BusNo":"6004","Type":"5","BlID":"1805","BusCityName":"서울"},{"BusNo":"5530","Type":"12","BlID":"1122","BusCityName":"서울"},{"BusNo":"5531","Type":"12","BlID":"1123","BusCityName":"서울"},{"BusNo":"5624","Type":"12","BlID":"1142","BusCityName":"서울"},{"BusNo":"5625","Type":"12","BlID":"1143","BusCityName":"서울"},{"BusNo":"5626","Type":"12","BlID":"1144","BusCityName":"서울"},{"BusNo":"5713","Type":"12","BlID":"1153","BusCityName":"서울"},{"BusNo":"5618","Type":"12","BlID":"1443","BusCityName":"서울"},{"BusNo":"5623","Type":"12","BlID":"1444","BusCityName":"서울"}]},{"StopName":"석수역","StopID":"102432","Bus": [{"BusNo":"51","Type":"1","BlID":"6001","BusCityName":"안양"},{"BusNo":"1","Type":"1","BlID":"6015","BusCityName":"안양"},{"BusNo":"9-3","Type":"1","BlID":"6022","BusCityName":"안양"},{"BusNo":"5","Type":"1","BlID":"6071","BusCityName":"안양"},{"BusNo":"900","Type":"1","BlID":"9660","BusCityName":"수원"},{"BusNo":"5602","Type":"1","BlID":"11518","BusCityName":"시흥"},{"BusNo":"101","Type":"1","BlID":"12517","BusCityName":"광명"},{"BusNo":"388","Type":"1","BlID":"13117","BusCityName":"김포"},{"BusNo":"3002","Type":"4","BlID":"12513","BusCityName":"광명"},{"BusNo":"3001","Type":"4","BlID":"12516","BusCityName":"광명"},{"BusNo":"6004","Type":"5","BlID":"1805","BusCityName":"서울"},{"BusNo":"500","Type":"11","BlID":"1087","BusCityName":"서울"},{"BusNo":"5530","Type":"12","BlID":"1122","BusCityName":"서울"},{"BusNo":"5531","Type":"12","BlID":"1123","BusCityName":"서울"},{"BusNo":"5624","Type":"12","BlID":"1142","BusCityName":"서울"},{"BusNo":"5625","Type":"12","BlID":"1143","BusCityName":"서울"},{"BusNo":"5626","Type":"12","BlID":"1144","BusCityName":"서울"},{"BusNo":"5713","Type":"12","BlID":"1153","BusCityName":"서울"},{"BusNo":"5618","Type":"12","BlID":"1443","BusCityName":"서울"},{"BusNo":"5623","Type":"12","BlID":"1444","BusCityName":"서울"}]},{"StopName":"석수역1호선","StopID":"162762","Bus": [{"BusNo":"388","Type":"1","BlID":"13117","BusCityName":"김포"},{"BusNo":"5601","Type":"2","BlID":"6529","BusCityName":"안산"},{"BusNo":"1-3","Type":"3","BlID":"12520","BusCityName":"광명"},{"BusNo":"1","Type":"3","BlID":"12521","BusCityName":"광명"}]},{"StopName":"석수역","StopID":"174199","Bus": [{"BusNo":"5601","Type":"2","BlID":"6529","BusCityName":"안산"},{"BusNo":"1-3","Type":"3","BlID":"12520","BusCityName":"광명"},{"BusNo":"1","Type":"3","BlID":"12521","BusCityName":"광명"},{"BusNo":"507","Type":"11","BlID":"1406","BusCityName":"서울"}]}]},{"GateNo":"2","GateLink": ["석수LG빌리지","연현초.중학교","석수2동","연현마을"],"BUSSTOP": [{"StopName":"석수역","StopID":"116087","Bus": [{"BusNo":"5-2","Type":"1","BlID":"6002","BusCityName":"안양"},{"BusNo":"80","Type":"1","BlID":"6012","BusCityName":"안양"},{"BusNo":"6","Type":"1","BlID":"6017","BusCityName":"안양"}]}]}]}}}