{"result": {"stationName":"관악","stationID":176,"type":1,"laneName":"수도권 1호선","laneCity":"수도권","x":126.9084942,"y":37.4195908,"prevOBJ": {"station": [{"stationName":"석수","stationID":175,"type":1,"laneName":"수도권 1호선","laneCity":"수도권","x":126.9022456,"y":37.4351664}]},"nextOBJ": {"station": [{"stationName":"안양","stationID":177,"type":1,"laneName":"수도권 1호선","laneCity":"수도권","x":126.922665,"y":37.4019427}]},"defaultInfo": {"address":"경기도 안양시 만안구 석수동 110-21","new_address":"경기도 안양시 만안구 경수대로 1273번길 46","tel":"1544-7788"},"useInfo": {"platform":2,"meetingPlace":0,"restroom":4,"offDoor":1,"crossOver":2,"publicPlace":0,"handicapCount":1,"parkingCount":1,"bicycleCount":1,"civilCount":0},"exitInfo": {"gate": [{"GateNo":"1","GateLink": ["관악치안센터","석수2동주민센터","현대아파트","대교아파트","KT석수지사","경일아파트","석수아파트","석수2동주민센터","석수시장"],"BUSSTOP": [{"StopName":"관악역","StopID":"117318","Bus": [{"BusNo":"9","Type":"1","BlID":"6010","BusCityName":"안양"},{"BusNo":"80","Type":"1","BlID":"6012","BusCityName":"안양"},{"BusNo":"6","Type":"1","BlID":"6017","BusCityName":"안양"},{"BusNo":"11-1","Type":"1","BlID":"6026","BusCityName":"안양"},{"BusNo":"9","Type":"3","BlID":"6057","BusCityName":"안양"},{"BusNo":"1-1","Type":"3","BlID":"12524","BusCityName":"광명"}]}]},{"GateNo":"2","GateLink": ["석수1동주민센터","삼성초등학교","대림아파트","삼성아파트","삼영아파트","경남아너스빌","대주파크빌","현대홈타운","안양예술공원","석수1동","관악산"],"BUSSTOP": [{"StopName":"관악역","StopID":"102636","Bus": [{"BusNo":"51","Type":"1","BlID":"6001","BusCityName":"안양"},{"BusNo":"5-2","Type":"1","BlID":"6002","BusCityName":"안양"},{"BusNo":"1","Type":"1","BlID":"6015","BusCityName":"안양"},{"BusNo":"11-1","Type":"1","BlID":"6026","BusCityName":"안양"},{"BusNo":"20","Type":"1","BlID":"6031","BusCityName":"안양"},{"BusNo":"900","Type":"1","BlID":"9660","BusCityName":"수원"},{"BusNo":"6-3","Type":"3","BlID":"6053","BusCityName":"안양"},{"BusNo":"6-2","Type":"3","BlID":"6059","BusCityName":"안양"},{"BusNo":"5530","Type":"12","BlID":"1122","BusCityName":"서울"},{"BusNo":"5624","Type":"12","BlID":"1142","BusCityName":"서울"},{"BusNo":"5625","Type":"12","BlID":"1143","BusCityName":"서울"},{"BusNo":"5626","Type":"12","BlID":"1144","BusCityName":"서울"},{"BusNo":"5713","Type":"12","BlID":"1153","BusCityName":"서울"},{"BusNo":"8450","Type":"22","BlID":"9639","BusCityName":"수원"}]},{"StopName":"관악역","StopID":"102646","Bus": [{"BusNo":"51","Type":"1","BlID":"6001","BusCityName":"안양"},{"BusNo":"5-2","Type":"1","BlID":"6002","BusCityName":"안양"},{"BusNo":"1","Type":"1","BlID":"6015","BusCityName":"안양"},{"BusNo":"11-1","Type":"1","BlID":"6026","BusCityName":"안양"},{"BusNo":"20","Type":"1","BlID":"6031","BusCityName":"안양"},{"BusNo":"900","Type":"1","BlID":"9660","BusCityName":"수원"},{"BusNo":"6-3","Type":"3","BlID":"6053","BusCityName":"안양"},{"BusNo":"6-2","Type":"3","BlID":"6059","BusCityName":"안양"},{"BusNo":"5530","Type":"12","BlID":"1122","BusCityName":"서울"},{"BusNo":"5624","Type":"12","BlID":"1142","BusCityName":"서울"},{"BusNo":"5625","Type":"12","BlID":"1143","BusCityName":"서울"},{"BusNo":"5626","Type":"12","BlID":"1144","BusCityName":"서울"},{"BusNo":"5713","Type":"12","BlID":"1153","BusCityName":"서울"},{"BusNo":"8450","Type":"22","BlID":"9639","BusCityName":"수원"}]}]}]}}}