{"result": {"stationName":"안양","stationID":177,"type":1,"laneName":"수도권 1호선","laneCity":"수도권","x":126.922665,"y":37.4019427,"prevOBJ": {"station": [{"stationName":"관악","stationID":176,"type":1,"laneName":"수도권 1호선","laneCity":"수도권","x":126.9084942,"y":37.4195908}]},"nextOBJ": {"station": [{"stationName":"명학","stationID":178,"type":1,"laneName":"수도권 1호선","laneCity":"수도권","x":126.9355962,"y":37.3844439}]},"defaultInfo": {"address":"경기도 안양시 만안구 안양동 88-1","new_address":"경기도 안양시 만안구 만안로 232","tel":"1544-7788"},"useInfo": {"platform":2,"meetingPlace":0,"restroom":2,"offDoor":1,"crossOver":2,"publicPlace":0,"handicapCount":1,"parkingCount":0,"bicycleCount":1,"civilCount":0},"exitInfo": {"gate": [{"GateNo":"1","GateLink": ["안양지구대","중앙치안센터","만안초등학교","안양여자중학교","안양2동주민센터","안양4동우체국","안양공업고등학교","안양여자고등학교","안양과학대학","대한생명 안양고객센터","안양대학교","교보생명","안양종합고용지원센터","안양3동주민센터"],"BUSSTOP": [{"StopName":"안양역","StopID":"116720","Bus": [{"BusNo":"6-3","Type":"1","BlID":"6004","BusCityName":"안양"},{"BusNo":"81","Type":"1","BlID":"6013","BusCityName":"안양"},{"BusNo":"6","Type":"1","BlID":"6017","BusCityName":"안양"},{"BusNo":"11","Type":"1","BlID":"12502","BusCityName":"광명"},{"BusNo":"12","Type":"1","BlID":"12507","BusCityName":"광명"},{"BusNo":"2","Type":"1","BlID":"12518","BusCityName":"광명"},{"BusNo":"9","Type":"3","BlID":"6057","BusCityName":"안양"},{"BusNo":"2","Type":"3","BlID":"6058","BusCityName":"안양"}]},{"StopName":"안양역","StopID":"185986","Bus": [{"BusNo":"6-3","Type":"1","BlID":"6004","BusCityName":"안양"},{"BusNo":"6","Type":"1","BlID":"6017","BusCityName":"안양"},{"BusNo":"15-1","Type":"1","BlID":"6050","BusCityName":"안양"},{"BusNo":"1","Type":"3","BlID":"6055","BusCityName":"안양"},{"BusNo":"9","Type":"3","BlID":"6057","BusCityName":"안양"},{"BusNo":"2","Type":"3","BlID":"6058","BusCityName":"안양"},{"BusNo":"3-1","Type":"3","BlID":"6060","BusCityName":"안양"},{"BusNo":"3","Type":"3","BlID":"6061","BusCityName":"안양"},{"BusNo":"333","Type":"4","BlID":"5032","BusCityName":"성남"},{"BusNo":"3330","Type":"4","BlID":"5063","BusCityName":"성남"},{"BusNo":"1650","Type":"4","BlID":"10023","BusCityName":"광주"},{"BusNo":"1303","Type":"4","BlID":"10095","BusCityName":"광주"}]}]},{"GateNo":"2","GateLink": ["양명고등학교","대우아파트","진흥아파트","삼성래미안 아파트","안양1동 주민센터","대림대학"],"BUSSTOP": [{"StopName":"안양역.롯데백화점","StopID":"199728","Bus": [{"BusNo":"5-1","Type":"3","BlID":"6054","BusCityName":"안양"}]}]}]}}}