{"result": {"stationName":"명학","stationID":178,"type":1,"laneName":"수도권 1호선","laneCity":"수도권","x":126.9355962,"y":37.3844439,"prevOBJ": {"station": [{"stationName":"안양","stationID":177,"type":1,"laneName":"수도권 1호선","laneCity":"수도권","x":126.922665,"y":37.4019427}]},"nextOBJ": {"station": [{"stationName":"금정","stationID":179,"type":1,"laneName":"수도권 1호선","laneCity":"수도권","x":126.9434235,"y":37.3722234}]},"defaultInfo": {"address":"경기도 안양시 만안구 안양동 1163-1","new_address":"경기도 안양시 만안구 만안로 20","tel":"1544-7788"},"useInfo": {"platform":2,"meetingPlace":0,"restroom":2,"offDoor":1,"crossOver":2,"publicPlace":0,"handicapCount":1,"parkingCount":0,"bicycleCount":1,"civilCount":0},"exitInfo": {"gate": [{"GateNo":"1","GateLink": ["안양시립만안도서관","명학초등학교","만안여성회관","명학지구대","안양아트센터","안양8동주민센터","만안구청","성결대학교","국립농산물품질관리원 경기지원"],"BUSSTOP": [{"StopName":"명학역","StopID":"115272","Bus": [{"BusNo":"5","Type":"1","BlID":"6071","BusCityName":"안양"},{"BusNo":"64","Type":"1","BlID":"9520","BusCityName":"수원"},{"BusNo":"65","Type":"1","BlID":"10094","BusCityName":"광주"},{"BusNo":"10-2","Type":"3","BlID":"6065","BusCityName":"안양"},{"BusNo":"10-1","Type":"3","BlID":"6067","BusCityName":"안양"}]},{"StopName":"명학역","StopID":"115273","Bus": [{"BusNo":"5","Type":"1","BlID":"6071","BusCityName":"안양"},{"BusNo":"64","Type":"1","BlID":"9520","BusCityName":"수원"},{"BusNo":"65","Type":"1","BlID":"10094","BusCityName":"광주"},{"BusNo":"10-2","Type":"3","BlID":"6065","BusCityName":"안양"},{"BusNo":"10-1","Type":"3","BlID":"6067","BusCityName":"안양"}]}]},{"GateNo":"2","GateLink": ["동아아파트","안양7동주민센터","안양고용노동지청","덕천초등학교"],"BUSSTOP": [{"StopName":"명학역","StopID":"199902","Bus": [{"BusNo":"5-3","Type":"3","BlID":"6056","BusCityName":"안양"}]},{"StopName":"명학역","StopID":"199903","Bus": [{"BusNo":"5-3","Type":"3","BlID":"6056","BusCityName":"안양"}]}]}]}}}