{"result": {"stationName":"금정","stationID":179,"type":1,"laneName":"수도권 1호선","laneCity":"수도권","x":126.9434235,"y":37.3722234,"exOBJ": {"station": [{"stationName":"금정","stationID":443,"type":4,"laneName":"수도권 4호선","laneCity":"수도권"}]},"prevOBJ": {"station": [{"stationName":"명학","stationID":178,"type":1,"laneName":"수도권 1호선","laneCity":"수도권","x":126.9355962,"y":37.3844439}]},"nextOBJ": {"station": [{"stationName":"군포","stationID":180,"type":1,"laneName":"수도권 1호선","laneCity":"수도권","x":126.9485358,"y":37.3537429}]},"defaultInfo": {"address":"경기도 군포시 금정동 613","new_address":"경기도 군포시 군포로 750","tel":"1544-7788"},"useInfo": {"platform":2,"meetingPlace":0,"restroom":2,"offDoor":0,"crossOver":2,"publicPlace":0,"handicapCount":1,"parkingCount":0,"bicycleCount":1,"civilCount":0},"exitInfo": {"gate": [{"GateNo":"1","GateLink": ["호원초등학교","공단입구"],"BUSSTOP": [{"StopName":"금정역","StopID":"204238","Bus": [{"BusNo":"6-2","Type":"3","BlID":"6059","BusCityName":"안양"}]}]},{"GateNo":"2","GateLink": ["공단입구"]},{"GateNo":"3","GateLink": ["벚꽃길","마을버스정류장"],"BUSSTOP": [{"StopName":"금정역","StopID":"103854","Bus": [{"BusNo":"20","Type":"1","BlID":"6031","BusCityName":"안양"},{"BusNo":"340-1","Type":"2","BlID":"16168","BusCityName":"화성"},{"BusNo":"1","Type":"3","BlID":"18709","BusCityName":"군포"},{"BusNo":"2","Type":"3","BlID":"18712","BusCityName":"군포"},{"BusNo":"5531","Type":"12","BlID":"1123","BusCityName":"서울"},{"BusNo":"5624","Type":"12","BlID":"1142","BusCityName":"서울"}]}]},{"GateNo":"4","GateLink": ["금정치안센터","금정초등학교","삼성아파트","금정동주민센터","한세대학교(농협앞 스쿨버스 정류장)"],"BUSSTOP": [{"StopName":"금정역","StopID":"103844","Bus": [{"BusNo":"20","Type":"1","BlID":"6031","BusCityName":"안양"},{"BusNo":"330","Type":"2","BlID":"16007","BusCityName":"화성"},{"BusNo":"330-1","Type":"2","BlID":"16018","BusCityName":"화성"},{"BusNo":"340-1","Type":"2","BlID":"16168","BusCityName":"화성"},{"BusNo":"10","Type":"3","BlID":"18701","BusCityName":"군포"},{"BusNo":"1","Type":"3","BlID":"18709","BusCityName":"군포"},{"BusNo":"2","Type":"3","BlID":"18712","BusCityName":"군포"},{"BusNo":"5531","Type":"12","BlID":"1123","BusCityName":"서울"},{"BusNo":"5624","Type":"12","BlID":"1142","BusCityName":"서울"}]}]},{"GateNo":"5","GateLink": ["산본주공2단지"],"BUSSTOP": [{"StopName":"금정역","StopID":"103823","Bus": [{"BusNo":"8-2","Type":"1","BlID":"6005","BusCityName":"안양"},{"BusNo":"88","Type":"1","BlID":"6009","BusCityName":"안양"},{"BusNo":"15","Type":"1","BlID":"6019","BusCityName":"안양"},{"BusNo":"15-2","Type":"1","BlID":"6020","BusCityName":"안양"},{"BusNo":"917","Type":"1","BlID":"6025","BusCityName":"안양"},{"BusNo":"11-2","Type":"1","BlID":"6027","BusCityName":"안양"},{"BusNo":"11-5","Type":"1","BlID":"6029","BusCityName":"안양"},{"BusNo":"3-1","Type":"1","BlID":"6047","BusCityName":"안양"},{"BusNo":"31-7","Type":"1","BlID":"6528","BusCityName":"안산"},{"BusNo":"10","Type":"3","BlID":"18701","BusCityName":"군포"},{"BusNo":"3030","Type":"4","BlID":"6052","BusCityName":"안양"},{"BusNo":"8407","Type":"6","BlID":"6566","BusCityName":"안산"},{"BusNo":"541","Type":"11","BlID":"1068","BusCityName":"서울"},{"BusNo":"542","Type":"11","BlID":"1359","BusCityName":"서울"},{"BusNo":"5530","Type":"12","BlID":"1122","BusCityName":"서울"},{"BusNo":"5623","Type":"12","BlID":"1444","BusCityName":"서울"}]}]},{"GateNo":"6","GateLink": ["금정시장","산본주공4단지","산본시장","산본2동우체국","산본초등학교","사회복지법인 엘림복지회"],"BUSSTOP": [{"StopName":"금정역","StopID":"103824","Bus": [{"BusNo":"8-2","Type":"1","BlID":"6005","BusCityName":"안양"},{"BusNo":"87","Type":"1","BlID":"6006","BusCityName":"안양"},{"BusNo":"88","Type":"1","BlID":"6009","BusCityName":"안양"},{"BusNo":"15","Type":"1","BlID":"6019","BusCityName":"안양"},{"BusNo":"15-2","Type":"1","BlID":"6020","BusCityName":"안양"},{"BusNo":"917","Type":"1","BlID":"6025","BusCityName":"안양"},{"BusNo":"11-2","Type":"1","BlID":"6027","BusCityName":"안양"},{"BusNo":"11-5","Type":"1","BlID":"6029","BusCityName":"안양"},{"BusNo":"3-1","Type":"1","BlID":"6047","BusCityName":"안양"},{"BusNo":"31-7","Type":"1","BlID":"6528","BusCityName":"안산"},{"BusNo":"10","Type":"3","BlID":"18701","BusCityName":"군포"},{"BusNo":"9","Type":"3","BlID":"18702","BusCityName":"군포"},{"BusNo":"6","Type":"3","BlID":"18710","BusCityName":"군포"},{"BusNo":"3","Type":"3","BlID":"18715","BusCityName":"군포"},{"BusNo":"3030","Type":"4","BlID":"6052","BusCityName":"안양"},{"BusNo":"8407","Type":"6","BlID":"6566","BusCityName":"안산"},{"BusNo":"541","Type":"11","BlID":"1068","BusCityName":"서울"},{"BusNo":"542","Type":"11","BlID":"1359","BusCityName":"서울"},{"BusNo":"5530","Type":"12","BlID":"1122","BusCityName":"서울"},{"BusNo":"5623","Type":"12","BlID":"1444","BusCityName":"서울"}]}]},{"GateNo":"7","GateLink": ["산본1동주민센터","매화주공아파트"],"BUSSTOP": [{"StopName":"산본1동","StopID":"103822","Bus": [{"BusNo":"8-2","Type":"1","BlID":"6005","BusCityName":"안양"},{"BusNo":"87","Type":"1","BlID":"6006","BusCityName":"안양"},{"BusNo":"88","Type":"1","BlID":"6009","BusCityName":"안양"},{"BusNo":"15","Type":"1","BlID":"6019","BusCityName":"안양"},{"BusNo":"15-2","Type":"1","BlID":"6020","BusCityName":"안양"},{"BusNo":"917","Type":"1","BlID":"6025","BusCityName":"안양"},{"BusNo":"11-2","Type":"1","BlID":"6027","BusCityName":"안양"},{"BusNo":"20","Type":"1","BlID":"6031","BusCityName":"안양"},{"BusNo":"3-1","Type":"1","BlID":"6047","BusCityName":"안양"},{"BusNo":"31-7","Type":"1","BlID":"6528","BusCityName":"안산"},{"BusNo":"9","Type":"3","BlID":"18702","BusCityName":"군포"},{"BusNo":"1","Type":"3","BlID":"18709","BusCityName":"군포"},{"BusNo":"6","Type":"3","BlID":"18710","BusCityName":"군포"},{"BusNo":"3","Type":"3","BlID":"18715","BusCityName":"군포"},{"BusNo":"3030","Type":"4","BlID":"6052","BusCityName":"안양"},{"BusNo":"541","Type":"11","BlID":"1068","BusCityName":"서울"},{"BusNo":"542","Type":"11","BlID":"1359","BusCityName":"서울"},{"BusNo":"5530","Type":"12","BlID":"1122","BusCityName":"서울"},{"BusNo":"5531","Type":"12","BlID":"1123","BusCityName":"서울"},{"BusNo":"5624","Type":"12","BlID":"1142","BusCityName":"서울"},{"BusNo":"5623","Type":"12","BlID":"1444","BusCityName":"서울"}]}]},{"GateNo":"8","GateLink": ["과천.안양 버스타는곳"],"BUSSTOP": [{"StopName":"산본1동","StopID":"103831","Bus": [{"BusNo":"8-2","Type":"1","BlID":"6005","BusCityName":"안양"},{"BusNo":"88","Type":"1","BlID":"6009","BusCityName":"안양"},{"BusNo":"15","Type":"1","BlID":"6019","BusCityName":"안양"},{"BusNo":"15-2","Type":"1","BlID":"6020","BusCityName":"안양"},{"BusNo":"917","Type":"1","BlID":"6025","BusCityName":"안양"},{"BusNo":"11-2","Type":"1","BlID":"6027","BusCityName":"안양"},{"BusNo":"20","Type":"1","BlID":"6031","BusCityName":"안양"},{"BusNo":"3-1","Type":"1","BlID":"6047","BusCityName":"안양"},{"BusNo":"31-7","Type":"1","BlID":"6528","BusCityName":"안산"},{"BusNo":"1","Type":"3","BlID":"18709","BusCityName":"군포"},{"BusNo":"3030","Type":"4","BlID":"6052","BusCityName":"안양"},{"BusNo":"541","Type":"11","BlID":"1068","BusCityName":"서울"},{"BusNo":"542","Type":"11","BlID":"1359","BusCityName":"서울"},{"BusNo":"5530","Type":"12","BlID":"1122","BusCityName":"서울"},{"BusNo":"5531","Type":"12","BlID":"1123","BusCityName":"서울"},{"BusNo":"5624","Type":"12","BlID":"1142","BusCityName":"서울"},{"BusNo":"5623","Type":"12","BlID":"1444","BusCityName":"서울"}]}]}]}}}