{"result": {"stationName":"군포","stationID":180,"type":1,"laneName":"수도권 1호선","laneCity":"수도권","x":126.9485358,"y":37.3537429,"prevOBJ": {"station": [{"stationName":"금정","stationID":179,"type":1,"laneName":"수도권 1호선","laneCity":"수도권","x":126.9434235,"y":37.3722234}]},"nextOBJ": {"station": [{"stationName":"당정","stationID":1181,"type":1,"laneName":"수도권 1호선","laneCity":"수도권","x":126.9483979,"y":37.3433884}]},"defaultInfo": {"address":"경기도 군포시 당동 134-1","new_address":"경기도 군포시 군포역1길 27","tel":"1544-7788"},"useInfo": {"platform":2,"meetingPlace":0,"restroom":2,"offDoor":1,"crossOver":2,"publicPlace":0,"handicapCount":1,"parkingCount":1,"bicycleCount":1,"civilCount":0},"exitInfo": {"gate": [{"GateNo":"1","GateLink": ["군포1동주민센터","군포고등학교","당동우체국","동아아파트","군포2동주민센터","군포초등학교","삼성미도아파트","군포중학교","염광아파트","두산아파트","군포시립도서관","군포시청","군포시장"],"BUSSTOP": [{"StopName":"군포시장","StopID":"86261","Bus": [{"BusNo":"10","Type":"3","BlID":"18701","BusCityName":"군포"}]},{"StopName":"군포역","StopID":"103942","Bus": [{"BusNo":"8-2","Type":"1","BlID":"6005","BusCityName":"안양"},{"BusNo":"8","Type":"1","BlID":"6023","BusCityName":"안양"},{"BusNo":"60","Type":"1","BlID":"6024","BusCityName":"안양"},{"BusNo":"20","Type":"1","BlID":"6031","BusCityName":"안양"},{"BusNo":"330","Type":"2","BlID":"16007","BusCityName":"화성"},{"BusNo":"340-1","Type":"2","BlID":"16168","BusCityName":"화성"},{"BusNo":"5","Type":"3","BlID":"18708","BusCityName":"군포"},{"BusNo":"6","Type":"3","BlID":"18710","BusCityName":"군포"},{"BusNo":"3","Type":"3","BlID":"18715","BusCityName":"군포"},{"BusNo":"3030","Type":"4","BlID":"6052","BusCityName":"안양"},{"BusNo":"3101","Type":"4","BlID":"6561","BusCityName":"안산"},{"BusNo":"542","Type":"11","BlID":"1359","BusCityName":"서울"},{"BusNo":"5531","Type":"12","BlID":"1123","BusCityName":"서울"},{"BusNo":"5624","Type":"12","BlID":"1142","BusCityName":"서울"},{"BusNo":"8467","Type":"22","BlID":"6585","BusCityName":"안산"}]},{"StopName":"군포1동주민센터","StopID":"103953","Bus": [{"BusNo":"8-2","Type":"1","BlID":"6005","BusCityName":"안양"},{"BusNo":"8","Type":"1","BlID":"6023","BusCityName":"안양"},{"BusNo":"60","Type":"1","BlID":"6024","BusCityName":"안양"},{"BusNo":"20","Type":"1","BlID":"6031","BusCityName":"안양"},{"BusNo":"330","Type":"2","BlID":"16007","BusCityName":"화성"},{"BusNo":"330-1","Type":"2","BlID":"16018","BusCityName":"화성"},{"BusNo":"340-1","Type":"2","BlID":"16168","BusCityName":"화성"},{"BusNo":"5","Type":"3","BlID":"18708","BusCityName":"군포"},{"BusNo":"6","Type":"3","BlID":"18710","BusCityName":"군포"},{"BusNo":"3","Type":"3","BlID":"18715","BusCityName":"군포"},{"BusNo":"3030","Type":"4","BlID":"6052","BusCityName":"안양"},{"BusNo":"3101","Type":"4","BlID":"6561","BusCityName":"안산"},{"BusNo":"542","Type":"11","BlID":"1359","BusCityName":"서울"},{"BusNo":"5531","Type":"12","BlID":"1123","BusCityName":"서울"},{"BusNo":"5624","Type":"12","BlID":"1142","BusCityName":"서울"},{"BusNo":"8467","Type":"22","BlID":"6585","BusCityName":"안산"}]},{"StopName":"군포중학교","StopID":"103981","Bus": [{"BusNo":"8","Type":"1","BlID":"6023","BusCityName":"안양"},{"BusNo":"60","Type":"1","BlID":"6024","BusCityName":"안양"},{"BusNo":"20","Type":"1","BlID":"6031","BusCityName":"안양"},{"BusNo":"340-1","Type":"2","BlID":"16168","BusCityName":"화성"},{"BusNo":"10","Type":"3","BlID":"18701","BusCityName":"군포"},{"BusNo":"5531","Type":"12","BlID":"1123","BusCityName":"서울"},{"BusNo":"5624","Type":"12","BlID":"1142","BusCityName":"서울"}]},{"StopName":"우리은행","StopID":"112116","Bus": [{"BusNo":"5","Type":"3","BlID":"18708","BusCityName":"군포"},{"BusNo":"6","Type":"3","BlID":"18710","BusCityName":"군포"},{"BusNo":"3","Type":"3","BlID":"18715","BusCityName":"군포"}]}]},{"GateNo":"2","GateLink": ["당정치안센터","당정초등학교","한세대학교","의왕시청"],"BUSSTOP": [{"StopName":"두산유리","StopID":"117083","Bus": [{"BusNo":"8","Type":"1","BlID":"6023","BusCityName":"안양"}]},{"StopName":"두산유리","StopID":"127461","Bus": [{"BusNo":"8","Type":"1","BlID":"6023","BusCityName":"안양"},{"BusNo":"08","Type":"3","BlID":"18905","BusCityName":"의왕"}]}]}]}}}