{"result": {"stationName":"의왕","stationID":181,"type":1,"laneName":"수도권 1호선","laneCity":"수도권","x":126.9481163,"y":37.3206608,"prevOBJ": {"station": [{"stationName":"당정","stationID":1181,"type":1,"laneName":"수도권 1호선","laneCity":"수도권","x":126.9483979,"y":37.3433884}]},"nextOBJ": {"station": [{"stationName":"성균관대","stationID":182,"type":1,"laneName":"수도권 1호선","laneCity":"수도권","x":126.9708677,"y":37.300352}]},"defaultInfo": {"address":"경기도 의왕시 삼동 191","new_address":"경기도 의왕시 철도박물관로 66","tel":"1544-7788"},"useInfo": {"platform":2,"meetingPlace":0,"restroom":2,"offDoor":1,"crossOver":2,"publicPlace":0,"handicapCount":1,"parkingCount":1,"bicycleCount":1,"civilCount":0},"exitInfo": {"gate": [{"GateNo":"1","GateLink": ["부곡동주민센터","부곡우체국","한국철도대학","부곡시장","부곡교","부곡초등학교","부곡중학교","초평동","부곡차량사무소"]},{"GateNo":"2","GateLink": ["부곡파출소","부곡동주민센터","부곡우체국","한국교통대학교 의왕캠퍼스","부곡시장","부곡교","부곡초등학교","부곡중학교"],"BUSSTOP": [{"StopName":"의왕역","StopID":"206456","Bus": [{"BusNo":"1-2","Type":"1","BlID":"6016","BusCityName":"안양"},{"BusNo":"3-1","Type":"1","BlID":"6047","BusCityName":"안양"},{"BusNo":"52-1","Type":"1","BlID":"6048","BusCityName":"안양"},{"BusNo":"07-1","Type":"3","BlID":"18903","BusCityName":"의왕"},{"BusNo":"07-2","Type":"3","BlID":"18904","BusCityName":"의왕"},{"BusNo":"01","Type":"3","BlID":"18920","BusCityName":"의왕"},{"BusNo":"02","Type":"3","BlID":"18924","BusCityName":"의왕"},{"BusNo":"09A","Type":"3","BlID":"18929","BusCityName":"의왕"},{"BusNo":"09","Type":"3","BlID":"18930","BusCityName":"의왕"},{"BusNo":"09B","Type":"3","BlID":"18931","BusCityName":"의왕"}]},{"StopName":"의왕역","StopID":"206457","Bus": [{"BusNo":"1-2","Type":"1","BlID":"6016","BusCityName":"안양"},{"BusNo":"3-1","Type":"1","BlID":"6047","BusCityName":"안양"},{"BusNo":"52-1","Type":"1","BlID":"6048","BusCityName":"안양"},{"BusNo":"07-1","Type":"3","BlID":"18903","BusCityName":"의왕"},{"BusNo":"07-2","Type":"3","BlID":"18904","BusCityName":"의왕"},{"BusNo":"01","Type":"3","BlID":"18920","BusCityName":"의왕"},{"BusNo":"02","Type":"3","BlID":"18924","BusCityName":"의왕"},{"BusNo":"09A","Type":"3","BlID":"18929","BusCityName":"의왕"},{"BusNo":"09","Type":"3","BlID":"18930","BusCityName":"의왕"},{"BusNo":"09B","Type":"3","BlID":"18931","BusCityName":"의왕"}]}]}]}}}