{"result": {"stationName":"상봉","stationID":1810,"type":108,"laneName":"경춘선","laneCity":"수도권","x":127.0858842,"y":37.5972233,"exOBJ": {"station": [{"stationName":"상봉","stationID":720,"type":7,"laneName":"수도권 7호선","laneCity":"수도권"},{"stationName":"상봉","stationID":1390,"type":104,"laneName":"경의중앙선","laneCity":"수도권"}]},"prevOBJ": {"station": [{"stationName":"광운대","stationID":1809,"type":108,"laneName":"경춘선","laneCity":"수도권","x":127.0619983,"y":37.6236439}]},"nextOBJ": {"station": [{"stationName":"망우","stationID":1811,"type":108,"laneName":"경춘선","laneCity":"수도권","x":127.0917166,"y":37.5999894}]},"defaultInfo": {"address":"서울특별시 중랑구 상봉동 100-46","new_address":"서울특별시 중랑구 망우로 297","tel":"1544-7788"},"useInfo": {"platform":3,"meetingPlace":1,"restroom":1,"offDoor":2,"crossOver":2,"publicPlace":0,"handicapCount":1,"parkingCount":0,"bicycleCount":1,"civilCount":0},"exitInfo": {"gate": [{"GateNo":"1","GateLink": ["상봉1동","망우역방면","상봉1동주민센터","상봉1치안센터","상봉우정아파트","근로복지공단 서울북부"],"BUSSTOP": [{"StopName":"지하철7호선상봉역","StopID":"108693","Bus": [{"BusNo":"2235","Type":"12","BlID":"1468","BusCityName":"서울"}]}]},{"GateNo":"2","GateLink": ["상봉시외버스터미널(망우리 방면)"],"BUSSTOP": [{"StopName":"지하철7호선상봉역","StopID":"168918","Bus": [{"BusNo":"2015","Type":"12","BlID":"947","BusCityName":"서울"}]}]},{"GateNo":"3","GateLink": ["상봉시외버스터미널(면목천 길)","면목초등학교","상봉시장"],"BUSSTOP": [{"StopName":"지하철7호선상봉역","StopID":"108610","Bus": [{"BusNo":"272","Type":"11","BlID":"990","BusCityName":"서울"},{"BusNo":"262","Type":"11","BlID":"1439","BusCityName":"서울"},{"BusNo":"320","Type":"11","BlID":"1455","BusCityName":"서울"},{"BusNo":"2016","Type":"12","BlID":"522","BusCityName":"서울"},{"BusNo":"2015","Type":"12","BlID":"947","BusCityName":"서울"},{"BusNo":"2230","Type":"12","BlID":"1714","BusCityName":"서울"}]}]},{"GateNo":"4","GateLink": ["상봉2동 주민센터","상봉2치안센터","면목동 방면"],"BUSSTOP": [{"StopName":"지하철7호선상봉역","StopID":"108600","Bus": [{"BusNo":"272","Type":"11","BlID":"990","BusCityName":"서울"},{"BusNo":"262","Type":"11","BlID":"1439","BusCityName":"서울"},{"BusNo":"2016","Type":"12","BlID":"522","BusCityName":"서울"},{"BusNo":"2015","Type":"12","BlID":"947","BusCityName":"서울"},{"BusNo":"2230","Type":"12","BlID":"1714","BusCityName":"서울"}]}]},{"GateNo":"5","GateLink": ["상봉동 로터리","국민건강보험공단중랑지사"],"BUSSTOP": [{"StopName":"한샘교회","StopID":"108524","Bus": [{"BusNo":"272","Type":"11","BlID":"990","BusCityName":"서울"}]},{"StopName":"상봉역.중랑우체국","StopID":"117267","Bus": [{"BusNo":"51","Type":"1","BlID":"8502","BusCityName":"구리"},{"BusNo":"3","Type":"1","BlID":"8505","BusCityName":"구리"},{"BusNo":"52","Type":"1","BlID":"8506","BusCityName":"구리"},{"BusNo":"30","Type":"1","BlID":"10045","BusCityName":"광주"},{"BusNo":"165","Type":"1","BlID":"18513","BusCityName":"남양주"},{"BusNo":"166-1","Type":"1","BlID":"18517","BusCityName":"남양주"},{"BusNo":"167","Type":"1","BlID":"18518","BusCityName":"남양주"},{"BusNo":"202","Type":"1","BlID":"18524","BusCityName":"남양주"},{"BusNo":"65","Type":"1","BlID":"18550","BusCityName":"남양주"},{"BusNo":"707","Type":"1","BlID":"18554","BusCityName":"남양주"},{"BusNo":"7-5","Type":"1","BlID":"18559","BusCityName":"남양주"},{"BusNo":"88","Type":"1","BlID":"18565","BusCityName":"남양주"},{"BusNo":"330-1","Type":"2","BlID":"18589","BusCityName":"남양주"},{"BusNo":"1330-4","Type":"4","BlID":"13501","BusCityName":"가평군"},{"BusNo":"1330-2","Type":"4","BlID":"13504","BusCityName":"가평군"},{"BusNo":"1330-44","Type":"4","BlID":"13507","BusCityName":"가평군"},{"BusNo":"8005","Type":"6","BlID":"13595","BusCityName":"가평군"},{"BusNo":"N26","Type":"11","BlID":"510","BusCityName":"서울"},{"BusNo":"201","Type":"11","BlID":"942","BusCityName":"서울"},{"BusNo":"270","Type":"11","BlID":"988","BusCityName":"서울"},{"BusNo":"260","Type":"11","BlID":"1447","BusCityName":"서울"},{"BusNo":"241","Type":"11","BlID":"1710","BusCityName":"서울"},{"BusNo":"2312","Type":"12","BlID":"584","BusCityName":"서울"},{"BusNo":"2311","Type":"12","BlID":"1016","BusCityName":"서울"}]}]},{"GateNo":"6","GateLink": ["상봉초등학교","중화한신아파트","중랑교 방면","중랑우체국","중랑한올알코올상담센터"],"BUSSTOP": [{"StopName":"상봉역.중랑우체국","StopID":"117268","Bus": [{"BusNo":"51","Type":"1","BlID":"8502","BusCityName":"구리"},{"BusNo":"3","Type":"1","BlID":"8505","BusCityName":"구리"},{"BusNo":"52","Type":"1","BlID":"8506","BusCityName":"구리"},{"BusNo":"30","Type":"1","BlID":"10045","BusCityName":"광주"},{"BusNo":"165","Type":"1","BlID":"18513","BusCityName":"남양주"},{"BusNo":"166-1","Type":"1","BlID":"18517","BusCityName":"남양주"},{"BusNo":"167","Type":"1","BlID":"18518","BusCityName":"남양주"},{"BusNo":"202","Type":"1","BlID":"18524","BusCityName":"남양주"},{"BusNo":"65","Type":"1","BlID":"18550","BusCityName":"남양주"},{"BusNo":"707","Type":"1","BlID":"18554","BusCityName":"남양주"},{"BusNo":"7-5","Type":"1","BlID":"18559","BusCityName":"남양주"},{"BusNo":"88","Type":"1","BlID":"18565","BusCityName":"남양주"},{"BusNo":"330-1","Type":"2","BlID":"18589","BusCityName":"남양주"},{"BusNo":"1330-4","Type":"4","BlID":"13501","BusCityName":"가평군"},{"BusNo":"1330-2","Type":"4","BlID":"13504","BusCityName":"가평군"},{"BusNo":"1330-44","Type":"4","BlID":"13507","BusCityName":"가평군"},{"BusNo":"6100","Type":"5","BlID":"513","BusCityName":"서울"},{"BusNo":"8005","Type":"6","BlID":"13595","BusCityName":"가평군"},{"BusNo":"N26","Type":"11","BlID":"510","BusCityName":"서울"},{"BusNo":"201","Type":"11","BlID":"942","BusCityName":"서울"},{"BusNo":"270","Type":"11","BlID":"988","BusCityName":"서울"},{"BusNo":"272","Type":"11","BlID":"990","BusCityName":"서울"},{"BusNo":"260","Type":"11","BlID":"1447","BusCityName":"서울"},{"BusNo":"241","Type":"11","BlID":"1710","BusCityName":"서울"},{"BusNo":"2312","Type":"12","BlID":"584","BusCityName":"서울"},{"BusNo":"2311","Type":"12","BlID":"1016","BusCityName":"서울"}]}]},{"GateNo":"7","GateLink": ["상봉1동","망우역방면","상봉1동주민센터","상봉1치안센터","상봉우정아파트","근로복지공단 서울북부"]},{"GateNo":"8","GateLink": ["상봉1동","망우역방면","상봉1동주민센터","상봉1치안센터","상봉우정아파트","근로복지공단 서울북부"],"BUSSTOP": [{"StopName":"지하철7호선상봉역","StopID":"108693","Bus": [{"BusNo":"2235","Type":"12","BlID":"1468","BusCityName":"서울"}]}]}]}}}