{"result": {"stationName":"신내","stationID":1812,"type":108,"laneName":"경춘선","laneCity":"수도권","x":127.1032948,"y":37.6128636,"prevOBJ": {"station": [{"stationName":"망우","stationID":1811,"type":108,"laneName":"경춘선","laneCity":"수도권","x":127.0917166,"y":37.5999894}]},"nextOBJ": {"station": [{"stationName":"갈매","stationID":1813,"type":108,"laneName":"경춘선","laneCity":"수도권","x":127.1148227,"y":37.6341431}]},"defaultInfo": {"address":"서울특별시 중랑구 망우동 320","new_address":"서울특별시 중랑구 신내역로 20","tel":"1544-7788"},"useInfo": {"platform":2,"meetingPlace":1,"restroom":2,"offDoor":0,"crossOver":2,"publicPlace":0,"handicapCount":1,"parkingCount":0,"bicycleCount":1,"civilCount":0},"exitInfo": {"gate": [{"GateNo":"1","GateLink": ["서울의료원","서울메디컬타워"],"BUSSTOP": [{"StopName":"신내역1번출구","StopID":"84579","Bus": [{"BusNo":"262","Type":"11","BlID":"1439","BusCityName":"서울"},{"BusNo":"2234","Type":"12","BlID":"1467","BusCityName":"서울"},{"BusNo":"2113","Type":"12","BlID":"1492","BusCityName":"서울"}]},{"StopName":"신내데시앙아파트","StopID":"85473","Bus": [{"BusNo":"707","Type":"1","BlID":"18554","BusCityName":"남양주"},{"BusNo":"7-5","Type":"1","BlID":"18559","BusCityName":"남양주"},{"BusNo":"N26","Type":"11","BlID":"510","BusCityName":"서울"},{"BusNo":"242","Type":"11","BlID":"585","BusCityName":"서울"},{"BusNo":"273","Type":"11","BlID":"941","BusCityName":"서울"},{"BusNo":"260","Type":"11","BlID":"1447","BusCityName":"서울"},{"BusNo":"2016","Type":"12","BlID":"522","BusCityName":"서울"},{"BusNo":"2015","Type":"12","BlID":"947","BusCityName":"서울"},{"BusNo":"2235","Type":"12","BlID":"1468","BusCityName":"서울"}]},{"StopName":"신내차량사업소입구","StopID":"206600","Bus": [{"BusNo":"70","Type":"1","BlID":"5029","BusCityName":"성남"},{"BusNo":"262","Type":"11","BlID":"1439","BusCityName":"서울"},{"BusNo":"2234","Type":"12","BlID":"1467","BusCityName":"서울"},{"BusNo":"2113","Type":"12","BlID":"1492","BusCityName":"서울"}]}]},{"GateNo":"2","GateLink": ["중랑공영차고지"],"BUSSTOP": [{"StopName":"중랑공영차고지","StopID":"115398","Bus": [{"BusNo":"70","Type":"1","BlID":"5029","BusCityName":"성남"},{"BusNo":"N26","Type":"11","BlID":"510","BusCityName":"서울"},{"BusNo":"242","Type":"11","BlID":"585","BusCityName":"서울"},{"BusNo":"273","Type":"11","BlID":"941","BusCityName":"서울"},{"BusNo":"260","Type":"11","BlID":"1447","BusCityName":"서울"},{"BusNo":"240","Type":"11","BlID":"1495","BusCityName":"서울"},{"BusNo":"2016","Type":"12","BlID":"522","BusCityName":"서울"},{"BusNo":"2115","Type":"12","BlID":"578","BusCityName":"서울"},{"BusNo":"2312","Type":"12","BlID":"584","BusCityName":"서울"},{"BusNo":"2012","Type":"12","BlID":"943","BusCityName":"서울"},{"BusNo":"2015","Type":"12","BlID":"947","BusCityName":"서울"},{"BusNo":"2227","Type":"12","BlID":"972","BusCityName":"서울"},{"BusNo":"2311","Type":"12","BlID":"1016","BusCityName":"서울"},{"BusNo":"2114","Type":"12","BlID":"1466","BusCityName":"서울"},{"BusNo":"2234","Type":"12","BlID":"1467","BusCityName":"서울"},{"BusNo":"2113","Type":"12","BlID":"1492","BusCityName":"서울"}]}]},{"GateNo":"3","GateLink": ["신내우디안아파트"],"BUSSTOP": [{"StopName":"신내능마을","StopID":"108967","Bus": [{"BusNo":"707","Type":"1","BlID":"18554","BusCityName":"남양주"},{"BusNo":"7-5","Type":"1","BlID":"18559","BusCityName":"남양주"},{"BusNo":"241","Type":"11","BlID":"1710","BusCityName":"서울"},{"BusNo":"2235","Type":"12","BlID":"1468","BusCityName":"서울"}]},{"StopName":"신내능마을","StopID":"108970","Bus": [{"BusNo":"707","Type":"1","BlID":"18554","BusCityName":"남양주"},{"BusNo":"7-5","Type":"1","BlID":"18559","BusCityName":"남양주"},{"BusNo":"262","Type":"11","BlID":"1439","BusCityName":"서울"},{"BusNo":"241","Type":"11","BlID":"1710","BusCityName":"서울"},{"BusNo":"2235","Type":"12","BlID":"1468","BusCityName":"서울"}]},{"StopName":"중랑공영차고지","StopID":"115399","Bus": [{"BusNo":"70","Type":"1","BlID":"5029","BusCityName":"성남"},{"BusNo":"N26","Type":"11","BlID":"510","BusCityName":"서울"},{"BusNo":"242","Type":"11","BlID":"585","BusCityName":"서울"},{"BusNo":"273","Type":"11","BlID":"941","BusCityName":"서울"},{"BusNo":"260","Type":"11","BlID":"1447","BusCityName":"서울"},{"BusNo":"240","Type":"11","BlID":"1495","BusCityName":"서울"},{"BusNo":"2016","Type":"12","BlID":"522","BusCityName":"서울"},{"BusNo":"2115","Type":"12","BlID":"578","BusCityName":"서울"},{"BusNo":"2312","Type":"12","BlID":"584","BusCityName":"서울"},{"BusNo":"2012","Type":"12","BlID":"943","BusCityName":"서울"},{"BusNo":"2015","Type":"12","BlID":"947","BusCityName":"서울"},{"BusNo":"2227","Type":"12","BlID":"972","BusCityName":"서울"},{"BusNo":"2311","Type":"12","BlID":"1016","BusCityName":"서울"},{"BusNo":"2114","Type":"12","BlID":"1466","BusCityName":"서울"},{"BusNo":"2234","Type":"12","BlID":"1467","BusCityName":"서울"},{"BusNo":"2113","Type":"12","BlID":"1492","BusCityName":"서울"}]}]},{"GateNo":"4","GateLink": ["IYF링컨학교"],"BUSSTOP": [{"StopName":"동서울교회","StopID":"115441","Bus": [{"BusNo":"70","Type":"1","BlID":"5029","BusCityName":"성남"},{"BusNo":"262","Type":"11","BlID":"1439","BusCityName":"서울"},{"BusNo":"2234","Type":"12","BlID":"1467","BusCityName":"서울"},{"BusNo":"2113","Type":"12","BlID":"1492","BusCityName":"서울"}]},{"StopName":"동서울교회","StopID":"115442","Bus": [{"BusNo":"70","Type":"1","BlID":"5029","BusCityName":"성남"},{"BusNo":"262","Type":"11","BlID":"1439","BusCityName":"서울"},{"BusNo":"2234","Type":"12","BlID":"1467","BusCityName":"서울"},{"BusNo":"2113","Type":"12","BlID":"1492","BusCityName":"서울"}]}]}]}}}