{"result": {"stationName":"갈매","stationID":1813,"type":108,"laneName":"경춘선","laneCity":"수도권","x":127.1148227,"y":37.6341431,"prevOBJ": {"station": [{"stationName":"신내","stationID":1812,"type":108,"laneName":"경춘선","laneCity":"수도권","x":127.1032948,"y":37.6128636}]},"nextOBJ": {"station": [{"stationName":"별내","stationID":1814,"type":108,"laneName":"경춘선","laneCity":"수도권","x":127.1272252,"y":37.6422275}]},"defaultInfo": {"address":"경기도 구리시 갈매동 502-39","new_address":"경기도 구리시 경춘북로 229","tel":"1544-7788"},"useInfo": {"platform":2,"meetingPlace":1,"restroom":2,"offDoor":0,"crossOver":2,"publicPlace":0,"handicapCount":1,"parkingCount":0,"bicycleCount":1,"civilCount":0},"exitInfo": {"gate": [{"GateNo":"1","GateLink": ["갈매초등학교","갈매주민센터"],"BUSSTOP": [{"StopName":"갈매역","StopID":"184791","Bus": [{"BusNo":"707","Type":"1","BlID":"18554","BusCityName":"남양주"},{"BusNo":"7-5","Type":"1","BlID":"18559","BusCityName":"남양주"},{"BusNo":"2","Type":"3","BlID":"8518","BusCityName":"구리"}]},{"StopName":"갈매역","StopID":"184792","Bus": [{"BusNo":"707","Type":"1","BlID":"18554","BusCityName":"남양주"},{"BusNo":"7-5","Type":"1","BlID":"18559","BusCityName":"남양주"},{"BusNo":"2-1","Type":"3","BlID":"8500","BusCityName":"구리"},{"BusNo":"2","Type":"3","BlID":"8518","BusCityName":"구리"}]}]},{"GateNo":"2","GateLink": ["삼육대학교"],"BUSSTOP": [{"StopName":"갈매초등학교","StopID":"184790","Bus": [{"BusNo":"707","Type":"1","BlID":"18554","BusCityName":"남양주"},{"BusNo":"7-5","Type":"1","BlID":"18559","BusCityName":"남양주"},{"BusNo":"2","Type":"3","BlID":"8518","BusCityName":"구리"}]}]}]}}}