{"result": {"stationName":"별내","stationID":1814,"type":108,"laneName":"경춘선","laneCity":"수도권","x":127.1272252,"y":37.6422275,"prevOBJ": {"station": [{"stationName":"갈매","stationID":1813,"type":108,"laneName":"경춘선","laneCity":"수도권","x":127.1148227,"y":37.6341431}]},"nextOBJ": {"station": [{"stationName":"퇴계원","stationID":1815,"type":108,"laneName":"경춘선","laneCity":"수도권","x":127.1438802,"y":37.6483233}]},"defaultInfo": {"address":"경기도 남양주시 별내동 182-5","new_address":"경기도 남양주시 경춘북로 375","tel":"1544-7788"},"useInfo": {"platform":2,"meetingPlace":0,"restroom":2,"offDoor":0,"crossOver":2,"publicPlace":0,"handicapCount":1,"parkingCount":0,"bicycleCount":1,"civilCount":0},"exitInfo": {"gate": [{"GateNo":"1","GateLink": ["갈매동사거리"],"BUSSTOP": [{"StopName":"구검문소","StopID":"165904","Bus": [{"BusNo":"1-2","Type":"1","BlID":"9009","BusCityName":"의정부"},{"BusNo":"707","Type":"1","BlID":"18554","BusCityName":"남양주"},{"BusNo":"7-5","Type":"1","BlID":"18559","BusCityName":"남양주"},{"BusNo":"2","Type":"3","BlID":"8518","BusCityName":"구리"},{"BusNo":"77","Type":"3","BlID":"18610","BusCityName":"남양주"},{"BusNo":"1156","Type":"12","BlID":"837","BusCityName":"서울"}]},{"StopName":"주을래마을","StopID":"184795","Bus": [{"BusNo":"707","Type":"1","BlID":"18554","BusCityName":"남양주"},{"BusNo":"7-5","Type":"1","BlID":"18559","BusCityName":"남양주"},{"BusNo":"2","Type":"3","BlID":"8518","BusCityName":"구리"},{"BusNo":"77","Type":"3","BlID":"18610","BusCityName":"남양주"},{"BusNo":"1156","Type":"12","BlID":"837","BusCityName":"서울"}]},{"StopName":"주을래마을","StopID":"184796","Bus": [{"BusNo":"707","Type":"1","BlID":"18554","BusCityName":"남양주"},{"BusNo":"7-5","Type":"1","BlID":"18559","BusCityName":"남양주"},{"BusNo":"2","Type":"3","BlID":"8518","BusCityName":"구리"},{"BusNo":"77","Type":"3","BlID":"18610","BusCityName":"남양주"},{"BusNo":"1156","Type":"12","BlID":"837","BusCityName":"서울"}]},{"StopName":"구검문소","StopID":"206080","Bus": [{"BusNo":"1-2","Type":"1","BlID":"9009","BusCityName":"의정부"},{"BusNo":"707","Type":"1","BlID":"18554","BusCityName":"남양주"},{"BusNo":"7-5","Type":"1","BlID":"18559","BusCityName":"남양주"},{"BusNo":"2","Type":"3","BlID":"8518","BusCityName":"구리"},{"BusNo":"77","Type":"3","BlID":"18610","BusCityName":"남양주"},{"BusNo":"1156","Type":"12","BlID":"837","BusCityName":"서울"}]}]},{"GateNo":"2","GateLink": ["별내쌍용예가아파트"]}]}}}