{"result": {"stationName":"퇴계원","stationID":1815,"type":108,"laneName":"경춘선","laneCity":"수도권","x":127.1438802,"y":37.6483233,"prevOBJ": {"station": [{"stationName":"별내","stationID":1814,"type":108,"laneName":"경춘선","laneCity":"수도권","x":127.1272252,"y":37.6422275}]},"nextOBJ": {"station": [{"stationName":"사릉","stationID":1816,"type":108,"laneName":"경춘선","laneCity":"수도권","x":127.1768596,"y":37.6511526}]},"defaultInfo": {"address":"경기도 남양주시 퇴계원면 퇴계원리 218-142","new_address":"경기도 남양주시 퇴계원면 경춘북로 545","tel":"1544-7788"},"useInfo": {"platform":1,"meetingPlace":1,"restroom":2,"offDoor":0,"crossOver":2,"publicPlace":0,"handicapCount":1,"parkingCount":0,"bicycleCount":1,"civilCount":0},"exitInfo": {"gate": [{"GateNo":"1","GateLink": ["퇴계원우체국","도제원초등학교","국군철도수송지원반(퇴계원TMO)","남양주시풍양출장소"],"BUSSTOP": [{"StopName":"퇴계원면사무소입구","StopID":"183307","Bus": [{"BusNo":"202","Type":"1","BlID":"18524","BusCityName":"남양주"},{"BusNo":"1156","Type":"12","BlID":"837","BusCityName":"서울"}]},{"StopName":"풍양출장소.힐스테이트아파트","StopID":"183568","Bus": [{"BusNo":"202","Type":"1","BlID":"18524","BusCityName":"남양주"}]},{"StopName":"풍양출장소.힐스테이트아파트","StopID":"183569","Bus": [{"BusNo":"202","Type":"1","BlID":"18524","BusCityName":"남양주"}]},{"StopName":"퇴계원역.엘리시아아파트","StopID":"183570","Bus": [{"BusNo":"202","Type":"1","BlID":"18524","BusCityName":"남양주"}]},{"StopName":"퇴계원역.엘리시아아파트","StopID":"183571","Bus": [{"BusNo":"202","Type":"1","BlID":"18524","BusCityName":"남양주"}]},{"StopName":"퇴계원면사무소입구","StopID":"183572","Bus": [{"BusNo":"202","Type":"1","BlID":"18524","BusCityName":"남양주"}]}]},{"GateNo":"2","GateLink": ["토계원면사무소","퇴계원초등학교"],"BUSSTOP": [{"StopName":"퇴계원극동아파트.세란병원.온누리병원","StopID":"109675","Bus": [{"BusNo":"92","Type":"1","BlID":"8514","BusCityName":"구리"},{"BusNo":"1-1","Type":"1","BlID":"9016","BusCityName":"의정부"},{"BusNo":"1-3","Type":"1","BlID":"9056","BusCityName":"의정부"},{"BusNo":"10-5","Type":"1","BlID":"10604","BusCityName":"광주"},{"BusNo":"1","Type":"1","BlID":"18501","BusCityName":"남양주"},{"BusNo":"707","Type":"1","BlID":"18554","BusCityName":"남양주"},{"BusNo":"73","Type":"1","BlID":"18556","BusCityName":"남양주"},{"BusNo":"7-5","Type":"1","BlID":"18559","BusCityName":"남양주"},{"BusNo":"88","Type":"1","BlID":"18565","BusCityName":"남양주"},{"BusNo":"80","Type":"3","BlID":"18515","BusCityName":"남양주"},{"BusNo":"77","Type":"3","BlID":"18610","BusCityName":"남양주"},{"BusNo":"11","Type":"4","BlID":"18506","BusCityName":"남양주"},{"BusNo":"2000","Type":"4","BlID":"18523","BusCityName":"남양주"},{"BusNo":"2000-2","Type":"4","BlID":"18574","BusCityName":"남양주"},{"BusNo":"8844","Type":"5","BlID":"10481","BusCityName":"광주"},{"BusNo":"1156","Type":"12","BlID":"837","BusCityName":"서울"}]},{"StopName":"퇴계원극동아파트.세란병원.온누리병원","StopID":"109677","Bus": [{"BusNo":"92","Type":"1","BlID":"8514","BusCityName":"구리"},{"BusNo":"1-1","Type":"1","BlID":"9016","BusCityName":"의정부"},{"BusNo":"1-3","Type":"1","BlID":"9056","BusCityName":"의정부"},{"BusNo":"10-5","Type":"1","BlID":"10604","BusCityName":"광주"},{"BusNo":"1","Type":"1","BlID":"18501","BusCityName":"남양주"},{"BusNo":"707","Type":"1","BlID":"18554","BusCityName":"남양주"},{"BusNo":"73","Type":"1","BlID":"18556","BusCityName":"남양주"},{"BusNo":"7-5","Type":"1","BlID":"18559","BusCityName":"남양주"},{"BusNo":"88","Type":"1","BlID":"18565","BusCityName":"남양주"},{"BusNo":"80","Type":"3","BlID":"18515","BusCityName":"남양주"},{"BusNo":"77","Type":"3","BlID":"18610","BusCityName":"남양주"},{"BusNo":"11","Type":"4","BlID":"18506","BusCityName":"남양주"},{"BusNo":"2000-1","Type":"4","BlID":"18510","BusCityName":"남양주"},{"BusNo":"2000","Type":"4","BlID":"18523","BusCityName":"남양주"},{"BusNo":"8844","Type":"5","BlID":"10481","BusCityName":"광주"},{"BusNo":"1156","Type":"12","BlID":"837","BusCityName":"서울"}]},{"StopName":"퇴계원면사무소","StopID":"109735","Bus": [{"BusNo":"1156","Type":"12","BlID":"837","BusCityName":"서울"}]}]}]}}}