{"result": {"stationName":"사릉","stationID":1816,"type":108,"laneName":"경춘선","laneCity":"수도권","x":127.1768596,"y":37.6511526,"prevOBJ": {"station": [{"stationName":"퇴계원","stationID":1815,"type":108,"laneName":"경춘선","laneCity":"수도권","x":127.1438802,"y":37.6483233}]},"nextOBJ": {"station": [{"stationName":"금곡","stationID":1817,"type":108,"laneName":"경춘선","laneCity":"수도권","x":127.2079545,"y":37.637417}]},"defaultInfo": {"address":"경기도 남양주시 진건읍 사능리 605-3","new_address":"경기도 남양주시 진건읍 진건우회로 63","tel":"1544-7788"},"useInfo": {"platform":1,"meetingPlace":1,"restroom":2,"offDoor":0,"crossOver":2,"publicPlace":0,"handicapCount":1,"parkingCount":0,"bicycleCount":1,"civilCount":0},"exitInfo": {"gate": [{"GateNo":"1","GateLink": ["사능초등학교","진건읍사무소","진건중학교","진건초등학교"],"BUSSTOP": [{"StopName":"사릉역","StopID":"84025","Bus": [{"BusNo":"5","Type":"1","BlID":"18504","BusCityName":"남양주"},{"BusNo":"5-1","Type":"1","BlID":"18544","BusCityName":"남양주"},{"BusNo":"6-1","Type":"1","BlID":"18548","BusCityName":"남양주"},{"BusNo":"7-4","Type":"1","BlID":"18558","BusCityName":"남양주"}]},{"StopName":"사릉역.진건파출소","StopID":"195173","Bus": [{"BusNo":"202","Type":"1","BlID":"18524","BusCityName":"남양주"},{"BusNo":"9-1","Type":"1","BlID":"18543","BusCityName":"남양주"},{"BusNo":"6-1","Type":"1","BlID":"18548","BusCityName":"남양주"},{"BusNo":"7-4","Type":"1","BlID":"18558","BusCityName":"남양주"},{"BusNo":"9","Type":"1","BlID":"18567","BusCityName":"남양주"},{"BusNo":"91","Type":"1","BlID":"18568","BusCityName":"남양주"}]},{"StopName":"사릉역.진건파출소","StopID":"195174","Bus": [{"BusNo":"202","Type":"1","BlID":"18524","BusCityName":"남양주"},{"BusNo":"9-1","Type":"1","BlID":"18543","BusCityName":"남양주"},{"BusNo":"9","Type":"1","BlID":"18567","BusCityName":"남양주"},{"BusNo":"91","Type":"1","BlID":"18568","BusCityName":"남양주"}]}]}]}}}