{"result": {"stationName":"금곡","stationID":1817,"type":108,"laneName":"경춘선","laneCity":"수도권","x":127.2079545,"y":37.637417,"prevOBJ": {"station": [{"stationName":"사릉","stationID":1816,"type":108,"laneName":"경춘선","laneCity":"수도권","x":127.1768596,"y":37.6511526}]},"nextOBJ": {"station": [{"stationName":"평내호평","stationID":1818,"type":108,"laneName":"경춘선","laneCity":"수도권","x":127.2444715,"y":37.6532351}]},"defaultInfo": {"address":"경기도 남양주시 금곡동 404-276","new_address":"경기도 남양주시 금곡로 19번길 47","tel":"1544-7788"},"useInfo": {"platform":2,"meetingPlace":1,"restroom":2,"offDoor":0,"crossOver":2,"publicPlace":0,"handicapCount":1,"parkingCount":0,"bicycleCount":1,"civilCount":0},"exitInfo": {"gate": [{"GateNo":"1","GateLink": ["금곡우체국","금곡초등학교","남양주시청","홍유릉"],"BUSSTOP": [{"StopName":"금곡역.어룡마을입구.주유소","StopID":"110077","Bus": [{"BusNo":"23","Type":"1","BlID":"18525","BusCityName":"남양주"},{"BusNo":"55","Type":"1","BlID":"18546","BusCityName":"남양주"},{"BusNo":"55-1","Type":"1","BlID":"18566","BusCityName":"남양주"},{"BusNo":"64","Type":"3","BlID":"18601","BusCityName":"남양주"},{"BusNo":"77","Type":"3","BlID":"18610","BusCityName":"남양주"}]},{"StopName":"금곡역.어룡마을입구.주유소","StopID":"110078","Bus": [{"BusNo":"23","Type":"1","BlID":"18525","BusCityName":"남양주"},{"BusNo":"55","Type":"1","BlID":"18546","BusCityName":"남양주"},{"BusNo":"55-1","Type":"1","BlID":"18566","BusCityName":"남양주"},{"BusNo":"64","Type":"3","BlID":"18601","BusCityName":"남양주"},{"BusNo":"77","Type":"3","BlID":"18610","BusCityName":"남양주"}]}]}]}}}