{"result": {"stationName":"평내호평","stationID":1818,"type":108,"laneName":"경춘선","laneCity":"수도권","x":127.2444715,"y":37.6532351,"prevOBJ": {"station": [{"stationName":"금곡","stationID":1817,"type":108,"laneName":"경춘선","laneCity":"수도권","x":127.2079545,"y":37.637417}]},"nextOBJ": {"station": [{"stationName":"천마산","stationID":1819,"type":108,"laneName":"경춘선","laneCity":"수도권","x":127.2853963,"y":37.6590131}]},"defaultInfo": {"address":"경기도 남양주시 평내동 660","new_address":"경기도 남양주시 경춘로 1375","tel":"1544-7788"},"useInfo": {"platform":1,"meetingPlace":1,"restroom":2,"offDoor":0,"crossOver":2,"publicPlace":0,"handicapCount":1,"parkingCount":0,"bicycleCount":0,"civilCount":0},"exitInfo": {"gate": [{"GateNo":"1","GateLink": ["호평고등학교","호평중학교","호평동주민센터","호평체육문화센터","평동초등학교","판곡초등학교","구룡초등학교","호평마을우미이노스빌","호평마을주공휴먼시아","두산위브아파트","이마트","호평주공20단지","신명스카이뷰아파트","남양주호평1차 중흥S클래스","호평마을꿈에그린","호평쌍용스위닷홈","남양아파트","호평마을금강아파트","호평동원로얄듀크"],"BUSSTOP": [{"StopName":"평내호평역","StopID":"166302","Bus": [{"BusNo":"93","Type":"1","BlID":"8517","BusCityName":"구리"},{"BusNo":"10-5","Type":"1","BlID":"10604","BusCityName":"광주"},{"BusNo":"165","Type":"1","BlID":"18513","BusCityName":"남양주"},{"BusNo":"168","Type":"1","BlID":"18521","BusCityName":"남양주"},{"BusNo":"55","Type":"1","BlID":"18546","BusCityName":"남양주"},{"BusNo":"55-1","Type":"1","BlID":"18566","BusCityName":"남양주"},{"BusNo":"97","Type":"1","BlID":"18572","BusCityName":"남양주"},{"BusNo":"6","Type":"1","BlID":"18592","BusCityName":"남양주"},{"BusNo":"1000-1","Type":"4","BlID":"10439","BusCityName":"광주"},{"BusNo":"1000","Type":"4","BlID":"18502","BusCityName":"남양주"},{"BusNo":"1100","Type":"4","BlID":"18507","BusCityName":"남양주"},{"BusNo":"1000-2","Type":"4","BlID":"18575","BusCityName":"남양주"}]}]},{"GateNo":"2","GateLink": ["평내1동노인정","남양주우체국","평내동주민센터","평내중학교","평내대명아파트","평내효성타운","삼창아파트","평내1단지 중흥S클래스","진주아파트"],"BUSSTOP": [{"StopName":"평내호평역","StopID":"183944","Bus": [{"BusNo":"93","Type":"1","BlID":"8517","BusCityName":"구리"},{"BusNo":"10-5","Type":"1","BlID":"10604","BusCityName":"광주"},{"BusNo":"165","Type":"1","BlID":"18513","BusCityName":"남양주"},{"BusNo":"168","Type":"1","BlID":"18521","BusCityName":"남양주"},{"BusNo":"55","Type":"1","BlID":"18546","BusCityName":"남양주"},{"BusNo":"55-1","Type":"1","BlID":"18566","BusCityName":"남양주"},{"BusNo":"97","Type":"1","BlID":"18572","BusCityName":"남양주"},{"BusNo":"6","Type":"1","BlID":"18592","BusCityName":"남양주"},{"BusNo":"1000-1","Type":"4","BlID":"10439","BusCityName":"광주"},{"BusNo":"1000","Type":"4","BlID":"18502","BusCityName":"남양주"},{"BusNo":"1100","Type":"4","BlID":"18507","BusCityName":"남양주"},{"BusNo":"1000-2","Type":"4","BlID":"18575","BusCityName":"남양주"}]},{"StopName":"평내호평역","StopID":"194686","Bus": [{"BusNo":"30","Type":"1","BlID":"10045","BusCityName":"광주"},{"BusNo":"1-4","Type":"1","BlID":"18511","BusCityName":"남양주"},{"BusNo":"65","Type":"1","BlID":"18550","BusCityName":"남양주"},{"BusNo":"65-1","Type":"1","BlID":"18551","BusCityName":"남양주"},{"BusNo":"330-1","Type":"2","BlID":"18589","BusCityName":"남양주"},{"BusNo":"1330-4","Type":"4","BlID":"13501","BusCityName":"가평군"},{"BusNo":"1330-2","Type":"4","BlID":"13504","BusCityName":"가평군"},{"BusNo":"1330-44","Type":"4","BlID":"13507","BusCityName":"가평군"},{"BusNo":"1200-1","Type":"4","BlID":"18576","BusCityName":"남양주"},{"BusNo":"1200","Type":"4","BlID":"18588","BusCityName":"남양주"}]}]}]}}}