{"result": {"stationName":"천마산","stationID":1819,"type":108,"laneName":"경춘선","laneCity":"수도권","x":127.2853963,"y":37.6590131,"prevOBJ": {"station": [{"stationName":"평내호평","stationID":1818,"type":108,"laneName":"경춘선","laneCity":"수도권","x":127.2444715,"y":37.6532351}]},"nextOBJ": {"station": [{"stationName":"마석","stationID":1820,"type":108,"laneName":"경춘선","laneCity":"수도권","x":127.3117027,"y":37.6527988}]},"defaultInfo": {"address":"경기도 남양주시 화도읍 묵현리 320-11","new_address":"경기도 남양주시 화도읍 묵현로 25번길 37","tel":"1544-7788"},"useInfo": {"platform":2,"meetingPlace":1,"restroom":2,"offDoor":0,"crossOver":2,"publicPlace":0,"handicapCount":1,"parkingCount":1,"bicycleCount":1,"civilCount":0},"exitInfo": {"gate": [{"GateNo":"1","GateLink": ["묵현2.5.7.16리","천마초등학교","다사랑문화센타"]},{"GateNo":"2","GateLink": ["화도읍사무소","천마산입구","송라중학교"],"BUSSTOP": [{"StopName":"쉼터휴게소.천마산수련장","StopID":"110187","Bus": [{"BusNo":"93","Type":"1","BlID":"8517","BusCityName":"구리"},{"BusNo":"30","Type":"1","BlID":"10045","BusCityName":"광주"},{"BusNo":"1-4","Type":"1","BlID":"18511","BusCityName":"남양주"},{"BusNo":"30-13","Type":"1","BlID":"18531","BusCityName":"남양주"},{"BusNo":"55","Type":"1","BlID":"18546","BusCityName":"남양주"},{"BusNo":"65-1","Type":"1","BlID":"18551","BusCityName":"남양주"},{"BusNo":"6","Type":"1","BlID":"18592","BusCityName":"남양주"},{"BusNo":"330-1","Type":"2","BlID":"18589","BusCityName":"남양주"},{"BusNo":"1330-4","Type":"4","BlID":"13501","BusCityName":"가평군"},{"BusNo":"1330-2","Type":"4","BlID":"13504","BusCityName":"가평군"},{"BusNo":"1330-44","Type":"4","BlID":"13507","BusCityName":"가평군"},{"BusNo":"1100","Type":"4","BlID":"18507","BusCityName":"남양주"},{"BusNo":"M2316","Type":"14","BlID":"10574","BusCityName":"광주"}]},{"StopName":"쉼터휴게소.천마산수련장","StopID":"110188","Bus": [{"BusNo":"93","Type":"1","BlID":"8517","BusCityName":"구리"},{"BusNo":"30","Type":"1","BlID":"10045","BusCityName":"광주"},{"BusNo":"1-4","Type":"1","BlID":"18511","BusCityName":"남양주"},{"BusNo":"168","Type":"1","BlID":"18521","BusCityName":"남양주"},{"BusNo":"30-13","Type":"1","BlID":"18531","BusCityName":"남양주"},{"BusNo":"55","Type":"1","BlID":"18546","BusCityName":"남양주"},{"BusNo":"65","Type":"1","BlID":"18550","BusCityName":"남양주"},{"BusNo":"65-1","Type":"1","BlID":"18551","BusCityName":"남양주"},{"BusNo":"6","Type":"1","BlID":"18592","BusCityName":"남양주"},{"BusNo":"330-1","Type":"2","BlID":"18589","BusCityName":"남양주"},{"BusNo":"1330-4","Type":"4","BlID":"13501","BusCityName":"가평군"},{"BusNo":"1330-2","Type":"4","BlID":"13504","BusCityName":"가평군"},{"BusNo":"1330-44","Type":"4","BlID":"13507","BusCityName":"가평군"},{"BusNo":"1100","Type":"4","BlID":"18507","BusCityName":"남양주"},{"BusNo":"1200-1","Type":"4","BlID":"18576","BusCityName":"남양주"},{"BusNo":"1200","Type":"4","BlID":"18588","BusCityName":"남양주"},{"BusNo":"M2316","Type":"14","BlID":"10574","BusCityName":"광주"}]},{"StopName":"양현마을","StopID":"174820","Bus": [{"BusNo":"168","Type":"1","BlID":"18521","BusCityName":"남양주"},{"BusNo":"65","Type":"1","BlID":"18550","BusCityName":"남양주"},{"BusNo":"1200-1","Type":"4","BlID":"18576","BusCityName":"남양주"},{"BusNo":"1200","Type":"4","BlID":"18588","BusCityName":"남양주"}]},{"StopName":"양현마을","StopID":"174821","Bus": [{"BusNo":"168","Type":"1","BlID":"18521","BusCityName":"남양주"},{"BusNo":"65","Type":"1","BlID":"18550","BusCityName":"남양주"},{"BusNo":"1200-1","Type":"4","BlID":"18576","BusCityName":"남양주"},{"BusNo":"1200","Type":"4","BlID":"18588","BusCityName":"남양주"}]}]}]}}}