{"result": {"stationName":"성균관대","stationID":182,"type":1,"laneName":"수도권 1호선","laneCity":"수도권","x":126.9708677,"y":37.300352,"prevOBJ": {"station": [{"stationName":"의왕","stationID":181,"type":1,"laneName":"수도권 1호선","laneCity":"수도권","x":126.9481163,"y":37.3206608}]},"nextOBJ": {"station": [{"stationName":"화서","stationID":183,"type":1,"laneName":"수도권 1호선","laneCity":"수도권","x":126.9895959,"y":37.2839963}]},"defaultInfo": {"address":"경기도 수원시 장안구 율전동 495-2","new_address":"경기도 수원시 장안구 서부로 2149","tel":"1544-7788"},"useInfo": {"platform":2,"meetingPlace":0,"restroom":1,"offDoor":1,"crossOver":2,"publicPlace":0,"handicapCount":1,"parkingCount":1,"bicycleCount":1,"civilCount":0},"exitInfo": {"gate": [{"GateNo":"1","GateLink": ["고용노동부 경기지청","현대아파트","신안한일아파트","일성아파트","경기체육고등학교","천일초등학교","진덕삼호아파트","영생고등학교","건우아파트","울전중학교","상률초등학교","경기지방노동위원회(조정과)","경기지방노동위원회(심판과)","공익근무요원 사회복무 교육센터"],"BUSSTOP": [{"StopName":"율전성당.성균관대역","StopID":"115343","Bus": [{"BusNo":"39","Type":"1","BlID":"9506","BusCityName":"수원"},{"BusNo":"62-1","Type":"1","BlID":"9525","BusCityName":"수원"},{"BusNo":"61","Type":"1","BlID":"9526","BusCityName":"수원"},{"BusNo":"99-2","Type":"1","BlID":"9534","BusCityName":"수원"},{"BusNo":"82-2","Type":"1","BlID":"9561","BusCityName":"수원"},{"BusNo":"99(용남고속(동탄.아주대.호매실지구))","Type":"1","BlID":"9622","BusCityName":"수원"},{"BusNo":"90","Type":"1","BlID":"9678","BusCityName":"수원"},{"BusNo":"2-5","Type":"3","BlID":"9538","BusCityName":"수원"},{"BusNo":"2-1","Type":"3","BlID":"9597","BusCityName":"수원"}]}]},{"GateNo":"2","GateLink": ["율천동주민센터","신일아파트","삼성1.2단지 아파트","율전초등학교","천록아파트","율전치안센터","삼성래미안"],"BUSSTOP": [{"StopName":"성균관대역","StopID":"113787","Bus": [{"BusNo":"39","Type":"1","BlID":"9506","BusCityName":"수원"},{"BusNo":"62-1","Type":"1","BlID":"9525","BusCityName":"수원"},{"BusNo":"61","Type":"1","BlID":"9526","BusCityName":"수원"},{"BusNo":"99-2","Type":"1","BlID":"9534","BusCityName":"수원"},{"BusNo":"82-2","Type":"1","BlID":"9561","BusCityName":"수원"},{"BusNo":"99(용남고속(동탄.아주대.호매실지구))","Type":"1","BlID":"9622","BusCityName":"수원"},{"BusNo":"90","Type":"1","BlID":"9678","BusCityName":"수원"},{"BusNo":"27-1","Type":"3","BlID":"9612","BusCityName":"수원"},{"BusNo":"27","Type":"3","BlID":"9616","BusCityName":"수원"}]},{"StopName":"성균관대역","StopID":"113788","Bus": [{"BusNo":"39","Type":"1","BlID":"9506","BusCityName":"수원"},{"BusNo":"62-1","Type":"1","BlID":"9525","BusCityName":"수원"},{"BusNo":"61","Type":"1","BlID":"9526","BusCityName":"수원"},{"BusNo":"99-2","Type":"1","BlID":"9534","BusCityName":"수원"},{"BusNo":"82-2","Type":"1","BlID":"9561","BusCityName":"수원"},{"BusNo":"99(용남고속(동탄.아주대.호매실지구))","Type":"1","BlID":"9622","BusCityName":"수원"},{"BusNo":"90","Type":"1","BlID":"9678","BusCityName":"수원"},{"BusNo":"25-2","Type":"3","BlID":"9563","BusCityName":"수원"},{"BusNo":"25","Type":"3","BlID":"9617","BusCityName":"수원"},{"BusNo":"7790","Type":"4","BlID":"9595","BusCityName":"수원"},{"BusNo":"7800","Type":"4","BlID":"9596","BusCityName":"수원"}]},{"StopName":"성균관대역","StopID":"198128","Bus": [{"BusNo":"27-1","Type":"3","BlID":"9612","BusCityName":"수원"},{"BusNo":"27","Type":"3","BlID":"9616","BusCityName":"수원"}]}]}]}}}