{"result": {"stationName":"마석","stationID":1820,"type":108,"laneName":"경춘선","laneCity":"수도권","x":127.3117027,"y":37.6527988,"prevOBJ": {"station": [{"stationName":"천마산","stationID":1819,"type":108,"laneName":"경춘선","laneCity":"수도권","x":127.2853963,"y":37.6590131}]},"nextOBJ": {"station": [{"stationName":"대성리","stationID":1821,"type":108,"laneName":"경춘선","laneCity":"수도권","x":127.3795762,"y":37.6841345}]},"defaultInfo": {"address":"경기도 남양주시 화도읍 마석우리 222-2","new_address":"경기도 남양주시 화도읍 마석중앙로 107","tel":"1544-7788"},"useInfo": {"platform":1,"meetingPlace":1,"restroom":2,"offDoor":0,"crossOver":2,"publicPlace":0,"handicapCount":1,"parkingCount":0,"bicycleCount":1,"civilCount":0},"exitInfo": {"gate": [{"GateNo":"1","GateLink": ["경춘국도","화도읍보건지소","마석경찰지구대","마석우체국","마석사거리","화도소방서","마석초등학교","마석중학교","창현초등학교","모란공원"],"BUSSTOP": [{"StopName":"마석역","StopID":"110225","Bus": [{"BusNo":"93","Type":"1","BlID":"8517","BusCityName":"구리"},{"BusNo":"30","Type":"1","BlID":"10045","BusCityName":"광주"},{"BusNo":"1-4","Type":"1","BlID":"18511","BusCityName":"남양주"},{"BusNo":"168","Type":"1","BlID":"18521","BusCityName":"남양주"},{"BusNo":"30-1","Type":"1","BlID":"18527","BusCityName":"남양주"},{"BusNo":"30-10","Type":"1","BlID":"18528","BusCityName":"남양주"},{"BusNo":"30-12","Type":"1","BlID":"18530","BusCityName":"남양주"},{"BusNo":"30-13","Type":"1","BlID":"18531","BusCityName":"남양주"},{"BusNo":"30-14","Type":"1","BlID":"18532","BusCityName":"남양주"},{"BusNo":"30-2","Type":"1","BlID":"18533","BusCityName":"남양주"},{"BusNo":"30-3","Type":"1","BlID":"18534","BusCityName":"남양주"},{"BusNo":"30-4","Type":"1","BlID":"18535","BusCityName":"남양주"},{"BusNo":"30-6","Type":"1","BlID":"18537","BusCityName":"남양주"},{"BusNo":"30-7","Type":"1","BlID":"18538","BusCityName":"남양주"},{"BusNo":"30-8","Type":"1","BlID":"18539","BusCityName":"남양주"},{"BusNo":"30-9","Type":"1","BlID":"18540","BusCityName":"남양주"},{"BusNo":"55","Type":"1","BlID":"18546","BusCityName":"남양주"},{"BusNo":"30-5","Type":"1","BlID":"18547","BusCityName":"남양주"},{"BusNo":"65-1","Type":"1","BlID":"18551","BusCityName":"남양주"},{"BusNo":"6","Type":"1","BlID":"18592","BusCityName":"남양주"},{"BusNo":"7","Type":"1","BlID":"18597","BusCityName":"남양주"},{"BusNo":"330-3","Type":"2","BlID":"18563","BusCityName":"남양주"},{"BusNo":"330-1","Type":"2","BlID":"18589","BusCityName":"남양주"},{"BusNo":"1330-4","Type":"4","BlID":"13501","BusCityName":"가평군"},{"BusNo":"1330-2","Type":"4","BlID":"13504","BusCityName":"가평군"},{"BusNo":"1330-44","Type":"4","BlID":"13507","BusCityName":"가평군"},{"BusNo":"8002-2","Type":"6","BlID":"10044","BusCityName":"광주"},{"BusNo":"8002","Type":"6","BlID":"10066","BusCityName":"광주"},{"BusNo":"8001","Type":"6","BlID":"18591","BusCityName":"남양주"},{"BusNo":"M2316","Type":"14","BlID":"10574","BusCityName":"광주"}]},{"StopName":"마석역","StopID":"110226","Bus": [{"BusNo":"93","Type":"1","BlID":"8517","BusCityName":"구리"},{"BusNo":"30","Type":"1","BlID":"10045","BusCityName":"광주"},{"BusNo":"1-4","Type":"1","BlID":"18511","BusCityName":"남양주"},{"BusNo":"168","Type":"1","BlID":"18521","BusCityName":"남양주"},{"BusNo":"30-1","Type":"1","BlID":"18527","BusCityName":"남양주"},{"BusNo":"30-10","Type":"1","BlID":"18528","BusCityName":"남양주"},{"BusNo":"30-11","Type":"1","BlID":"18529","BusCityName":"남양주"},{"BusNo":"30-12","Type":"1","BlID":"18530","BusCityName":"남양주"},{"BusNo":"30-13","Type":"1","BlID":"18531","BusCityName":"남양주"},{"BusNo":"30-14","Type":"1","BlID":"18532","BusCityName":"남양주"},{"BusNo":"30-2","Type":"1","BlID":"18533","BusCityName":"남양주"},{"BusNo":"30-3","Type":"1","BlID":"18534","BusCityName":"남양주"},{"BusNo":"30-4","Type":"1","BlID":"18535","BusCityName":"남양주"},{"BusNo":"30-6","Type":"1","BlID":"18537","BusCityName":"남양주"},{"BusNo":"30-7","Type":"1","BlID":"18538","BusCityName":"남양주"},{"BusNo":"30-8","Type":"1","BlID":"18539","BusCityName":"남양주"},{"BusNo":"30-9","Type":"1","BlID":"18540","BusCityName":"남양주"},{"BusNo":"55","Type":"1","BlID":"18546","BusCityName":"남양주"},{"BusNo":"30-5","Type":"1","BlID":"18547","BusCityName":"남양주"},{"BusNo":"65-1","Type":"1","BlID":"18551","BusCityName":"남양주"},{"BusNo":"30-15","Type":"1","BlID":"18564","BusCityName":"남양주"},{"BusNo":"6","Type":"1","BlID":"18592","BusCityName":"남양주"},{"BusNo":"7","Type":"1","BlID":"18597","BusCityName":"남양주"},{"BusNo":"330-2","Type":"2","BlID":"18561","BusCityName":"남양주"},{"BusNo":"330-1","Type":"2","BlID":"18589","BusCityName":"남양주"},{"BusNo":"1330-4","Type":"4","BlID":"13501","BusCityName":"가평군"},{"BusNo":"1330-2","Type":"4","BlID":"13504","BusCityName":"가평군"},{"BusNo":"1330-44","Type":"4","BlID":"13507","BusCityName":"가평군"},{"BusNo":"8002-2","Type":"6","BlID":"10044","BusCityName":"광주"},{"BusNo":"8002","Type":"6","BlID":"10066","BusCityName":"광주"},{"BusNo":"8001","Type":"6","BlID":"18591","BusCityName":"남양주"},{"BusNo":"M2316","Type":"14","BlID":"10574","BusCityName":"광주"}]}]},{"GateNo":"2","GateLink": ["화도읍사무소","마석우리","삼석고등학교","심석중학교","송라중학교","송라초등학교"]}]}}}