{"result": {"stationName":"대성리","stationID":1821,"type":108,"laneName":"경춘선","laneCity":"수도권","x":127.3795762,"y":37.6841345,"prevOBJ": {"station": [{"stationName":"마석","stationID":1820,"type":108,"laneName":"경춘선","laneCity":"수도권","x":127.3117027,"y":37.6527988}]},"nextOBJ": {"station": [{"stationName":"청평","stationID":1822,"type":108,"laneName":"경춘선","laneCity":"수도권","x":127.426562,"y":37.7354881}]},"defaultInfo": {"address":"경기도 가평군 청평면 대성리 393-3","new_address":"경기도 가평군 청평면 경춘로 88","tel":"1544-7788"},"useInfo": {"platform":1,"meetingPlace":1,"restroom":2,"offDoor":0,"crossOver":2,"publicPlace":0,"handicapCount":1,"parkingCount":0,"bicycleCount":1,"civilCount":0},"exitInfo": {"gate": [{"GateNo":"1","GateLink": ["대성리국민관광단지","경춘국도","북한강공원","대성초등학교"],"BUSSTOP": [{"StopName":"대성리역","StopID":"184861","Bus": [{"BusNo":"32-3","Type":"1","BlID":"13518","BusCityName":"가평군"},{"BusNo":"1330-4","Type":"4","BlID":"13501","BusCityName":"가평군"},{"BusNo":"1330-2","Type":"4","BlID":"13504","BusCityName":"가평군"},{"BusNo":"1330-44","Type":"4","BlID":"13507","BusCityName":"가평군"}]},{"StopName":"대성리역","StopID":"184862","Bus": [{"BusNo":"32-3","Type":"1","BlID":"13518","BusCityName":"가평군"},{"BusNo":"1330-4","Type":"4","BlID":"13501","BusCityName":"가평군"},{"BusNo":"1330-2","Type":"4","BlID":"13504","BusCityName":"가평군"},{"BusNo":"1330-44","Type":"4","BlID":"13507","BusCityName":"가평군"}]}]},{"GateNo":"2","GateLink": ["옥외주차장"]}]}}}