{"result": {"stationName":"청평","stationID":1822,"type":108,"laneName":"경춘선","laneCity":"수도권","x":127.426562,"y":37.7354881,"prevOBJ": {"station": [{"stationName":"대성리","stationID":1821,"type":108,"laneName":"경춘선","laneCity":"수도권","x":127.3795762,"y":37.6841345}]},"nextOBJ": {"station": [{"stationName":"상천","stationID":1823,"type":108,"laneName":"경춘선","laneCity":"수도권","x":127.4544347,"y":37.7700398}]},"defaultInfo": {"address":"경기도 가평군 청평면 청평리 125-1","new_address":"경기도 가평군 청평면 청평역로 97-33","tel":"1544-7788"},"useInfo": {"platform":1,"meetingPlace":1,"restroom":2,"offDoor":0,"crossOver":2,"publicPlace":0,"handicapCount":1,"parkingCount":0,"bicycleCount":1,"civilCount":0},"exitInfo": {"gate": [{"GateNo":"1","GateLink": ["청평면사무소","청평시외버스터미널"],"BUSSTOP": [{"StopName":"청평터미널","StopID":"161599","Bus": [{"BusNo":"32-5","Type":"1","BlID":"13508","BusCityName":"가평군"},{"BusNo":"31-4","Type":"1","BlID":"13512","BusCityName":"가평군"},{"BusNo":"31-5","Type":"1","BlID":"13513","BusCityName":"가평군"},{"BusNo":"31-8","Type":"1","BlID":"13514","BusCityName":"가평군"},{"BusNo":"31-7","Type":"1","BlID":"13516","BusCityName":"가평군"},{"BusNo":"32-3","Type":"1","BlID":"13518","BusCityName":"가평군"},{"BusNo":"31-6","Type":"1","BlID":"13524","BusCityName":"가평군"},{"BusNo":"33-3","Type":"1","BlID":"13525","BusCityName":"가평군"},{"BusNo":"32-9","Type":"1","BlID":"13536","BusCityName":"가평군"},{"BusNo":"32-11","Type":"1","BlID":"13538","BusCityName":"가평군"},{"BusNo":"32-13","Type":"1","BlID":"13539","BusCityName":"가평군"},{"BusNo":"32-1","Type":"1","BlID":"13542","BusCityName":"가평군"},{"BusNo":"31-19","Type":"1","BlID":"13544","BusCityName":"가평군"},{"BusNo":"32-22","Type":"1","BlID":"13549","BusCityName":"가평군"},{"BusNo":"32-21","Type":"1","BlID":"13550","BusCityName":"가평군"},{"BusNo":"31-3","Type":"1","BlID":"13552","BusCityName":"가평군"},{"BusNo":"31-17","Type":"1","BlID":"13560","BusCityName":"가평군"},{"BusNo":"31-18","Type":"1","BlID":"13561","BusCityName":"가평군"},{"BusNo":"31-20","Type":"1","BlID":"13563","BusCityName":"가평군"},{"BusNo":"32-17","Type":"1","BlID":"13568","BusCityName":"가평군"},{"BusNo":"32-26","Type":"1","BlID":"13574","BusCityName":"가평군"},{"BusNo":"32-27","Type":"1","BlID":"13575","BusCityName":"가평군"},{"BusNo":"33-38","Type":"1","BlID":"13599","BusCityName":"가평군"},{"BusNo":"1330-4","Type":"4","BlID":"13501","BusCityName":"가평군"},{"BusNo":"1330-2","Type":"4","BlID":"13504","BusCityName":"가평군"},{"BusNo":"1330-44","Type":"4","BlID":"13507","BusCityName":"가평군"}]},{"StopName":"청평터미널","StopID":"184875","Bus": [{"BusNo":"32-13","Type":"1","BlID":"13539","BusCityName":"가평군"},{"BusNo":"32-22","Type":"1","BlID":"13549","BusCityName":"가평군"},{"BusNo":"32-2","Type":"1","BlID":"13567","BusCityName":"가평군"}]},{"StopName":"청평역","StopID":"197295","Bus": [{"BusNo":"31-4","Type":"1","BlID":"13512","BusCityName":"가평군"},{"BusNo":"31-8","Type":"1","BlID":"13514","BusCityName":"가평군"},{"BusNo":"31-19","Type":"1","BlID":"13544","BusCityName":"가평군"},{"BusNo":"31-3","Type":"1","BlID":"13552","BusCityName":"가평군"},{"BusNo":"31-20","Type":"1","BlID":"13563","BusCityName":"가평군"}]}]},{"GateNo":"2","GateLink": ["청명유원지","중부내수면연구소","호명산"]}]}}}