{"result": {"stationName":"상천","stationID":1823,"type":108,"laneName":"경춘선","laneCity":"수도권","x":127.4544347,"y":37.7700398,"prevOBJ": {"station": [{"stationName":"청평","stationID":1822,"type":108,"laneName":"경춘선","laneCity":"수도권","x":127.426562,"y":37.7354881}]},"nextOBJ": {"station": [{"stationName":"가평","stationID":1824,"type":108,"laneName":"경춘선","laneCity":"수도권","x":127.5107038,"y":37.8145181}]},"defaultInfo": {"address":"경기도 가평군 청평면 상천리 1260-1","new_address":"경기도 가평군 청평면 상천역로 29","tel":"1544-7788"},"useInfo": {"platform":1,"meetingPlace":1,"restroom":2,"offDoor":0,"crossOver":2,"publicPlace":0,"handicapCount":1,"parkingCount":0,"bicycleCount":1,"civilCount":0},"exitInfo": {"gate": [{"GateNo":"1","GateLink": ["상천초등학교","호명산","호명호수"],"BUSSTOP": [{"StopName":"상천역입구","StopID":"117473","Bus": [{"BusNo":"33-3","Type":"1","BlID":"13525","BusCityName":"가평군"},{"BusNo":"33-38","Type":"1","BlID":"13599","BusCityName":"가평군"},{"BusNo":"1330-2","Type":"4","BlID":"13504","BusCityName":"가평군"}]},{"StopName":"상천역입구","StopID":"117503","Bus": [{"BusNo":"33-3","Type":"1","BlID":"13525","BusCityName":"가평군"},{"BusNo":"33-38","Type":"1","BlID":"13599","BusCityName":"가평군"},{"BusNo":"1330-2","Type":"4","BlID":"13504","BusCityName":"가평군"}]}]}]}}}