{"result": {"stationName":"가평","stationID":1824,"type":108,"laneName":"경춘선","laneCity":"수도권","x":127.5107038,"y":37.8145181,"prevOBJ": {"station": [{"stationName":"상천","stationID":1823,"type":108,"laneName":"경춘선","laneCity":"수도권","x":127.4544347,"y":37.7700398}]},"nextOBJ": {"station": [{"stationName":"굴봉산","stationID":1825,"type":108,"laneName":"경춘선","laneCity":"수도권","x":127.5577566,"y":37.8320845}]},"defaultInfo": {"address":"경기도 가평군 가평읍 달전리 567","new_address":"경기도 가평군 가평읍 문화로 13-42","tel":"1544-7788"},"useInfo": {"platform":1,"meetingPlace":1,"restroom":2,"offDoor":0,"crossOver":2,"publicPlace":0,"handicapCount":1,"parkingCount":0,"bicycleCount":1,"civilCount":0},"exitInfo": {"gate": [{"GateNo":"1","GateLink": ["가평군청","가평경찰서","가평고등학교","자라섬","남이섬"],"BUSSTOP": [{"StopName":"가평고등학교","StopID":"161793","Bus": [{"BusNo":"33-4","Type":"1","BlID":"13509","BusCityName":"가평군"},{"BusNo":"33-53","Type":"1","BlID":"13510","BusCityName":"가평군"},{"BusNo":"33-55","Type":"1","BlID":"13521","BusCityName":"가평군"},{"BusNo":"33-1","Type":"1","BlID":"13522","BusCityName":"가평군"},{"BusNo":"33-2","Type":"1","BlID":"13523","BusCityName":"가평군"},{"BusNo":"33-5","Type":"1","BlID":"13526","BusCityName":"가평군"},{"BusNo":"33-6","Type":"1","BlID":"13527","BusCityName":"가평군"},{"BusNo":"33-11","Type":"1","BlID":"13540","BusCityName":"가평군"},{"BusNo":"33-12","Type":"1","BlID":"13541","BusCityName":"가평군"},{"BusNo":"33-40","Type":"1","BlID":"13543","BusCityName":"가평군"},{"BusNo":"50-1","Type":"1","BlID":"13545","BusCityName":"가평군"},{"BusNo":"33-10(첫차)","Type":"1","BlID":"13546","BusCityName":"가평군"},{"BusNo":"33-16","Type":"1","BlID":"13555","BusCityName":"가평군"},{"BusNo":"33-14","Type":"1","BlID":"13576","BusCityName":"가평군"},{"BusNo":"33-18","Type":"1","BlID":"13577","BusCityName":"가평군"},{"BusNo":"33-32","Type":"1","BlID":"13582","BusCityName":"가평군"},{"BusNo":"33-35","Type":"1","BlID":"13585","BusCityName":"가평군"},{"BusNo":"33-36","Type":"1","BlID":"13586","BusCityName":"가평군"},{"BusNo":"33-38","Type":"1","BlID":"13599","BusCityName":"가평군"}]},{"StopName":"가평고등학교","StopID":"161797","Bus": [{"BusNo":"33-4","Type":"1","BlID":"13509","BusCityName":"가평군"},{"BusNo":"33-53","Type":"1","BlID":"13510","BusCityName":"가평군"},{"BusNo":"33-55","Type":"1","BlID":"13521","BusCityName":"가평군"},{"BusNo":"33-1","Type":"1","BlID":"13522","BusCityName":"가평군"},{"BusNo":"33-2","Type":"1","BlID":"13523","BusCityName":"가평군"},{"BusNo":"33-5","Type":"1","BlID":"13526","BusCityName":"가평군"},{"BusNo":"33-6","Type":"1","BlID":"13527","BusCityName":"가평군"},{"BusNo":"33-8","Type":"1","BlID":"13529","BusCityName":"가평군"},{"BusNo":"33-11","Type":"1","BlID":"13540","BusCityName":"가평군"},{"BusNo":"33-12","Type":"1","BlID":"13541","BusCityName":"가평군"},{"BusNo":"33-40","Type":"1","BlID":"13543","BusCityName":"가평군"},{"BusNo":"50-1","Type":"1","BlID":"13545","BusCityName":"가평군"},{"BusNo":"33-10(첫차)","Type":"1","BlID":"13546","BusCityName":"가평군"},{"BusNo":"50-2","Type":"1","BlID":"13547","BusCityName":"가평군"},{"BusNo":"33-16","Type":"1","BlID":"13555","BusCityName":"가평군"},{"BusNo":"33-17","Type":"1","BlID":"13556","BusCityName":"가평군"},{"BusNo":"33-14","Type":"1","BlID":"13576","BusCityName":"가평군"},{"BusNo":"33-18","Type":"1","BlID":"13577","BusCityName":"가평군"},{"BusNo":"33-32","Type":"1","BlID":"13582","BusCityName":"가평군"},{"BusNo":"33-35","Type":"1","BlID":"13585","BusCityName":"가평군"},{"BusNo":"33-36","Type":"1","BlID":"13586","BusCityName":"가평군"},{"BusNo":"33-38","Type":"1","BlID":"13599","BusCityName":"가평군"}]},{"StopName":"현충탑","StopID":"164982","Bus": [{"BusNo":"33-6","Type":"1","BlID":"13527","BusCityName":"가평군"},{"BusNo":"33-14","Type":"1","BlID":"13576","BusCityName":"가평군"},{"BusNo":"33-32","Type":"1","BlID":"13582","BusCityName":"가평군"},{"BusNo":"33-36","Type":"1","BlID":"13586","BusCityName":"가평군"}]},{"StopName":"현충탑","StopID":"164983","Bus": [{"BusNo":"33-5","Type":"1","BlID":"13526","BusCityName":"가평군"},{"BusNo":"33-6","Type":"1","BlID":"13527","BusCityName":"가평군"},{"BusNo":"33-14","Type":"1","BlID":"13576","BusCityName":"가평군"},{"BusNo":"33-32","Type":"1","BlID":"13582","BusCityName":"가평군"},{"BusNo":"33-36","Type":"1","BlID":"13586","BusCityName":"가평군"},{"BusNo":"33-24","Type":"1","BlID":"13590","BusCityName":"가평군"}]},{"StopName":"가평역","StopID":"197413","Bus": [{"BusNo":"33-4","Type":"1","BlID":"13509","BusCityName":"가평군"},{"BusNo":"33-53","Type":"1","BlID":"13510","BusCityName":"가평군"},{"BusNo":"33-55","Type":"1","BlID":"13521","BusCityName":"가평군"},{"BusNo":"33-1","Type":"1","BlID":"13522","BusCityName":"가평군"},{"BusNo":"33-2","Type":"1","BlID":"13523","BusCityName":"가평군"},{"BusNo":"33-5","Type":"1","BlID":"13526","BusCityName":"가평군"},{"BusNo":"33-6","Type":"1","BlID":"13527","BusCityName":"가평군"},{"BusNo":"33-8","Type":"1","BlID":"13529","BusCityName":"가평군"},{"BusNo":"33-11","Type":"1","BlID":"13540","BusCityName":"가평군"},{"BusNo":"33-12","Type":"1","BlID":"13541","BusCityName":"가평군"},{"BusNo":"33-40","Type":"1","BlID":"13543","BusCityName":"가평군"},{"BusNo":"50-1","Type":"1","BlID":"13545","BusCityName":"가평군"},{"BusNo":"33-10(첫차)","Type":"1","BlID":"13546","BusCityName":"가평군"},{"BusNo":"33-16","Type":"1","BlID":"13555","BusCityName":"가평군"},{"BusNo":"33-17","Type":"1","BlID":"13556","BusCityName":"가평군"},{"BusNo":"33-18","Type":"1","BlID":"13577","BusCityName":"가평군"},{"BusNo":"33-32","Type":"1","BlID":"13582","BusCityName":"가평군"},{"BusNo":"33-35","Type":"1","BlID":"13585","BusCityName":"가평군"},{"BusNo":"33-36","Type":"1","BlID":"13586","BusCityName":"가평군"},{"BusNo":"33-24","Type":"1","BlID":"13590","BusCityName":"가평군"}]},{"StopName":"가평역","StopID":"197415","Bus": [{"BusNo":"33-4","Type":"1","BlID":"13509","BusCityName":"가평군"},{"BusNo":"33-53","Type":"1","BlID":"13510","BusCityName":"가평군"},{"BusNo":"33-55","Type":"1","BlID":"13521","BusCityName":"가평군"},{"BusNo":"33-1","Type":"1","BlID":"13522","BusCityName":"가평군"},{"BusNo":"33-2","Type":"1","BlID":"13523","BusCityName":"가평군"},{"BusNo":"33-8","Type":"1","BlID":"13529","BusCityName":"가평군"},{"BusNo":"33-11","Type":"1","BlID":"13540","BusCityName":"가평군"},{"BusNo":"33-12","Type":"1","BlID":"13541","BusCityName":"가평군"},{"BusNo":"33-40","Type":"1","BlID":"13543","BusCityName":"가평군"},{"BusNo":"50-1","Type":"1","BlID":"13545","BusCityName":"가평군"},{"BusNo":"33-10(첫차)","Type":"1","BlID":"13546","BusCityName":"가평군"},{"BusNo":"50-2","Type":"1","BlID":"13547","BusCityName":"가평군"},{"BusNo":"33-16","Type":"1","BlID":"13555","BusCityName":"가평군"},{"BusNo":"33-17","Type":"1","BlID":"13556","BusCityName":"가평군"},{"BusNo":"33-14","Type":"1","BlID":"13576","BusCityName":"가평군"},{"BusNo":"33-32","Type":"1","BlID":"13582","BusCityName":"가평군"},{"BusNo":"33-36","Type":"1","BlID":"13586","BusCityName":"가평군"},{"BusNo":"33-38","Type":"1","BlID":"13599","BusCityName":"가평군"}]}]}]}}}