{"result": {"stationName":"굴봉산","stationID":1825,"type":108,"laneName":"경춘선","laneCity":"수도권","x":127.5577566,"y":37.8320845,"prevOBJ": {"station": [{"stationName":"가평","stationID":1824,"type":108,"laneName":"경춘선","laneCity":"수도권","x":127.5107038,"y":37.8145181}]},"nextOBJ": {"station": [{"stationName":"백양리","stationID":1826,"type":108,"laneName":"경춘선","laneCity":"수도권","x":127.5891067,"y":37.8308822}]},"defaultInfo": {"address":"강원도 춘천시 남산면 백양리 588-30","new_address":"강원도 춘천시 남산면 서백길 192","tel":"1544-7788"},"useInfo": {"platform":2,"meetingPlace":1,"restroom":2,"offDoor":0,"crossOver":2,"publicPlace":0,"handicapCount":1,"parkingCount":0,"bicycleCount":1,"civilCount":0},"exitInfo": {"gate": [{"GateNo":"1","GateLink": ["서천보건진료소","남산초등학교 서천분교"],"BUSSTOP": [{"StopName":"굴봉산역","StopID":"260360","Bus": [{"BusNo":"86(삼악산.백양리역)","Type":"1","BlID":"2500115","BusCityName":"춘천"},{"BusNo":"86(백양리역.삼악산)","Type":"1","BlID":"2500241","BusCityName":"춘천"},{"BusNo":"86(굴봉산역.강촌입구.창촌.백양리)","Type":"1","BlID":"2500242","BusCityName":"춘천"},{"BusNo":"86(강촌유원지.굴봉산역.백양리.창촌)","Type":"1","BlID":"2500243","BusCityName":"춘천"},{"BusNo":"86(백양리역.굴봉산역)","Type":"1","BlID":"2500244","BusCityName":"춘천"}]},{"StopName":"굴봉산역","StopID":"260361","Bus": [{"BusNo":"86(의암댐.서천1리)","Type":"1","BlID":"2500112","BusCityName":"춘천"},{"BusNo":"86(삼악산.백양리역)","Type":"1","BlID":"2500115","BusCityName":"춘천"},{"BusNo":"86(굴봉산역.강촌입구.창촌.백양리)","Type":"1","BlID":"2500242","BusCityName":"춘천"},{"BusNo":"86(강촌유원지.굴봉산역.백양리.창촌)","Type":"1","BlID":"2500243","BusCityName":"춘천"},{"BusNo":"86(백양리역.굴봉산역)","Type":"1","BlID":"2500244","BusCityName":"춘천"}]}]},{"GateNo":"2","GateLink": ["옥외주차장"]}]}}}