{"result": {"stationName":"백양리","stationID":1826,"type":108,"laneName":"경춘선","laneCity":"수도권","x":127.5891067,"y":37.8308822,"prevOBJ": {"station": [{"stationName":"굴봉산","stationID":1825,"type":108,"laneName":"경춘선","laneCity":"수도권","x":127.5577566,"y":37.8320845}]},"nextOBJ": {"station": [{"stationName":"강촌","stationID":1827,"type":108,"laneName":"경춘선","laneCity":"수도권","x":127.6340807,"y":37.8057289}]},"defaultInfo": {"address":"강원도 춘천시 남산면 강촌리 680-7","new_address":"강원도 춘천시 남산면 북한강변길 690","tel":"1544-7788"},"useInfo": {"platform":1,"meetingPlace":1,"restroom":2,"offDoor":0,"crossOver":2,"publicPlace":0,"handicapCount":1,"parkingCount":0,"bicycleCount":1,"civilCount":0},"exitInfo": {"gate": [{"GateNo":"1","GateLink": ["엘리시안강촌","검봉산","국민의 숲"]}]}}}