{"result": {"stationName":"강촌","stationID":1827,"type":108,"laneName":"경춘선","laneCity":"수도권","x":127.6340807,"y":37.8057289,"prevOBJ": {"station": [{"stationName":"백양리","stationID":1826,"type":108,"laneName":"경춘선","laneCity":"수도권","x":127.5891067,"y":37.8308822}]},"nextOBJ": {"station": [{"stationName":"김유정","stationID":1828,"type":108,"laneName":"경춘선","laneCity":"수도권","x":127.7143217,"y":37.8184743}]},"defaultInfo": {"address":"강원도 춘천시 남산면 방곡리 409","new_address":"강원도 춘천시 남산면 강촌로 150","tel":"1544-7788"},"useInfo": {"platform":1,"meetingPlace":1,"restroom":2,"offDoor":0,"crossOver":2,"publicPlace":0,"handicapCount":1,"parkingCount":0,"bicycleCount":1,"civilCount":0},"exitInfo": {"gate": [{"GateNo":"1","GateLink": ["창촌중학교","송곡대학","강촌유원지","검봉산"],"BUSSTOP": [{"StopName":"강촌역","StopID":"260003","Bus": [{"BusNo":"53","Type":"1","BlID":"2500013","BusCityName":"춘천"},{"BusNo":"50(송암스포츠타운입구.강촌리)","Type":"1","BlID":"2500060","BusCityName":"춘천"},{"BusNo":"50-1(송암스포츠타운입구.강촌리)","Type":"1","BlID":"2500061","BusCityName":"춘천"},{"BusNo":"55(창촌)","Type":"1","BlID":"2500065","BusCityName":"춘천"},{"BusNo":"55(방곡리)","Type":"1","BlID":"2500067","BusCityName":"춘천"},{"BusNo":"56(방곡리.수동1리)","Type":"1","BlID":"2500071","BusCityName":"춘천"},{"BusNo":"56(수동1리.창촌3리)","Type":"1","BlID":"2500072","BusCityName":"춘천"},{"BusNo":"5(관천리(오전))","Type":"1","BlID":"2500079","BusCityName":"춘천"},{"BusNo":"5(관천리(오후))","Type":"1","BlID":"2500080","BusCityName":"춘천"},{"BusNo":"3(팔봉산.강촌역)","Type":"1","BlID":"2500168","BusCityName":"춘천"},{"BusNo":"3(강촌역.산수리)","Type":"1","BlID":"2500170","BusCityName":"춘천"},{"BusNo":"5(가정2리.추곡리)","Type":"1","BlID":"2500193","BusCityName":"춘천"},{"BusNo":"5(가정2리.후동리)","Type":"1","BlID":"2500194","BusCityName":"춘천"},{"BusNo":"5(관천리(숙박))","Type":"1","BlID":"2500195","BusCityName":"춘천"},{"BusNo":"5(상걸리.후평동)","Type":"1","BlID":"2500196","BusCityName":"춘천"},{"BusNo":"55(창촌리.방곡리)","Type":"1","BlID":"2500204","BusCityName":"춘천"},{"BusNo":"55(수동1리)","Type":"1","BlID":"2500205","BusCityName":"춘천"},{"BusNo":"56(수동1리)","Type":"1","BlID":"2500208","BusCityName":"춘천"},{"BusNo":"56(방곡리.창촌3리)","Type":"1","BlID":"2500209","BusCityName":"춘천"}]},{"StopName":"강촌역","StopID":"260004","Bus": [{"BusNo":"53-1","Type":"1","BlID":"2500010","BusCityName":"춘천"},{"BusNo":"3(강촌역.추곡리.팔봉산)","Type":"1","BlID":"2500052","BusCityName":"춘천"},{"BusNo":"50(송암스포츠타운입구.강촌리)","Type":"1","BlID":"2500060","BusCityName":"춘천"},{"BusNo":"50-1(송암스포츠타운입구.강촌리)","Type":"1","BlID":"2500061","BusCityName":"춘천"},{"BusNo":"55(창촌)","Type":"1","BlID":"2500065","BusCityName":"춘천"},{"BusNo":"55(방곡리)","Type":"1","BlID":"2500067","BusCityName":"춘천"},{"BusNo":"56(방곡리.수동1리)","Type":"1","BlID":"2500071","BusCityName":"춘천"},{"BusNo":"56(수동1리.창촌3리)","Type":"1","BlID":"2500072","BusCityName":"춘천"},{"BusNo":"5(추곡리.가정2리)","Type":"1","BlID":"2500076","BusCityName":"춘천"},{"BusNo":"5(후동리.가정2리)","Type":"1","BlID":"2500078","BusCityName":"춘천"},{"BusNo":"5(관천리(오전))","Type":"1","BlID":"2500079","BusCityName":"춘천"},{"BusNo":"5(관천리(오후))","Type":"1","BlID":"2500080","BusCityName":"춘천"},{"BusNo":"5(상걸리.후평동)","Type":"1","BlID":"2500196","BusCityName":"춘천"},{"BusNo":"55(창촌리.방곡리)","Type":"1","BlID":"2500204","BusCityName":"춘천"},{"BusNo":"55(수동1리)","Type":"1","BlID":"2500205","BusCityName":"춘천"},{"BusNo":"56(수동1리)","Type":"1","BlID":"2500208","BusCityName":"춘천"},{"BusNo":"56(방곡리.창촌3리)","Type":"1","BlID":"2500209","BusCityName":"춘천"}]}]}]}}}