{"result": {"stationName":"김유정","stationID":1828,"type":108,"laneName":"경춘선","laneCity":"수도권","x":127.7143217,"y":37.8184743,"prevOBJ": {"station": [{"stationName":"강촌","stationID":1827,"type":108,"laneName":"경춘선","laneCity":"수도권","x":127.6340807,"y":37.8057289}]},"nextOBJ": {"station": [{"stationName":"남춘천","stationID":1829,"type":108,"laneName":"경춘선","laneCity":"수도권","x":127.7237844,"y":37.864071}]},"defaultInfo": {"address":"강원도 춘천시 신동면 증리 945-1","new_address":"강원도 춘천시 신동면 김유정로 1435","tel":"1544-7788"},"useInfo": {"platform":1,"meetingPlace":1,"restroom":2,"offDoor":0,"crossOver":2,"publicPlace":0,"handicapCount":1,"parkingCount":0,"bicycleCount":1,"civilCount":0},"exitInfo": {"gate": [{"GateNo":"1","GateLink": ["신동면사무소","유정마을","김유정문학촌"],"BUSSTOP": [{"StopName":"김유정역","StopID":"259379","Bus": [{"BusNo":"1(팔봉산)","Type":"1","BlID":"2500002","BusCityName":"춘천"},{"BusNo":"1(산수리.광판)","Type":"1","BlID":"2500133","BusCityName":"춘천"},{"BusNo":"67(증2리.정족2리)","Type":"1","BlID":"2500223","BusCityName":"춘천"},{"BusNo":"67(오봉마을.신동면사무소)","Type":"1","BlID":"2500224","BusCityName":"춘천"},{"BusNo":"67(신동면사무소.정족2리)","Type":"1","BlID":"2500225","BusCityName":"춘천"},{"BusNo":"67(삼포유원지.정족2리)","Type":"1","BlID":"2500226","BusCityName":"춘천"}]},{"StopName":"김유정역","StopID":"259501","Bus": [{"BusNo":"1(광판2리.산수리)","Type":"1","BlID":"2500016","BusCityName":"춘천"},{"BusNo":"67(김유정역.오봉마을)","Type":"1","BlID":"2500090","BusCityName":"춘천"},{"BusNo":"67(퇴계농공단지.김유정역)","Type":"1","BlID":"2500091","BusCityName":"춘천"},{"BusNo":"67(정족2리.김유정역)","Type":"1","BlID":"2500092","BusCityName":"춘천"},{"BusNo":"67(정족2리.증2리)","Type":"1","BlID":"2500093","BusCityName":"춘천"},{"BusNo":"1(팔봉산)","Type":"1","BlID":"2500134","BusCityName":"춘천"}]}]}]}}}