{"result": {"stationName":"남춘천","stationID":1829,"type":108,"laneName":"경춘선","laneCity":"수도권","x":127.7237844,"y":37.864071,"prevOBJ": {"station": [{"stationName":"김유정","stationID":1828,"type":108,"laneName":"경춘선","laneCity":"수도권","x":127.7143217,"y":37.8184743}]},"nextOBJ": {"station": [{"stationName":"춘천","stationID":1830,"type":108,"laneName":"경춘선","laneCity":"수도권","x":127.7166264,"y":37.8843903}]},"defaultInfo": {"address":"강원도 춘천시 퇴계동 633-2","new_address":"강원도 춘천시 영서로 2260","tel":"1544-7788"},"useInfo": {"platform":1,"meetingPlace":1,"restroom":2,"offDoor":0,"crossOver":2,"publicPlace":0,"handicapCount":1,"parkingCount":0,"bicycleCount":1,"civilCount":0},"exitInfo": {"gate": [{"GateNo":"1","GateLink": ["강원도청/춘천시청 방향","강원체육중.고등학교","춘천경찰서/춘천KBS 방향","102 보충대 방향"],"BUSSTOP": [{"StopName":"남춘천역","StopID":"257773","Bus": [{"BusNo":"1(광판2리.산수리)","Type":"1","BlID":"2500016","BusCityName":"춘천"},{"BusNo":"20(검문소.산업인력공단)","Type":"1","BlID":"2500017","BusCityName":"춘천"},{"BusNo":"20(시청.명동입구.교육대학교)","Type":"1","BlID":"2500019","BusCityName":"춘천"},{"BusNo":"200(춘천기계공고.조각공원.춘천여고)","Type":"1","BlID":"2500032","BusCityName":"춘천"},{"BusNo":"9(춘천박물관후문.KBS방송국)","Type":"1","BlID":"2500117","BusCityName":"춘천"},{"BusNo":"1(팔봉산)","Type":"1","BlID":"2500134","BusCityName":"춘천"},{"BusNo":"20(한림성심대학교)","Type":"1","BlID":"2500153","BusCityName":"춘천"},{"BusNo":"112","Type":"1","BlID":"2500260","BusCityName":"춘천"},{"BusNo":"200(춘천기계공고.조각공원)","Type":"1","BlID":"2500265","BusCityName":"춘천"}]},{"StopName":"남춘천역","StopID":"259910","Bus": [{"BusNo":"10(오전/강대정문.쪽문.후문)","Type":"1","BlID":"2500000","BusCityName":"춘천"},{"BusNo":"1(팔봉산)","Type":"1","BlID":"2500002","BusCityName":"춘천"},{"BusNo":"11","Type":"1","BlID":"2500003","BusCityName":"춘천"},{"BusNo":"8(춘천여고.케이티앤지)","Type":"1","BlID":"2500015","BusCityName":"춘천"},{"BusNo":"20(검문소.산업인력공단)","Type":"1","BlID":"2500017","BusCityName":"춘천"},{"BusNo":"20(시청.명동입구.교육대학교)","Type":"1","BlID":"2500019","BusCityName":"춘천"},{"BusNo":"200(춘천여고.후평주공4단지.퇴계주공6단지)","Type":"1","BlID":"2500035","BusCityName":"춘천"},{"BusNo":"8(케이티앤지)","Type":"1","BlID":"2500126","BusCityName":"춘천"},{"BusNo":"66-1(시의회.한림대.공지사거리)","Type":"1","BlID":"2500130","BusCityName":"춘천"},{"BusNo":"102(102보충대.매주화요일 운행)","Type":"1","BlID":"2500131","BusCityName":"춘천"},{"BusNo":"10(오후/강대후문.쪽문.정문)","Type":"1","BlID":"2500132","BusCityName":"춘천"},{"BusNo":"1(산수리.광판)","Type":"1","BlID":"2500133","BusCityName":"춘천"},{"BusNo":"20(한림성심대학교)","Type":"1","BlID":"2500153","BusCityName":"춘천"},{"BusNo":"66(감정1리.동면사무소)","Type":"1","BlID":"2500221","BusCityName":"춘천"},{"BusNo":"9(강원대후문.박물관입구)","Type":"1","BlID":"2500247","BusCityName":"춘천"},{"BusNo":"83(신매대교.서면사무소)","Type":"1","BlID":"2500254","BusCityName":"춘천"},{"BusNo":"150(오전.소양강댐정상)","Type":"1","BlID":"2500261","BusCityName":"춘천"},{"BusNo":"150(오후.춘천공원묘지)","Type":"1","BlID":"2500264","BusCityName":"춘천"},{"BusNo":"200(후평주공4단지.퇴계주공6단지)","Type":"1","BlID":"2500272","BusCityName":"춘천"}]}]},{"GateNo":"2","GateLink": ["강원대학교","춘천교대 방향","퇴계동 주민센터","춘천지방법원/강원지방병무청"],"BUSSTOP": [{"StopName":"남춘천역종점","StopID":"259935","Bus": [{"BusNo":"10(오전/강대정문.쪽문.후문)","Type":"1","BlID":"2500000","BusCityName":"춘천"},{"BusNo":"102(102보충대.매주화요일 운행)","Type":"1","BlID":"2500024","BusCityName":"춘천"},{"BusNo":"66(동면사무소.시의회.한림대)","Type":"1","BlID":"2500129","BusCityName":"춘천"},{"BusNo":"10(오후/강대후문.쪽문.정문)","Type":"1","BlID":"2500132","BusCityName":"춘천"},{"BusNo":"83(서면사무소.신매대교)","Type":"1","BlID":"2500255","BusCityName":"춘천"}]}]},{"GateNo":"3","GateLink": ["시외버스터미널","교직원공제회관","남춘천초등학교","공무원연금관리공단","공지천","춘천MBC"]}]}}}