{"result": {"stationName":"화서","stationID":183,"type":1,"laneName":"수도권 1호선","laneCity":"수도권","x":126.9895959,"y":37.2839963,"prevOBJ": {"station": [{"stationName":"성균관대","stationID":182,"type":1,"laneName":"수도권 1호선","laneCity":"수도권","x":126.9708677,"y":37.300352}]},"nextOBJ": {"station": [{"stationName":"수원","stationID":184,"type":1,"laneName":"수도권 1호선","laneCity":"수도권","x":126.9999439,"y":37.2664048}]},"defaultInfo": {"address":"경기도 수원시 팔달구 화서동 464","new_address":"경기도 수원시 팔달구 덕영대로 692","tel":"1544-7788"},"useInfo": {"platform":2,"meetingPlace":0,"restroom":1,"offDoor":0,"crossOver":2,"publicPlace":0,"handicapCount":1,"parkingCount":1,"bicycleCount":1,"civilCount":0},"exitInfo": {"gate": [{"GateNo":"1","GateLink": ["KT&G","경기도의료원 수원병원","숙지초등학교","숙지중학교","숙지고등학교","현대아파트","화양초등학교","영광아파트","경일아파트","한국지역난방공사","명인중학교","수원상공회의소"],"BUSSTOP": [{"StopName":"화서역.화서주공3단지","StopID":"185333","Bus": [{"BusNo":"39","Type":"1","BlID":"9506","BusCityName":"수원"},{"BusNo":"92","Type":"1","BlID":"9514","BusCityName":"수원"},{"BusNo":"5-4","Type":"1","BlID":"9540","BusCityName":"수원"},{"BusNo":"2-2","Type":"1","BlID":"9541","BusCityName":"수원"},{"BusNo":"37","Type":"1","BlID":"9559","BusCityName":"수원"},{"BusNo":"36","Type":"1","BlID":"9560","BusCityName":"수원"},{"BusNo":"5-1","Type":"1","BlID":"9572","BusCityName":"수원"},{"BusNo":"3","Type":"1","BlID":"9573","BusCityName":"수원"},{"BusNo":"2-1","Type":"1","BlID":"9574","BusCityName":"수원"},{"BusNo":"1","Type":"1","BlID":"9580","BusCityName":"수원"},{"BusNo":"5-2","Type":"1","BlID":"9680","BusCityName":"수원"},{"BusNo":"27-1","Type":"3","BlID":"9612","BusCityName":"수원"},{"BusNo":"21","Type":"3","BlID":"9615","BusCityName":"수원"},{"BusNo":"1009","Type":"4","BlID":"10035","BusCityName":"광주"}]},{"StopName":"화서역","StopID":"185334","Bus": [{"BusNo":"39","Type":"1","BlID":"9506","BusCityName":"수원"},{"BusNo":"92","Type":"1","BlID":"9514","BusCityName":"수원"},{"BusNo":"5-4","Type":"1","BlID":"9540","BusCityName":"수원"},{"BusNo":"2-2","Type":"1","BlID":"9541","BusCityName":"수원"},{"BusNo":"37","Type":"1","BlID":"9559","BusCityName":"수원"},{"BusNo":"36","Type":"1","BlID":"9560","BusCityName":"수원"},{"BusNo":"5-1","Type":"1","BlID":"9572","BusCityName":"수원"},{"BusNo":"3","Type":"1","BlID":"9573","BusCityName":"수원"},{"BusNo":"2-1","Type":"1","BlID":"9574","BusCityName":"수원"},{"BusNo":"1","Type":"1","BlID":"9580","BusCityName":"수원"},{"BusNo":"5-2","Type":"1","BlID":"9680","BusCityName":"수원"},{"BusNo":"27-1","Type":"3","BlID":"9612","BusCityName":"수원"},{"BusNo":"21","Type":"3","BlID":"9615","BusCityName":"수원"},{"BusNo":"1009","Type":"4","BlID":"10035","BusCityName":"광주"}]}]},{"GateNo":"2","GateLink": ["KT&G","경기도의료원수원병원"]},{"GateNo":"3","GateLink": ["숙지초등학교","숙지중학교","숙지고등학교"]},{"GateNo":"4","GateLink": ["숙지초등학교","숙지중학교","숙지고등학교","현대아파트","화양초등학교","영광아파트","경일아파트","한국지역난방공사","명인중학교","경기도의료원 수원병원","수원상공회의소"],"BUSSTOP": [{"StopName":"화서역","StopID":"194702","Bus": [{"BusNo":"30","Type":"1","BlID":"9600","BusCityName":"수원"},{"BusNo":"42","Type":"1","BlID":"9654","BusCityName":"수원"},{"BusNo":"27-1","Type":"3","BlID":"9612","BusCityName":"수원"}]},{"StopName":"화서역","StopID":"194703","Bus": [{"BusNo":"30","Type":"1","BlID":"9600","BusCityName":"수원"},{"BusNo":"42","Type":"1","BlID":"9654","BusCityName":"수원"}]}]},{"GateNo":"5","GateLink": ["화서2동주민센터","농민회관"]},{"GateNo":"6","GateLink": ["화서2동주민센터","농민회관"],"BUSSTOP": [{"StopName":"화서역.화서2동주민센터","StopID":"165919","Bus": [{"BusNo":"39","Type":"1","BlID":"9506","BusCityName":"수원"},{"BusNo":"92","Type":"1","BlID":"9514","BusCityName":"수원"},{"BusNo":"5-4","Type":"1","BlID":"9540","BusCityName":"수원"},{"BusNo":"2-2","Type":"1","BlID":"9541","BusCityName":"수원"},{"BusNo":"37","Type":"1","BlID":"9559","BusCityName":"수원"},{"BusNo":"36","Type":"1","BlID":"9560","BusCityName":"수원"},{"BusNo":"5-1","Type":"1","BlID":"9572","BusCityName":"수원"},{"BusNo":"3","Type":"1","BlID":"9573","BusCityName":"수원"},{"BusNo":"2-1","Type":"1","BlID":"9574","BusCityName":"수원"},{"BusNo":"1","Type":"1","BlID":"9580","BusCityName":"수원"},{"BusNo":"5-2","Type":"1","BlID":"9680","BusCityName":"수원"},{"BusNo":"27-1","Type":"3","BlID":"9612","BusCityName":"수원"},{"BusNo":"21","Type":"3","BlID":"9615","BusCityName":"수원"}]},{"StopName":"화서역.화서2동주민센터","StopID":"165920","Bus": [{"BusNo":"39","Type":"1","BlID":"9506","BusCityName":"수원"},{"BusNo":"92","Type":"1","BlID":"9514","BusCityName":"수원"},{"BusNo":"5-4","Type":"1","BlID":"9540","BusCityName":"수원"},{"BusNo":"2-2","Type":"1","BlID":"9541","BusCityName":"수원"},{"BusNo":"37","Type":"1","BlID":"9559","BusCityName":"수원"},{"BusNo":"36","Type":"1","BlID":"9560","BusCityName":"수원"},{"BusNo":"5-1","Type":"1","BlID":"9572","BusCityName":"수원"},{"BusNo":"3","Type":"1","BlID":"9573","BusCityName":"수원"},{"BusNo":"2-1","Type":"1","BlID":"9574","BusCityName":"수원"},{"BusNo":"1","Type":"1","BlID":"9580","BusCityName":"수원"},{"BusNo":"5-2","Type":"1","BlID":"9680","BusCityName":"수원"},{"BusNo":"27-1","Type":"3","BlID":"9612","BusCityName":"수원"},{"BusNo":"21","Type":"3","BlID":"9615","BusCityName":"수원"}]}]}]}}}