{"result": {"stationName":"춘천","stationID":1830,"type":108,"laneName":"경춘선","laneCity":"수도권","x":127.7166264,"y":37.8843903,"prevOBJ": {"station": [{"stationName":"남춘천","stationID":1829,"type":108,"laneName":"경춘선","laneCity":"수도권","x":127.7237844,"y":37.864071}]},"defaultInfo": {"address":"강원도 춘천시 근화동 190","new_address":"강원도 춘천시 평화로 1","tel":"1544-7788"},"useInfo": {"platform":2,"meetingPlace":1,"restroom":2,"offDoor":2,"crossOver":2,"publicPlace":0,"handicapCount":1,"parkingCount":0,"bicycleCount":1,"civilCount":0},"exitInfo": {"gate": [{"GateNo":"1","GateLink": ["근화초교","춘천고등학교","소양동주민센터","양구.화천 버스 타는곳"],"BUSSTOP": [{"StopName":"춘천역","StopID":"258629","Bus": [{"BusNo":"11","Type":"1","BlID":"2500003","BusCityName":"춘천"},{"BusNo":"18-1","Type":"1","BlID":"2500012","BusCityName":"춘천"},{"BusNo":"102(102보충대.매주화요일 운행)","Type":"1","BlID":"2500024","BusCityName":"춘천"},{"BusNo":"31","Type":"1","BlID":"2500039","BusCityName":"춘천"},{"BusNo":"62(시청.명동입구.공지사거리)","Type":"1","BlID":"2500085","BusCityName":"춘천"},{"BusNo":"63(춘천역.약사명동주민센터)","Type":"1","BlID":"2500123","BusCityName":"춘천"},{"BusNo":"12","Type":"1","BlID":"2500252","BusCityName":"춘천"},{"BusNo":"83(서면사무소.신매대교)","Type":"1","BlID":"2500255","BusCityName":"춘천"},{"BusNo":"150(오전.소양강댐정상)","Type":"1","BlID":"2500261","BusCityName":"춘천"},{"BusNo":"150(오후.춘천공원묘지)","Type":"1","BlID":"2500264","BusCityName":"춘천"}]},{"StopName":"춘천역","StopID":"259924","Bus": [{"BusNo":"11","Type":"1","BlID":"2500003","BusCityName":"춘천"},{"BusNo":"18-1","Type":"1","BlID":"2500012","BusCityName":"춘천"},{"BusNo":"31","Type":"1","BlID":"2500039","BusCityName":"춘천"},{"BusNo":"102(102보충대.매주화요일 운행)","Type":"1","BlID":"2500131","BusCityName":"춘천"},{"BusNo":"12","Type":"1","BlID":"2500252","BusCityName":"춘천"},{"BusNo":"83(신매대교.서면사무소)","Type":"1","BlID":"2500254","BusCityName":"춘천"},{"BusNo":"150(오전.소양강댐정상)","Type":"1","BlID":"2500261","BusCityName":"춘천"},{"BusNo":"150(오후.춘천공원묘지)","Type":"1","BlID":"2500264","BusCityName":"춘천"}]}]},{"GateNo":"2","GateLink": ["근화동주민센터","의암호"],"BUSSTOP": [{"StopName":"춘천역육교앞","StopID":"258626","Bus": [{"BusNo":"200(춘천여고.후평주공4단지.퇴계주공6단지)","Type":"1","BlID":"2500035","BusCityName":"춘천"},{"BusNo":"62(시청.명동입구.공지사거리)","Type":"1","BlID":"2500085","BusCityName":"춘천"},{"BusNo":"63(춘천역.약사명동주민센터)","Type":"1","BlID":"2500123","BusCityName":"춘천"},{"BusNo":"90","Type":"1","BlID":"2500124","BusCityName":"춘천"},{"BusNo":"200(후평주공4단지.퇴계주공6단지)","Type":"1","BlID":"2500272","BusCityName":"춘천"}]}]}]}}}