{"result": {"stationName":"세류","stationID":185,"type":1,"laneName":"수도권 1호선","laneCity":"수도권","x":127.0137176,"y":37.2441821,"prevOBJ": {"station": [{"stationName":"수원","stationID":184,"type":1,"laneName":"수도권 1호선","laneCity":"수도권","x":126.9999439,"y":37.2664048}]},"nextOBJ": {"station": [{"stationName":"병점","stationID":186,"type":1,"laneName":"수도권 1호선","laneCity":"수도권","x":127.033276,"y":37.2068305}]},"defaultInfo": {"address":"경기도 수원시 권선구 장지동 25-4","new_address":"경기도 수원시 권선구 정조로 393-1","tel":"1544-7788"},"useInfo": {"platform":3,"meetingPlace":0,"restroom":2,"offDoor":0,"crossOver":2,"publicPlace":0,"handicapCount":1,"parkingCount":1,"bicycleCount":1,"civilCount":0},"exitInfo": {"gate": [{"GateNo":"1","GateLink": ["남수원초등학교","권선중학교","세류미영아파트","오산방향","부대앞"],"BUSSTOP": [{"StopName":"세류역","StopID":"115312","Bus": [{"BusNo":"20-1","Type":"1","BlID":"9502","BusCityName":"수원"},{"BusNo":"301","Type":"1","BlID":"9528","BusCityName":"수원"},{"BusNo":"25","Type":"1","BlID":"9547","BusCityName":"수원"},{"BusNo":"20","Type":"1","BlID":"9548","BusCityName":"수원"},{"BusNo":"45","Type":"1","BlID":"9550","BusCityName":"수원"},{"BusNo":"82-1","Type":"1","BlID":"9562","BusCityName":"수원"},{"BusNo":"25-1","Type":"1","BlID":"9629","BusCityName":"수원"},{"BusNo":"25-2","Type":"1","BlID":"9651","BusCityName":"수원"},{"BusNo":"25-5","Type":"1","BlID":"9676","BusCityName":"수원"},{"BusNo":"202-1","Type":"1","BlID":"15041","BusCityName":"오산"},{"BusNo":"202","Type":"1","BlID":"15074","BusCityName":"오산"}]},{"StopName":"비행장입구.세류역","StopID":"115313","Bus": [{"BusNo":"20-1","Type":"1","BlID":"9502","BusCityName":"수원"},{"BusNo":"301","Type":"1","BlID":"9528","BusCityName":"수원"},{"BusNo":"25","Type":"1","BlID":"9547","BusCityName":"수원"},{"BusNo":"20","Type":"1","BlID":"9548","BusCityName":"수원"},{"BusNo":"45","Type":"1","BlID":"9550","BusCityName":"수원"},{"BusNo":"82-1","Type":"1","BlID":"9562","BusCityName":"수원"},{"BusNo":"25-1","Type":"1","BlID":"9629","BusCityName":"수원"},{"BusNo":"25-2","Type":"1","BlID":"9651","BusCityName":"수원"},{"BusNo":"25-5","Type":"1","BlID":"9676","BusCityName":"수원"},{"BusNo":"202-1","Type":"1","BlID":"15041","BusCityName":"오산"},{"BusNo":"202","Type":"1","BlID":"15074","BusCityName":"오산"}]}]}]}}}