{"result": {"stationName":"병점","stationID":186,"type":1,"laneName":"수도권 1호선","laneCity":"수도권","x":127.033276,"y":37.2068305,"prevOBJ": {"station": [{"stationName":"세류","stationID":185,"type":1,"laneName":"수도권 1호선","laneCity":"수도권","x":127.0137176,"y":37.2441821}]},"nextOBJ": {"station": [{"stationName":"세마","stationID":187,"type":1,"laneName":"수도권 1호선","laneCity":"수도권","x":127.0432895,"y":37.1872948},{"stationName":"서동탄","stationID":1187,"type":1,"laneName":"수도권 1호선","laneCity":"수도권","x":127.0519022,"y":37.1956811}]},"defaultInfo": {"address":"경기도 화성시 진안동 824-1","new_address":"경기도 화성시 떡전골로 97","tel":"1544-7788"},"useInfo": {"platform":3,"meetingPlace":0,"restroom":2,"offDoor":2,"crossOver":2,"publicPlace":0,"handicapCount":1,"parkingCount":0,"bicycleCount":1,"civilCount":0},"exitInfo": {"gate": [{"GateNo":"1","GateLink": ["동부출장소","태안파출소","동탄신도시","오산","태안파출소","국민연금공단","소방서"],"BUSSTOP": [{"StopName":"병점역사거리","StopID":"114804","Bus": [{"BusNo":"45","Type":"1","BlID":"9550","BusCityName":"수원"},{"BusNo":"50","Type":"1","BlID":"16001","BusCityName":"화성"},{"BusNo":"34","Type":"1","BlID":"16008","BusCityName":"화성"},{"BusNo":"34-1","Type":"1","BlID":"16011","BusCityName":"화성"},{"BusNo":"73-1","Type":"1","BlID":"16013","BusCityName":"화성"},{"BusNo":"701","Type":"1","BlID":"16019","BusCityName":"화성"},{"BusNo":"700","Type":"1","BlID":"16020","BusCityName":"화성"},{"BusNo":"708","Type":"1","BlID":"16051","BusCityName":"화성"},{"BusNo":"72","Type":"1","BlID":"16053","BusCityName":"화성"},{"BusNo":"73","Type":"1","BlID":"16054","BusCityName":"화성"},{"BusNo":"80","Type":"1","BlID":"16061","BusCityName":"화성"},{"BusNo":"35-3A","Type":"3","BlID":"15002","BusCityName":"화성"},{"BusNo":"61(출퇴근시간운행)","Type":"3","BlID":"15063","BusCityName":"오산"},{"BusNo":"35-2A","Type":"3","BlID":"15068","BusCityName":"오산"},{"BusNo":"35-3","Type":"3","BlID":"15069","BusCityName":"화성"},{"BusNo":"35-1","Type":"3","BlID":"15070","BusCityName":"화성"},{"BusNo":"66","Type":"3","BlID":"15071","BusCityName":"화성"},{"BusNo":"35-2B","Type":"3","BlID":"15072","BusCityName":"화성"},{"BusNo":"19","Type":"3","BlID":"16098","BusCityName":"화성"},{"BusNo":"19(도로교통연구원)","Type":"3","BlID":"16194","BusCityName":"화성"},{"BusNo":"27","Type":"3","BlID":"16195","BusCityName":"화성"},{"BusNo":"17","Type":"3","BlID":"16198","BusCityName":"화성"},{"BusNo":"27-2","Type":"3","BlID":"16215","BusCityName":"화성"},{"BusNo":"1553","Type":"4","BlID":"10506","BusCityName":"광주"}]},{"StopName":"병점역사거리","StopID":"115102","Bus": [{"BusNo":"200","Type":"1","BlID":"15012","BusCityName":"오산"},{"BusNo":"1553","Type":"4","BlID":"10506","BusCityName":"광주"}]},{"StopName":"병점역","StopID":"183117","Bus": [{"BusNo":"45","Type":"1","BlID":"9550","BusCityName":"수원"},{"BusNo":"76","Type":"1","BlID":"16178","BusCityName":"화성"}]},{"StopName":"동부출장소.병점초등학교","StopID":"184378","Bus": [{"BusNo":"20-1","Type":"1","BlID":"9502","BusCityName":"수원"},{"BusNo":"300-1","Type":"1","BlID":"9508","BusCityName":"수원"},{"BusNo":"301","Type":"1","BlID":"9528","BusCityName":"수원"},{"BusNo":"81","Type":"1","BlID":"9542","BusCityName":"수원"},{"BusNo":"20","Type":"1","BlID":"9548","BusCityName":"수원"},{"BusNo":"5-1","Type":"1","BlID":"9572","BusCityName":"수원"},{"BusNo":"7","Type":"1","BlID":"15007","BusCityName":"오산"},{"BusNo":"8","Type":"1","BlID":"15015","BusCityName":"오산"},{"BusNo":"202-1","Type":"1","BlID":"15041","BusCityName":"오산"},{"BusNo":"202","Type":"1","BlID":"15074","BusCityName":"오산"},{"BusNo":"34","Type":"1","BlID":"16008","BusCityName":"화성"},{"BusNo":"34-1","Type":"1","BlID":"16011","BusCityName":"화성"},{"BusNo":"300","Type":"2","BlID":"9515","BusCityName":"수원"},{"BusNo":"35-3A","Type":"3","BlID":"15002","BusCityName":"화성"},{"BusNo":"55","Type":"3","BlID":"15067","BusCityName":"오산"},{"BusNo":"35-2A","Type":"3","BlID":"15068","BusCityName":"오산"},{"BusNo":"35-3","Type":"3","BlID":"15069","BusCityName":"화성"},{"BusNo":"35-2B","Type":"3","BlID":"15072","BusCityName":"화성"},{"BusNo":"11-2","Type":"3","BlID":"16080","BusCityName":"화성"},{"BusNo":"11-3","Type":"3","BlID":"16187","BusCityName":"화성"},{"BusNo":"27","Type":"3","BlID":"16195","BusCityName":"화성"},{"BusNo":"13","Type":"3","BlID":"16196","BusCityName":"화성"},{"BusNo":"11","Type":"3","BlID":"16197","BusCityName":"화성"},{"BusNo":"27-2","Type":"3","BlID":"16215","BusCityName":"화성"},{"BusNo":"1550-1","Type":"4","BlID":"10049","BusCityName":"광주"}]},{"StopName":"병점사거리","StopID":"184415","Bus": [{"BusNo":"20-1","Type":"1","BlID":"9502","BusCityName":"수원"},{"BusNo":"300-1","Type":"1","BlID":"9508","BusCityName":"수원"},{"BusNo":"301","Type":"1","BlID":"9528","BusCityName":"수원"},{"BusNo":"20","Type":"1","BlID":"9548","BusCityName":"수원"},{"BusNo":"5-1","Type":"1","BlID":"9572","BusCityName":"수원"},{"BusNo":"7","Type":"1","BlID":"15007","BusCityName":"오산"},{"BusNo":"8","Type":"1","BlID":"15015","BusCityName":"오산"},{"BusNo":"202-1","Type":"1","BlID":"15041","BusCityName":"오산"},{"BusNo":"202","Type":"1","BlID":"15074","BusCityName":"오산"},{"BusNo":"300","Type":"2","BlID":"9515","BusCityName":"수원"},{"BusNo":"27","Type":"3","BlID":"16195","BusCityName":"화성"},{"BusNo":"27-2","Type":"3","BlID":"16215","BusCityName":"화성"},{"BusNo":"1550-1","Type":"4","BlID":"10049","BusCityName":"광주"},{"BusNo":"1553","Type":"4","BlID":"10506","BusCityName":"광주"}]},{"StopName":"병점역","StopID":"192690","Bus": [{"BusNo":"45","Type":"1","BlID":"9550","BusCityName":"수원"},{"BusNo":"708-1","Type":"1","BlID":"16004","BusCityName":"화성"},{"BusNo":"76","Type":"1","BlID":"16178","BusCityName":"화성"},{"BusNo":"61","Type":"3","BlID":"15056","BusCityName":"오산"},{"BusNo":"61(출퇴근시간운행)","Type":"3","BlID":"15063","BusCityName":"오산"},{"BusNo":"61(오후운행)","Type":"3","BlID":"15064","BusCityName":"오산"},{"BusNo":"55","Type":"3","BlID":"15067","BusCityName":"오산"},{"BusNo":"11-2","Type":"3","BlID":"16080","BusCityName":"화성"},{"BusNo":"17-1","Type":"3","BlID":"16183","BusCityName":"화성"},{"BusNo":"27-1","Type":"3","BlID":"16186","BusCityName":"화성"},{"BusNo":"11-3","Type":"3","BlID":"16187","BusCityName":"화성"},{"BusNo":"13","Type":"3","BlID":"16196","BusCityName":"화성"},{"BusNo":"11","Type":"3","BlID":"16197","BusCityName":"화성"},{"BusNo":"12(홈플러스)","Type":"3","BlID":"16199","BusCityName":"화성"}]}]},{"GateNo":"2","GateLink": ["유앤아이센터","봉담읍","정남면","용주사","융건릉","수원과학대","수원대","장안대","한신대","협성대"],"BUSSTOP": [{"StopName":"병점역후문","StopID":"113681","Bus": [{"BusNo":"46","Type":"1","BlID":"9500","BusCityName":"수원"},{"BusNo":"45","Type":"1","BlID":"9550","BusCityName":"수원"},{"BusNo":"50","Type":"1","BlID":"16001","BusCityName":"화성"},{"BusNo":"34","Type":"1","BlID":"16008","BusCityName":"화성"},{"BusNo":"34-1","Type":"1","BlID":"16011","BusCityName":"화성"},{"BusNo":"1001","Type":"1","BlID":"16029","BusCityName":"화성"},{"BusNo":"80","Type":"1","BlID":"16061","BusCityName":"화성"},{"BusNo":"1000","Type":"1","BlID":"16068","BusCityName":"화성"},{"BusNo":"76","Type":"1","BlID":"16178","BusCityName":"화성"},{"BusNo":"35-3A","Type":"3","BlID":"15002","BusCityName":"화성"},{"BusNo":"61","Type":"3","BlID":"15056","BusCityName":"오산"},{"BusNo":"56","Type":"3","BlID":"15061","BusCityName":"오산"},{"BusNo":"61(출퇴근시간운행)","Type":"3","BlID":"15063","BusCityName":"오산"},{"BusNo":"61(오후운행)","Type":"3","BlID":"15064","BusCityName":"오산"},{"BusNo":"55","Type":"3","BlID":"15067","BusCityName":"오산"},{"BusNo":"35-2A","Type":"3","BlID":"15068","BusCityName":"오산"},{"BusNo":"35-3","Type":"3","BlID":"15069","BusCityName":"화성"},{"BusNo":"35-1","Type":"3","BlID":"15070","BusCityName":"화성"},{"BusNo":"66","Type":"3","BlID":"15071","BusCityName":"화성"},{"BusNo":"35-2B","Type":"3","BlID":"15072","BusCityName":"화성"},{"BusNo":"1551","Type":"4","BlID":"10040","BusCityName":"광주"},{"BusNo":"1551B","Type":"4","BlID":"10696","BusCityName":"광주"}]},{"StopName":"병점역후문","StopID":"115782","Bus": [{"BusNo":"46","Type":"1","BlID":"9500","BusCityName":"수원"},{"BusNo":"45","Type":"1","BlID":"9550","BusCityName":"수원"},{"BusNo":"50","Type":"1","BlID":"16001","BusCityName":"화성"},{"BusNo":"34","Type":"1","BlID":"16008","BusCityName":"화성"},{"BusNo":"34-1","Type":"1","BlID":"16011","BusCityName":"화성"},{"BusNo":"1001","Type":"1","BlID":"16029","BusCityName":"화성"},{"BusNo":"80","Type":"1","BlID":"16061","BusCityName":"화성"},{"BusNo":"1000","Type":"1","BlID":"16068","BusCityName":"화성"},{"BusNo":"76","Type":"1","BlID":"16178","BusCityName":"화성"},{"BusNo":"35-3A","Type":"3","BlID":"15002","BusCityName":"화성"},{"BusNo":"61","Type":"3","BlID":"15056","BusCityName":"오산"},{"BusNo":"56-1","Type":"3","BlID":"15059","BusCityName":"오산"},{"BusNo":"37","Type":"3","BlID":"15060","BusCityName":"오산"},{"BusNo":"56","Type":"3","BlID":"15061","BusCityName":"오산"},{"BusNo":"61(출퇴근시간운행)","Type":"3","BlID":"15063","BusCityName":"오산"},{"BusNo":"55","Type":"3","BlID":"15067","BusCityName":"오산"},{"BusNo":"35-2A","Type":"3","BlID":"15068","BusCityName":"오산"},{"BusNo":"35-3","Type":"3","BlID":"15069","BusCityName":"화성"},{"BusNo":"35-1","Type":"3","BlID":"15070","BusCityName":"화성"},{"BusNo":"66","Type":"3","BlID":"15071","BusCityName":"화성"},{"BusNo":"35-2B","Type":"3","BlID":"15072","BusCityName":"화성"},{"BusNo":"1551","Type":"4","BlID":"10040","BusCityName":"광주"},{"BusNo":"1551B","Type":"4","BlID":"10696","BusCityName":"광주"}]}]}]}}}