{"result": {"stationName":"세마","stationID":187,"type":1,"laneName":"수도권 1호선","laneCity":"수도권","x":127.0432895,"y":37.1872948,"prevOBJ": {"station": [{"stationName":"병점","stationID":186,"type":1,"laneName":"수도권 1호선","laneCity":"수도권","x":127.033276,"y":37.2068305}]},"nextOBJ": {"station": [{"stationName":"오산대","stationID":188,"type":1,"laneName":"수도권 1호선","laneCity":"수도권","x":127.0630848,"y":37.1694126}]},"defaultInfo": {"address":"경기도 오산시 세교동 244-5","new_address":"경기도 오산시 세마역로 88","tel":"1544-7788"},"useInfo": {"platform":2,"meetingPlace":0,"restroom":2,"offDoor":0,"crossOver":2,"publicPlace":0,"handicapCount":0,"parkingCount":0,"bicycleCount":1,"civilCount":0},"exitInfo": {"gate": [{"GateNo":"1","GateLink": ["세마주민센터","광성초등학교","세마대사거리"],"BUSSTOP": [{"StopName":"세마역","StopID":"159259","Bus": [{"BusNo":"61(출퇴근시간운행)","Type":"3","BlID":"15063","BusCityName":"오산"},{"BusNo":"61(오후운행)","Type":"3","BlID":"15064","BusCityName":"오산"},{"BusNo":"55","Type":"3","BlID":"15067","BusCityName":"오산"}]},{"StopName":"세마역","StopID":"196738","Bus": [{"BusNo":"20-1","Type":"1","BlID":"9502","BusCityName":"수원"},{"BusNo":"90-2","Type":"1","BlID":"15005","BusCityName":"오산"},{"BusNo":"7","Type":"1","BlID":"15007","BusCityName":"오산"},{"BusNo":"200","Type":"1","BlID":"15012","BusCityName":"오산"},{"BusNo":"8","Type":"1","BlID":"15015","BusCityName":"오산"},{"BusNo":"202-1","Type":"1","BlID":"15041","BusCityName":"오산"},{"BusNo":"202","Type":"1","BlID":"15074","BusCityName":"오산"},{"BusNo":"61","Type":"3","BlID":"15056","BusCityName":"오산"},{"BusNo":"1311","Type":"4","BlID":"10508","BusCityName":"광주"}]},{"StopName":"세마역","StopID":"196739","Bus": [{"BusNo":"20-1","Type":"1","BlID":"9502","BusCityName":"수원"},{"BusNo":"90-2","Type":"1","BlID":"15005","BusCityName":"오산"},{"BusNo":"7","Type":"1","BlID":"15007","BusCityName":"오산"},{"BusNo":"200","Type":"1","BlID":"15012","BusCityName":"오산"},{"BusNo":"8","Type":"1","BlID":"15015","BusCityName":"오산"},{"BusNo":"31","Type":"1","BlID":"15029","BusCityName":"오산"},{"BusNo":"202-1","Type":"1","BlID":"15041","BusCityName":"오산"},{"BusNo":"202","Type":"1","BlID":"15074","BusCityName":"오산"},{"BusNo":"61","Type":"3","BlID":"15056","BusCityName":"오산"},{"BusNo":"1311","Type":"4","BlID":"10508","BusCityName":"광주"}]}]}]}}}