{"result": {"stationName":"오산대","stationID":188,"type":1,"laneName":"수도권 1호선","laneCity":"수도권","x":127.0630848,"y":37.1694126,"prevOBJ": {"station": [{"stationName":"세마","stationID":187,"type":1,"laneName":"수도권 1호선","laneCity":"수도권","x":127.0432895,"y":37.1872948}]},"nextOBJ": {"station": [{"stationName":"오산","stationID":189,"type":1,"laneName":"수도권 1호선","laneCity":"수도권","x":127.0667228,"y":37.1454808}]},"defaultInfo": {"address":"경기도 오산시 수청동 435-1","new_address":"경기도 오산시 청학로 236","tel":"1544-7788"},"useInfo": {"platform":2,"meetingPlace":0,"restroom":2,"offDoor":0,"crossOver":2,"publicPlace":0,"handicapCount":1,"parkingCount":0,"bicycleCount":1,"civilCount":0},"exitInfo": {"gate": [{"GateNo":"1","GateLink": ["매홀중학교","오산수청주공아파트","화성초등학교","삼익수청아파트"]},{"GateNo":"2","GateLink": ["경기도산림환경연구소","우미이노스빌아파트","대우아파트","매홀초등학교방면","신장주민센터방면","대호중학교방면","대호초등학교방면","오산대학","화성등기소방면","오산소방서방면"],"BUSSTOP": [{"StopName":"오산대역.금암동입구","StopID":"114785","Bus": [{"BusNo":"20-1","Type":"1","BlID":"9502","BusCityName":"수원"},{"BusNo":"301","Type":"1","BlID":"9528","BusCityName":"수원"},{"BusNo":"20","Type":"1","BlID":"9548","BusCityName":"수원"},{"BusNo":"7","Type":"1","BlID":"15007","BusCityName":"오산"},{"BusNo":"200","Type":"1","BlID":"15012","BusCityName":"오산"},{"BusNo":"300","Type":"2","BlID":"9515","BusCityName":"수원"},{"BusNo":"61","Type":"3","BlID":"15056","BusCityName":"오산"},{"BusNo":"61(출퇴근시간운행)","Type":"3","BlID":"15063","BusCityName":"오산"},{"BusNo":"61(오후운행)","Type":"3","BlID":"15064","BusCityName":"오산"},{"BusNo":"123","Type":"3","BlID":"16180","BusCityName":"화성"},{"BusNo":"1311","Type":"4","BlID":"10508","BusCityName":"광주"}]},{"StopName":"물향기수목원오산대역.금암동","StopID":"114786","Bus": [{"BusNo":"20-1","Type":"1","BlID":"9502","BusCityName":"수원"},{"BusNo":"301","Type":"1","BlID":"9528","BusCityName":"수원"},{"BusNo":"20","Type":"1","BlID":"9548","BusCityName":"수원"},{"BusNo":"7","Type":"1","BlID":"15007","BusCityName":"오산"},{"BusNo":"200","Type":"1","BlID":"15012","BusCityName":"오산"},{"BusNo":"300","Type":"2","BlID":"9515","BusCityName":"수원"},{"BusNo":"61(출퇴근시간운행)","Type":"3","BlID":"15063","BusCityName":"오산"},{"BusNo":"61(오후운행)","Type":"3","BlID":"15064","BusCityName":"오산"}]}]}]}}}