{"result": {"stationName":"오산","stationID":189,"type":1,"laneName":"수도권 1호선","laneCity":"수도권","x":127.0667228,"y":37.1454808,"prevOBJ": {"station": [{"stationName":"오산대","stationID":188,"type":1,"laneName":"수도권 1호선","laneCity":"수도권","x":127.0630848,"y":37.1694126}]},"nextOBJ": {"station": [{"stationName":"진위","stationID":190,"type":1,"laneName":"수도권 1호선","laneCity":"수도권","x":127.0623561,"y":37.1097803}]},"defaultInfo": {"address":"경기도 오산시 오산동 603-116","new_address":"경기도 오산시 역광장로 59","tel":"1544-7788"},"useInfo": {"platform":2,"meetingPlace":0,"restroom":2,"offDoor":0,"crossOver":2,"publicPlace":0,"handicapCount":1,"parkingCount":1,"bicycleCount":1,"civilCount":0},"exitInfo": {"gate": [{"GateNo":"1","GateLink": ["오산버스터미널","화성경찰서","오산시청방면","오산파출소","대원주민센터","중앙주민센터","오산우체국","성호초등학교","오산시청소년상담실"],"BUSSTOP": [{"StopName":"오산역.오산터미널","StopID":"80267","Bus": [{"BusNo":"90-2","Type":"1","BlID":"15005","BusCityName":"오산"},{"BusNo":"71","Type":"1","BlID":"15035","BusCityName":"오산"},{"BusNo":"300","Type":"2","BlID":"9515","BusCityName":"수원"}]},{"StopName":"오산역.오산터미널","StopID":"80268","Bus": [{"BusNo":"3-2","Type":"1","BlID":"16036","BusCityName":"화성"},{"BusNo":"5300-1","Type":"4","BlID":"9532","BusCityName":"수원"},{"BusNo":"5300","Type":"4","BlID":"9546","BusCityName":"수원"}]},{"StopName":"오산버스터미널입구","StopID":"80974","Bus": [{"BusNo":"8834","Type":"5","BlID":"10468","BusCityName":"광주"},{"BusNo":"8420","Type":"22","BlID":"9637","BusCityName":"수원"},{"BusNo":"8433","Type":"22","BlID":"10600","BusCityName":"광주"},{"BusNo":"8455","Type":"22","BlID":"10642","BusCityName":"광주"},{"BusNo":"8456","Type":"22","BlID":"10643","BusCityName":"광주"},{"BusNo":"8840","Type":"22","BlID":"10660","BusCityName":"광주"},{"BusNo":"8416","Type":"22","BlID":"10723","BusCityName":"광주"}]},{"StopName":"오산버스터미널출구","StopID":"80975","Bus": [{"BusNo":"8834","Type":"5","BlID":"10468","BusCityName":"광주"},{"BusNo":"8420","Type":"22","BlID":"9637","BusCityName":"수원"},{"BusNo":"8433","Type":"22","BlID":"10600","BusCityName":"광주"},{"BusNo":"8455","Type":"22","BlID":"10642","BusCityName":"광주"},{"BusNo":"8456","Type":"22","BlID":"10643","BusCityName":"광주"},{"BusNo":"8840","Type":"22","BlID":"10660","BusCityName":"광주"},{"BusNo":"8416","Type":"22","BlID":"10723","BusCityName":"광주"}]},{"StopName":"오산역.오산터미널","StopID":"114773","Bus": [{"BusNo":"301","Type":"1","BlID":"9528","BusCityName":"수원"},{"BusNo":"116-1","Type":"1","BlID":"10059","BusCityName":"광주"},{"BusNo":"116-2","Type":"1","BlID":"10458","BusCityName":"광주"},{"BusNo":"24-1","Type":"1","BlID":"11101","BusCityName":"용인"},{"BusNo":"24-2","Type":"1","BlID":"11104","BusCityName":"용인"},{"BusNo":"90-2","Type":"1","BlID":"15005","BusCityName":"오산"},{"BusNo":"7","Type":"1","BlID":"15007","BusCityName":"오산"},{"BusNo":"707","Type":"1","BlID":"15008","BusCityName":"오산"},{"BusNo":"111-2","Type":"1","BlID":"15009","BusCityName":"오산"},{"BusNo":"200","Type":"1","BlID":"15012","BusCityName":"오산"},{"BusNo":"8","Type":"1","BlID":"15015","BusCityName":"오산"},{"BusNo":"7-5","Type":"1","BlID":"15017","BusCityName":"오산"},{"BusNo":"111","Type":"1","BlID":"15022","BusCityName":"오산"},{"BusNo":"21","Type":"1","BlID":"15025","BusCityName":"오산"},{"BusNo":"22","Type":"1","BlID":"15026","BusCityName":"오산"},{"BusNo":"31","Type":"1","BlID":"15029","BusCityName":"오산"},{"BusNo":"71","Type":"1","BlID":"15035","BusCityName":"오산"},{"BusNo":"2","Type":"1","BlID":"15511","BusCityName":"평택"},{"BusNo":"2-2","Type":"1","BlID":"15512","BusCityName":"평택"},{"BusNo":"3-2","Type":"1","BlID":"16036","BusCityName":"화성"},{"BusNo":"333","Type":"1","BlID":"16038","BusCityName":"화성"},{"BusNo":"300","Type":"2","BlID":"9515","BusCityName":"수원"},{"BusNo":"61","Type":"3","BlID":"15056","BusCityName":"오산"},{"BusNo":"10","Type":"3","BlID":"15057","BusCityName":"오산"},{"BusNo":"33","Type":"3","BlID":"15058","BusCityName":"오산"},{"BusNo":"33-1","Type":"3","BlID":"15062","BusCityName":"오산"},{"BusNo":"61(출퇴근시간운행)","Type":"3","BlID":"15063","BusCityName":"오산"},{"BusNo":"61(오후운행)","Type":"3","BlID":"15064","BusCityName":"오산"},{"BusNo":"53","Type":"3","BlID":"15065","BusCityName":"오산"},{"BusNo":"88","Type":"3","BlID":"15066","BusCityName":"오산"},{"BusNo":"11","Type":"3","BlID":"15670","BusCityName":"평택"},{"BusNo":"11-1","Type":"3","BlID":"15672","BusCityName":"평택"},{"BusNo":"6","Type":"3","BlID":"15681","BusCityName":"평택"},{"BusNo":"11-3","Type":"3","BlID":"15687","BusCityName":"평택"},{"BusNo":"6-1","Type":"3","BlID":"15697","BusCityName":"평택"},{"BusNo":"123","Type":"3","BlID":"16180","BusCityName":"화성"},{"BusNo":"5","Type":"3","BlID":"16267","BusCityName":"화성"}]},{"StopName":"오산터미널","StopID":"114774","Bus": [{"BusNo":"20-1","Type":"1","BlID":"9502","BusCityName":"수원"},{"BusNo":"301","Type":"1","BlID":"9528","BusCityName":"수원"},{"BusNo":"20","Type":"1","BlID":"9548","BusCityName":"수원"},{"BusNo":"2","Type":"1","BlID":"15511","BusCityName":"평택"},{"BusNo":"2-2","Type":"1","BlID":"15512","BusCityName":"평택"},{"BusNo":"11","Type":"3","BlID":"15670","BusCityName":"평택"},{"BusNo":"11-1","Type":"3","BlID":"15672","BusCityName":"평택"},{"BusNo":"6","Type":"3","BlID":"15681","BusCityName":"평택"},{"BusNo":"11-3","Type":"3","BlID":"15687","BusCityName":"평택"},{"BusNo":"6-1","Type":"3","BlID":"15697","BusCityName":"평택"}]},{"StopName":"오산역광장","StopID":"118815","Bus": [{"BusNo":"24","Type":"1","BlID":"11043","BusCityName":"용인"},{"BusNo":"24-1","Type":"1","BlID":"11101","BusCityName":"용인"},{"BusNo":"24-2","Type":"1","BlID":"11104","BusCityName":"용인"},{"BusNo":"7","Type":"1","BlID":"15007","BusCityName":"오산"},{"BusNo":"707","Type":"1","BlID":"15008","BusCityName":"오산"},{"BusNo":"111-2","Type":"1","BlID":"15009","BusCityName":"오산"},{"BusNo":"200","Type":"1","BlID":"15012","BusCityName":"오산"},{"BusNo":"8","Type":"1","BlID":"15015","BusCityName":"오산"},{"BusNo":"7-5","Type":"1","BlID":"15017","BusCityName":"오산"},{"BusNo":"111","Type":"1","BlID":"15022","BusCityName":"오산"},{"BusNo":"21","Type":"1","BlID":"15025","BusCityName":"오산"},{"BusNo":"22","Type":"1","BlID":"15026","BusCityName":"오산"},{"BusNo":"31","Type":"1","BlID":"15029","BusCityName":"오산"},{"BusNo":"3-2","Type":"1","BlID":"16036","BusCityName":"화성"},{"BusNo":"333","Type":"1","BlID":"16038","BusCityName":"화성"},{"BusNo":"61","Type":"3","BlID":"15056","BusCityName":"오산"},{"BusNo":"10","Type":"3","BlID":"15057","BusCityName":"오산"},{"BusNo":"33","Type":"3","BlID":"15058","BusCityName":"오산"},{"BusNo":"33-1","Type":"3","BlID":"15062","BusCityName":"오산"},{"BusNo":"61(출퇴근시간운행)","Type":"3","BlID":"15063","BusCityName":"오산"},{"BusNo":"61(오후운행)","Type":"3","BlID":"15064","BusCityName":"오산"},{"BusNo":"53","Type":"3","BlID":"15065","BusCityName":"오산"},{"BusNo":"88","Type":"3","BlID":"15066","BusCityName":"오산"},{"BusNo":"11","Type":"3","BlID":"15670","BusCityName":"평택"},{"BusNo":"123","Type":"3","BlID":"16180","BusCityName":"화성"},{"BusNo":"5","Type":"3","BlID":"16267","BusCityName":"화성"},{"BusNo":"5300-1","Type":"4","BlID":"9532","BusCityName":"수원"},{"BusNo":"5300","Type":"4","BlID":"9546","BusCityName":"수원"}]},{"StopName":"오산터미널.오산역","StopID":"152891","Bus": [{"BusNo":"24","Type":"1","BlID":"11043","BusCityName":"용인"}]},{"StopName":"오산역","StopID":"203781","Bus": [{"BusNo":"11","Type":"3","BlID":"15670","BusCityName":"평택"},{"BusNo":"6","Type":"3","BlID":"15681","BusCityName":"평택"},{"BusNo":"11-3","Type":"3","BlID":"15687","BusCityName":"평택"},{"BusNo":"6-1","Type":"3","BlID":"15697","BusCityName":"평택"}]}]},{"GateNo":"2","GateLink": ["성산초등학교","오산시환경사업소","오산정보고등학교","오산대학방면","오산중.고등학교","남촌주민센터"]}]}}}