{"result": {"stationName":"진위","stationID":190,"type":1,"laneName":"수도권 1호선","laneCity":"수도권","x":127.0623561,"y":37.1097803,"prevOBJ": {"station": [{"stationName":"오산","stationID":189,"type":1,"laneName":"수도권 1호선","laneCity":"수도권","x":127.0667228,"y":37.1454808}]},"nextOBJ": {"station": [{"stationName":"송탄","stationID":1401,"type":1,"laneName":"수도권 1호선","laneCity":"수도권","x":127.0544008,"y":37.0753846}]},"defaultInfo": {"address":"경기도 평택시 진위면 하북리 139-3","new_address":"경기도 평택시 경기대로 1855","tel":"1544-7788"},"useInfo": {"platform":2,"meetingPlace":0,"restroom":2,"offDoor":0,"crossOver":2,"publicPlace":0,"handicapCount":1,"parkingCount":0,"bicycleCount":1,"civilCount":0},"exitInfo": {"gate": [{"GateNo":"1","GateLink": ["진위고등학교","진위중학교","진위파출소","평택하북우편취급소"],"BUSSTOP": [{"StopName":"하북삼거리.진위역","StopID":"114754","Bus": [{"BusNo":"301","Type":"1","BlID":"9528","BusCityName":"수원"},{"BusNo":"2","Type":"1","BlID":"15511","BusCityName":"평택"},{"BusNo":"2-2","Type":"1","BlID":"15512","BusCityName":"평택"},{"BusNo":"300","Type":"2","BlID":"9515","BusCityName":"수원"},{"BusNo":"11-2","Type":"3","BlID":"15704","BusCityName":"평택"}]},{"StopName":"진위역","StopID":"114755","Bus": [{"BusNo":"301","Type":"1","BlID":"9528","BusCityName":"수원"},{"BusNo":"2","Type":"1","BlID":"15511","BusCityName":"평택"},{"BusNo":"2-2","Type":"1","BlID":"15512","BusCityName":"평택"},{"BusNo":"300","Type":"2","BlID":"9515","BusCityName":"수원"},{"BusNo":"11-2","Type":"3","BlID":"15704","BusCityName":"평택"}]},{"StopName":"하북삼거리","StopID":"157509","Bus": [{"BusNo":"5-1","Type":"1","BlID":"15535","BusCityName":"평택"},{"BusNo":"27","Type":"1","BlID":"15546","BusCityName":"평택"},{"BusNo":"6","Type":"3","BlID":"15681","BusCityName":"평택"},{"BusNo":"8","Type":"3","BlID":"15685","BusCityName":"평택"},{"BusNo":"6-1","Type":"3","BlID":"15697","BusCityName":"평택"}]}]},{"GateNo":"2","GateLink": ["모시리","하북리","이막리"]}]}}}