{"result": {"stationName":"청량리","stationID":191,"type":104,"laneName":"경의중앙선","laneCity":"수도권","x":127.0481182,"y":37.5802559,"exOBJ": {"station": [{"stationName":"청량리","stationID":125,"type":1,"laneName":"수도권 1호선","laneCity":"수도권"}]},"prevOBJ": {"station": [{"stationName":"왕십리","stationID":192,"type":104,"laneName":"경의중앙선","laneCity":"수도권","x":127.038543,"y":37.5615087}]},"nextOBJ": {"station": [{"stationName":"회기","stationID":1317,"type":104,"laneName":"경의중앙선","laneCity":"수도권","x":127.0580416,"y":37.5897153}]},"defaultInfo": {"address":"서울특별시 동대문구 전농동 588-1","new_address":"서울특별시 동대문구 왕산로 214","tel":"1544-7788"},"useInfo": {"platform":1,"meetingPlace":0,"restroom":2,"offDoor":1,"crossOver":2,"publicPlace":0,"handicapCount":1,"parkingCount":0,"bicycleCount":1,"civilCount":0},"exitInfo": {"gate": [{"GateNo":"1","GateLink": ["청량리역지상광장","청량리역환승센터","왕산로방면"],"BUSSTOP": [{"StopName":"청량리미주상가앞","StopID":"156722","Bus": [{"BusNo":"51","Type":"1","BlID":"8502","BusCityName":"구리"},{"BusNo":"3","Type":"1","BlID":"8505","BusCityName":"구리"},{"BusNo":"52","Type":"1","BlID":"8506","BusCityName":"구리"},{"BusNo":"30","Type":"1","BlID":"10045","BusCityName":"광주"},{"BusNo":"165","Type":"1","BlID":"18513","BusCityName":"남양주"},{"BusNo":"166-1","Type":"1","BlID":"18517","BusCityName":"남양주"},{"BusNo":"167","Type":"1","BlID":"18518","BusCityName":"남양주"},{"BusNo":"202","Type":"1","BlID":"18524","BusCityName":"남양주"},{"BusNo":"65","Type":"1","BlID":"18550","BusCityName":"남양주"},{"BusNo":"7-5","Type":"1","BlID":"18559","BusCityName":"남양주"},{"BusNo":"88","Type":"1","BlID":"18565","BusCityName":"남양주"},{"BusNo":"330-1","Type":"2","BlID":"18589","BusCityName":"남양주"},{"BusNo":"1330-4","Type":"4","BlID":"13501","BusCityName":"가평군"},{"BusNo":"1330-2","Type":"4","BlID":"13504","BusCityName":"가평군"},{"BusNo":"1330-44","Type":"4","BlID":"13507","BusCityName":"가평군"},{"BusNo":"3200","Type":"4","BlID":"17516","BusCityName":"포천"},{"BusNo":"720","Type":"11","BlID":"1270","BusCityName":"서울"}]},{"StopName":"청량리역","StopID":"166257","Bus": [{"BusNo":"6002","Type":"5","BlID":"1803","BusCityName":"서울"}]}]}]}}}