{"result": {"stationName":"강남","stationID":1910,"type":109,"laneName":"신분당선","laneCity":"수도권","x":127.0283505,"y":37.4964236,"exOBJ": {"station": [{"stationName":"강남","stationID":222,"type":2,"laneName":"수도권 2호선","laneCity":"수도권"}]},"nextOBJ": {"station": [{"stationName":"양재","stationID":1911,"type":109,"laneName":"신분당선","laneCity":"수도권","x":127.0348135,"y":37.4836725}]},"defaultInfo": {"address":"서울특별시 강남구 역삼동 858","new_address":"서울특별시 강남구 강남대로 396","tel":"031-8018-7710"},"useInfo": {"platform":2,"meetingPlace":0,"restroom":4,"offDoor":0,"crossOver":2,"publicPlace":0,"handicapCount":1,"parkingCount":0,"bicycleCount":0,"civilCount":0},"exitInfo": {"gate": [{"GateNo":"1","GateLink": ["역삼1동","국민건강보험공단 강남서부지사","국세청고객만족센터"],"BUSSTOP": [{"StopName":"강남역.역삼세무서","StopID":"160678","Bus": [{"BusNo":"3007","Type":"4","BlID":"9565","BusCityName":"수원"},{"BusNo":"3002","Type":"4","BlID":"9610","BusCityName":"수원"},{"BusNo":"1100","Type":"4","BlID":"18507","BusCityName":"남양주"},{"BusNo":"2000-1","Type":"4","BlID":"18510","BusCityName":"남양주"},{"BusNo":"1700","Type":"4","BlID":"18522","BusCityName":"남양주"},{"BusNo":"2000","Type":"4","BlID":"18523","BusCityName":"남양주"},{"BusNo":"7007","Type":"4","BlID":"18553","BusCityName":"남양주"},{"BusNo":"8001","Type":"6","BlID":"18591","BusCityName":"남양주"},{"BusNo":"N13","Type":"11","BlID":"571","BusCityName":"서울"},{"BusNo":"N61","Type":"11","BlID":"575","BusCityName":"서울"},{"BusNo":"146","Type":"11","BlID":"875","BusCityName":"서울"},{"BusNo":"740","Type":"11","BlID":"1273","BusCityName":"서울"},{"BusNo":"341","Type":"11","BlID":"1435","BusCityName":"서울"},{"BusNo":"360","Type":"11","BlID":"1440","BusCityName":"서울"}]},{"StopName":"강남역","StopID":"206360","Bus": [{"BusNo":"6020","Type":"5","BlID":"503","BusCityName":"서울"},{"BusNo":"6000","Type":"5","BlID":"1799","BusCityName":"서울"}]}]},{"GateNo":"2","GateLink": ["말죽거리","역삼1동","뱅뱅사거리","푸르덴셜타워(푸르덴셜생명보험)"]},{"GateNo":"3","GateLink": ["강남역사거리","교대방면"]},{"GateNo":"4","GateLink": ["뱅뱅사거리"],"BUSSTOP": [{"StopName":"신분당선강남역","StopID":"106188","Bus": [{"BusNo":"3030","Type":"4","BlID":"6052","BusCityName":"안양"},{"BusNo":"1005-1","Type":"4","BlID":"10053","BusCityName":"광주"},{"BusNo":"6800","Type":"4","BlID":"10063","BusCityName":"광주"},{"BusNo":"1550","Type":"4","BlID":"10065","BusCityName":"광주"},{"BusNo":"1570","Type":"4","BlID":"10440","BusCityName":"광주"},{"BusNo":"3100-1","Type":"4","BlID":"17540","BusCityName":"포천"},{"BusNo":"3100","Type":"4","BlID":"17573","BusCityName":"포천"},{"BusNo":"6500","Type":"5","BlID":"590","BusCityName":"서울"},{"BusNo":"6009","Type":"5","BlID":"1785","BusCityName":"서울"},{"BusNo":"400","Type":"11","BlID":"500","BusCityName":"서울"},{"BusNo":"N37","Type":"11","BlID":"524","BusCityName":"서울"},{"BusNo":"140","Type":"11","BlID":"868","BusCityName":"서울"},{"BusNo":"402","Type":"11","BlID":"1050","BusCityName":"서울"},{"BusNo":"420","Type":"11","BlID":"1054","BusCityName":"서울"},{"BusNo":"440","Type":"11","BlID":"1065","BusCityName":"서울"},{"BusNo":"441","Type":"11","BlID":"1067","BusCityName":"서울"},{"BusNo":"470","Type":"11","BlID":"1071","BusCityName":"서울"},{"BusNo":"471","Type":"11","BlID":"1072","BusCityName":"서울"},{"BusNo":"407","Type":"11","BlID":"1355","BusCityName":"서울"},{"BusNo":"462","Type":"11","BlID":"1357","BusCityName":"서울"},{"BusNo":"542","Type":"11","BlID":"1359","BusCityName":"서울"},{"BusNo":"421","Type":"11","BlID":"1808","BusCityName":"서울"},{"BusNo":"9711B","Type":"14","BlID":"544","BusCityName":"서울"},{"BusNo":"9404","Type":"14","BlID":"1349","BusCityName":"서울"},{"BusNo":"9408","Type":"14","BlID":"1353","BusCityName":"서울"},{"BusNo":"9711A","Type":"14","BlID":"1375","BusCityName":"서울"}]},{"StopName":"강남역","StopID":"156839","Bus": [{"BusNo":"9700","Type":"4","BlID":"10603","BusCityName":"광주"},{"BusNo":"6427","Type":"4","BlID":"13030","BusCityName":"김포"},{"BusNo":"M7412","Type":"14","BlID":"10491","BusCityName":"광주"},{"BusNo":"M7426","Type":"14","BlID":"12010","BusCityName":"파주"},{"BusNo":"M6427","Type":"14","BlID":"13010","BusCityName":"김포"},{"BusNo":"9500","Type":"14","BlID":"21152","BusCityName":"인천"},{"BusNo":"9802","Type":"14","BlID":"21181","BusCityName":"인천"},{"BusNo":"9501","Type":"14","BlID":"21219","BusCityName":"인천"}]}]},{"GateNo":"5","GateLink": ["우성아파트앞사거리","서운중학교"],"BUSSTOP": [{"StopName":"강남역우리은행","StopID":"81204","Bus": [{"BusNo":"3100","Type":"4","BlID":"6542","BusCityName":"안산"},{"BusNo":"3101","Type":"4","BlID":"6561","BusCityName":"안산"},{"BusNo":"6501","Type":"4","BlID":"10505","BusCityName":"광주"},{"BusNo":"3200","Type":"4","BlID":"11514","BusCityName":"시흥"},{"BusNo":"700","Type":"22","BlID":"6582","BusCityName":"안산"}]},{"StopName":"강남역티월드","StopID":"81593","Bus": [{"BusNo":"1241","Type":"4","BlID":"5061","BusCityName":"성남"},{"BusNo":"1251","Type":"4","BlID":"5089","BusCityName":"성남"},{"BusNo":"9004","Type":"4","BlID":"5096","BusCityName":"성남"},{"BusNo":"9700","Type":"4","BlID":"10603","BusCityName":"광주"},{"BusNo":"9711B","Type":"14","BlID":"544","BusCityName":"서울"},{"BusNo":"9711A","Type":"14","BlID":"1375","BusCityName":"서울"}]},{"StopName":"신분당선강남역","StopID":"106171","Bus": [{"BusNo":"500-5","Type":"1","BlID":"10002","BusCityName":"광주"},{"BusNo":"1151","Type":"4","BlID":"5024","BusCityName":"성남"},{"BusNo":"5100","Type":"4","BlID":"9564","BusCityName":"수원"},{"BusNo":"500-2","Type":"4","BlID":"10017","BusCityName":"광주"},{"BusNo":"1551","Type":"4","BlID":"10040","BusCityName":"광주"},{"BusNo":"1550-1","Type":"4","BlID":"10049","BusCityName":"광주"},{"BusNo":"1005-1","Type":"4","BlID":"10053","BusCityName":"광주"},{"BusNo":"1560","Type":"4","BlID":"10060","BusCityName":"광주"},{"BusNo":"1005","Type":"4","BlID":"10597","BusCityName":"광주"},{"BusNo":"5006","Type":"4","BlID":"10610","BusCityName":"광주"},{"BusNo":"1551B","Type":"4","BlID":"10696","BusCityName":"광주"},{"BusNo":"5001","Type":"4","BlID":"11196","BusCityName":"용인"},{"BusNo":"5001-1","Type":"4","BlID":"11197","BusCityName":"용인"},{"BusNo":"5002","Type":"4","BlID":"11203","BusCityName":"용인"},{"BusNo":"5003","Type":"4","BlID":"11204","BusCityName":"용인"},{"BusNo":"6427","Type":"4","BlID":"13030","BusCityName":"김포"},{"BusNo":"6001","Type":"4","BlID":"16017","BusCityName":"화성"},{"BusNo":"6002","Type":"4","BlID":"16042","BusCityName":"화성"},{"BusNo":"8501","Type":"4","BlID":"16043","BusCityName":"화성"},{"BusNo":"6002-1","Type":"4","BlID":"16100","BusCityName":"화성"},{"BusNo":"3100-1","Type":"4","BlID":"17540","BusCityName":"포천"},{"BusNo":"3100","Type":"4","BlID":"17573","BusCityName":"포천"},{"BusNo":"6500","Type":"5","BlID":"590","BusCityName":"서울"},{"BusNo":"6009","Type":"5","BlID":"1785","BusCityName":"서울"},{"BusNo":"8101","Type":"6","BlID":"10101","BusCityName":"광주"},{"BusNo":"400","Type":"11","BlID":"500","BusCityName":"서울"},{"BusNo":"N37","Type":"11","BlID":"524","BusCityName":"서울"},{"BusNo":"140","Type":"11","BlID":"868","BusCityName":"서울"},{"BusNo":"402","Type":"11","BlID":"1050","BusCityName":"서울"},{"BusNo":"420","Type":"11","BlID":"1054","BusCityName":"서울"},{"BusNo":"440","Type":"11","BlID":"1065","BusCityName":"서울"},{"BusNo":"441","Type":"11","BlID":"1067","BusCityName":"서울"},{"BusNo":"541","Type":"11","BlID":"1068","BusCityName":"서울"},{"BusNo":"470","Type":"11","BlID":"1071","BusCityName":"서울"},{"BusNo":"471","Type":"11","BlID":"1072","BusCityName":"서울"},{"BusNo":"407","Type":"11","BlID":"1355","BusCityName":"서울"},{"BusNo":"462","Type":"11","BlID":"1357","BusCityName":"서울"},{"BusNo":"542","Type":"11","BlID":"1359","BusCityName":"서울"},{"BusNo":"9404","Type":"14","BlID":"1349","BusCityName":"서울"},{"BusNo":"9408","Type":"14","BlID":"1353","BusCityName":"서울"},{"BusNo":"M4403","Type":"14","BlID":"10057","BusCityName":"광주"},{"BusNo":"M7412","Type":"14","BlID":"10491","BusCityName":"광주"},{"BusNo":"M7426","Type":"14","BlID":"12010","BusCityName":"파주"},{"BusNo":"M6427","Type":"14","BlID":"13010","BusCityName":"김포"}]},{"StopName":"수협서초지점","StopID":"111667","Bus": [{"BusNo":"144","Type":"11","BlID":"873","BusCityName":"서울"},{"BusNo":"145","Type":"11","BlID":"874","BusCityName":"서울"},{"BusNo":"340","Type":"11","BlID":"1026","BusCityName":"서울"},{"BusNo":"3412","Type":"12","BlID":"1028","BusCityName":"서울"},{"BusNo":"4412","Type":"12","BlID":"1057","BusCityName":"서울"}]},{"StopName":"우성아파트사거리","StopID":"124700","Bus": [{"BusNo":"서초03","Type":"3","BlID":"1605","BusCityName":"서울"},{"BusNo":"서초09","Type":"3","BlID":"1619","BusCityName":"서울"}]},{"StopName":"강남역나라빌딩앞","StopID":"156838","Bus": [{"BusNo":"3007","Type":"4","BlID":"9565","BusCityName":"수원"},{"BusNo":"3900(출근형)","Type":"4","BlID":"9566","BusCityName":"수원"},{"BusNo":"3003","Type":"4","BlID":"9581","BusCityName":"수원"},{"BusNo":"3000","Type":"4","BlID":"9582","BusCityName":"수원"},{"BusNo":"3002","Type":"4","BlID":"9610","BusCityName":"수원"},{"BusNo":"M5414","Type":"14","BlID":"10535","BusCityName":"광주"},{"BusNo":"M5422","Type":"14","BlID":"10729","BusCityName":"광주"}]},{"StopName":"강남역도시에빛","StopID":"197051","Bus": [{"BusNo":"5300-1","Type":"4","BlID":"9532","BusCityName":"수원"},{"BusNo":"5300","Type":"4","BlID":"9546","BusCityName":"수원"},{"BusNo":"6800","Type":"4","BlID":"10063","BusCityName":"광주"},{"BusNo":"1311","Type":"4","BlID":"10508","BusCityName":"광주"},{"BusNo":"8201","Type":"6","BlID":"10608","BusCityName":"광주"},{"BusNo":"9500","Type":"14","BlID":"21152","BusCityName":"인천"},{"BusNo":"9802","Type":"14","BlID":"21181","BusCityName":"인천"},{"BusNo":"9501","Type":"14","BlID":"21219","BusCityName":"인천"}]}]},{"GateNo":"6","GateLink": ["강남역사거리","교대방면"],"BUSSTOP": [{"StopName":"강남역서초현대타워앞","StopID":"83959","Bus": [{"BusNo":"3030","Type":"4","BlID":"6052","BusCityName":"안양"},{"BusNo":"M6410","Type":"14","BlID":"6565","BusCityName":"안산"},{"BusNo":"M6405","Type":"14","BlID":"21005","BusCityName":"인천"},{"BusNo":"9100","Type":"14","BlID":"21132","BusCityName":"인천"},{"BusNo":"9200","Type":"14","BlID":"21133","BusCityName":"인천"},{"BusNo":"9300","Type":"14","BlID":"21151","BusCityName":"인천"},{"BusNo":"9201","Type":"14","BlID":"21165","BusCityName":"인천"},{"BusNo":"9301","Type":"14","BlID":"21253","BusCityName":"인천"}]}]},{"GateNo":"7","GateLink": ["서초1동","말죽거리","KDB 산업은행","서초2동 주민센터","우성아파트"],"BUSSTOP": [{"StopName":"강남역하나은행","StopID":"150869","Bus": [{"BusNo":"145","Type":"11","BlID":"874","BusCityName":"서울"},{"BusNo":"421","Type":"11","BlID":"1808","BusCityName":"서울"}]},{"StopName":"강남역.삼성전자","StopID":"195653","Bus": [{"BusNo":"서초03","Type":"3","BlID":"1605","BusCityName":"서울"},{"BusNo":"서초09","Type":"3","BlID":"1619","BusCityName":"서울"}]}]},{"GateNo":"8","GateLink": ["서초1.2동","서운중학교","KDB 산업은행","서울강남고용노동지청(별관)","신동아아파트"],"BUSSTOP": [{"StopName":"강남역","StopID":"151802","Bus": [{"BusNo":"340","Type":"11","BlID":"1026","BusCityName":"서울"}]}]},{"GateNo":"9","GateLink": ["서초4동","서일중학교","진흥아파트","삼호아파트"],"BUSSTOP": [{"StopName":"강남역.9번출구","StopID":"124827","Bus": [{"BusNo":"서초09","Type":"3","BlID":"1619","BusCityName":"서울"},{"BusNo":"서초10","Type":"3","BlID":"1620","BusCityName":"서울"},{"BusNo":"서초11","Type":"3","BlID":"1624","BusCityName":"서울"}]},{"StopName":"강남역.강남역사거리","StopID":"157359","Bus": [{"BusNo":"1700","Type":"4","BlID":"18522","BusCityName":"남양주"},{"BusNo":"2000","Type":"4","BlID":"18523","BusCityName":"남양주"},{"BusNo":"7007","Type":"4","BlID":"18553","BusCityName":"남양주"},{"BusNo":"N61","Type":"11","BlID":"575","BusCityName":"서울"},{"BusNo":"146","Type":"11","BlID":"875","BusCityName":"서울"},{"BusNo":"740","Type":"11","BlID":"1273","BusCityName":"서울"},{"BusNo":"341","Type":"11","BlID":"1435","BusCityName":"서울"}]}]},{"GateNo":"10","GateLink": ["기업은행 강남역지점","외환은행 강남역"],"BUSSTOP": [{"StopName":"강남역","StopID":"106186","Bus": [{"BusNo":"421","Type":"11","BlID":"1808","BusCityName":"서울"},{"BusNo":"3412","Type":"12","BlID":"1028","BusCityName":"서울"},{"BusNo":"4412","Type":"12","BlID":"1057","BusCityName":"서울"},{"BusNo":"9711B","Type":"14","BlID":"544","BusCityName":"서울"},{"BusNo":"9711A","Type":"14","BlID":"1375","BusCityName":"서울"}]},{"StopName":"강남역.10번출구","StopID":"124828","Bus": [{"BusNo":"서초09","Type":"3","BlID":"1619","BusCityName":"서울"}]},{"StopName":"강남역.서초초교앞","StopID":"194146","Bus": [{"BusNo":"서초03","Type":"3","BlID":"1605","BusCityName":"서울"}]}]},{"GateNo":"11","GateLink": ["특허청서울사무소","국기원","국립어린이청소년도서관","씨티극장"],"BUSSTOP": [{"StopName":"지하철2호선강남역","StopID":"106041","Bus": [{"BusNo":"3030","Type":"4","BlID":"6052","BusCityName":"안양"},{"BusNo":"1005-1","Type":"4","BlID":"10053","BusCityName":"광주"},{"BusNo":"6800","Type":"4","BlID":"10063","BusCityName":"광주"},{"BusNo":"1550","Type":"4","BlID":"10065","BusCityName":"광주"},{"BusNo":"1570","Type":"4","BlID":"10440","BusCityName":"광주"},{"BusNo":"3600","Type":"4","BlID":"17506","BusCityName":"포천"},{"BusNo":"3100-1","Type":"4","BlID":"17540","BusCityName":"포천"},{"BusNo":"3100","Type":"4","BlID":"17573","BusCityName":"포천"},{"BusNo":"1100","Type":"4","BlID":"18507","BusCityName":"남양주"},{"BusNo":"6500","Type":"5","BlID":"590","BusCityName":"서울"},{"BusNo":"6009","Type":"5","BlID":"1785","BusCityName":"서울"},{"BusNo":"6000","Type":"5","BlID":"1799","BusCityName":"서울"},{"BusNo":"8001","Type":"6","BlID":"18591","BusCityName":"남양주"},{"BusNo":"400","Type":"11","BlID":"500","BusCityName":"서울"},{"BusNo":"N37","Type":"11","BlID":"524","BusCityName":"서울"},{"BusNo":"N13","Type":"11","BlID":"571","BusCityName":"서울"},{"BusNo":"140","Type":"11","BlID":"868","BusCityName":"서울"},{"BusNo":"144","Type":"11","BlID":"873","BusCityName":"서울"},{"BusNo":"145","Type":"11","BlID":"874","BusCityName":"서울"},{"BusNo":"402","Type":"11","BlID":"1050","BusCityName":"서울"},{"BusNo":"420","Type":"11","BlID":"1054","BusCityName":"서울"},{"BusNo":"440","Type":"11","BlID":"1065","BusCityName":"서울"},{"BusNo":"441","Type":"11","BlID":"1067","BusCityName":"서울"},{"BusNo":"470","Type":"11","BlID":"1071","BusCityName":"서울"},{"BusNo":"471","Type":"11","BlID":"1072","BusCityName":"서울"},{"BusNo":"407","Type":"11","BlID":"1355","BusCityName":"서울"},{"BusNo":"462","Type":"11","BlID":"1357","BusCityName":"서울"},{"BusNo":"542","Type":"11","BlID":"1359","BusCityName":"서울"},{"BusNo":"360","Type":"11","BlID":"1440","BusCityName":"서울"},{"BusNo":"421","Type":"11","BlID":"1808","BusCityName":"서울"},{"BusNo":"9404","Type":"14","BlID":"1349","BusCityName":"서울"},{"BusNo":"9408","Type":"14","BlID":"1353","BusCityName":"서울"},{"BusNo":"M7426","Type":"14","BlID":"12010","BusCityName":"파주"}]},{"StopName":"강남역","StopID":"106227","Bus": [{"BusNo":"643","Type":"11","BlID":"1729","BusCityName":"서울"},{"BusNo":"3412","Type":"12","BlID":"1028","BusCityName":"서울"},{"BusNo":"4412","Type":"12","BlID":"1057","BusCityName":"서울"},{"BusNo":"8541(맞춤버스)","Type":"12","BlID":"1731","BusCityName":"서울"}]},{"StopName":"신논현역","StopID":"193629","Bus": [{"BusNo":"9700","Type":"4","BlID":"10603","BusCityName":"광주"},{"BusNo":"9711B","Type":"14","BlID":"544","BusCityName":"서울"},{"BusNo":"9711A","Type":"14","BlID":"1375","BusCityName":"서울"},{"BusNo":"M7412","Type":"14","BlID":"10491","BusCityName":"광주"}]},{"StopName":"강남역","StopID":"195647","Bus": [{"BusNo":"서초03","Type":"3","BlID":"1605","BusCityName":"서울"}]}]},{"GateNo":"12","GateLink": ["국립어린이청소년도서관","국기원","특허청서울사무소","한국발명진흥회","지식재산전문도서관(한국지식재산연구원)"],"BUSSTOP": [{"StopName":"강남역12번출구","StopID":"106323","Bus": [{"BusNo":"9600","Type":"4","BlID":"10602","BusCityName":"광주"},{"BusNo":"3600","Type":"4","BlID":"17506","BusCityName":"포천"},{"BusNo":"1100","Type":"4","BlID":"18507","BusCityName":"남양주"},{"BusNo":"2000-1","Type":"4","BlID":"18510","BusCityName":"남양주"},{"BusNo":"1700","Type":"4","BlID":"18522","BusCityName":"남양주"},{"BusNo":"2000","Type":"4","BlID":"18523","BusCityName":"남양주"},{"BusNo":"7007","Type":"4","BlID":"18553","BusCityName":"남양주"},{"BusNo":"8001","Type":"6","BlID":"18591","BusCityName":"남양주"},{"BusNo":"N13","Type":"11","BlID":"571","BusCityName":"서울"},{"BusNo":"N61","Type":"11","BlID":"575","BusCityName":"서울"},{"BusNo":"146","Type":"11","BlID":"875","BusCityName":"서울"},{"BusNo":"740","Type":"11","BlID":"1273","BusCityName":"서울"},{"BusNo":"341","Type":"11","BlID":"1435","BusCityName":"서울"},{"BusNo":"360","Type":"11","BlID":"1440","BusCityName":"서울"}]},{"StopName":"강남역12번출구","StopID":"206361","Bus": [{"BusNo":"6020","Type":"5","BlID":"503","BusCityName":"서울"},{"BusNo":"6000","Type":"5","BlID":"1799","BusCityName":"서울"}]}]}]}}}