{"result": {"stationName":"양재시민의숲","stationID":1912,"type":109,"laneName":"신분당선","laneCity":"수도권","x":127.0383465,"y":37.4700142,"prevOBJ": {"station": [{"stationName":"양재","stationID":1911,"type":109,"laneName":"신분당선","laneCity":"수도권","x":127.0348135,"y":37.4836725}]},"nextOBJ": {"station": [{"stationName":"청계산입구","stationID":1913,"type":109,"laneName":"신분당선","laneCity":"수도권","x":127.0547415,"y":37.4482234}]},"defaultInfo": {"address":"서울특별시 서초구 양재동 233-2","new_address":"서울특별시 서초구 매헌로 116","tel":"031-8018-7730"},"useInfo": {"platform":2,"meetingPlace":0,"restroom":4,"offDoor":0,"crossOver":2,"publicPlace":0,"handicapCount":1,"parkingCount":0,"bicycleCount":0,"civilCount":0},"exitInfo": {"gate": [{"GateNo":"1","GateLink": ["양재시민의숲"],"BUSSTOP": [{"StopName":"시민의숲.양재꽃시장","StopID":"156864","Bus": [{"BusNo":"1151","Type":"4","BlID":"5024","BusCityName":"성남"},{"BusNo":"1251","Type":"4","BlID":"5089","BusCityName":"성남"},{"BusNo":"9004","Type":"4","BlID":"5096","BusCityName":"성남"},{"BusNo":"3030","Type":"4","BlID":"6052","BusCityName":"안양"},{"BusNo":"3100","Type":"4","BlID":"6542","BusCityName":"안산"},{"BusNo":"3101","Type":"4","BlID":"6561","BusCityName":"안산"},{"BusNo":"5300-1","Type":"4","BlID":"9532","BusCityName":"수원"},{"BusNo":"5300","Type":"4","BlID":"9546","BusCityName":"수원"},{"BusNo":"5100","Type":"4","BlID":"9564","BusCityName":"수원"},{"BusNo":"3007","Type":"4","BlID":"9565","BusCityName":"수원"},{"BusNo":"3900(출근형)","Type":"4","BlID":"9566","BusCityName":"수원"},{"BusNo":"3003","Type":"4","BlID":"9581","BusCityName":"수원"},{"BusNo":"3000","Type":"4","BlID":"9582","BusCityName":"수원"},{"BusNo":"3002","Type":"4","BlID":"9610","BusCityName":"수원"},{"BusNo":"500-2","Type":"4","BlID":"10017","BusCityName":"광주"},{"BusNo":"1551","Type":"4","BlID":"10040","BusCityName":"광주"},{"BusNo":"1550-1","Type":"4","BlID":"10049","BusCityName":"광주"},{"BusNo":"1005-1","Type":"4","BlID":"10053","BusCityName":"광주"},{"BusNo":"1560","Type":"4","BlID":"10060","BusCityName":"광주"},{"BusNo":"6800","Type":"4","BlID":"10063","BusCityName":"광주"},{"BusNo":"6501","Type":"4","BlID":"10505","BusCityName":"광주"},{"BusNo":"1311","Type":"4","BlID":"10508","BusCityName":"광주"},{"BusNo":"1005","Type":"4","BlID":"10597","BusCityName":"광주"},{"BusNo":"5006","Type":"4","BlID":"10610","BusCityName":"광주"},{"BusNo":"1551B","Type":"4","BlID":"10696","BusCityName":"광주"},{"BusNo":"5001","Type":"4","BlID":"11196","BusCityName":"용인"},{"BusNo":"5001-1","Type":"4","BlID":"11197","BusCityName":"용인"},{"BusNo":"5002","Type":"4","BlID":"11203","BusCityName":"용인"},{"BusNo":"5003","Type":"4","BlID":"11204","BusCityName":"용인"},{"BusNo":"3200","Type":"4","BlID":"11514","BusCityName":"시흥"},{"BusNo":"6001","Type":"4","BlID":"16017","BusCityName":"화성"},{"BusNo":"6002","Type":"4","BlID":"16042","BusCityName":"화성"},{"BusNo":"8501","Type":"4","BlID":"16043","BusCityName":"화성"},{"BusNo":"6002-1","Type":"4","BlID":"16100","BusCityName":"화성"},{"BusNo":"8101","Type":"6","BlID":"10101","BusCityName":"광주"},{"BusNo":"8201","Type":"6","BlID":"10608","BusCityName":"광주"},{"BusNo":"9711B","Type":"14","BlID":"544","BusCityName":"서울"},{"BusNo":"9404","Type":"14","BlID":"1349","BusCityName":"서울"},{"BusNo":"9408","Type":"14","BlID":"1353","BusCityName":"서울"},{"BusNo":"9711A","Type":"14","BlID":"1375","BusCityName":"서울"},{"BusNo":"M6410","Type":"14","BlID":"6565","BusCityName":"안산"},{"BusNo":"M4403","Type":"14","BlID":"10057","BusCityName":"광주"},{"BusNo":"M5414","Type":"14","BlID":"10535","BusCityName":"광주"},{"BusNo":"M5422","Type":"14","BlID":"10729","BusCityName":"광주"},{"BusNo":"M6405","Type":"14","BlID":"21005","BusCityName":"인천"},{"BusNo":"9100","Type":"14","BlID":"21132","BusCityName":"인천"},{"BusNo":"9200","Type":"14","BlID":"21133","BusCityName":"인천"},{"BusNo":"9300","Type":"14","BlID":"21151","BusCityName":"인천"},{"BusNo":"9500","Type":"14","BlID":"21152","BusCityName":"인천"},{"BusNo":"9201","Type":"14","BlID":"21165","BusCityName":"인천"},{"BusNo":"9802","Type":"14","BlID":"21181","BusCityName":"인천"},{"BusNo":"9501","Type":"14","BlID":"21219","BusCityName":"인천"},{"BusNo":"9301","Type":"14","BlID":"21253","BusCityName":"인천"},{"BusNo":"700","Type":"22","BlID":"6582","BusCityName":"안산"}]}]},{"GateNo":"2","GateLink": ["교육개발원입구사거리"],"BUSSTOP": [{"StopName":"시민의숲.양재꽃시장","StopID":"156863","Bus": [{"BusNo":"3030","Type":"4","BlID":"6052","BusCityName":"안양"},{"BusNo":"3007","Type":"4","BlID":"9565","BusCityName":"수원"},{"BusNo":"3002","Type":"4","BlID":"9610","BusCityName":"수원"},{"BusNo":"500-2","Type":"4","BlID":"10017","BusCityName":"광주"},{"BusNo":"1005-1","Type":"4","BlID":"10053","BusCityName":"광주"},{"BusNo":"6800","Type":"4","BlID":"10063","BusCityName":"광주"},{"BusNo":"1550","Type":"4","BlID":"10065","BusCityName":"광주"},{"BusNo":"1570","Type":"4","BlID":"10440","BusCityName":"광주"},{"BusNo":"9711B","Type":"14","BlID":"544","BusCityName":"서울"},{"BusNo":"9404","Type":"14","BlID":"1349","BusCityName":"서울"},{"BusNo":"9408","Type":"14","BlID":"1353","BusCityName":"서울"},{"BusNo":"9711A","Type":"14","BlID":"1375","BusCityName":"서울"},{"BusNo":"9500","Type":"14","BlID":"21152","BusCityName":"인천"},{"BusNo":"9802","Type":"14","BlID":"21181","BusCityName":"인천"},{"BusNo":"9501","Type":"14","BlID":"21219","BusCityName":"인천"}]}]},{"GateNo":"3","GateLink": ["염곡사거리","무역진흥공사"],"BUSSTOP": [{"StopName":"양재2동주민센터.양재꽃시장","StopID":"106741","Bus": [{"BusNo":"917","Type":"1","BlID":"6025","BusCityName":"안양"},{"BusNo":"11-3","Type":"1","BlID":"6028","BusCityName":"안양"},{"BusNo":"6","Type":"1","BlID":"7518","BusCityName":"과천"},{"BusNo":"500-5","Type":"1","BlID":"10002","BusCityName":"광주"},{"BusNo":"400","Type":"11","BlID":"500","BusCityName":"서울"},{"BusNo":"140","Type":"11","BlID":"868","BusCityName":"서울"},{"BusNo":"440","Type":"11","BlID":"1065","BusCityName":"서울"},{"BusNo":"441","Type":"11","BlID":"1067","BusCityName":"서울"},{"BusNo":"470","Type":"11","BlID":"1071","BusCityName":"서울"},{"BusNo":"471","Type":"11","BlID":"1072","BusCityName":"서울"},{"BusNo":"407","Type":"11","BlID":"1355","BusCityName":"서울"},{"BusNo":"462","Type":"11","BlID":"1357","BusCityName":"서울"},{"BusNo":"421","Type":"11","BlID":"1808","BusCityName":"서울"},{"BusNo":"405","Type":"11","BlID":"1809","BusCityName":"서울"},{"BusNo":"4432","Type":"12","BlID":"1416","BusCityName":"서울"}]}]},{"GateNo":"4","GateLink": ["양재IC","aT센터","양재꽃시장"],"BUSSTOP": [{"StopName":"AT센터.양재꽃시장","StopID":"106748","Bus": [{"BusNo":"917","Type":"1","BlID":"6025","BusCityName":"안양"},{"BusNo":"11-3","Type":"1","BlID":"6028","BusCityName":"안양"},{"BusNo":"6","Type":"1","BlID":"7518","BusCityName":"과천"},{"BusNo":"500-5","Type":"1","BlID":"10002","BusCityName":"광주"},{"BusNo":"400","Type":"11","BlID":"500","BusCityName":"서울"},{"BusNo":"140","Type":"11","BlID":"868","BusCityName":"서울"},{"BusNo":"440","Type":"11","BlID":"1065","BusCityName":"서울"},{"BusNo":"441","Type":"11","BlID":"1067","BusCityName":"서울"},{"BusNo":"470","Type":"11","BlID":"1071","BusCityName":"서울"},{"BusNo":"471","Type":"11","BlID":"1072","BusCityName":"서울"},{"BusNo":"407","Type":"11","BlID":"1355","BusCityName":"서울"},{"BusNo":"462","Type":"11","BlID":"1357","BusCityName":"서울"},{"BusNo":"421","Type":"11","BlID":"1808","BusCityName":"서울"},{"BusNo":"405","Type":"11","BlID":"1809","BusCityName":"서울"},{"BusNo":"4432","Type":"12","BlID":"1416","BusCityName":"서울"}]}]},{"GateNo":"5","GateLink": ["윤봉길의사기념관","교육문화회관"]}]}}}