{"result": {"stationName":"청계산입구","stationID":1913,"type":109,"laneName":"신분당선","laneCity":"수도권","x":127.0547415,"y":37.4482234,"prevOBJ": {"station": [{"stationName":"양재시민의숲","stationID":1912,"type":109,"laneName":"신분당선","laneCity":"수도권","x":127.0383465,"y":37.4700142}]},"nextOBJ": {"station": [{"stationName":"판교","stationID":1914,"type":109,"laneName":"신분당선","laneCity":"수도권","x":127.1111467,"y":37.3948033}]},"defaultInfo": {"address":"서울특별시 서초구 신원동 270-25","new_address":"서울특별시 서초구 청계산로 179","tel":"031-8018-7740"},"useInfo": {"platform":2,"meetingPlace":0,"restroom":4,"offDoor":0,"crossOver":2,"publicPlace":0,"handicapCount":1,"parkingCount":0,"bicycleCount":0,"civilCount":0},"exitInfo": {"gate": [{"GateNo":"1","GateLink": ["청룡마을"],"BUSSTOP": [{"StopName":"청계산입구역","StopID":"81778","Bus": [{"BusNo":"4432","Type":"12","BlID":"1416","BusCityName":"서울"}]},{"StopName":"청계산입구역","StopID":"81779","Bus": [{"BusNo":"4432","Type":"12","BlID":"1416","BusCityName":"서울"}]}]},{"GateNo":"2","GateLink": ["청계산입구"],"BUSSTOP": [{"StopName":"청계산.원터골","StopID":"107607","Bus": [{"BusNo":"4432","Type":"12","BlID":"1416","BusCityName":"서울"}]},{"StopName":"청계산.원터골","StopID":"107613","Bus": [{"BusNo":"4432","Type":"12","BlID":"1416","BusCityName":"서울"}]}]}]}}}