{"result": {"stationName":"판교","stationID":1914,"type":109,"laneName":"신분당선","laneCity":"수도권","x":127.1111467,"y":37.3948033,"prevOBJ": {"station": [{"stationName":"청계산입구","stationID":1913,"type":109,"laneName":"신분당선","laneCity":"수도권","x":127.0547415,"y":37.4482234}]},"nextOBJ": {"station": [{"stationName":"정자","stationID":1915,"type":109,"laneName":"신분당선","laneCity":"수도권","x":127.108454,"y":37.3674984}]},"defaultInfo": {"address":"경기도 성남시 분당구 백현동 19-2","new_address":"경기도 성남시 분당구 판교역로 160","tel":"031-8018-7750"},"useInfo": {"platform":2,"meetingPlace":0,"restroom":4,"offDoor":0,"crossOver":2,"publicPlace":0,"handicapCount":1,"parkingCount":0,"bicycleCount":0,"civilCount":0},"exitInfo": {"gate": [{"GateNo":"1","GateLink": ["한신교회","신분당선본사"],"BUSSTOP": [{"StopName":"판교역북편","StopID":"211994","Bus": [{"BusNo":"5","Type":"1","BlID":"5109","BusCityName":"성남"},{"BusNo":"32","Type":"3","BlID":"5145","BusCityName":"성남"},{"BusNo":"74","Type":"3","BlID":"5148","BusCityName":"성남"},{"BusNo":"9007","Type":"4","BlID":"5009","BusCityName":"성남"},{"BusNo":"5000","Type":"5","BlID":"10027","BusCityName":"광주"}]},{"StopName":"판교역북편","StopID":"211995","Bus": [{"BusNo":"380","Type":"1","BlID":"5067","BusCityName":"성남"},{"BusNo":"390","Type":"1","BlID":"5103","BusCityName":"성남"},{"BusNo":"5","Type":"1","BlID":"5109","BusCityName":"성남"},{"BusNo":"812","Type":"3","BlID":"5005","BusCityName":"성남"},{"BusNo":"602-2(맞춤형버스)","Type":"3","BlID":"5008","BusCityName":"성남"},{"BusNo":"602-1(맞춤버스)","Type":"3","BlID":"5025","BusCityName":"성남"},{"BusNo":"32","Type":"3","BlID":"5145","BusCityName":"성남"},{"BusNo":"74","Type":"3","BlID":"5148","BusCityName":"성남"},{"BusNo":"73","Type":"3","BlID":"5150","BusCityName":"성남"},{"BusNo":"75","Type":"3","BlID":"5151","BusCityName":"성남"},{"BusNo":"72","Type":"3","BlID":"5153","BusCityName":"성남"},{"BusNo":"71","Type":"3","BlID":"5155","BusCityName":"성남"},{"BusNo":"9007","Type":"4","BlID":"5009","BusCityName":"성남"},{"BusNo":"5000","Type":"5","BlID":"10027","BusCityName":"광주"}]}]},{"GateNo":"2","GateLink": ["봇들마을"],"BUSSTOP": [{"StopName":"판교역동편","StopID":"194373","Bus": [{"BusNo":"55","Type":"1","BlID":"5036","BusCityName":"성남"},{"BusNo":"340","Type":"1","BlID":"5091","BusCityName":"성남"},{"BusNo":"602","Type":"3","BlID":"5127","BusCityName":"성남"},{"BusNo":"76","Type":"3","BlID":"5137","BusCityName":"성남"},{"BusNo":"32","Type":"3","BlID":"5145","BusCityName":"성남"},{"BusNo":"74","Type":"3","BlID":"5148","BusCityName":"성남"},{"BusNo":"9007","Type":"4","BlID":"5009","BusCityName":"성남"},{"BusNo":"4000","Type":"4","BlID":"5064","BusCityName":"성남"},{"BusNo":"9414","Type":"4","BlID":"5076","BusCityName":"성남"},{"BusNo":"1002","Type":"4","BlID":"10448","BusCityName":"광주"}]},{"StopName":"판교역동편","StopID":"194374","Bus": [{"BusNo":"55","Type":"1","BlID":"5036","BusCityName":"성남"},{"BusNo":"380","Type":"1","BlID":"5067","BusCityName":"성남"},{"BusNo":"340","Type":"1","BlID":"5091","BusCityName":"성남"},{"BusNo":"390","Type":"1","BlID":"5103","BusCityName":"성남"},{"BusNo":"812","Type":"3","BlID":"5005","BusCityName":"성남"},{"BusNo":"602-2(맞춤형버스)","Type":"3","BlID":"5008","BusCityName":"성남"},{"BusNo":"602-1(맞춤버스)","Type":"3","BlID":"5025","BusCityName":"성남"},{"BusNo":"602","Type":"3","BlID":"5127","BusCityName":"성남"},{"BusNo":"76","Type":"3","BlID":"5137","BusCityName":"성남"},{"BusNo":"32","Type":"3","BlID":"5145","BusCityName":"성남"},{"BusNo":"74","Type":"3","BlID":"5148","BusCityName":"성남"},{"BusNo":"73","Type":"3","BlID":"5150","BusCityName":"성남"},{"BusNo":"75","Type":"3","BlID":"5151","BusCityName":"성남"},{"BusNo":"72","Type":"3","BlID":"5153","BusCityName":"성남"},{"BusNo":"71","Type":"3","BlID":"5155","BusCityName":"성남"},{"BusNo":"9007","Type":"4","BlID":"5009","BusCityName":"성남"},{"BusNo":"4000","Type":"4","BlID":"5064","BusCityName":"성남"},{"BusNo":"9414","Type":"4","BlID":"5076","BusCityName":"성남"},{"BusNo":"1002","Type":"4","BlID":"10448","BusCityName":"광주"}]},{"StopName":"백현마을4단지","StopID":"194381","Bus": [{"BusNo":"390","Type":"1","BlID":"5103","BusCityName":"성남"},{"BusNo":"71","Type":"3","BlID":"5155","BusCityName":"성남"},{"BusNo":"9414","Type":"4","BlID":"5076","BusCityName":"성남"}]},{"StopName":"백현마을5단지","StopID":"194382","Bus": [{"BusNo":"390","Type":"1","BlID":"5103","BusCityName":"성남"},{"BusNo":"71","Type":"3","BlID":"5155","BusCityName":"성남"},{"BusNo":"1241","Type":"4","BlID":"5061","BusCityName":"성남"},{"BusNo":"9414","Type":"4","BlID":"5076","BusCityName":"성남"}]}]},{"GateNo":"3","GateLink": ["백현마을","낙생육교"],"BUSSTOP": [{"StopName":"판교역남편","StopID":"80239","Bus": [{"BusNo":"380","Type":"1","BlID":"5067","BusCityName":"성남"},{"BusNo":"390","Type":"1","BlID":"5103","BusCityName":"성남"},{"BusNo":"812","Type":"3","BlID":"5005","BusCityName":"성남"},{"BusNo":"602-2(맞춤형버스)","Type":"3","BlID":"5008","BusCityName":"성남"},{"BusNo":"602-1(맞춤버스)","Type":"3","BlID":"5025","BusCityName":"성남"},{"BusNo":"73","Type":"3","BlID":"5150","BusCityName":"성남"},{"BusNo":"75","Type":"3","BlID":"5151","BusCityName":"성남"},{"BusNo":"72","Type":"3","BlID":"5153","BusCityName":"성남"},{"BusNo":"71","Type":"3","BlID":"5155","BusCityName":"성남"}]},{"StopName":"판교역.낙생육교.현대백화점","StopID":"163615","Bus": [{"BusNo":"340-1","Type":"1","BlID":"5000","BusCityName":"성남"},{"BusNo":"103","Type":"1","BlID":"5069","BusCityName":"성남"},{"BusNo":"340","Type":"1","BlID":"5091","BusCityName":"성남"},{"BusNo":"303","Type":"1","BlID":"10632","BusCityName":"광주"},{"BusNo":"9007","Type":"4","BlID":"5009","BusCityName":"성남"},{"BusNo":"1151","Type":"4","BlID":"5024","BusCityName":"성남"},{"BusNo":"1241","Type":"4","BlID":"5061","BusCityName":"성남"},{"BusNo":"3330","Type":"4","BlID":"5063","BusCityName":"성남"},{"BusNo":"9507","Type":"4","BlID":"5065","BusCityName":"성남"},{"BusNo":"9300","Type":"4","BlID":"5111","BusCityName":"성남"},{"BusNo":"1500-2","Type":"4","BlID":"10043","BusCityName":"광주"},{"BusNo":"1005-1","Type":"4","BlID":"10053","BusCityName":"광주"},{"BusNo":"5500-1","Type":"4","BlID":"10071","BusCityName":"광주"},{"BusNo":"7007-1","Type":"4","BlID":"10072","BusCityName":"광주"},{"BusNo":"1002","Type":"4","BlID":"10448","BusCityName":"광주"},{"BusNo":"9000-1","Type":"4","BlID":"10495","BusCityName":"광주"},{"BusNo":"9000","Type":"4","BlID":"10595","BusCityName":"광주"},{"BusNo":"3500","Type":"4","BlID":"10596","BusCityName":"광주"},{"BusNo":"1005","Type":"4","BlID":"10597","BusCityName":"광주"},{"BusNo":"1150","Type":"4","BlID":"10607","BusCityName":"광주"},{"BusNo":"8110","Type":"6","BlID":"5021","BusCityName":"성남"},{"BusNo":"8106","Type":"6","BlID":"10200","BusCityName":"광주"},{"BusNo":"9401","Type":"14","BlID":"1346","BusCityName":"서울"}]},{"StopName":"판교역.낙생육교.현대백화점","StopID":"163616","Bus": [{"BusNo":"340-1","Type":"1","BlID":"5000","BusCityName":"성남"},{"BusNo":"103","Type":"1","BlID":"5069","BusCityName":"성남"},{"BusNo":"303","Type":"1","BlID":"10632","BusCityName":"광주"},{"BusNo":"1151","Type":"4","BlID":"5024","BusCityName":"성남"},{"BusNo":"1241","Type":"4","BlID":"5061","BusCityName":"성남"},{"BusNo":"3330","Type":"4","BlID":"5063","BusCityName":"성남"},{"BusNo":"9507","Type":"4","BlID":"5065","BusCityName":"성남"},{"BusNo":"9300","Type":"4","BlID":"5111","BusCityName":"성남"},{"BusNo":"1500-2","Type":"4","BlID":"10043","BusCityName":"광주"},{"BusNo":"1005-1","Type":"4","BlID":"10053","BusCityName":"광주"},{"BusNo":"5500-1","Type":"4","BlID":"10071","BusCityName":"광주"},{"BusNo":"7007-1","Type":"4","BlID":"10072","BusCityName":"광주"},{"BusNo":"9000-1","Type":"4","BlID":"10495","BusCityName":"광주"},{"BusNo":"9000","Type":"4","BlID":"10595","BusCityName":"광주"},{"BusNo":"3500","Type":"4","BlID":"10596","BusCityName":"광주"},{"BusNo":"1005","Type":"4","BlID":"10597","BusCityName":"광주"},{"BusNo":"1150","Type":"4","BlID":"10607","BusCityName":"광주"},{"BusNo":"8110","Type":"6","BlID":"5021","BusCityName":"성남"},{"BusNo":"8106","Type":"6","BlID":"10200","BusCityName":"광주"},{"BusNo":"9401","Type":"14","BlID":"1346","BusCityName":"서울"}]}]},{"GateNo":"4","GateLink": ["판교IC","서판교"]}]}}}