{"result": {"stationName":"동천","stationID":1917,"type":109,"laneName":"신분당선","laneCity":"수도권","x":127.1028461,"y":37.3377924,"prevOBJ": {"station": [{"stationName":"정자","stationID":1915,"type":109,"laneName":"신분당선","laneCity":"수도권","x":127.108454,"y":37.3674984}]},"nextOBJ": {"station": [{"stationName":"수지구청","stationID":1918,"type":109,"laneName":"신분당선","laneCity":"수도권","x":127.0946334,"y":37.3224746}]},"defaultInfo": {"address":"경기도 용인시 수지구 동천동 322-3","new_address":null,"tel":"031-8018-7780"},"useInfo": {"platform":2,"meetingPlace":0,"restroom":2,"offDoor":0,"crossOver":2,"publicPlace":0,"handicapCount":1,"parkingCount":0,"bicycleCount":1,"civilCount":0},"exitInfo": {"gate": [{"GateNo":"1","GateLink": ["경부고속도로 방면","동천 ex-HUB 환승정류장"],"BUSSTOP": [{"StopName":"KT수지지사.물류센터","StopID":"117078","Bus": [{"BusNo":"720","Type":"1","BlID":"10009","BusCityName":"광주"},{"BusNo":"700-2","Type":"1","BlID":"10013","BusCityName":"광주"},{"BusNo":"730","Type":"1","BlID":"10444","BusCityName":"광주"},{"BusNo":"5-1(상현운수)","Type":"3","BlID":"11137","BusCityName":"용인"},{"BusNo":"31","Type":"3","BlID":"11226","BusCityName":"용인"},{"BusNo":"5(상현운수(상현동.수지구청.미금역))","Type":"3","BlID":"11275","BusCityName":"용인"},{"BusNo":"1251","Type":"4","BlID":"5089","BusCityName":"성남"},{"BusNo":"1550-3","Type":"4","BlID":"10055","BusCityName":"광주"},{"BusNo":"6800","Type":"4","BlID":"10063","BusCityName":"광주"},{"BusNo":"5500","Type":"4","BlID":"10068","BusCityName":"광주"}]}]},{"GateNo":"2","GateLink": ["풍덕천사거리 방면"],"BUSSTOP": [{"StopName":"물류센터삼거리","StopID":"117077","Bus": [{"BusNo":"720","Type":"1","BlID":"10009","BusCityName":"광주"},{"BusNo":"700-2","Type":"1","BlID":"10013","BusCityName":"광주"},{"BusNo":"730","Type":"1","BlID":"10444","BusCityName":"광주"},{"BusNo":"1251","Type":"4","BlID":"5089","BusCityName":"성남"},{"BusNo":"1550-3","Type":"4","BlID":"10055","BusCityName":"광주"},{"BusNo":"6800","Type":"4","BlID":"10063","BusCityName":"광주"},{"BusNo":"5500","Type":"4","BlID":"10068","BusCityName":"광주"}]},{"StopName":"동천동현대홈타운2차아파트","StopID":"117509","Bus": [{"BusNo":"7","Type":"1","BlID":"9578","BusCityName":"수원"},{"BusNo":"7-2","Type":"1","BlID":"9579","BusCityName":"수원"},{"BusNo":"720-1","Type":"1","BlID":"10010","BusCityName":"광주"},{"BusNo":"14-1","Type":"3","BlID":"11018","BusCityName":"용인"},{"BusNo":"17(B)","Type":"3","BlID":"11040","BusCityName":"용인"},{"BusNo":"17(A)","Type":"3","BlID":"11206","BusCityName":"용인"},{"BusNo":"17-1","Type":"3","BlID":"11264","BusCityName":"용인"},{"BusNo":"11","Type":"3","BlID":"11265","BusCityName":"용인"},{"BusNo":"16","Type":"3","BlID":"11270","BusCityName":"용인"},{"BusNo":"15","Type":"3","BlID":"11271","BusCityName":"용인"},{"BusNo":"6900","Type":"4","BlID":"10064","BusCityName":"광주"},{"BusNo":"1002","Type":"4","BlID":"10448","BusCityName":"광주"},{"BusNo":"8201","Type":"6","BlID":"10608","BusCityName":"광주"},{"BusNo":"M4101","Type":"14","BlID":"10046","BusCityName":"광주"}]},{"StopName":"동천동현대홈타운2차아파트","StopID":"117513","Bus": [{"BusNo":"7","Type":"1","BlID":"9578","BusCityName":"수원"},{"BusNo":"7-2","Type":"1","BlID":"9579","BusCityName":"수원"},{"BusNo":"720-1","Type":"1","BlID":"10010","BusCityName":"광주"},{"BusNo":"16","Type":"3","BlID":"11270","BusCityName":"용인"},{"BusNo":"15","Type":"3","BlID":"11271","BusCityName":"용인"},{"BusNo":"6900","Type":"4","BlID":"10064","BusCityName":"광주"},{"BusNo":"1002","Type":"4","BlID":"10448","BusCityName":"광주"},{"BusNo":"8201","Type":"6","BlID":"10608","BusCityName":"광주"},{"BusNo":"M4101","Type":"14","BlID":"10046","BusCityName":"광주"}]},{"StopName":"KT수지지사.물류센터","StopID":"126131","Bus": [{"BusNo":"720","Type":"1","BlID":"10009","BusCityName":"광주"},{"BusNo":"700-2","Type":"1","BlID":"10013","BusCityName":"광주"},{"BusNo":"730","Type":"1","BlID":"10444","BusCityName":"광주"},{"BusNo":"5-1(상현운수)","Type":"3","BlID":"11137","BusCityName":"용인"},{"BusNo":"31","Type":"3","BlID":"11226","BusCityName":"용인"},{"BusNo":"5(상현운수(상현동.수지구청.미금역))","Type":"3","BlID":"11275","BusCityName":"용인"},{"BusNo":"1251","Type":"4","BlID":"5089","BusCityName":"성남"},{"BusNo":"6800","Type":"4","BlID":"10063","BusCityName":"광주"},{"BusNo":"5500","Type":"4","BlID":"10068","BusCityName":"광주"}]}]},{"GateNo":"3","GateLink": ["동천동 주민센터"],"BUSSTOP": [{"StopName":"머내기업은행","StopID":"109003","Bus": [{"BusNo":"7","Type":"1","BlID":"9578","BusCityName":"수원"},{"BusNo":"7-2","Type":"1","BlID":"9579","BusCityName":"수원"},{"BusNo":"720","Type":"1","BlID":"10009","BusCityName":"광주"},{"BusNo":"720-1","Type":"1","BlID":"10010","BusCityName":"광주"},{"BusNo":"700-2","Type":"1","BlID":"10013","BusCityName":"광주"},{"BusNo":"730","Type":"1","BlID":"10444","BusCityName":"광주"},{"BusNo":"5-1(상현운수)","Type":"3","BlID":"11137","BusCityName":"용인"},{"BusNo":"31","Type":"3","BlID":"11226","BusCityName":"용인"},{"BusNo":"17-1","Type":"3","BlID":"11264","BusCityName":"용인"},{"BusNo":"11","Type":"3","BlID":"11265","BusCityName":"용인"},{"BusNo":"16","Type":"3","BlID":"11270","BusCityName":"용인"},{"BusNo":"15","Type":"3","BlID":"11271","BusCityName":"용인"},{"BusNo":"5(상현운수(상현동.수지구청.미금역))","Type":"3","BlID":"11275","BusCityName":"용인"},{"BusNo":"1251","Type":"4","BlID":"5089","BusCityName":"성남"},{"BusNo":"1550-3","Type":"4","BlID":"10055","BusCityName":"광주"},{"BusNo":"6800","Type":"4","BlID":"10063","BusCityName":"광주"},{"BusNo":"6900","Type":"4","BlID":"10064","BusCityName":"광주"},{"BusNo":"5500","Type":"4","BlID":"10068","BusCityName":"광주"},{"BusNo":"1002","Type":"4","BlID":"10448","BusCityName":"광주"},{"BusNo":"8201","Type":"6","BlID":"10608","BusCityName":"광주"},{"BusNo":"M4101","Type":"14","BlID":"10046","BusCityName":"광주"}]},{"StopName":"머내기업은행","StopID":"109011","Bus": [{"BusNo":"7","Type":"1","BlID":"9578","BusCityName":"수원"},{"BusNo":"7-2","Type":"1","BlID":"9579","BusCityName":"수원"},{"BusNo":"720","Type":"1","BlID":"10009","BusCityName":"광주"},{"BusNo":"720-1","Type":"1","BlID":"10010","BusCityName":"광주"},{"BusNo":"700-2","Type":"1","BlID":"10013","BusCityName":"광주"},{"BusNo":"730","Type":"1","BlID":"10444","BusCityName":"광주"},{"BusNo":"5-1(상현운수)","Type":"3","BlID":"11137","BusCityName":"용인"},{"BusNo":"11","Type":"3","BlID":"11265","BusCityName":"용인"},{"BusNo":"16","Type":"3","BlID":"11270","BusCityName":"용인"},{"BusNo":"15","Type":"3","BlID":"11271","BusCityName":"용인"},{"BusNo":"5(상현운수(상현동.수지구청.미금역))","Type":"3","BlID":"11275","BusCityName":"용인"},{"BusNo":"1251","Type":"4","BlID":"5089","BusCityName":"성남"},{"BusNo":"1550-3","Type":"4","BlID":"10055","BusCityName":"광주"},{"BusNo":"6800","Type":"4","BlID":"10063","BusCityName":"광주"},{"BusNo":"6900","Type":"4","BlID":"10064","BusCityName":"광주"},{"BusNo":"5500","Type":"4","BlID":"10068","BusCityName":"광주"},{"BusNo":"1002","Type":"4","BlID":"10448","BusCityName":"광주"},{"BusNo":"8201","Type":"6","BlID":"10608","BusCityName":"광주"},{"BusNo":"M4101","Type":"14","BlID":"10046","BusCityName":"광주"}]},{"StopName":"동천동현대홈타운1차아파트","StopID":"117510","Bus": [{"BusNo":"7","Type":"1","BlID":"9578","BusCityName":"수원"},{"BusNo":"7-2","Type":"1","BlID":"9579","BusCityName":"수원"},{"BusNo":"720-1","Type":"1","BlID":"10010","BusCityName":"광주"},{"BusNo":"14-1","Type":"3","BlID":"11018","BusCityName":"용인"},{"BusNo":"17(B)","Type":"3","BlID":"11040","BusCityName":"용인"},{"BusNo":"14-2","Type":"3","BlID":"11138","BusCityName":"용인"},{"BusNo":"17(A)","Type":"3","BlID":"11206","BusCityName":"용인"},{"BusNo":"17-1","Type":"3","BlID":"11264","BusCityName":"용인"},{"BusNo":"11","Type":"3","BlID":"11265","BusCityName":"용인"},{"BusNo":"16","Type":"3","BlID":"11270","BusCityName":"용인"},{"BusNo":"15","Type":"3","BlID":"11271","BusCityName":"용인"},{"BusNo":"6900","Type":"4","BlID":"10064","BusCityName":"광주"},{"BusNo":"1002","Type":"4","BlID":"10448","BusCityName":"광주"}]},{"StopName":"동천동현대홈타운1차아파트","StopID":"117512","Bus": [{"BusNo":"7","Type":"1","BlID":"9578","BusCityName":"수원"},{"BusNo":"7-2","Type":"1","BlID":"9579","BusCityName":"수원"},{"BusNo":"720-1","Type":"1","BlID":"10010","BusCityName":"광주"},{"BusNo":"16","Type":"3","BlID":"11270","BusCityName":"용인"},{"BusNo":"15","Type":"3","BlID":"11271","BusCityName":"용인"},{"BusNo":"6900","Type":"4","BlID":"10064","BusCityName":"광주"},{"BusNo":"1002","Type":"4","BlID":"10448","BusCityName":"광주"}]}]}]}}}