{"result": {"stationName":"수지구청","stationID":1918,"type":109,"laneName":"신분당선","laneCity":"수도권","x":127.0946334,"y":37.3224746,"prevOBJ": {"station": [{"stationName":"동천","stationID":1917,"type":109,"laneName":"신분당선","laneCity":"수도권","x":127.1028461,"y":37.3377924}]},"nextOBJ": {"station": [{"stationName":"성복","stationID":1919,"type":109,"laneName":"신분당선","laneCity":"수도권","x":127.0803448,"y":37.313561}]},"defaultInfo": {"address":"경기도 용인시 수지구 풍덕천동 1045","new_address":null,"tel":"031-8018-7790"},"useInfo": {"platform":2,"meetingPlace":0,"restroom":2,"offDoor":0,"crossOver":2,"publicPlace":0,"handicapCount":1,"parkingCount":0,"bicycleCount":1,"civilCount":0},"exitInfo": {"gate": [{"GateNo":"1","GateLink": ["수지구청"],"BUSSTOP": [{"StopName":"수지구청.수지우체국.롯데마트","StopID":"108890","Bus": [{"BusNo":"7","Type":"1","BlID":"9578","BusCityName":"수원"},{"BusNo":"7-2","Type":"1","BlID":"9579","BusCityName":"수원"},{"BusNo":"720","Type":"1","BlID":"10009","BusCityName":"광주"},{"BusNo":"730","Type":"1","BlID":"10444","BusCityName":"광주"},{"BusNo":"14-1","Type":"3","BlID":"11018","BusCityName":"용인"},{"BusNo":"17-1","Type":"3","BlID":"11264","BusCityName":"용인"},{"BusNo":"2-1","Type":"3","BlID":"11278","BusCityName":"용인"}]},{"StopName":"수지구청.수지우체국.롯데마트","StopID":"108895","Bus": [{"BusNo":"7","Type":"1","BlID":"9578","BusCityName":"수원"},{"BusNo":"7-2","Type":"1","BlID":"9579","BusCityName":"수원"},{"BusNo":"720","Type":"1","BlID":"10009","BusCityName":"광주"},{"BusNo":"730","Type":"1","BlID":"10444","BusCityName":"광주"},{"BusNo":"690","Type":"1","BlID":"11042","BusCityName":"용인"},{"BusNo":"68","Type":"1","BlID":"11205","BusCityName":"용인"},{"BusNo":"82-1","Type":"3","BlID":"11013","BusCityName":"용인"},{"BusNo":"14-1","Type":"3","BlID":"11018","BusCityName":"용인"},{"BusNo":"1-1","Type":"3","BlID":"11073","BusCityName":"용인"},{"BusNo":"57-1","Type":"3","BlID":"11213","BusCityName":"용인"},{"BusNo":"38","Type":"3","BlID":"11220","BusCityName":"용인"},{"BusNo":"17-1","Type":"3","BlID":"11264","BusCityName":"용인"},{"BusNo":"59","Type":"3","BlID":"11267","BusCityName":"용인"},{"BusNo":"59-1","Type":"3","BlID":"11272","BusCityName":"용인"},{"BusNo":"1","Type":"3","BlID":"11276","BusCityName":"용인"},{"BusNo":"2-1","Type":"3","BlID":"11278","BusCityName":"용인"},{"BusNo":"82","Type":"3","BlID":"11279","BusCityName":"용인"}]},{"StopName":"현대그린프라자","StopID":"186374","Bus": [{"BusNo":"27","Type":"1","BlID":"9543","BusCityName":"수원"},{"BusNo":"720-2","Type":"1","BlID":"10012","BusCityName":"광주"},{"BusNo":"690","Type":"1","BlID":"11042","BusCityName":"용인"},{"BusNo":"68","Type":"1","BlID":"11205","BusCityName":"용인"},{"BusNo":"82-1","Type":"3","BlID":"11013","BusCityName":"용인"},{"BusNo":"14-1","Type":"3","BlID":"11018","BusCityName":"용인"},{"BusNo":"1-1","Type":"3","BlID":"11073","BusCityName":"용인"},{"BusNo":"15-2","Type":"3","BlID":"11139","BusCityName":"용인"},{"BusNo":"57-1","Type":"3","BlID":"11213","BusCityName":"용인"},{"BusNo":"17-1","Type":"3","BlID":"11264","BusCityName":"용인"},{"BusNo":"11","Type":"3","BlID":"11265","BusCityName":"용인"},{"BusNo":"59","Type":"3","BlID":"11267","BusCityName":"용인"},{"BusNo":"16","Type":"3","BlID":"11270","BusCityName":"용인"},{"BusNo":"15","Type":"3","BlID":"11271","BusCityName":"용인"},{"BusNo":"59-1","Type":"3","BlID":"11272","BusCityName":"용인"},{"BusNo":"5(상현운수(상현동.수지구청.미금역))","Type":"3","BlID":"11275","BusCityName":"용인"},{"BusNo":"1","Type":"3","BlID":"11276","BusCityName":"용인"},{"BusNo":"82","Type":"3","BlID":"11279","BusCityName":"용인"},{"BusNo":"15-1","Type":"3","BlID":"11280","BusCityName":"용인"}]}]},{"GateNo":"2","GateLink": ["용인시 여성회관"],"BUSSTOP": [{"StopName":"주공아파트","StopID":"117056","Bus": [{"BusNo":"720-1","Type":"1","BlID":"10010","BusCityName":"광주"},{"BusNo":"720-2","Type":"1","BlID":"10012","BusCityName":"광주"},{"BusNo":"700-2","Type":"1","BlID":"10013","BusCityName":"광주"},{"BusNo":"82-1","Type":"3","BlID":"11013","BusCityName":"용인"},{"BusNo":"1-1","Type":"3","BlID":"11073","BusCityName":"용인"},{"BusNo":"15-2","Type":"3","BlID":"11139","BusCityName":"용인"},{"BusNo":"15-3","Type":"3","BlID":"11142","BusCityName":"용인"},{"BusNo":"11","Type":"3","BlID":"11265","BusCityName":"용인"},{"BusNo":"16","Type":"3","BlID":"11270","BusCityName":"용인"},{"BusNo":"15","Type":"3","BlID":"11271","BusCityName":"용인"},{"BusNo":"5(상현운수(상현동.수지구청.미금역))","Type":"3","BlID":"11275","BusCityName":"용인"},{"BusNo":"1","Type":"3","BlID":"11276","BusCityName":"용인"},{"BusNo":"82","Type":"3","BlID":"11279","BusCityName":"용인"},{"BusNo":"15-1","Type":"3","BlID":"11280","BusCityName":"용인"},{"BusNo":"1550-3","Type":"4","BlID":"10055","BusCityName":"광주"},{"BusNo":"6900","Type":"4","BlID":"10064","BusCityName":"광주"},{"BusNo":"5500","Type":"4","BlID":"10068","BusCityName":"광주"},{"BusNo":"1002","Type":"4","BlID":"10448","BusCityName":"광주"}]},{"StopName":"수지구청역","StopID":"185546","Bus": [{"BusNo":"720-1","Type":"1","BlID":"10010","BusCityName":"광주"},{"BusNo":"720-2","Type":"1","BlID":"10012","BusCityName":"광주"},{"BusNo":"700-2","Type":"1","BlID":"10013","BusCityName":"광주"},{"BusNo":"82-1","Type":"3","BlID":"11013","BusCityName":"용인"},{"BusNo":"1-1","Type":"3","BlID":"11073","BusCityName":"용인"},{"BusNo":"5-1(상현운수)","Type":"3","BlID":"11137","BusCityName":"용인"},{"BusNo":"15-2","Type":"3","BlID":"11139","BusCityName":"용인"},{"BusNo":"15-3","Type":"3","BlID":"11142","BusCityName":"용인"},{"BusNo":"11","Type":"3","BlID":"11265","BusCityName":"용인"},{"BusNo":"16","Type":"3","BlID":"11270","BusCityName":"용인"},{"BusNo":"15","Type":"3","BlID":"11271","BusCityName":"용인"},{"BusNo":"5(상현운수(상현동.수지구청.미금역))","Type":"3","BlID":"11275","BusCityName":"용인"},{"BusNo":"1","Type":"3","BlID":"11276","BusCityName":"용인"},{"BusNo":"82","Type":"3","BlID":"11279","BusCityName":"용인"},{"BusNo":"15-1","Type":"3","BlID":"11280","BusCityName":"용인"}]}]},{"GateNo":"3","GateLink": ["신정마을"],"BUSSTOP": [{"StopName":"주공아파트","StopID":"117063","Bus": [{"BusNo":"720-1","Type":"1","BlID":"10010","BusCityName":"광주"},{"BusNo":"720-2","Type":"1","BlID":"10012","BusCityName":"광주"},{"BusNo":"700-2","Type":"1","BlID":"10013","BusCityName":"광주"},{"BusNo":"82-1","Type":"3","BlID":"11013","BusCityName":"용인"},{"BusNo":"1-1","Type":"3","BlID":"11073","BusCityName":"용인"},{"BusNo":"15-2","Type":"3","BlID":"11139","BusCityName":"용인"},{"BusNo":"15-3","Type":"3","BlID":"11142","BusCityName":"용인"},{"BusNo":"11","Type":"3","BlID":"11265","BusCityName":"용인"},{"BusNo":"16","Type":"3","BlID":"11270","BusCityName":"용인"},{"BusNo":"15","Type":"3","BlID":"11271","BusCityName":"용인"},{"BusNo":"5(상현운수(상현동.수지구청.미금역))","Type":"3","BlID":"11275","BusCityName":"용인"},{"BusNo":"1","Type":"3","BlID":"11276","BusCityName":"용인"},{"BusNo":"82","Type":"3","BlID":"11279","BusCityName":"용인"},{"BusNo":"15-1","Type":"3","BlID":"11280","BusCityName":"용인"},{"BusNo":"1002","Type":"4","BlID":"10448","BusCityName":"광주"}]},{"StopName":"수지구청역","StopID":"185567","Bus": [{"BusNo":"720-1","Type":"1","BlID":"10010","BusCityName":"광주"},{"BusNo":"720-2","Type":"1","BlID":"10012","BusCityName":"광주"},{"BusNo":"700-2","Type":"1","BlID":"10013","BusCityName":"광주"},{"BusNo":"690","Type":"1","BlID":"11042","BusCityName":"용인"},{"BusNo":"68","Type":"1","BlID":"11205","BusCityName":"용인"},{"BusNo":"82-1","Type":"3","BlID":"11013","BusCityName":"용인"},{"BusNo":"1-1","Type":"3","BlID":"11073","BusCityName":"용인"},{"BusNo":"15-2","Type":"3","BlID":"11139","BusCityName":"용인"},{"BusNo":"15-3","Type":"3","BlID":"11142","BusCityName":"용인"},{"BusNo":"11","Type":"3","BlID":"11265","BusCityName":"용인"},{"BusNo":"16","Type":"3","BlID":"11270","BusCityName":"용인"},{"BusNo":"15","Type":"3","BlID":"11271","BusCityName":"용인"},{"BusNo":"5(상현운수(상현동.수지구청.미금역))","Type":"3","BlID":"11275","BusCityName":"용인"},{"BusNo":"1","Type":"3","BlID":"11276","BusCityName":"용인"},{"BusNo":"82","Type":"3","BlID":"11279","BusCityName":"용인"},{"BusNo":"15-1","Type":"3","BlID":"11280","BusCityName":"용인"},{"BusNo":"1550-3","Type":"4","BlID":"10055","BusCityName":"광주"},{"BusNo":"6900","Type":"4","BlID":"10064","BusCityName":"광주"},{"BusNo":"5500","Type":"4","BlID":"10068","BusCityName":"광주"},{"BusNo":"1002","Type":"4","BlID":"10448","BusCityName":"광주"}]}]},{"GateNo":"4","GateLink": ["풍덕천1동 주민센터"],"BUSSTOP": [{"StopName":"한성아파트(마을)","StopID":"85046","Bus": [{"BusNo":"14-1","Type":"3","BlID":"11018","BusCityName":"용인"},{"BusNo":"11","Type":"3","BlID":"11265","BusCityName":"용인"},{"BusNo":"5(상현운수(상현동.수지구청.미금역))","Type":"3","BlID":"11275","BusCityName":"용인"}]},{"StopName":"수지프라자.한국아파트","StopID":"108859","Bus": [{"BusNo":"27","Type":"1","BlID":"9543","BusCityName":"수원"},{"BusNo":"7-2","Type":"1","BlID":"9579","BusCityName":"수원"},{"BusNo":"720-1","Type":"1","BlID":"10010","BusCityName":"광주"},{"BusNo":"700-2","Type":"1","BlID":"10013","BusCityName":"광주"},{"BusNo":"5-1(상현운수)","Type":"3","BlID":"11137","BusCityName":"용인"},{"BusNo":"15-3","Type":"3","BlID":"11142","BusCityName":"용인"},{"BusNo":"1550-3","Type":"4","BlID":"10055","BusCityName":"광주"},{"BusNo":"6900","Type":"4","BlID":"10064","BusCityName":"광주"},{"BusNo":"5500","Type":"4","BlID":"10068","BusCityName":"광주"},{"BusNo":"1002","Type":"4","BlID":"10448","BusCityName":"광주"}]},{"StopName":"한성아파트.한국아파트.현대1차아파트","StopID":"185569","Bus": [{"BusNo":"27","Type":"1","BlID":"9543","BusCityName":"수원"},{"BusNo":"7","Type":"1","BlID":"9578","BusCityName":"수원"},{"BusNo":"7-2","Type":"1","BlID":"9579","BusCityName":"수원"},{"BusNo":"720","Type":"1","BlID":"10009","BusCityName":"광주"},{"BusNo":"720-1","Type":"1","BlID":"10010","BusCityName":"광주"},{"BusNo":"700-2","Type":"1","BlID":"10013","BusCityName":"광주"},{"BusNo":"730","Type":"1","BlID":"10444","BusCityName":"광주"},{"BusNo":"5-1(상현운수)","Type":"3","BlID":"11137","BusCityName":"용인"},{"BusNo":"11","Type":"3","BlID":"11265","BusCityName":"용인"},{"BusNo":"5(상현운수(상현동.수지구청.미금역))","Type":"3","BlID":"11275","BusCityName":"용인"},{"BusNo":"1550-3","Type":"4","BlID":"10055","BusCityName":"광주"},{"BusNo":"6900","Type":"4","BlID":"10064","BusCityName":"광주"},{"BusNo":"5500","Type":"4","BlID":"10068","BusCityName":"광주"},{"BusNo":"1002","Type":"4","BlID":"10448","BusCityName":"광주"},{"BusNo":"8201","Type":"6","BlID":"10608","BusCityName":"광주"},{"BusNo":"M4101","Type":"14","BlID":"10046","BusCityName":"광주"}]},{"StopName":"한성아파트.한국아파트.현대1차아파트","StopID":"185780","Bus": [{"BusNo":"27","Type":"1","BlID":"9543","BusCityName":"수원"},{"BusNo":"7","Type":"1","BlID":"9578","BusCityName":"수원"},{"BusNo":"7-2","Type":"1","BlID":"9579","BusCityName":"수원"},{"BusNo":"720","Type":"1","BlID":"10009","BusCityName":"광주"},{"BusNo":"720-1","Type":"1","BlID":"10010","BusCityName":"광주"},{"BusNo":"700-2","Type":"1","BlID":"10013","BusCityName":"광주"},{"BusNo":"730","Type":"1","BlID":"10444","BusCityName":"광주"},{"BusNo":"1550-3","Type":"4","BlID":"10055","BusCityName":"광주"},{"BusNo":"6900","Type":"4","BlID":"10064","BusCityName":"광주"},{"BusNo":"5500","Type":"4","BlID":"10068","BusCityName":"광주"},{"BusNo":"1002","Type":"4","BlID":"10448","BusCityName":"광주"},{"BusNo":"8201","Type":"6","BlID":"10608","BusCityName":"광주"},{"BusNo":"M4101","Type":"14","BlID":"10046","BusCityName":"광주"}]},{"StopName":"현대그린프라자","StopID":"186373","Bus": [{"BusNo":"27","Type":"1","BlID":"9543","BusCityName":"수원"},{"BusNo":"720-2","Type":"1","BlID":"10012","BusCityName":"광주"},{"BusNo":"15-2","Type":"3","BlID":"11139","BusCityName":"용인"},{"BusNo":"15-3","Type":"3","BlID":"11142","BusCityName":"용인"},{"BusNo":"17-1","Type":"3","BlID":"11264","BusCityName":"용인"},{"BusNo":"11","Type":"3","BlID":"11265","BusCityName":"용인"},{"BusNo":"16","Type":"3","BlID":"11270","BusCityName":"용인"},{"BusNo":"15","Type":"3","BlID":"11271","BusCityName":"용인"},{"BusNo":"5(상현운수(상현동.수지구청.미금역))","Type":"3","BlID":"11275","BusCityName":"용인"},{"BusNo":"15-1","Type":"3","BlID":"11280","BusCityName":"용인"}]},{"StopName":"한국.한성아파트","StopID":"211634","Bus": [{"BusNo":"2-1","Type":"3","BlID":"11278","BusCityName":"용인"}]},{"StopName":"한국.한성아파트","StopID":"211635","Bus": [{"BusNo":"2-1","Type":"3","BlID":"11278","BusCityName":"용인"}]}]}]}}}