{"result": {"stationName":"성복","stationID":1919,"type":109,"laneName":"신분당선","laneCity":"수도권","x":127.0803448,"y":37.313561,"prevOBJ": {"station": [{"stationName":"수지구청","stationID":1918,"type":109,"laneName":"신분당선","laneCity":"수도권","x":127.0946334,"y":37.3224746}]},"nextOBJ": {"station": [{"stationName":"상현","stationID":1920,"type":109,"laneName":"신분당선","laneCity":"수도권","x":127.0692787,"y":37.2978858}]},"defaultInfo": {"address":"경기도 용인시 수지구 성복동 720","new_address":null,"tel":"031-8018-7800"},"useInfo": {"platform":2,"meetingPlace":0,"restroom":2,"offDoor":0,"crossOver":2,"publicPlace":0,"handicapCount":1,"parkingCount":0,"bicycleCount":1,"civilCount":0},"exitInfo": {"gate": [{"GateNo":"1","GateLink": ["정평공원"],"BUSSTOP": [{"StopName":"태영아파트","StopID":"117455","Bus": [{"BusNo":"7","Type":"1","BlID":"9578","BusCityName":"수원"},{"BusNo":"7-2","Type":"1","BlID":"9579","BusCityName":"수원"},{"BusNo":"720-1","Type":"1","BlID":"10010","BusCityName":"광주"},{"BusNo":"720-2","Type":"1","BlID":"10012","BusCityName":"광주"},{"BusNo":"700-2","Type":"1","BlID":"10013","BusCityName":"광주"},{"BusNo":"1-1","Type":"3","BlID":"11073","BusCityName":"용인"},{"BusNo":"88B","Type":"3","BlID":"11144","BusCityName":"용인"},{"BusNo":"1","Type":"3","BlID":"11276","BusCityName":"용인"},{"BusNo":"2-1","Type":"3","BlID":"11278","BusCityName":"용인"},{"BusNo":"82","Type":"3","BlID":"11279","BusCityName":"용인"},{"BusNo":"1550","Type":"4","BlID":"10065","BusCityName":"광주"},{"BusNo":"5500-2","Type":"4","BlID":"10070","BusCityName":"광주"}]}]},{"GateNo":"2","GateLink": ["두산기술원 사거리"],"BUSSTOP": [{"StopName":"성복역.두산기술원","StopID":"108502","Bus": [{"BusNo":"7-2","Type":"1","BlID":"9579","BusCityName":"수원"},{"BusNo":"60","Type":"1","BlID":"10007","BusCityName":"광주"},{"BusNo":"720-2","Type":"1","BlID":"10012","BusCityName":"광주"},{"BusNo":"720-3","Type":"1","BlID":"10106","BusCityName":"광주"},{"BusNo":"730","Type":"1","BlID":"10444","BusCityName":"광주"},{"BusNo":"2-1","Type":"3","BlID":"11278","BusCityName":"용인"},{"BusNo":"82","Type":"3","BlID":"11279","BusCityName":"용인"},{"BusNo":"6800","Type":"4","BlID":"10063","BusCityName":"광주"},{"BusNo":"1550","Type":"4","BlID":"10065","BusCityName":"광주"},{"BusNo":"5500","Type":"4","BlID":"10068","BusCityName":"광주"},{"BusNo":"5500-2","Type":"4","BlID":"10070","BusCityName":"광주"}]}]},{"GateNo":"3","GateLink": ["두산기술원"],"BUSSTOP": [{"StopName":"성복역.데이파크","StopID":"108439","Bus": [{"BusNo":"7","Type":"1","BlID":"9578","BusCityName":"수원"},{"BusNo":"720-1","Type":"1","BlID":"10010","BusCityName":"광주"},{"BusNo":"700-2","Type":"1","BlID":"10013","BusCityName":"광주"},{"BusNo":"720-3","Type":"1","BlID":"10106","BusCityName":"광주"},{"BusNo":"730","Type":"1","BlID":"10444","BusCityName":"광주"},{"BusNo":"1-1","Type":"3","BlID":"11073","BusCityName":"용인"},{"BusNo":"88B","Type":"3","BlID":"11144","BusCityName":"용인"},{"BusNo":"16","Type":"3","BlID":"11270","BusCityName":"용인"},{"BusNo":"1","Type":"3","BlID":"11276","BusCityName":"용인"},{"BusNo":"6800","Type":"4","BlID":"10063","BusCityName":"광주"},{"BusNo":"5500","Type":"4","BlID":"10068","BusCityName":"광주"}]},{"StopName":"성복역.두산기술원","StopID":"108500","Bus": [{"BusNo":"7-2","Type":"1","BlID":"9579","BusCityName":"수원"},{"BusNo":"60","Type":"1","BlID":"10007","BusCityName":"광주"},{"BusNo":"720-2","Type":"1","BlID":"10012","BusCityName":"광주"},{"BusNo":"720-3","Type":"1","BlID":"10106","BusCityName":"광주"},{"BusNo":"730","Type":"1","BlID":"10444","BusCityName":"광주"},{"BusNo":"16","Type":"3","BlID":"11270","BusCityName":"용인"},{"BusNo":"2-1","Type":"3","BlID":"11278","BusCityName":"용인"},{"BusNo":"82","Type":"3","BlID":"11279","BusCityName":"용인"},{"BusNo":"6800","Type":"4","BlID":"10063","BusCityName":"광주"},{"BusNo":"1550","Type":"4","BlID":"10065","BusCityName":"광주"},{"BusNo":"5500","Type":"4","BlID":"10068","BusCityName":"광주"},{"BusNo":"5500-2","Type":"4","BlID":"10070","BusCityName":"광주"}]}]},{"GateNo":"4","GateLink": ["성복동 방면"],"BUSSTOP": [{"StopName":"망가리.두산기술원.LG빌리지","StopID":"108379","Bus": [{"BusNo":"7","Type":"1","BlID":"9578","BusCityName":"수원"},{"BusNo":"720-1","Type":"1","BlID":"10010","BusCityName":"광주"},{"BusNo":"700-2","Type":"1","BlID":"10013","BusCityName":"광주"},{"BusNo":"720-3","Type":"1","BlID":"10106","BusCityName":"광주"},{"BusNo":"730","Type":"1","BlID":"10444","BusCityName":"광주"},{"BusNo":"6800","Type":"4","BlID":"10063","BusCityName":"광주"},{"BusNo":"5500","Type":"4","BlID":"10068","BusCityName":"광주"},{"BusNo":"1570","Type":"4","BlID":"10440","BusCityName":"광주"}]},{"StopName":"성동마을","StopID":"108381","Bus": [{"BusNo":"7","Type":"1","BlID":"9578","BusCityName":"수원"},{"BusNo":"720-1","Type":"1","BlID":"10010","BusCityName":"광주"},{"BusNo":"700-2","Type":"1","BlID":"10013","BusCityName":"광주"},{"BusNo":"720-3","Type":"1","BlID":"10106","BusCityName":"광주"},{"BusNo":"730","Type":"1","BlID":"10444","BusCityName":"광주"},{"BusNo":"6800","Type":"4","BlID":"10063","BusCityName":"광주"},{"BusNo":"5500","Type":"4","BlID":"10068","BusCityName":"광주"},{"BusNo":"1570","Type":"4","BlID":"10440","BusCityName":"광주"}]},{"StopName":"LG빌리지2차아파트.강남아파트","StopID":"120471","Bus": [{"BusNo":"1-1","Type":"3","BlID":"11073","BusCityName":"용인"},{"BusNo":"16","Type":"3","BlID":"11270","BusCityName":"용인"},{"BusNo":"1","Type":"3","BlID":"11276","BusCityName":"용인"},{"BusNo":"1570","Type":"4","BlID":"10440","BusCityName":"광주"}]},{"StopName":"LG빌리지2차아파트.강남아파트","StopID":"120480","Bus": [{"BusNo":"1-1","Type":"3","BlID":"11073","BusCityName":"용인"},{"BusNo":"88A","Type":"3","BlID":"11143","BusCityName":"용인"},{"BusNo":"16","Type":"3","BlID":"11270","BusCityName":"용인"},{"BusNo":"1","Type":"3","BlID":"11276","BusCityName":"용인"},{"BusNo":"1570","Type":"4","BlID":"10440","BusCityName":"광주"}]}]},{"GateNo":"5","GateLink": ["신봉동 방면"],"BUSSTOP": [{"StopName":"태영.대우아파트","StopID":"117462","Bus": [{"BusNo":"7","Type":"1","BlID":"9578","BusCityName":"수원"},{"BusNo":"7-2","Type":"1","BlID":"9579","BusCityName":"수원"},{"BusNo":"60","Type":"1","BlID":"10007","BusCityName":"광주"},{"BusNo":"720-1","Type":"1","BlID":"10010","BusCityName":"광주"},{"BusNo":"720-2","Type":"1","BlID":"10012","BusCityName":"광주"},{"BusNo":"700-2","Type":"1","BlID":"10013","BusCityName":"광주"},{"BusNo":"1-1","Type":"3","BlID":"11073","BusCityName":"용인"},{"BusNo":"88A","Type":"3","BlID":"11143","BusCityName":"용인"},{"BusNo":"16","Type":"3","BlID":"11270","BusCityName":"용인"},{"BusNo":"1","Type":"3","BlID":"11276","BusCityName":"용인"},{"BusNo":"2-1","Type":"3","BlID":"11278","BusCityName":"용인"},{"BusNo":"82","Type":"3","BlID":"11279","BusCityName":"용인"},{"BusNo":"1550","Type":"4","BlID":"10065","BusCityName":"광주"},{"BusNo":"5500-2","Type":"4","BlID":"10070","BusCityName":"광주"}]}]}]}}}