{"result": {"stationName":"왕십리","stationID":192,"type":104,"laneName":"경의중앙선","laneCity":"수도권","x":127.038543,"y":37.5615087,"exOBJ": {"station": [{"stationName":"왕십리","stationID":208,"type":2,"laneName":"수도권 2호선","laneCity":"수도권"},{"stationName":"왕십리","stationID":540,"type":5,"laneName":"수도권 5호선","laneCity":"수도권"},{"stationName":"왕십리","stationID":1510,"type":100,"laneName":"분당선","laneCity":"수도권"}]},"prevOBJ": {"station": [{"stationName":"응봉","stationID":193,"type":104,"laneName":"경의중앙선","laneCity":"수도권","x":127.0344925,"y":37.5499603}]},"nextOBJ": {"station": [{"stationName":"청량리","stationID":191,"type":104,"laneName":"경의중앙선","laneCity":"수도권","x":127.0481182,"y":37.5802559}]},"defaultInfo": {"address":"서울특별시 성동구 행당동 168-151","new_address":"서울특별시 성동구 왕십리광장로 17","tel":"1544-7788"},"useInfo": {"platform":1,"meetingPlace":0,"restroom":2,"offDoor":1,"crossOver":2,"publicPlace":0,"handicapCount":1,"parkingCount":0,"bicycleCount":0,"civilCount":0},"exitInfo": {"gate": [{"GateNo":"1","GateLink": ["도선동","한국예술고등학교","청계천방면","성동구선거관리위원회"],"BUSSTOP": [{"StopName":"코스모타워","StopID":"106455","Bus": [{"BusNo":"N62","Type":"11","BlID":"576","BusCityName":"서울"},{"BusNo":"463","Type":"11","BlID":"987","BusCityName":"서울"},{"BusNo":"302","Type":"11","BlID":"1007","BusCityName":"서울"},{"BusNo":"2012","Type":"12","BlID":"943","BusCityName":"서울"},{"BusNo":"2013","Type":"12","BlID":"944","BusCityName":"서울"},{"BusNo":"2014","Type":"12","BlID":"945","BusCityName":"서울"},{"BusNo":"2015","Type":"12","BlID":"947","BusCityName":"서울"}]},{"StopName":"코스모타워","StopID":"196457","Bus": [{"BusNo":"성동08","Type":"3","BlID":"1526","BusCityName":"서울"}]}]},{"GateNo":"2","GateLink": ["서울특별시립장애인치과병원","성동보건소","성동구선거관리위원회","청계천문화관","성동외국인근로자센터"],"BUSSTOP": [{"StopName":"성동구청","StopID":"106571","Bus": [{"BusNo":"110A","Type":"11","BlID":"789","BusCityName":"서울"},{"BusNo":"141","Type":"11","BlID":"869","BusCityName":"서울"},{"BusNo":"148","Type":"11","BlID":"870","BusCityName":"서울"},{"BusNo":"145","Type":"11","BlID":"874","BusCityName":"서울"},{"BusNo":"421","Type":"11","BlID":"1808","BusCityName":"서울"},{"BusNo":"2015","Type":"12","BlID":"947","BusCityName":"서울"},{"BusNo":"2222","Type":"12","BlID":"966","BusCityName":"서울"}]}]},{"GateNo":"3","GateLink": ["성동구청","성동경찰서","대한적십자사 서울지사","청계천문화관","성동교육청"],"BUSSTOP": [{"StopName":"성동구청","StopID":"106590","Bus": [{"BusNo":"110B","Type":"11","BlID":"790","BusCityName":"서울"},{"BusNo":"141","Type":"11","BlID":"869","BusCityName":"서울"},{"BusNo":"148","Type":"11","BlID":"870","BusCityName":"서울"},{"BusNo":"145","Type":"11","BlID":"874","BusCityName":"서울"},{"BusNo":"421","Type":"11","BlID":"1808","BusCityName":"서울"},{"BusNo":"2015","Type":"12","BlID":"947","BusCityName":"서울"},{"BusNo":"2222","Type":"12","BlID":"966","BusCityName":"서울"}]}]},{"GateNo":"4","GateLink": ["성동경찰서","성동구의회","성동구청","성동교육청","성동청소년수련관"]},{"GateNo":"5","GateLink": ["왕십리광장","엔터식스 패션몰"],"BUSSTOP": [{"StopName":"왕십리민자역사","StopID":"196428","Bus": [{"BusNo":"성동03","Type":"3","BlID":"1516","BusCityName":"서울"},{"BusNo":"성동08","Type":"3","BlID":"1526","BusCityName":"서울"},{"BusNo":"성동02","Type":"3","BlID":"1661","BusCityName":"서울"}]}]},{"GateNo":"6","GateLink": ["한양사대부속중.고교","동마중학교","한양대학교 방면"]},{"GateNo":"6-1","GateLink": ["삼부1차아파트"]},{"GateNo":"7","GateLink": ["서울성동경찰서 교통정보센터"],"BUSSTOP": [{"StopName":"왕십리광장.왕십리역7번출구","StopID":"196427","Bus": [{"BusNo":"성동03","Type":"3","BlID":"1516","BusCityName":"서울"},{"BusNo":"성동08","Type":"3","BlID":"1526","BusCityName":"서울"},{"BusNo":"성동02","Type":"3","BlID":"1661","BusCityName":"서울"}]}]},{"GateNo":"8","GateLink": ["행당1동 주민센터","무학중.여고교","행당전화국","성동문화회관(소월아트홀)","동부수도사업소","성동문화정보센터"],"BUSSTOP": [{"StopName":"왕십리역","StopID":"106589","Bus": [{"BusNo":"N62","Type":"11","BlID":"576","BusCityName":"서울"},{"BusNo":"302","Type":"11","BlID":"1007","BusCityName":"서울"},{"BusNo":"2012","Type":"12","BlID":"943","BusCityName":"서울"},{"BusNo":"2013","Type":"12","BlID":"944","BusCityName":"서울"},{"BusNo":"2014","Type":"12","BlID":"945","BusCityName":"서울"},{"BusNo":"2222","Type":"12","BlID":"966","BusCityName":"서울"}]}]},{"GateNo":"9","GateLink": ["행당1동주민센터","무학여중.여고교","동부수도사업소"],"BUSSTOP": [{"StopName":"왕십리역","StopID":"106586","Bus": [{"BusNo":"N62","Type":"11","BlID":"576","BusCityName":"서울"},{"BusNo":"302","Type":"11","BlID":"1007","BusCityName":"서울"},{"BusNo":"2012","Type":"12","BlID":"943","BusCityName":"서울"},{"BusNo":"2013","Type":"12","BlID":"944","BusCityName":"서울"},{"BusNo":"2014","Type":"12","BlID":"945","BusCityName":"서울"},{"BusNo":"2222","Type":"12","BlID":"966","BusCityName":"서울"}]},{"StopName":"왕십리역","StopID":"193683","Bus": [{"BusNo":"2016","Type":"12","BlID":"522","BusCityName":"서울"}]}]},{"GateNo":"10","GateLink": ["성동우체국","행당시장"],"BUSSTOP": [{"StopName":"왕십리역","StopID":"195471","Bus": [{"BusNo":"463","Type":"11","BlID":"987","BusCityName":"서울"},{"BusNo":"2016","Type":"12","BlID":"522","BusCityName":"서울"},{"BusNo":"4211","Type":"12","BlID":"980","BusCityName":"서울"}]}]},{"GateNo":"11","GateLink": ["왕십리2동","풀잎문화센터 왕십리지부"],"BUSSTOP": [{"StopName":"왕십리2동주민센터","StopID":"106460","Bus": [{"BusNo":"N62","Type":"11","BlID":"576","BusCityName":"서울"},{"BusNo":"463","Type":"11","BlID":"987","BusCityName":"서울"},{"BusNo":"302","Type":"11","BlID":"1007","BusCityName":"서울"},{"BusNo":"2012","Type":"12","BlID":"943","BusCityName":"서울"},{"BusNo":"2013","Type":"12","BlID":"944","BusCityName":"서울"},{"BusNo":"2014","Type":"12","BlID":"945","BusCityName":"서울"},{"BusNo":"2015","Type":"12","BlID":"947","BusCityName":"서울"}]}]},{"GateNo":"12","GateLink": ["성동경찰서","성동구청"]},{"GateNo":"13","GateLink": ["한양대학교 병원","한양대학교"]}]}}}