{"result": {"stationName":"상현","stationID":1920,"type":109,"laneName":"신분당선","laneCity":"수도권","x":127.0692787,"y":37.2978858,"prevOBJ": {"station": [{"stationName":"성복","stationID":1919,"type":109,"laneName":"신분당선","laneCity":"수도권","x":127.0803448,"y":37.313561}]},"nextOBJ": {"station": [{"stationName":"광교중앙(아주대)","stationID":1921,"type":109,"laneName":"신분당선","laneCity":"수도권","x":127.0516552,"y":37.2884108}]},"defaultInfo": {"address":"경기도 용인시 수지구 상현동 502-10","new_address":null,"tel":"031-8018-7810"},"useInfo": {"platform":2,"meetingPlace":0,"restroom":2,"offDoor":0,"crossOver":2,"publicPlace":0,"handicapCount":1,"parkingCount":0,"bicycleCount":1,"civilCount":0},"exitInfo": {"gate": [{"GateNo":"1","GateLink": ["상현동 방면"],"BUSSTOP": [{"StopName":"상현중학교","StopID":"80010","Bus": [{"BusNo":"52","Type":"1","BlID":"9501","BusCityName":"수원"},{"BusNo":"13-4","Type":"1","BlID":"9509","BusCityName":"수원"},{"BusNo":"9-2","Type":"1","BlID":"9533","BusCityName":"수원"},{"BusNo":"999","Type":"1","BlID":"9537","BusCityName":"수원"},{"BusNo":"5-4","Type":"1","BlID":"9540","BusCityName":"수원"},{"BusNo":"81","Type":"1","BlID":"9542","BusCityName":"수원"},{"BusNo":"20","Type":"1","BlID":"9548","BusCityName":"수원"},{"BusNo":"18","Type":"1","BlID":"9584","BusCityName":"수원"},{"BusNo":"32","Type":"1","BlID":"9590","BusCityName":"수원"},{"BusNo":"88-1","Type":"1","BlID":"9663","BusCityName":"수원"},{"BusNo":"32-3","Type":"1","BlID":"9679","BusCityName":"수원"},{"BusNo":"720","Type":"1","BlID":"10009","BusCityName":"광주"},{"BusNo":"55","Type":"1","BlID":"11106","BusCityName":"용인"},{"BusNo":"77","Type":"1","BlID":"11136","BusCityName":"용인"},{"BusNo":"721","Type":"1","BlID":"16095","BusCityName":"화성"},{"BusNo":"82-1","Type":"3","BlID":"11013","BusCityName":"용인"},{"BusNo":"99","Type":"3","BlID":"11125","BusCityName":"용인"},{"BusNo":"1550-3","Type":"4","BlID":"10055","BusCityName":"광주"},{"BusNo":"6800","Type":"4","BlID":"10063","BusCityName":"광주"},{"BusNo":"6900","Type":"4","BlID":"10064","BusCityName":"광주"},{"BusNo":"1550","Type":"4","BlID":"10065","BusCityName":"광주"},{"BusNo":"5500","Type":"4","BlID":"10068","BusCityName":"광주"},{"BusNo":"5500-2","Type":"4","BlID":"10070","BusCityName":"광주"},{"BusNo":"1570","Type":"4","BlID":"10440","BusCityName":"광주"},{"BusNo":"1002","Type":"4","BlID":"10448","BusCityName":"광주"}]},{"StopName":"상현중학교","StopID":"80011","Bus": [{"BusNo":"52","Type":"1","BlID":"9501","BusCityName":"수원"},{"BusNo":"13-4","Type":"1","BlID":"9509","BusCityName":"수원"},{"BusNo":"9-2","Type":"1","BlID":"9533","BusCityName":"수원"},{"BusNo":"999","Type":"1","BlID":"9537","BusCityName":"수원"},{"BusNo":"5-4","Type":"1","BlID":"9540","BusCityName":"수원"},{"BusNo":"81","Type":"1","BlID":"9542","BusCityName":"수원"},{"BusNo":"20","Type":"1","BlID":"9548","BusCityName":"수원"},{"BusNo":"18","Type":"1","BlID":"9584","BusCityName":"수원"},{"BusNo":"32","Type":"1","BlID":"9590","BusCityName":"수원"},{"BusNo":"80","Type":"1","BlID":"9655","BusCityName":"수원"},{"BusNo":"88-1","Type":"1","BlID":"9663","BusCityName":"수원"},{"BusNo":"90","Type":"1","BlID":"9678","BusCityName":"수원"},{"BusNo":"32-3","Type":"1","BlID":"9679","BusCityName":"수원"},{"BusNo":"720","Type":"1","BlID":"10009","BusCityName":"광주"},{"BusNo":"55","Type":"1","BlID":"11106","BusCityName":"용인"},{"BusNo":"77","Type":"1","BlID":"11136","BusCityName":"용인"},{"BusNo":"721","Type":"1","BlID":"16095","BusCityName":"화성"},{"BusNo":"99","Type":"3","BlID":"11125","BusCityName":"용인"},{"BusNo":"1550-3","Type":"4","BlID":"10055","BusCityName":"광주"},{"BusNo":"6800","Type":"4","BlID":"10063","BusCityName":"광주"},{"BusNo":"6900","Type":"4","BlID":"10064","BusCityName":"광주"},{"BusNo":"1550","Type":"4","BlID":"10065","BusCityName":"광주"},{"BusNo":"5500","Type":"4","BlID":"10068","BusCityName":"광주"},{"BusNo":"5500-2","Type":"4","BlID":"10070","BusCityName":"광주"},{"BusNo":"1570","Type":"4","BlID":"10440","BusCityName":"광주"},{"BusNo":"1002","Type":"4","BlID":"10448","BusCityName":"광주"}]}]},{"GateNo":"2","GateLink": ["광교호수공원 방면"],"BUSSTOP": [{"StopName":"상현역","StopID":"81052","Bus": [{"BusNo":"52","Type":"1","BlID":"9501","BusCityName":"수원"},{"BusNo":"13-4","Type":"1","BlID":"9509","BusCityName":"수원"},{"BusNo":"9-2","Type":"1","BlID":"9533","BusCityName":"수원"},{"BusNo":"999","Type":"1","BlID":"9537","BusCityName":"수원"},{"BusNo":"5-4","Type":"1","BlID":"9540","BusCityName":"수원"},{"BusNo":"81","Type":"1","BlID":"9542","BusCityName":"수원"},{"BusNo":"20","Type":"1","BlID":"9548","BusCityName":"수원"},{"BusNo":"7","Type":"1","BlID":"9578","BusCityName":"수원"},{"BusNo":"7-2","Type":"1","BlID":"9579","BusCityName":"수원"},{"BusNo":"18","Type":"1","BlID":"9584","BusCityName":"수원"},{"BusNo":"32","Type":"1","BlID":"9590","BusCityName":"수원"},{"BusNo":"80","Type":"1","BlID":"9655","BusCityName":"수원"},{"BusNo":"88-1","Type":"1","BlID":"9663","BusCityName":"수원"},{"BusNo":"90","Type":"1","BlID":"9678","BusCityName":"수원"},{"BusNo":"32-3","Type":"1","BlID":"9679","BusCityName":"수원"},{"BusNo":"720-3","Type":"1","BlID":"10106","BusCityName":"광주"},{"BusNo":"670","Type":"1","BlID":"11015","BusCityName":"용인"},{"BusNo":"55","Type":"1","BlID":"11106","BusCityName":"용인"},{"BusNo":"77","Type":"1","BlID":"11136","BusCityName":"용인"},{"BusNo":"99","Type":"3","BlID":"11125","BusCityName":"용인"},{"BusNo":"M5115","Type":"14","BlID":"10532","BusCityName":"광주"},{"BusNo":"M5414","Type":"14","BlID":"10535","BusCityName":"광주"}]}]},{"GateNo":"3","GateLink": ["광교중앙공원"],"BUSSTOP": [{"StopName":"상현역","StopID":"80236","Bus": [{"BusNo":"52","Type":"1","BlID":"9501","BusCityName":"수원"},{"BusNo":"13-4","Type":"1","BlID":"9509","BusCityName":"수원"},{"BusNo":"9-2","Type":"1","BlID":"9533","BusCityName":"수원"},{"BusNo":"999","Type":"1","BlID":"9537","BusCityName":"수원"},{"BusNo":"5-4","Type":"1","BlID":"9540","BusCityName":"수원"},{"BusNo":"81","Type":"1","BlID":"9542","BusCityName":"수원"},{"BusNo":"20","Type":"1","BlID":"9548","BusCityName":"수원"},{"BusNo":"7","Type":"1","BlID":"9578","BusCityName":"수원"},{"BusNo":"7-2","Type":"1","BlID":"9579","BusCityName":"수원"},{"BusNo":"18","Type":"1","BlID":"9584","BusCityName":"수원"},{"BusNo":"32","Type":"1","BlID":"9590","BusCityName":"수원"},{"BusNo":"88-1","Type":"1","BlID":"9663","BusCityName":"수원"},{"BusNo":"32-3","Type":"1","BlID":"9679","BusCityName":"수원"},{"BusNo":"720-3","Type":"1","BlID":"10106","BusCityName":"광주"},{"BusNo":"670","Type":"1","BlID":"11015","BusCityName":"용인"},{"BusNo":"55","Type":"1","BlID":"11106","BusCityName":"용인"},{"BusNo":"77","Type":"1","BlID":"11136","BusCityName":"용인"},{"BusNo":"99","Type":"3","BlID":"11125","BusCityName":"용인"},{"BusNo":"M5115","Type":"14","BlID":"10532","BusCityName":"광주"},{"BusNo":"M5414","Type":"14","BlID":"10535","BusCityName":"광주"}]}]},{"GateNo":"4","GateLink": ["포은대로 방면"],"BUSSTOP": [{"StopName":"광교마을.린병원","StopID":"107766","Bus": [{"BusNo":"60","Type":"1","BlID":"10007","BusCityName":"광주"},{"BusNo":"660","Type":"1","BlID":"10008","BusCityName":"광주"},{"BusNo":"720-1","Type":"1","BlID":"10010","BusCityName":"광주"},{"BusNo":"720-2","Type":"1","BlID":"10012","BusCityName":"광주"},{"BusNo":"700-2","Type":"1","BlID":"10013","BusCityName":"광주"},{"BusNo":"730","Type":"1","BlID":"10444","BusCityName":"광주"},{"BusNo":"721","Type":"1","BlID":"16095","BusCityName":"화성"},{"BusNo":"99","Type":"3","BlID":"11125","BusCityName":"용인"},{"BusNo":"8165","Type":"5","BlID":"11124","BusCityName":"용인"},{"BusNo":"8852","Type":"5","BlID":"11198","BusCityName":"용인"}]},{"StopName":"광교마을.린병원","StopID":"107767","Bus": [{"BusNo":"60","Type":"1","BlID":"10007","BusCityName":"광주"},{"BusNo":"660","Type":"1","BlID":"10008","BusCityName":"광주"},{"BusNo":"720-1","Type":"1","BlID":"10010","BusCityName":"광주"},{"BusNo":"720-2","Type":"1","BlID":"10012","BusCityName":"광주"},{"BusNo":"700-2","Type":"1","BlID":"10013","BusCityName":"광주"},{"BusNo":"730","Type":"1","BlID":"10444","BusCityName":"광주"},{"BusNo":"721","Type":"1","BlID":"16095","BusCityName":"화성"},{"BusNo":"99","Type":"3","BlID":"11125","BusCityName":"용인"},{"BusNo":"8165","Type":"5","BlID":"11124","BusCityName":"용인"},{"BusNo":"8852","Type":"5","BlID":"11198","BusCityName":"용인"}]}]}]}}}