{"result": {"stationName":"광교중앙(아주대)","stationID":1921,"type":109,"laneName":"신분당선","laneCity":"수도권","x":127.0516552,"y":37.2884108,"prevOBJ": {"station": [{"stationName":"상현","stationID":1920,"type":109,"laneName":"신분당선","laneCity":"수도권","x":127.0692787,"y":37.2978858}]},"nextOBJ": {"station": [{"stationName":"광교(경기대)","stationID":1922,"type":109,"laneName":"신분당선","laneCity":"수도권","x":127.0441969,"y":37.3020835}]},"defaultInfo": {"address":"경기도 수원시 영통구 이의동 177-18","new_address":null,"tel":"031-8018-7820"},"useInfo": {"platform":1,"meetingPlace":0,"restroom":2,"offDoor":0,"crossOver":2,"publicPlace":0,"handicapCount":1,"parkingCount":0,"bicycleCount":1,"civilCount":0},"exitInfo": {"gate": [{"GateNo":"1","GateLink": ["광교 호수공원 방면"],"BUSSTOP": [{"StopName":"다산중학교.광교혜령공원","StopID":"82291","Bus": [{"BusNo":"999","Type":"1","BlID":"9537","BusCityName":"수원"},{"BusNo":"81","Type":"1","BlID":"9542","BusCityName":"수원"},{"BusNo":"7","Type":"1","BlID":"9578","BusCityName":"수원"},{"BusNo":"54","Type":"1","BlID":"9674","BusCityName":"수원"},{"BusNo":"90","Type":"1","BlID":"9678","BusCityName":"수원"}]},{"StopName":"다산중학교.광교혜령공원","StopID":"82292","Bus": [{"BusNo":"999","Type":"1","BlID":"9537","BusCityName":"수원"},{"BusNo":"81","Type":"1","BlID":"9542","BusCityName":"수원"},{"BusNo":"7","Type":"1","BlID":"9578","BusCityName":"수원"},{"BusNo":"54","Type":"1","BlID":"9674","BusCityName":"수원"},{"BusNo":"90","Type":"1","BlID":"9678","BusCityName":"수원"}]}]},{"GateNo":"2","GateLink": ["광교1동 주민센터"],"BUSSTOP": [{"StopName":"광교중앙역.광교고등학교","StopID":"80232","Bus": [{"BusNo":"13-4","Type":"1","BlID":"9509","BusCityName":"수원"},{"BusNo":"9-2","Type":"1","BlID":"9533","BusCityName":"수원"},{"BusNo":"7-2","Type":"1","BlID":"9579","BusCityName":"수원"},{"BusNo":"80","Type":"1","BlID":"9655","BusCityName":"수원"},{"BusNo":"88-1","Type":"1","BlID":"9663","BusCityName":"수원"}]},{"StopName":"광교자연앤아파트","StopID":"82293","Bus": [{"BusNo":"7","Type":"1","BlID":"9578","BusCityName":"수원"}]},{"StopName":"광교자연앤아파트","StopID":"82294","Bus": [{"BusNo":"7","Type":"1","BlID":"9578","BusCityName":"수원"}]}]},{"GateNo":"3","GateLink": ["광교사거리"],"BUSSTOP": [{"StopName":"광교중앙역.광교고등학교","StopID":"80233","Bus": [{"BusNo":"13-4","Type":"1","BlID":"9509","BusCityName":"수원"},{"BusNo":"9-2","Type":"1","BlID":"9533","BusCityName":"수원"},{"BusNo":"7-2","Type":"1","BlID":"9579","BusCityName":"수원"},{"BusNo":"80","Type":"1","BlID":"9655","BusCityName":"수원"},{"BusNo":"88-1","Type":"1","BlID":"9663","BusCityName":"수원"}]}]},{"GateNo":"4","GateLink": ["경기도청"]}]}}}