{"result": {"stationName":"광교(경기대)","stationID":1922,"type":109,"laneName":"신분당선","laneCity":"수도권","x":127.0441969,"y":37.3020835,"prevOBJ": {"station": [{"stationName":"광교중앙(아주대)","stationID":1921,"type":109,"laneName":"신분당선","laneCity":"수도권","x":127.0516552,"y":37.2884108}]},"defaultInfo": {"address":"경기도 수원시 영통구 이의동 742","new_address":null,"tel":"031-8018-7830"},"useInfo": {"platform":2,"meetingPlace":0,"restroom":2,"offDoor":0,"crossOver":2,"publicPlace":0,"handicapCount":1,"parkingCount":0,"bicycleCount":1,"civilCount":0},"exitInfo": {"gate": [{"GateNo":"1","GateLink": ["경기대 후문 사거리"],"BUSSTOP": [{"StopName":"리치프라자6","StopID":"86543","Bus": [{"BusNo":"6","Type":"3","BlID":"9618","BusCityName":"수원"}]},{"StopName":"리치프라자6","StopID":"86544","Bus": [{"BusNo":"6","Type":"3","BlID":"9618","BusCityName":"수원"}]},{"StopName":"광교대학로","StopID":"197100","Bus": [{"BusNo":"400-4","Type":"1","BlID":"9632","BusCityName":"수원"},{"BusNo":"400","Type":"1","BlID":"9659","BusCityName":"수원"},{"BusNo":"6","Type":"3","BlID":"9618","BusCityName":"수원"},{"BusNo":"1007-1","Type":"4","BlID":"10051","BusCityName":"광주"}]},{"StopName":"광교대학로","StopID":"211957","Bus": [{"BusNo":"400-4","Type":"1","BlID":"9632","BusCityName":"수원"},{"BusNo":"400","Type":"1","BlID":"9659","BusCityName":"수원"},{"BusNo":"6","Type":"3","BlID":"9618","BusCityName":"수원"},{"BusNo":"1007-1","Type":"4","BlID":"10051","BusCityName":"광주"}]}]},{"GateNo":"2","GateLink": ["웰빙타운 사거리"],"BUSSTOP": [{"StopName":"광교초등학교","StopID":"211958","Bus": [{"BusNo":"400-4","Type":"1","BlID":"9632","BusCityName":"수원"},{"BusNo":"400","Type":"1","BlID":"9659","BusCityName":"수원"},{"BusNo":"1007-1","Type":"4","BlID":"10051","BusCityName":"광주"}]},{"StopName":"광교초등학교","StopID":"211959","Bus": [{"BusNo":"400-4","Type":"1","BlID":"9632","BusCityName":"수원"},{"BusNo":"400","Type":"1","BlID":"9659","BusCityName":"수원"},{"BusNo":"1007-1","Type":"4","BlID":"10051","BusCityName":"광주"}]}]}]}}}