{"result": {"stationName":"응봉","stationID":193,"type":104,"laneName":"경의중앙선","laneCity":"수도권","x":127.0344925,"y":37.5499603,"prevOBJ": {"station": [{"stationName":"옥수","stationID":195,"type":104,"laneName":"경의중앙선","laneCity":"수도권","x":127.0185473,"y":37.5404041}]},"nextOBJ": {"station": [{"stationName":"왕십리","stationID":192,"type":104,"laneName":"경의중앙선","laneCity":"수도권","x":127.038543,"y":37.5615087}]},"defaultInfo": {"address":"서울특별시 성동구 응봉동 246","new_address":"서울특별시 성동구 고산자로 123","tel":"1544-7788"},"useInfo": {"platform":2,"meetingPlace":0,"restroom":1,"offDoor":0,"crossOver":2,"publicPlace":0,"handicapCount":1,"parkingCount":0,"bicycleCount":0,"civilCount":0},"exitInfo": {"gate": [{"GateNo":"1","GateLink": ["광희중학교","대림아파트","응봉동주민센터","응봉치안센터","금호동주민센터","금호4가우체국","신동아아파트","금호벽산아파트","행당초등학교","무학여자중학교","무학여자고등학교","금호119안전센터","성수중학교"],"BUSSTOP": [{"StopName":"응봉초등학교.대림아파트","StopID":"123583","Bus": [{"BusNo":"성동08","Type":"3","BlID":"1526","BusCityName":"서울"}]},{"StopName":"응봉초등학교.대림아파트","StopID":"123628","Bus": [{"BusNo":"성동08","Type":"3","BlID":"1526","BusCityName":"서울"}]}]}]}}}