{"result": {"stationName":"한남","stationID":196,"type":104,"laneName":"경의중앙선","laneCity":"수도권","x":127.0089956,"y":37.5293677,"prevOBJ": {"station": [{"stationName":"서빙고","stationID":197,"type":104,"laneName":"경의중앙선","laneCity":"수도권","x":126.9883773,"y":37.519615}]},"nextOBJ": {"station": [{"stationName":"옥수","stationID":195,"type":104,"laneName":"경의중앙선","laneCity":"수도권","x":127.0185473,"y":37.5404041}]},"defaultInfo": {"address":"서울특별시 용산구 한남동 399-7","new_address":"서울특별시 용산구 독서당로 6길 12-13","tel":"1544-7788"},"useInfo": {"platform":2,"meetingPlace":0,"restroom":2,"offDoor":0,"crossOver":2,"publicPlace":0,"handicapCount":1,"parkingCount":0,"bicycleCount":1,"civilCount":0},"exitInfo": {"gate": [{"GateNo":"1","GateLink": ["리버탑아파트","한남우체국","한남치안센터","순천향대학교병원","외국인아파트","멕시코대사관","인도대사관","에티오피아대사관","한남초등학교","보광치안센터","말레이시아대사관","보광동주민센터","이탈리아대사관"],"BUSSTOP": [{"StopName":"한남역.용산노인종합복지관","StopID":"105356","Bus": [{"BusNo":"421","Type":"11","BlID":"1808","BusCityName":"서울"},{"BusNo":"2016","Type":"12","BlID":"522","BusCityName":"서울"},{"BusNo":"6211","Type":"12","BlID":"1185","BusCityName":"서울"}]}]}]}}}