{"result": {"stationName":"서빙고","stationID":197,"type":104,"laneName":"경의중앙선","laneCity":"수도권","x":126.9883773,"y":37.519615,"prevOBJ": {"station": [{"stationName":"이촌","stationID":198,"type":104,"laneName":"경의중앙선","laneCity":"수도권","x":126.9735312,"y":37.5223974}]},"nextOBJ": {"station": [{"stationName":"한남","stationID":196,"type":104,"laneName":"경의중앙선","laneCity":"수도권","x":127.0089956,"y":37.5293677}]},"defaultInfo": {"address":"서울특별시 용산구 서빙고동 241-98","new_address":"서울특별시 용산구 서빙고로 238","tel":"1544-7788"},"useInfo": {"platform":2,"meetingPlace":0,"restroom":1,"offDoor":0,"crossOver":2,"publicPlace":0,"handicapCount":1,"parkingCount":0,"bicycleCount":1,"civilCount":0},"exitInfo": {"gate": [{"GateNo":"1","GateLink": ["서빙고동치안센터","서빙고동주민센터","서빙고119안전센터","서빙고초등학교","코오롱아파트","한강중학교","국립중앙박물관","용산구의회"],"BUSSTOP": [{"StopName":"서빙고역1번출구","StopID":"105028","Bus": [{"BusNo":"400","Type":"11","BlID":"500","BusCityName":"서울"},{"BusNo":"100","Type":"11","BlID":"770","BusCityName":"서울"},{"BusNo":"502","Type":"11","BlID":"1358","BusCityName":"서울"},{"BusNo":"405","Type":"11","BlID":"1809","BusCityName":"서울"},{"BusNo":"2016","Type":"12","BlID":"522","BusCityName":"서울"},{"BusNo":"6211","Type":"12","BlID":"1185","BusCityName":"서울"}]},{"StopName":"서빙고역교차로","StopID":"105030","Bus": [{"BusNo":"400","Type":"11","BlID":"500","BusCityName":"서울"},{"BusNo":"100","Type":"11","BlID":"770","BusCityName":"서울"},{"BusNo":"502","Type":"11","BlID":"1358","BusCityName":"서울"},{"BusNo":"2016","Type":"12","BlID":"522","BusCityName":"서울"},{"BusNo":"6211","Type":"12","BlID":"1185","BusCityName":"서울"}]},{"StopName":"서빙고역1번출구","StopID":"197887","Bus": [{"BusNo":"100","Type":"11","BlID":"770","BusCityName":"서울"},{"BusNo":"2016","Type":"12","BlID":"522","BusCityName":"서울"},{"BusNo":"6211","Type":"12","BlID":"1185","BusCityName":"서울"},{"BusNo":"3012","Type":"12","BlID":"1709","BusCityName":"서울"}]}]},{"GateNo":"2","GateLink": ["코오롱아파트","강촌아파트","현대아파트","점보아파트","신동아아파트","반도아파트","렉스아파트"],"BUSSTOP": [{"StopName":"서빙고신동아아파트","StopID":"104941","Bus": [{"BusNo":"100","Type":"11","BlID":"770","BusCityName":"서울"},{"BusNo":"2016","Type":"12","BlID":"522","BusCityName":"서울"},{"BusNo":"6211","Type":"12","BlID":"1185","BusCityName":"서울"},{"BusNo":"3012","Type":"12","BlID":"1709","BusCityName":"서울"}]},{"StopName":"서빙고신동아아파트","StopID":"104942","Bus": [{"BusNo":"100","Type":"11","BlID":"770","BusCityName":"서울"},{"BusNo":"2016","Type":"12","BlID":"522","BusCityName":"서울"},{"BusNo":"6211","Type":"12","BlID":"1185","BusCityName":"서울"},{"BusNo":"3012","Type":"12","BlID":"1709","BusCityName":"서울"}]},{"StopName":"신동아APT","StopID":"193593","Bus": [{"BusNo":"6010","Type":"5","BlID":"502","BusCityName":"서울"}]},{"StopName":"신동아APT","StopID":"193594","Bus": [{"BusNo":"6010","Type":"5","BlID":"502","BusCityName":"서울"}]}]}]}}}