{"result": {"stationName":"이촌","stationID":198,"type":104,"laneName":"경의중앙선","laneCity":"수도권","x":126.9735312,"y":37.5223974,"exOBJ": {"station": [{"stationName":"이촌","stationID":430,"type":4,"laneName":"수도권 4호선","laneCity":"수도권"}]},"prevOBJ": {"station": [{"stationName":"용산","stationID":1318,"type":104,"laneName":"경의중앙선","laneCity":"수도권","x":126.9647656,"y":37.5296375}]},"nextOBJ": {"station": [{"stationName":"서빙고","stationID":197,"type":104,"laneName":"경의중앙선","laneCity":"수도권","x":126.9883773,"y":37.519615}]},"defaultInfo": {"address":"서울특별시 용산구 이촌동 17-69","new_address":"서울특별시 용산구 이촌로 71길 42","tel":"1544-7788"},"useInfo": {"platform":2,"meetingPlace":0,"restroom":1,"offDoor":0,"crossOver":2,"publicPlace":0,"handicapCount":1,"parkingCount":0,"bicycleCount":0,"civilCount":0},"exitInfo": {"gate": [{"GateNo":"1","GateLink": ["용산동5가","한강로파출소","용산방향","SC제일은행 용산파크타워지점"],"BUSSTOP": [{"StopName":"이촌역","StopID":"104714","Bus": [{"BusNo":"6030(캐피탈호텔)","Type":"5","BlID":"505","BusCityName":"서울"},{"BusNo":"400","Type":"11","BlID":"500","BusCityName":"서울"},{"BusNo":"502","Type":"11","BlID":"1358","BusCityName":"서울"}]}]},{"GateNo":"2","GateLink": ["서빙고동방면","용산가족공원","국립중앙박물관"]},{"GateNo":"3","GateLink": ["동작대교방면"],"BUSSTOP": [{"StopName":"국립중앙박물관용산가족공원","StopID":"104816","Bus": [{"BusNo":"400","Type":"11","BlID":"500","BusCityName":"서울"},{"BusNo":"502","Type":"11","BlID":"1358","BusCityName":"서울"}]}]},{"GateNo":"3-1","GateLink": ["이촌동방면","용강중학교","서울신용산초등학교","한가람아파트","강촌아파트","이촌아파트","이촌동우체국","중경고등학교","삼성리버스위트아파트"],"BUSSTOP": [{"StopName":"신용산초등학교","StopID":"104722","Bus": [{"BusNo":"100","Type":"11","BlID":"770","BusCityName":"서울"},{"BusNo":"2016","Type":"12","BlID":"522","BusCityName":"서울"},{"BusNo":"6211","Type":"12","BlID":"1185","BusCityName":"서울"},{"BusNo":"3012","Type":"12","BlID":"1709","BusCityName":"서울"}]}]},{"GateNo":"4","GateLink": ["이촌1동주민센터","이촌지구대","용강중학교","신용산초등학교"],"BUSSTOP": [{"StopName":"이촌동한가람아파트.이촌역","StopID":"104673","Bus": [{"BusNo":"100","Type":"11","BlID":"770","BusCityName":"서울"},{"BusNo":"2016","Type":"12","BlID":"522","BusCityName":"서울"},{"BusNo":"6211","Type":"12","BlID":"1185","BusCityName":"서울"},{"BusNo":"3012","Type":"12","BlID":"1709","BusCityName":"서울"}]},{"StopName":"이촌동한강맨션.이촌역","StopID":"104680","Bus": [{"BusNo":"100","Type":"11","BlID":"770","BusCityName":"서울"},{"BusNo":"2016","Type":"12","BlID":"522","BusCityName":"서울"},{"BusNo":"6211","Type":"12","BlID":"1185","BusCityName":"서울"},{"BusNo":"3012","Type":"12","BlID":"1709","BusCityName":"서울"}]},{"StopName":"동부이촌동","StopID":"193596","Bus": [{"BusNo":"6010","Type":"5","BlID":"502","BusCityName":"서울"}]},{"StopName":"동부이촌동","StopID":"193604","Bus": [{"BusNo":"6010","Type":"5","BlID":"502","BusCityName":"서울"}]}]},{"GateNo":"5","GateLink": ["이촌우체국","중경고등학교","한강맨션아파트","한가람아파트","코오롱아파트","LG한강빌리지","신동아건설주식회사","한강시민공원(이촌지구)","우리은행 동부이촌동 지점"],"BUSSTOP": [{"StopName":"이촌역","StopID":"104719","Bus": [{"BusNo":"6030(캐피탈호텔)","Type":"5","BlID":"505","BusCityName":"서울"},{"BusNo":"400","Type":"11","BlID":"500","BusCityName":"서울"},{"BusNo":"502","Type":"11","BlID":"1358","BusCityName":"서울"}]}]}]}}}