{"result": {"stationName":"동묘앞","stationID":199,"type":1,"laneName":"수도권 1호선","laneCity":"수도권","x":127.0163515,"y":37.573211,"exOBJ": {"station": [{"stationName":"동묘앞","stationID":636,"type":6,"laneName":"수도권 6호선","laneCity":"수도권"}]},"prevOBJ": {"station": [{"stationName":"신설동","stationID":127,"type":1,"laneName":"수도권 1호선","laneCity":"수도권","x":127.0244996,"y":37.5760267}]},"nextOBJ": {"station": [{"stationName":"동대문","stationID":128,"type":1,"laneName":"수도권 1호선","laneCity":"수도권","x":127.0110726,"y":37.5717613}]},"defaultInfo": {"address":"서울특별시 종로구 숭인동 117","new_address":"서울특별시 종로구 종로 359","tel":"02-6110-1271"},"useInfo": {"platform":2,"meetingPlace":0,"restroom":2,"offDoor":0,"crossOver":2,"publicPlace":0,"handicapCount":0,"parkingCount":0,"bicycleCount":1,"civilCount":0},"exitInfo": {"gate": [{"GateNo":"1","GateLink": ["숭인공원"]},{"GateNo":"2","GateLink": ["숭인2동 주민센터","서울전문학교","묘각사(템플스테이)"],"BUSSTOP": [{"StopName":"동묘앞","StopID":"80607","Bus": [{"BusNo":"1014","Type":"12","BlID":"762","BusCityName":"서울"}]},{"StopName":"동묘앞","StopID":"80609","Bus": [{"BusNo":"111","Type":"1","BlID":"9053","BusCityName":"의정부"},{"BusNo":"9301","Type":"4","BlID":"10594","BusCityName":"광주"},{"BusNo":"6002","Type":"5","BlID":"1803","BusCityName":"서울"},{"BusNo":"N26","Type":"11","BlID":"510","BusCityName":"서울"},{"BusNo":"N15","Type":"11","BlID":"558","BusCityName":"서울"},{"BusNo":"N13","Type":"11","BlID":"571","BusCityName":"서울"},{"BusNo":"N30","Type":"11","BlID":"573","BusCityName":"서울"},{"BusNo":"101","Type":"11","BlID":"755","BusCityName":"서울"},{"BusNo":"103","Type":"11","BlID":"763","BusCityName":"서울"},{"BusNo":"105","Type":"11","BlID":"772","BusCityName":"서울"},{"BusNo":"144","Type":"11","BlID":"873","BusCityName":"서울"},{"BusNo":"152","Type":"11","BlID":"884","BusCityName":"서울"},{"BusNo":"201","Type":"11","BlID":"942","BusCityName":"서울"},{"BusNo":"270","Type":"11","BlID":"988","BusCityName":"서울"},{"BusNo":"271","Type":"11","BlID":"989","BusCityName":"서울"},{"BusNo":"370","Type":"11","BlID":"1044","BusCityName":"서울"},{"BusNo":"420","Type":"11","BlID":"1054","BusCityName":"서울"},{"BusNo":"721","Type":"11","BlID":"1259","BusCityName":"서울"},{"BusNo":"720","Type":"11","BlID":"1270","BusCityName":"서울"},{"BusNo":"261","Type":"11","BlID":"1438","BusCityName":"서울"},{"BusNo":"262","Type":"11","BlID":"1439","BusCityName":"서울"},{"BusNo":"260","Type":"11","BlID":"1447","BusCityName":"서울"},{"BusNo":"2112","Type":"12","BlID":"955","BusCityName":"서울"},{"BusNo":"2233","Type":"12","BlID":"978","BusCityName":"서울"},{"BusNo":"9403","Type":"14","BlID":"1348","BusCityName":"서울"}]}]},{"GateNo":"3","GateLink": ["동묘공원","숭신초등학교","종로산업정보학교","종로.중구적십자봉사관","신설동종합시장","청계천 영도교"],"BUSSTOP": [{"StopName":"동묘앞","StopID":"80608","Bus": [{"BusNo":"6002","Type":"5","BlID":"1803","BusCityName":"서울"},{"BusNo":"N26","Type":"11","BlID":"510","BusCityName":"서울"},{"BusNo":"N15","Type":"11","BlID":"558","BusCityName":"서울"},{"BusNo":"N13","Type":"11","BlID":"571","BusCityName":"서울"},{"BusNo":"101","Type":"11","BlID":"755","BusCityName":"서울"},{"BusNo":"103","Type":"11","BlID":"763","BusCityName":"서울"},{"BusNo":"105","Type":"11","BlID":"772","BusCityName":"서울"},{"BusNo":"144","Type":"11","BlID":"873","BusCityName":"서울"},{"BusNo":"152","Type":"11","BlID":"884","BusCityName":"서울"},{"BusNo":"201","Type":"11","BlID":"942","BusCityName":"서울"},{"BusNo":"270","Type":"11","BlID":"988","BusCityName":"서울"},{"BusNo":"271","Type":"11","BlID":"989","BusCityName":"서울"},{"BusNo":"420","Type":"11","BlID":"1054","BusCityName":"서울"},{"BusNo":"720","Type":"11","BlID":"1270","BusCityName":"서울"},{"BusNo":"261","Type":"11","BlID":"1438","BusCityName":"서울"},{"BusNo":"262","Type":"11","BlID":"1439","BusCityName":"서울"},{"BusNo":"260","Type":"11","BlID":"1447","BusCityName":"서울"},{"BusNo":"2233","Type":"12","BlID":"978","BusCityName":"서울"}]}]},{"GateNo":"4","GateLink": ["숭인2동","동묘파출소","종로구시설관리공단","종로산업정보학교"]},{"GateNo":"5","GateLink": ["청계천 다산교","창신1동 주민센터","성동공업고등학교"],"BUSSTOP": [{"StopName":"동묘역앞","StopID":"111413","Bus": [{"BusNo":"142","Type":"11","BlID":"871","BusCityName":"서울"}]}]},{"GateNo":"6","GateLink": ["창신1치안센터","동대문시장","동대문쪽방상담센터"],"BUSSTOP": [{"StopName":"동묘역앞","StopID":"111408","Bus": [{"BusNo":"142","Type":"11","BlID":"871","BusCityName":"서울"}]}]},{"GateNo":"7","GateLink": ["동문시장"],"BUSSTOP": [{"StopName":"동대문","StopID":"193685","Bus": [{"BusNo":"111","Type":"1","BlID":"9053","BusCityName":"의정부"},{"BusNo":"9301","Type":"4","BlID":"10594","BusCityName":"광주"},{"BusNo":"370","Type":"11","BlID":"1044","BusCityName":"서울"},{"BusNo":"721","Type":"11","BlID":"1259","BusCityName":"서울"},{"BusNo":"9403","Type":"14","BlID":"1348","BusCityName":"서울"}]}]},{"GateNo":"8","GateLink": ["동대문(흥인지문)"],"BUSSTOP": [{"StopName":"동묘역","StopID":"196593","Bus": [{"BusNo":"종로03","Type":"3","BlID":"1693","BusCityName":"서울"}]}]},{"GateNo":"9","GateLink": ["종로구민회관","창신3동주민센터","종로구보건소 동부진료소","창신초등학교"],"BUSSTOP": [{"StopName":"창신동두산아파트","StopID":"105684","Bus": [{"BusNo":"종로03","Type":"3","BlID":"1693","BusCityName":"서울"},{"BusNo":"142","Type":"11","BlID":"871","BusCityName":"서울"}]}]},{"GateNo":"10","GateLink": ["숭인1동 주민센터","창신1동 주민센터"],"BUSSTOP": [{"StopName":"종로구민회관숭인동","StopID":"111633","Bus": [{"BusNo":"142","Type":"11","BlID":"871","BusCityName":"서울"},{"BusNo":"1014","Type":"12","BlID":"762","BusCityName":"서울"}]},{"StopName":"동묘역.롯데캐슬","StopID":"196592","Bus": [{"BusNo":"종로03","Type":"3","BlID":"1693","BusCityName":"서울"}]}]}]}}}