{"result": {"stationName":"시청","stationID":201,"type":2,"laneName":"수도권 2호선","laneCity":"수도권","x":126.975288,"y":37.5635454,"exOBJ": {"station": [{"stationName":"시청","stationID":132,"type":1,"laneName":"수도권 1호선","laneCity":"수도권"}]},"prevOBJ": {"station": [{"stationName":"충정로","stationID":243,"type":2,"laneName":"수도권 2호선","laneCity":"수도권","x":126.9644062,"y":37.5597473}]},"nextOBJ": {"station": [{"stationName":"을지로입구","stationID":202,"type":2,"laneName":"수도권 2호선","laneCity":"수도권","x":126.9826791,"y":37.5660691}]},"defaultInfo": {"address":"서울특별시 중구 서소문동 90-1","new_address":"서울특별시 중구 서소문로 127","tel":"02-6110-2011"},"useInfo": {"platform":1,"meetingPlace":0,"restroom":4,"offDoor":0,"crossOver":2,"publicPlace":0,"handicapCount":1,"parkingCount":0,"bicycleCount":1,"civilCount":0},"exitInfo": {"gate": [{"GateNo":"1","GateLink": ["서울시청 서소문청사","서울시립미술관"]},{"GateNo":"2","GateLink": ["서울특별시청(다산플라자)","서울특별시 의회별관","서울시립미술관","덕수궁","덕수궁 미술관","창덕여자중하교","중부등기소","경향신문사","정동극장","서울시티투어 버스 타는 곳","서울덕수초등학교","정동제일교회"]},{"GateNo":"3","GateLink": ["광화문방면","정부중앙청사","서울특별시의회","세종문화회관","영국대사관","대한성공회","서울지방국세청남대문별관","서울역사박물관","서울시민대학","한국금융사박물관","코리아나 호텔","사랑의 열매"]},{"GateNo":"4","GateLink": ["미국대사관","서울글로벌센터","프레스센터","언론중재위원회","청계천 방면","서울일자리플러스센터","한국지역진흥재단"],"BUSSTOP": [{"StopName":"프레스센터","StopID":"126053","Bus": [{"BusNo":"종로09","Type":"3","BlID":"1697","BusCityName":"서울"},{"BusNo":"종로11","Type":"3","BlID":"1699","BusCityName":"서울"},{"BusNo":"6701","Type":"5","BlID":"1776","BusCityName":"서울"}]}]},{"GateNo":"5","GateLink": ["서울광장","서울특별시청"]},{"GateNo":"6","GateLink": ["소공동방면","플라자 호텔"],"BUSSTOP": [{"StopName":"서울플라자호텔","StopID":"206302","Bus": [{"BusNo":"6701","Type":"5","BlID":"1776","BusCityName":"서울"}]}]},{"GateNo":"7","GateLink": ["소공동주민센터","남대문시장","북창동 방면","한국은행 본점"]},{"GateNo":"8","GateLink": ["남대문","군의문사진상규명위원회","한국산업안전공단"],"BUSSTOP": [{"StopName":"삼성프라자","StopID":"104769","Bus": [{"BusNo":"N16","Type":"11","BlID":"572","BusCityName":"서울"},{"BusNo":"150","Type":"11","BlID":"878","BusCityName":"서울"},{"BusNo":"406","Type":"11","BlID":"1052","BusCityName":"서울"},{"BusNo":"500","Type":"11","BlID":"1087","BusCityName":"서울"},{"BusNo":"504","Type":"11","BlID":"1093","BusCityName":"서울"},{"BusNo":"603","Type":"11","BlID":"1168","BusCityName":"서울"},{"BusNo":"604","Type":"11","BlID":"1169","BusCityName":"서울"},{"BusNo":"700","Type":"11","BlID":"1370","BusCityName":"서울"},{"BusNo":"707","Type":"11","BlID":"1372","BusCityName":"서울"},{"BusNo":"1711","Type":"12","BlID":"908","BusCityName":"서울"},{"BusNo":"7011","Type":"12","BlID":"1242","BusCityName":"서울"},{"BusNo":"7022","Type":"12","BlID":"1255","BusCityName":"서울"}]},{"StopName":"시청앞","StopID":"166785","Bus": [{"BusNo":"99","Type":"1","BlID":"12001","BusCityName":"파주"},{"BusNo":"103","Type":"11","BlID":"763","BusCityName":"서울"},{"BusNo":"401","Type":"11","BlID":"1048","BusCityName":"서울"},{"BusNo":"402","Type":"11","BlID":"1050","BusCityName":"서울"},{"BusNo":"703","Type":"11","BlID":"1257","BusCityName":"서울"},{"BusNo":"7016","Type":"12","BlID":"1247","BusCityName":"서울"}]},{"StopName":"신한은행본점","StopID":"206660","Bus": [{"BusNo":"9007","Type":"4","BlID":"5009","BusCityName":"성남"},{"BusNo":"1000","Type":"4","BlID":"5500","BusCityName":"고양"},{"BusNo":"1100","Type":"4","BlID":"5501","BusCityName":"고양"},{"BusNo":"1200","Type":"4","BlID":"5522","BusCityName":"고양"},{"BusNo":"1900","Type":"4","BlID":"5556","BusCityName":"고양"},{"BusNo":"7900","Type":"4","BlID":"9529","BusCityName":"수원"},{"BusNo":"8800","Type":"4","BlID":"9644","BusCityName":"수원"},{"BusNo":"1005-1","Type":"4","BlID":"10053","BusCityName":"광주"},{"BusNo":"5500","Type":"4","BlID":"10068","BusCityName":"광주"},{"BusNo":"5500-2","Type":"4","BlID":"10070","BusCityName":"광주"},{"BusNo":"5500-1","Type":"4","BlID":"10071","BusCityName":"광주"},{"BusNo":"9000-1","Type":"4","BlID":"10495","BusCityName":"광주"},{"BusNo":"9000","Type":"4","BlID":"10595","BusCityName":"광주"},{"BusNo":"5000","Type":"4","BlID":"11011","BusCityName":"용인"},{"BusNo":"5005","Type":"4","BlID":"11025","BusCityName":"용인"},{"BusNo":"9710","Type":"4","BlID":"12038","BusCityName":"파주"},{"BusNo":"2000","Type":"4","BlID":"12062","BusCityName":"파주"},{"BusNo":"7111","Type":"4","BlID":"12097","BusCityName":"파주"},{"BusNo":"90S투어","Type":"13","BlID":"546","BusCityName":"서울"},{"BusNo":"9401","Type":"14","BlID":"1346","BusCityName":"서울"},{"BusNo":"9703","Type":"14","BlID":"1367","BusCityName":"서울"},{"BusNo":"9709","Type":"14","BlID":"1373","BusCityName":"서울"},{"BusNo":"9714","Type":"14","BlID":"1744","BusCityName":"서울"},{"BusNo":"M7119","Type":"14","BlID":"5504","BusCityName":"고양"},{"BusNo":"M7129","Type":"14","BlID":"5535","BusCityName":"고양"},{"BusNo":"M7106","Type":"14","BlID":"5682","BusCityName":"고양"},{"BusNo":"M4108","Type":"14","BlID":"10056","BusCityName":"광주"},{"BusNo":"M4130","Type":"14","BlID":"10498","BusCityName":"광주"},{"BusNo":"M5107","Type":"14","BlID":"10501","BusCityName":"광주"},{"BusNo":"M5115","Type":"14","BlID":"10532","BusCityName":"광주"},{"BusNo":"M5121","Type":"14","BlID":"10730","BusCityName":"광주"},{"BusNo":"M7111","Type":"14","BlID":"12142","BusCityName":"파주"}]}]},{"GateNo":"9","GateLink": ["외환은행 서소문","IBK 기업은행 서소문지점","부영","KDB생명 본사"],"BUSSTOP": [{"StopName":"서소문","StopID":"104729","Bus": [{"BusNo":"N62","Type":"11","BlID":"576","BusCityName":"서울"},{"BusNo":"101","Type":"11","BlID":"755","BusCityName":"서울"},{"BusNo":"172","Type":"11","BlID":"909","BusCityName":"서울"},{"BusNo":"472","Type":"11","BlID":"1073","BusCityName":"서울"},{"BusNo":"603","Type":"11","BlID":"1168","BusCityName":"서울"}]},{"StopName":"신한은행본점","StopID":"206660","Bus": [{"BusNo":"9007","Type":"4","BlID":"5009","BusCityName":"성남"},{"BusNo":"1000","Type":"4","BlID":"5500","BusCityName":"고양"},{"BusNo":"1100","Type":"4","BlID":"5501","BusCityName":"고양"},{"BusNo":"1200","Type":"4","BlID":"5522","BusCityName":"고양"},{"BusNo":"1900","Type":"4","BlID":"5556","BusCityName":"고양"},{"BusNo":"7900","Type":"4","BlID":"9529","BusCityName":"수원"},{"BusNo":"8800","Type":"4","BlID":"9644","BusCityName":"수원"},{"BusNo":"1005-1","Type":"4","BlID":"10053","BusCityName":"광주"},{"BusNo":"5500","Type":"4","BlID":"10068","BusCityName":"광주"},{"BusNo":"5500-2","Type":"4","BlID":"10070","BusCityName":"광주"},{"BusNo":"5500-1","Type":"4","BlID":"10071","BusCityName":"광주"},{"BusNo":"9000-1","Type":"4","BlID":"10495","BusCityName":"광주"},{"BusNo":"9000","Type":"4","BlID":"10595","BusCityName":"광주"},{"BusNo":"5000","Type":"4","BlID":"11011","BusCityName":"용인"},{"BusNo":"5005","Type":"4","BlID":"11025","BusCityName":"용인"},{"BusNo":"9710","Type":"4","BlID":"12038","BusCityName":"파주"},{"BusNo":"2000","Type":"4","BlID":"12062","BusCityName":"파주"},{"BusNo":"7111","Type":"4","BlID":"12097","BusCityName":"파주"},{"BusNo":"90S투어","Type":"13","BlID":"546","BusCityName":"서울"},{"BusNo":"9401","Type":"14","BlID":"1346","BusCityName":"서울"},{"BusNo":"9703","Type":"14","BlID":"1367","BusCityName":"서울"},{"BusNo":"9709","Type":"14","BlID":"1373","BusCityName":"서울"},{"BusNo":"9714","Type":"14","BlID":"1744","BusCityName":"서울"},{"BusNo":"M7119","Type":"14","BlID":"5504","BusCityName":"고양"},{"BusNo":"M7129","Type":"14","BlID":"5535","BusCityName":"고양"},{"BusNo":"M7106","Type":"14","BlID":"5682","BusCityName":"고양"},{"BusNo":"M4108","Type":"14","BlID":"10056","BusCityName":"광주"},{"BusNo":"M4130","Type":"14","BlID":"10498","BusCityName":"광주"},{"BusNo":"M5107","Type":"14","BlID":"10501","BusCityName":"광주"},{"BusNo":"M5115","Type":"14","BlID":"10532","BusCityName":"광주"},{"BusNo":"M5121","Type":"14","BlID":"10730","BusCityName":"광주"},{"BusNo":"M7111","Type":"14","BlID":"12142","BusCityName":"파주"}]}]},{"GateNo":"10","GateLink": ["이화여고","류관순기념관","국민권익위원회","상업등기소","중부등기소","국민건강보험공단","주한러시아연방대사관","서울특별시청(다산플라자)","서울시립미술관"],"BUSSTOP": [{"StopName":"서소문KAL빌딩","StopID":"206305","Bus": [{"BusNo":"6701","Type":"5","BlID":"1776","BusCityName":"서울"}]}]},{"GateNo":"11","GateLink": ["류관순기념관","상업등기소","중부등기소","서소문치안센터","이화여고","청덕여중","서울특별시청(다산플라자)","서울시립미술관"],"BUSSTOP": [{"StopName":"서소문","StopID":"104726","Bus": [{"BusNo":"N62","Type":"11","BlID":"576","BusCityName":"서울"},{"BusNo":"172","Type":"11","BlID":"909","BusCityName":"서울"},{"BusNo":"472","Type":"11","BlID":"1073","BusCityName":"서울"},{"BusNo":"602","Type":"11","BlID":"1166","BusCityName":"서울"},{"BusNo":"600","Type":"11","BlID":"1450","BusCityName":"서울"},{"BusNo":"7019","Type":"12","BlID":"1251","BusCityName":"서울"}]}]},{"GateNo":"12","GateLink": ["서울특별시청(다산플라자)","서울특별시 의회별관","덕수궁","덕수궁 미술관","세종문화회관","대한성공회","영국대사관","서울지방국세청남대문별관","조선일보사","정동극장","서울시립미술관","서울시티투어 버스 타는 곳","주한 캐나다 대사관"]}]}}}