{"result": {"stationName":"경인교대입구","stationID":20115,"type":21,"laneName":"인천 1호선","laneCity":"인천","x":126.7226275,"y":37.5381809,"prevOBJ": {"station": [{"stationName":"계산","stationID":20114,"type":21,"laneName":"인천 1호선","laneCity":"인천","x":126.7285494,"y":37.5432724}]},"nextOBJ": {"station": [{"stationName":"작전","stationID":20116,"type":21,"laneName":"인천 1호선","laneCity":"인천","x":126.7225358,"y":37.5302869}]},"defaultInfo": {"address":"인천광역시 계양구 계산동 1034","new_address":"인천광역시 계양구 계양대로 162","tel":"032-553-3394"},"useInfo": {"platform":2,"meetingPlace":0,"restroom":2,"offDoor":1,"crossOver":1,"publicPlace":0,"handicapCount":1,"parkingCount":1,"bicycleCount":1,"civilCount":0},"exitInfo": {"gate": [{"GateNo":"1","GateLink": ["계산시장","부평초등학교","계산1동 주민센터","계산우체국"],"BUSSTOP": [{"StopName":"경인교대입구","StopID":"182467","Bus": [{"BusNo":"88-1","Type":"1","BlID":"7006","BusCityName":"부천"},{"BusNo":"88","Type":"1","BlID":"7047","BusCityName":"부천"},{"BusNo":"81","Type":"1","BlID":"13007","BusCityName":"김포"},{"BusNo":"90","Type":"1","BlID":"13026","BusCityName":"김포"},{"BusNo":"300","Type":"2","BlID":"21047","BusCityName":"인천"},{"BusNo":"1","Type":"11","BlID":"21001","BusCityName":"인천"},{"BusNo":"30","Type":"11","BlID":"21025","BusCityName":"인천"},{"BusNo":"80","Type":"11","BlID":"21254","BusCityName":"인천"},{"BusNo":"588","Type":"12","BlID":"21103","BusCityName":"인천"},{"BusNo":"9500","Type":"14","BlID":"21152","BusCityName":"인천"},{"BusNo":"2500","Type":"14","BlID":"21216","BusCityName":"인천"},{"BusNo":"1500","Type":"14","BlID":"21257","BusCityName":"인천"},{"BusNo":"5000","Type":"22","BlID":"12040","BusCityName":"파주"},{"BusNo":"3000","Type":"22","BlID":"12041","BusCityName":"파주"}]}]},{"GateNo":"2","GateLink": ["계산1동 치안센터","계양경찰서","계양등기소"]},{"GateNo":"3","GateLink": ["계양구의회","계산3동 주민센터","작전초등학교"],"BUSSTOP": [{"StopName":"계양구의회","StopID":"182465","Bus": [{"BusNo":"88-1","Type":"1","BlID":"7006","BusCityName":"부천"},{"BusNo":"88","Type":"1","BlID":"7047","BusCityName":"부천"},{"BusNo":"81","Type":"1","BlID":"13007","BusCityName":"김포"},{"BusNo":"90","Type":"1","BlID":"13026","BusCityName":"김포"},{"BusNo":"1","Type":"11","BlID":"21001","BusCityName":"인천"},{"BusNo":"30","Type":"11","BlID":"21025","BusCityName":"인천"},{"BusNo":"80","Type":"11","BlID":"21254","BusCityName":"인천"},{"BusNo":"584","Type":"12","BlID":"21099","BusCityName":"인천"},{"BusNo":"588","Type":"12","BlID":"21103","BusCityName":"인천"}]}]},{"GateNo":"4","GateLink": ["경인교대","해서초등학교","신한아파트"],"BUSSTOP": [{"StopName":"계양구의회","StopID":"182464","Bus": [{"BusNo":"88","Type":"1","BlID":"7047","BusCityName":"부천"},{"BusNo":"81","Type":"1","BlID":"13007","BusCityName":"김포"},{"BusNo":"90","Type":"1","BlID":"13026","BusCityName":"김포"},{"BusNo":"1","Type":"11","BlID":"21001","BusCityName":"인천"},{"BusNo":"30","Type":"11","BlID":"21025","BusCityName":"인천"},{"BusNo":"80","Type":"11","BlID":"21254","BusCityName":"인천"},{"BusNo":"584","Type":"12","BlID":"21099","BusCityName":"인천"},{"BusNo":"588","Type":"12","BlID":"21103","BusCityName":"인천"}]},{"StopName":"교대입구","StopID":"185236","Bus": [{"BusNo":"584","Type":"12","BlID":"21099","BusCityName":"인천"}]}]},{"GateNo":"5","GateLink": ["부평향교","해서초등학교","팬더아파트"],"BUSSTOP": [{"StopName":"교대입구","StopID":"122805","Bus": [{"BusNo":"584","Type":"12","BlID":"21099","BusCityName":"인천"}]}]},{"GateNo":"6","GateLink": ["북인천중학교","인천광역시 교통연수원","인천보호관찰소 서부지소","동남아파트"],"BUSSTOP": [{"StopName":"경인교대입구","StopID":"182466","Bus": [{"BusNo":"88","Type":"1","BlID":"7047","BusCityName":"부천"},{"BusNo":"81","Type":"1","BlID":"13007","BusCityName":"김포"},{"BusNo":"90","Type":"1","BlID":"13026","BusCityName":"김포"},{"BusNo":"300","Type":"2","BlID":"21047","BusCityName":"인천"},{"BusNo":"1","Type":"11","BlID":"21001","BusCityName":"인천"},{"BusNo":"30","Type":"11","BlID":"21025","BusCityName":"인천"},{"BusNo":"80","Type":"11","BlID":"21254","BusCityName":"인천"},{"BusNo":"588","Type":"12","BlID":"21103","BusCityName":"인천"},{"BusNo":"9500","Type":"14","BlID":"21152","BusCityName":"인천"},{"BusNo":"2500","Type":"14","BlID":"21216","BusCityName":"인천"},{"BusNo":"1500","Type":"14","BlID":"21257","BusCityName":"인천"},{"BusNo":"5000","Type":"22","BlID":"12040","BusCityName":"파주"},{"BusNo":"3000","Type":"22","BlID":"12041","BusCityName":"파주"}]}]}]}}}