{"result": {"stationName":"부평구청","stationID":20118,"type":21,"laneName":"인천 1호선","laneCity":"인천","x":126.7206005,"y":37.5084341,"exOBJ": {"station": [{"stationName":"부평구청","stationID":759,"type":7,"laneName":"수도권 7호선","laneCity":"수도권"}]},"prevOBJ": {"station": [{"stationName":"갈산","stationID":20117,"type":21,"laneName":"인천 1호선","laneCity":"인천","x":126.7215619,"y":37.5170673}]},"nextOBJ": {"station": [{"stationName":"부평시장","stationID":20119,"type":21,"laneName":"인천 1호선","laneCity":"인천","x":126.7222747,"y":37.4984598}]},"defaultInfo": {"address":"인천광역시 부평구 청천동 112","new_address":"인천광역시 부평구 부평대로 189","tel":"032-513-3118"},"useInfo": {"platform":2,"meetingPlace":0,"restroom":4,"offDoor":1,"crossOver":2,"publicPlace":0,"handicapCount":1,"parkingCount":1,"bicycleCount":1,"civilCount":0},"exitInfo": {"gate": [{"GateNo":"1","GateLink": ["부평세관","갈산중학교","어린이공원","갈월초등학교","우리은행 갈산동지점"],"BUSSTOP": [{"StopName":"한국지엠정문","StopID":"122365","Bus": [{"BusNo":"555","Type":"12","BlID":"21077","BusCityName":"인천"},{"BusNo":"582","Type":"12","BlID":"21096","BusCityName":"인천"},{"BusNo":"583","Type":"12","BlID":"21098","BusCityName":"인천"},{"BusNo":"584","Type":"12","BlID":"21099","BusCityName":"인천"},{"BusNo":"563","Type":"12","BlID":"21195","BusCityName":"인천"}]},{"StopName":"삭은다리한국지엠","StopID":"182356","Bus": [{"BusNo":"81","Type":"1","BlID":"13007","BusCityName":"김포"},{"BusNo":"90","Type":"1","BlID":"13026","BusCityName":"김포"},{"BusNo":"111","Type":"2","BlID":"21046","BusCityName":"인천"},{"BusNo":"12","Type":"11","BlID":"21011","BusCityName":"인천"},{"BusNo":"30","Type":"11","BlID":"21025","BusCityName":"인천"},{"BusNo":"34","Type":"11","BlID":"21029","BusCityName":"인천"},{"BusNo":"111-2","Type":"11","BlID":"21116","BusCityName":"인천"},{"BusNo":"563","Type":"12","BlID":"21195","BusCityName":"인천"},{"BusNo":"9500","Type":"14","BlID":"21152","BusCityName":"인천"},{"BusNo":"1400","Type":"14","BlID":"21170","BusCityName":"인천"}]},{"StopName":"부평구청역","StopID":"196694","Bus": [{"BusNo":"12","Type":"11","BlID":"21011","BusCityName":"인천"},{"BusNo":"30","Type":"11","BlID":"21025","BusCityName":"인천"},{"BusNo":"34","Type":"11","BlID":"21029","BusCityName":"인천"},{"BusNo":"111-2","Type":"11","BlID":"21116","BusCityName":"인천"},{"BusNo":"563","Type":"12","BlID":"21195","BusCityName":"인천"}]}]},{"GateNo":"2","GateLink": ["부평구청","여성문화회관","북구도서관","신트리공원"]},{"GateNo":"3","GateLink": ["인천광역시여성문화회관","갈산중학교"],"BUSSTOP": [{"StopName":"부평구청","StopID":"182354","Bus": [{"BusNo":"35","Type":"11","BlID":"21030","BusCityName":"인천"},{"BusNo":"1200","Type":"14","BlID":"21131","BusCityName":"인천"},{"BusNo":"5000","Type":"22","BlID":"12040","BusCityName":"파주"}]}]},{"GateNo":"4","GateLink": ["신트리공원","북부도서관"],"BUSSTOP": [{"StopName":"부평구청","StopID":"182353","Bus": [{"BusNo":"35","Type":"11","BlID":"21030","BusCityName":"인천"},{"BusNo":"45","Type":"11","BlID":"21037","BusCityName":"인천"},{"BusNo":"1200","Type":"14","BlID":"21131","BusCityName":"인천"},{"BusNo":"5000","Type":"22","BlID":"12040","BusCityName":"파주"}]}]},{"GateNo":"5","GateLink": ["부평구청","부평구의회"],"BUSSTOP": [{"StopName":"부평구청","StopID":"182343","Bus": [{"BusNo":"81","Type":"1","BlID":"13007","BusCityName":"김포"},{"BusNo":"90","Type":"1","BlID":"13026","BusCityName":"김포"},{"BusNo":"103","Type":"2","BlID":"21043","BusCityName":"인천"},{"BusNo":"111","Type":"2","BlID":"21046","BusCityName":"인천"},{"BusNo":"3700","Type":"5","BlID":"12008","BusCityName":"파주"},{"BusNo":"12","Type":"11","BlID":"21011","BusCityName":"인천"},{"BusNo":"30","Type":"11","BlID":"21025","BusCityName":"인천"},{"BusNo":"34","Type":"11","BlID":"21029","BusCityName":"인천"},{"BusNo":"45","Type":"11","BlID":"21037","BusCityName":"인천"},{"BusNo":"111-2","Type":"11","BlID":"21116","BusCityName":"인천"},{"BusNo":"103-1","Type":"11","BlID":"21146","BusCityName":"인천"},{"BusNo":"555","Type":"12","BlID":"21077","BusCityName":"인천"},{"BusNo":"582","Type":"12","BlID":"21096","BusCityName":"인천"},{"BusNo":"583","Type":"12","BlID":"21098","BusCityName":"인천"},{"BusNo":"584","Type":"12","BlID":"21099","BusCityName":"인천"},{"BusNo":"585","Type":"12","BlID":"21100","BusCityName":"인천"},{"BusNo":"586","Type":"12","BlID":"21101","BusCityName":"인천"},{"BusNo":"3800","Type":"22","BlID":"10038","BusCityName":"광주"},{"BusNo":"3000","Type":"22","BlID":"12041","BusCityName":"파주"},{"BusNo":"904-1","Type":"26","BlID":"21000","BusCityName":"인천"},{"BusNo":"904","Type":"26","BlID":"21241","BusCityName":"인천"}]}]},{"GateNo":"6","GateLink": ["세림병원","산곡입구삼거리"],"BUSSTOP": [{"StopName":"부평구청","StopID":"100069","Bus": [{"BusNo":"103","Type":"2","BlID":"21043","BusCityName":"인천"},{"BusNo":"103-1","Type":"11","BlID":"21146","BusCityName":"인천"},{"BusNo":"555","Type":"12","BlID":"21077","BusCityName":"인천"},{"BusNo":"582","Type":"12","BlID":"21096","BusCityName":"인천"},{"BusNo":"583","Type":"12","BlID":"21098","BusCityName":"인천"},{"BusNo":"584","Type":"12","BlID":"21099","BusCityName":"인천"},{"BusNo":"585","Type":"12","BlID":"21100","BusCityName":"인천"},{"BusNo":"586","Type":"12","BlID":"21101","BusCityName":"인천"},{"BusNo":"3800","Type":"22","BlID":"10038","BusCityName":"광주"},{"BusNo":"904-1","Type":"26","BlID":"21000","BusCityName":"인천"},{"BusNo":"904","Type":"26","BlID":"21241","BusCityName":"인천"}]}]},{"GateNo":"7","GateLink": ["북인천등기소","산곡사거리"],"BUSSTOP": [{"StopName":"부평경찰서","StopID":"182250","Bus": [{"BusNo":"103","Type":"2","BlID":"21043","BusCityName":"인천"},{"BusNo":"35","Type":"11","BlID":"21030","BusCityName":"인천"},{"BusNo":"103-1","Type":"11","BlID":"21146","BusCityName":"인천"},{"BusNo":"585","Type":"12","BlID":"21100","BusCityName":"인천"},{"BusNo":"586","Type":"12","BlID":"21101","BusCityName":"인천"},{"BusNo":"563","Type":"12","BlID":"21195","BusCityName":"인천"},{"BusNo":"1200","Type":"14","BlID":"21131","BusCityName":"인천"},{"BusNo":"904-1","Type":"26","BlID":"21000","BusCityName":"인천"},{"BusNo":"904","Type":"26","BlID":"21241","BusCityName":"인천"}]}]},{"GateNo":"8","GateLink": ["부평경찰서","북인천등기소"],"BUSSTOP": [{"StopName":"부평경찰서","StopID":"182249","Bus": [{"BusNo":"103","Type":"2","BlID":"21043","BusCityName":"인천"},{"BusNo":"35","Type":"11","BlID":"21030","BusCityName":"인천"},{"BusNo":"103-1","Type":"11","BlID":"21146","BusCityName":"인천"},{"BusNo":"585","Type":"12","BlID":"21100","BusCityName":"인천"},{"BusNo":"586","Type":"12","BlID":"21101","BusCityName":"인천"},{"BusNo":"563","Type":"12","BlID":"21195","BusCityName":"인천"},{"BusNo":"1200","Type":"14","BlID":"21131","BusCityName":"인천"},{"BusNo":"904-1","Type":"26","BlID":"21000","BusCityName":"인천"},{"BusNo":"904","Type":"26","BlID":"21241","BusCityName":"인천"}]}]},{"GateNo":"9","GateLink": ["GM대우자동차"],"BUSSTOP": [{"StopName":"삭은다리 한국지엠","StopID":"128420","Bus": [{"BusNo":"563","Type":"12","BlID":"21195","BusCityName":"인천"},{"BusNo":"9500","Type":"14","BlID":"21152","BusCityName":"인천"},{"BusNo":"1400","Type":"14","BlID":"21170","BusCityName":"인천"}]},{"StopName":"부평구청","StopID":"182355","Bus": [{"BusNo":"81","Type":"1","BlID":"13007","BusCityName":"김포"},{"BusNo":"90","Type":"1","BlID":"13026","BusCityName":"김포"},{"BusNo":"111","Type":"2","BlID":"21046","BusCityName":"인천"},{"BusNo":"3700","Type":"5","BlID":"12008","BusCityName":"파주"},{"BusNo":"12","Type":"11","BlID":"21011","BusCityName":"인천"},{"BusNo":"30","Type":"11","BlID":"21025","BusCityName":"인천"},{"BusNo":"34","Type":"11","BlID":"21029","BusCityName":"인천"},{"BusNo":"111-2","Type":"11","BlID":"21116","BusCityName":"인천"},{"BusNo":"563","Type":"12","BlID":"21195","BusCityName":"인천"},{"BusNo":"3000","Type":"22","BlID":"12041","BusCityName":"파주"}]}]}]}}}