{"result": {"stationName":"임학","stationID":20113,"type":21,"laneName":"인천 1호선","laneCity":"인천","x":126.7386692,"y":37.5450838,"prevOBJ": {"station": [{"stationName":"박촌","stationID":20112,"type":21,"laneName":"인천 1호선","laneCity":"인천","x":126.7450004,"y":37.5535397}]},"nextOBJ": {"station": [{"stationName":"계산","stationID":20114,"type":21,"laneName":"인천 1호선","laneCity":"인천","x":126.7285494,"y":37.5432724}]},"defaultInfo": {"address":"인천광역시 계양구 임학동 93","new_address":"인천광역시 계양구 장제로 875","tel":"032-541-3113"},"useInfo": {"platform":2,"meetingPlace":0,"restroom":2,"offDoor":1,"crossOver":2,"publicPlace":0,"handicapCount":1,"parkingCount":0,"bicycleCount":1,"civilCount":0},"exitInfo": {"gate": [{"GateNo":"1","GateLink": ["임학중학교","병방초등학교","서월아파트","서해아파트","영남아파트","한진아파트"],"BUSSTOP": [{"StopName":"임학역","StopID":"182451","Bus": [{"BusNo":"841","Type":"1","BlID":"13005","BusCityName":"김포"},{"BusNo":"81","Type":"1","BlID":"13007","BusCityName":"김포"},{"BusNo":"81-1","Type":"1","BlID":"13024","BusCityName":"김포"},{"BusNo":"300","Type":"2","BlID":"21047","BusCityName":"인천"},{"BusNo":"30","Type":"11","BlID":"21025","BusCityName":"인천"},{"BusNo":"76","Type":"11","BlID":"21114","BusCityName":"인천"},{"BusNo":"87","Type":"11","BlID":"21255","BusCityName":"인천"},{"BusNo":"66","Type":"11","BlID":"21262","BusCityName":"인천"},{"BusNo":"582","Type":"12","BlID":"21096","BusCityName":"인천"},{"BusNo":"905","Type":"26","BlID":"21243","BusCityName":"인천"}]}]},{"GateNo":"2","GateLink": ["길주초등학교","계양고등학교","중앙아파트","신대진아파트","두산아파트","쌍용아파트","한아아파트","동아아파트","인천북부고용센터"]},{"GateNo":"3","GateLink": ["임학치안센터","계양2동 주민센터","안산초등학교","대한지적공사","계산주공아파트","팬더아파트","삼보아파트"],"BUSSTOP": [{"StopName":"임학사거리","StopID":"116617","Bus": [{"BusNo":"841","Type":"1","BlID":"13005","BusCityName":"김포"},{"BusNo":"300","Type":"2","BlID":"21047","BusCityName":"인천"},{"BusNo":"30","Type":"11","BlID":"21025","BusCityName":"인천"},{"BusNo":"76","Type":"11","BlID":"21114","BusCityName":"인천"}]}]},{"GateNo":"4","GateLink": ["청소년수련관","한국아파트","유효아파트","진달래아파트"],"BUSSTOP": [{"StopName":"임학역","StopID":"182450","Bus": [{"BusNo":"841","Type":"1","BlID":"13005","BusCityName":"김포"},{"BusNo":"81","Type":"1","BlID":"13007","BusCityName":"김포"},{"BusNo":"81-1","Type":"1","BlID":"13024","BusCityName":"김포"},{"BusNo":"300","Type":"2","BlID":"21047","BusCityName":"인천"},{"BusNo":"30","Type":"11","BlID":"21025","BusCityName":"인천"},{"BusNo":"76","Type":"11","BlID":"21114","BusCityName":"인천"},{"BusNo":"87","Type":"11","BlID":"21255","BusCityName":"인천"},{"BusNo":"66","Type":"11","BlID":"21262","BusCityName":"인천"},{"BusNo":"905","Type":"26","BlID":"21243","BusCityName":"인천"}]}]}]}}}