{"result": {"stationName":"계산","stationID":20114,"type":21,"laneName":"인천 1호선","laneCity":"인천","x":126.7285494,"y":37.5432724,"prevOBJ": {"station": [{"stationName":"임학","stationID":20113,"type":21,"laneName":"인천 1호선","laneCity":"인천","x":126.7386692,"y":37.5450838}]},"nextOBJ": {"station": [{"stationName":"경인교대입구","stationID":20115,"type":21,"laneName":"인천 1호선","laneCity":"인천","x":126.7226275,"y":37.5381809}]},"defaultInfo": {"address":"인천광역시 계양구 계산동 1014","new_address":"인천광역시 계양구 경명대로 1089","tel":"032-546-3151"},"useInfo": {"platform":2,"meetingPlace":0,"restroom":2,"offDoor":1,"crossOver":1,"publicPlace":0,"handicapCount":1,"parkingCount":0,"bicycleCount":1,"civilCount":0},"exitInfo": {"gate": [{"GateNo":"1","GateLink": ["안남초등학교","대한지적공사","한국아파트","하나아파트","삼보아파트","원흥아파트","인정프린스아파트","동남아파트","팬더아파트","태산아파트","계산신협","기업은","계양구청"],"BUSSTOP": [{"StopName":"계산역","StopID":"122374","Bus": [{"BusNo":"581","Type":"12","BlID":"21095","BusCityName":"인천"}]},{"StopName":"하나아파트","StopID":"182455","Bus": [{"BusNo":"88-1","Type":"1","BlID":"7006","BusCityName":"부천"},{"BusNo":"88","Type":"1","BlID":"7047","BusCityName":"부천"},{"BusNo":"81","Type":"1","BlID":"13007","BusCityName":"김포"},{"BusNo":"30","Type":"11","BlID":"21025","BusCityName":"인천"},{"BusNo":"79","Type":"11","BlID":"21167","BusCityName":"인천"},{"BusNo":"80","Type":"11","BlID":"21254","BusCityName":"인천"},{"BusNo":"66","Type":"11","BlID":"21262","BusCityName":"인천"},{"BusNo":"581","Type":"12","BlID":"21095","BusCityName":"인천"},{"BusNo":"588","Type":"12","BlID":"21103","BusCityName":"인천"}]},{"StopName":"한국아파트","StopID":"182456","Bus": [{"BusNo":"581","Type":"12","BlID":"21095","BusCityName":"인천"}]}]},{"GateNo":"2","GateLink": ["계산1치안센터","삼천리아파트"],"BUSSTOP": [{"StopName":"한국아파트","StopID":"182457","Bus": [{"BusNo":"581","Type":"12","BlID":"21095","BusCityName":"인천"}]}]},{"GateNo":"3","GateLink": ["계산1동 주민센터","부평초등학교","부평도호부청사","한미아파트","기산아파트","서해아파트","인천보호관찰소 서부지소"],"BUSSTOP": [{"StopName":"계산역","StopID":"182120","Bus": [{"BusNo":"88-1","Type":"1","BlID":"7006","BusCityName":"부천"},{"BusNo":"88","Type":"1","BlID":"7047","BusCityName":"부천"},{"BusNo":"81","Type":"1","BlID":"13007","BusCityName":"김포"},{"BusNo":"111","Type":"2","BlID":"21046","BusCityName":"인천"},{"BusNo":"300","Type":"2","BlID":"21047","BusCityName":"인천"},{"BusNo":"302","Type":"2","BlID":"21118","BusCityName":"인천"},{"BusNo":"30","Type":"11","BlID":"21025","BusCityName":"인천"},{"BusNo":"111-2","Type":"11","BlID":"21116","BusCityName":"인천"},{"BusNo":"79","Type":"11","BlID":"21167","BusCityName":"인천"},{"BusNo":"80","Type":"11","BlID":"21254","BusCityName":"인천"},{"BusNo":"66","Type":"11","BlID":"21262","BusCityName":"인천"},{"BusNo":"588","Type":"12","BlID":"21103","BusCityName":"인천"},{"BusNo":"9500","Type":"14","BlID":"21152","BusCityName":"인천"},{"BusNo":"2500","Type":"14","BlID":"21216","BusCityName":"인천"},{"BusNo":"1500","Type":"14","BlID":"21257","BusCityName":"인천"},{"BusNo":"5000","Type":"22","BlID":"12040","BusCityName":"파주"},{"BusNo":"3000","Type":"22","BlID":"12041","BusCityName":"파주"}]}]},{"GateNo":"4","GateLink": ["계산동우체국","경인여자대학","영동아파트","삼환아파트","극동아파트","동남아파트","한우리아파트","지산그라띠아아파트"],"BUSSTOP": [{"StopName":"계산역","StopID":"159908","Bus": [{"BusNo":"587","Type":"12","BlID":"21102","BusCityName":"인천"}]},{"StopName":"계산역","StopID":"182119","Bus": [{"BusNo":"88","Type":"1","BlID":"7047","BusCityName":"부천"},{"BusNo":"81","Type":"1","BlID":"13007","BusCityName":"김포"},{"BusNo":"111","Type":"2","BlID":"21046","BusCityName":"인천"},{"BusNo":"300","Type":"2","BlID":"21047","BusCityName":"인천"},{"BusNo":"302","Type":"2","BlID":"21118","BusCityName":"인천"},{"BusNo":"30","Type":"11","BlID":"21025","BusCityName":"인천"},{"BusNo":"111-2","Type":"11","BlID":"21116","BusCityName":"인천"},{"BusNo":"79","Type":"11","BlID":"21167","BusCityName":"인천"},{"BusNo":"80","Type":"11","BlID":"21254","BusCityName":"인천"},{"BusNo":"66","Type":"11","BlID":"21262","BusCityName":"인천"},{"BusNo":"588","Type":"12","BlID":"21103","BusCityName":"인천"},{"BusNo":"9500","Type":"14","BlID":"21152","BusCityName":"인천"},{"BusNo":"2500","Type":"14","BlID":"21216","BusCityName":"인천"},{"BusNo":"1500","Type":"14","BlID":"21257","BusCityName":"인천"},{"BusNo":"5000","Type":"22","BlID":"12040","BusCityName":"파주"},{"BusNo":"3000","Type":"22","BlID":"12041","BusCityName":"파주"}]}]},{"GateNo":"5","GateLink": ["계산119안전센터","계산2동 주민센터","계양지구대사무소"],"BUSSTOP": [{"StopName":"계산국민체육센터","StopID":"176451","Bus": [{"BusNo":"587","Type":"12","BlID":"21102","BusCityName":"인천"}]}]},{"GateNo":"6","GateLink": ["안산초등학교","계산국민체육센터","계산고등학교","계양도서관","계산한국문화센터","대우일렉트로닉스 직업전문학교"],"BUSSTOP": [{"StopName":"계양도서관","StopID":"182454","Bus": [{"BusNo":"88","Type":"1","BlID":"7047","BusCityName":"부천"},{"BusNo":"81","Type":"1","BlID":"13007","BusCityName":"김포"},{"BusNo":"30","Type":"11","BlID":"21025","BusCityName":"인천"},{"BusNo":"79","Type":"11","BlID":"21167","BusCityName":"인천"},{"BusNo":"80","Type":"11","BlID":"21254","BusCityName":"인천"},{"BusNo":"66","Type":"11","BlID":"21262","BusCityName":"인천"},{"BusNo":"581","Type":"12","BlID":"21095","BusCityName":"인천"},{"BusNo":"588","Type":"12","BlID":"21103","BusCityName":"인천"}]}]}]}}}