{"result": {"stationName":"부평시장","stationID":20119,"type":21,"laneName":"인천 1호선","laneCity":"인천","x":126.7222747,"y":37.4984598,"prevOBJ": {"station": [{"stationName":"부평구청","stationID":20118,"type":21,"laneName":"인천 1호선","laneCity":"인천","x":126.7206005,"y":37.5084341}]},"nextOBJ": {"station": [{"stationName":"부평","stationID":20120,"type":21,"laneName":"인천 1호선","laneCity":"인천","x":126.7234847,"y":37.4904807}]},"defaultInfo": {"address":"인천광역시 부평구 부평동 224-1","new_address":"인천광역시 부평구 부평대로 69","tel":"032-512-3119"},"useInfo": {"platform":2,"meetingPlace":0,"restroom":2,"offDoor":1,"crossOver":1,"publicPlace":0,"handicapCount":1,"parkingCount":1,"bicycleCount":1,"civilCount":0},"exitInfo": {"gate": [{"GateNo":"1","GateLink": ["부평우체국","부평동초등학교","부평중학교","부평고등학교","북인천정보산업고등학교","부평문화원","인천상공회의소"],"BUSSTOP": [{"StopName":"부평시장역(부평대로우체국)","StopID":"182332","Bus": [{"BusNo":"88-1","Type":"1","BlID":"7006","BusCityName":"부천"},{"BusNo":"88","Type":"1","BlID":"7047","BusCityName":"부천"},{"BusNo":"81","Type":"1","BlID":"13007","BusCityName":"김포"},{"BusNo":"90","Type":"1","BlID":"13026","BusCityName":"김포"},{"BusNo":"111","Type":"2","BlID":"21046","BusCityName":"인천"},{"BusNo":"12","Type":"11","BlID":"21011","BusCityName":"인천"},{"BusNo":"30","Type":"11","BlID":"21025","BusCityName":"인천"},{"BusNo":"34","Type":"11","BlID":"21029","BusCityName":"인천"},{"BusNo":"45","Type":"11","BlID":"21037","BusCityName":"인천"},{"BusNo":"67","Type":"11","BlID":"21042","BusCityName":"인천"},{"BusNo":"2","Type":"11","BlID":"21109","BusCityName":"인천"},{"BusNo":"111-2","Type":"11","BlID":"21116","BusCityName":"인천"},{"BusNo":"14-1","Type":"11","BlID":"21134","BusCityName":"인천"},{"BusNo":"103-1","Type":"11","BlID":"21146","BusCityName":"인천"},{"BusNo":"9500","Type":"14","BlID":"21152","BusCityName":"인천"},{"BusNo":"1400","Type":"14","BlID":"21170","BusCityName":"인천"}]}]},{"GateNo":"2","GateLink": ["인천도시가스(고객서비스센터)","부평구 보건소","한국자산관리공사","부평시장"],"BUSSTOP": [{"StopName":"부평시장(한국자산관리공사)","StopID":"182326","Bus": [{"BusNo":"556","Type":"12","BlID":"21078","BusCityName":"인천"},{"BusNo":"561","Type":"12","BlID":"21083","BusCityName":"인천"},{"BusNo":"570","Type":"12","BlID":"21091","BusCityName":"인천"},{"BusNo":"582","Type":"12","BlID":"21096","BusCityName":"인천"},{"BusNo":"583","Type":"12","BlID":"21098","BusCityName":"인천"},{"BusNo":"586","Type":"12","BlID":"21101","BusCityName":"인천"}]},{"StopName":"부평시장(한국자산관리공사)","StopID":"182327","Bus": [{"BusNo":"45","Type":"11","BlID":"21037","BusCityName":"인천"},{"BusNo":"551","Type":"12","BlID":"21073","BusCityName":"인천"},{"BusNo":"574","Type":"12","BlID":"21093","BusCityName":"인천"}]},{"StopName":"부평시장입구(2번출구)","StopID":"182328","Bus": [{"BusNo":"88-1","Type":"1","BlID":"7006","BusCityName":"부천"},{"BusNo":"88","Type":"1","BlID":"7047","BusCityName":"부천"},{"BusNo":"90","Type":"1","BlID":"13026","BusCityName":"김포"},{"BusNo":"12","Type":"11","BlID":"21011","BusCityName":"인천"},{"BusNo":"30","Type":"11","BlID":"21025","BusCityName":"인천"},{"BusNo":"34","Type":"11","BlID":"21029","BusCityName":"인천"},{"BusNo":"67","Type":"11","BlID":"21042","BusCityName":"인천"},{"BusNo":"2","Type":"11","BlID":"21109","BusCityName":"인천"},{"BusNo":"14-1","Type":"11","BlID":"21134","BusCityName":"인천"},{"BusNo":"721","Type":"11","BlID":"21226","BusCityName":"인천"},{"BusNo":"904-1","Type":"26","BlID":"21000","BusCityName":"인천"},{"BusNo":"904","Type":"26","BlID":"21241","BusCityName":"인천"}]}]},{"GateNo":"3","GateLink": ["북부교육청","부평서초등학교"],"BUSSTOP": [{"StopName":"동아2단지정문","StopID":"121369","Bus": [{"BusNo":"560","Type":"12","BlID":"21082","BusCityName":"인천"}]},{"StopName":"부평시장입구","StopID":"182868","Bus": [{"BusNo":"81","Type":"1","BlID":"13007","BusCityName":"김포"},{"BusNo":"90","Type":"1","BlID":"13026","BusCityName":"김포"},{"BusNo":"721","Type":"11","BlID":"21226","BusCityName":"인천"},{"BusNo":"551","Type":"12","BlID":"21073","BusCityName":"인천"},{"BusNo":"568","Type":"12","BlID":"21089","BusCityName":"인천"},{"BusNo":"574","Type":"12","BlID":"21093","BusCityName":"인천"},{"BusNo":"584","Type":"12","BlID":"21099","BusCityName":"인천"},{"BusNo":"585","Type":"12","BlID":"21100","BusCityName":"인천"},{"BusNo":"904-1","Type":"26","BlID":"21000","BusCityName":"인천"},{"BusNo":"904","Type":"26","BlID":"21241","BusCityName":"인천"}]}]},{"GateNo":"4","GateLink": ["부원초등학교","부평여자고등학교"],"BUSSTOP": [{"StopName":"부평시장역","StopID":"182329","Bus": [{"BusNo":"88","Type":"1","BlID":"7047","BusCityName":"부천"},{"BusNo":"81","Type":"1","BlID":"13007","BusCityName":"김포"},{"BusNo":"90","Type":"1","BlID":"13026","BusCityName":"김포"},{"BusNo":"111","Type":"2","BlID":"21046","BusCityName":"인천"},{"BusNo":"12","Type":"11","BlID":"21011","BusCityName":"인천"},{"BusNo":"30","Type":"11","BlID":"21025","BusCityName":"인천"},{"BusNo":"34","Type":"11","BlID":"21029","BusCityName":"인천"},{"BusNo":"67","Type":"11","BlID":"21042","BusCityName":"인천"},{"BusNo":"2","Type":"11","BlID":"21109","BusCityName":"인천"},{"BusNo":"111-2","Type":"11","BlID":"21116","BusCityName":"인천"},{"BusNo":"14-1","Type":"11","BlID":"21134","BusCityName":"인천"},{"BusNo":"103-1","Type":"11","BlID":"21146","BusCityName":"인천"},{"BusNo":"551","Type":"12","BlID":"21073","BusCityName":"인천"},{"BusNo":"568","Type":"12","BlID":"21089","BusCityName":"인천"},{"BusNo":"9500","Type":"14","BlID":"21152","BusCityName":"인천"},{"BusNo":"1400","Type":"14","BlID":"21170","BusCityName":"인천"}]}]}]}}}