{"result": {"stationName":"박촌","stationID":20112,"type":21,"laneName":"인천 1호선","laneCity":"인천","x":126.7450004,"y":37.5535397,"prevOBJ": {"station": [{"stationName":"귤현","stationID":20111,"type":21,"laneName":"인천 1호선","laneCity":"인천","x":126.7425888,"y":37.5664078}]},"nextOBJ": {"station": [{"stationName":"임학","stationID":20113,"type":21,"laneName":"인천 1호선","laneCity":"인천","x":126.7386692,"y":37.5450838}]},"defaultInfo": {"address":"인천광역시 계양구 박촌동 101-8","new_address":"인천광역시 계양구 장제로 992","tel":"032-519-3122"},"useInfo": {"platform":1,"meetingPlace":0,"restroom":2,"offDoor":2,"crossOver":2,"publicPlace":0,"handicapCount":1,"parkingCount":0,"bicycleCount":1,"civilCount":0},"exitInfo": {"gate": [{"GateNo":"1","GateLink": ["한화아파트","풍림아파트","박촌제일감리교회","계양1차 하우스토리"],"BUSSTOP": [{"StopName":"박촌역","StopID":"182704","Bus": [{"BusNo":"841","Type":"1","BlID":"13005","BusCityName":"김포"},{"BusNo":"81","Type":"1","BlID":"13007","BusCityName":"김포"},{"BusNo":"81-1","Type":"1","BlID":"13024","BusCityName":"김포"},{"BusNo":"300","Type":"2","BlID":"21047","BusCityName":"인천"},{"BusNo":"30","Type":"11","BlID":"21025","BusCityName":"인천"},{"BusNo":"76","Type":"11","BlID":"21114","BusCityName":"인천"},{"BusNo":"87","Type":"11","BlID":"21255","BusCityName":"인천"},{"BusNo":"66","Type":"11","BlID":"21262","BusCityName":"인천"},{"BusNo":"905","Type":"26","BlID":"21243","BusCityName":"인천"}]}]},{"GateNo":"2","GateLink": ["청소년수련관","방축중학교","예일고등학교","양촌중학교","양촌초등학교","한성아파트","인천세원고교","인천어린이과학관"]},{"GateNo":"3","GateLink": ["소양초등학교"],"BUSSTOP": [{"StopName":"박촌역","StopID":"182703","Bus": [{"BusNo":"841","Type":"1","BlID":"13005","BusCityName":"김포"},{"BusNo":"81","Type":"1","BlID":"13007","BusCityName":"김포"},{"BusNo":"81-1","Type":"1","BlID":"13024","BusCityName":"김포"},{"BusNo":"300","Type":"2","BlID":"21047","BusCityName":"인천"},{"BusNo":"30","Type":"11","BlID":"21025","BusCityName":"인천"},{"BusNo":"76","Type":"11","BlID":"21114","BusCityName":"인천"},{"BusNo":"87","Type":"11","BlID":"21255","BusCityName":"인천"},{"BusNo":"66","Type":"11","BlID":"21262","BusCityName":"인천"},{"BusNo":"905","Type":"26","BlID":"21243","BusCityName":"인천"}]}]},{"GateNo":"4","GateLink": ["소양초등학교","세종한의원","박촌휴먼시아1단지","계양2차 하우스토리"]}]}}}