{"result": {"stationName":"작전","stationID":20116,"type":21,"laneName":"인천 1호선","laneCity":"인천","x":126.7225358,"y":37.5302869,"prevOBJ": {"station": [{"stationName":"경인교대입구","stationID":20115,"type":21,"laneName":"인천 1호선","laneCity":"인천","x":126.7226275,"y":37.5381809}]},"nextOBJ": {"station": [{"stationName":"갈산","stationID":20117,"type":21,"laneName":"인천 1호선","laneCity":"인천","x":126.7215619,"y":37.5170673}]},"defaultInfo": {"address":"인천광역시 계양구 작전동 878","new_address":"인천광역시 계양구 계양대로 73","tel":"032-543-3116"},"useInfo": {"platform":1,"meetingPlace":0,"restroom":2,"offDoor":0,"crossOver":2,"publicPlace":0,"handicapCount":1,"parkingCount":1,"bicycleCount":1,"civilCount":0},"exitInfo": {"gate": [{"GateNo":"1","GateLink": ["작전2동 주민센터","계양구의회"],"BUSSTOP": [{"StopName":"작전역","StopID":"182415","Bus": [{"BusNo":"88-1","Type":"1","BlID":"7006","BusCityName":"부천"},{"BusNo":"88","Type":"1","BlID":"7047","BusCityName":"부천"},{"BusNo":"81","Type":"1","BlID":"13007","BusCityName":"김포"},{"BusNo":"90","Type":"1","BlID":"13026","BusCityName":"김포"},{"BusNo":"300","Type":"2","BlID":"21047","BusCityName":"인천"},{"BusNo":"1","Type":"11","BlID":"21001","BusCityName":"인천"},{"BusNo":"30","Type":"11","BlID":"21025","BusCityName":"인천"},{"BusNo":"80","Type":"11","BlID":"21254","BusCityName":"인천"},{"BusNo":"584","Type":"12","BlID":"21099","BusCityName":"인천"},{"BusNo":"588","Type":"12","BlID":"21103","BusCityName":"인천"},{"BusNo":"9500","Type":"14","BlID":"21152","BusCityName":"인천"},{"BusNo":"2500","Type":"14","BlID":"21216","BusCityName":"인천"},{"BusNo":"1500","Type":"14","BlID":"21257","BusCityName":"인천"}]}]},{"GateNo":"2","GateLink": ["작전1동 주민센터","작전중학교","작전고등학교","작전초등학교","우남 푸르미아 아파트"],"BUSSTOP": [{"StopName":"작전역","StopID":"152228","Bus": [{"BusNo":"770-1","Type":"11","BlID":"21232","BusCityName":"인천"}]}]},{"GateNo":"3","GateLink": ["국민건강보험공단","신동양아파트"],"BUSSTOP": [{"StopName":"작전역","StopID":"152234","Bus": [{"BusNo":"770-1","Type":"11","BlID":"21232","BusCityName":"인천"},{"BusNo":"9300","Type":"14","BlID":"21151","BusCityName":"인천"}]}]},{"GateNo":"4","GateLink": ["북인천세무서","김택규세무회계사무소"],"BUSSTOP": [{"StopName":"작전역","StopID":"182413","Bus": [{"BusNo":"88-1","Type":"1","BlID":"7006","BusCityName":"부천"},{"BusNo":"88","Type":"1","BlID":"7047","BusCityName":"부천"},{"BusNo":"81","Type":"1","BlID":"13007","BusCityName":"김포"},{"BusNo":"90","Type":"1","BlID":"13026","BusCityName":"김포"},{"BusNo":"1","Type":"11","BlID":"21001","BusCityName":"인천"},{"BusNo":"30","Type":"11","BlID":"21025","BusCityName":"인천"},{"BusNo":"770-1","Type":"11","BlID":"21232","BusCityName":"인천"},{"BusNo":"80","Type":"11","BlID":"21254","BusCityName":"인천"},{"BusNo":"584","Type":"12","BlID":"21099","BusCityName":"인천"},{"BusNo":"588","Type":"12","BlID":"21103","BusCityName":"인천"},{"BusNo":"590","Type":"12","BlID":"21105","BusCityName":"인천"}]}]},{"GateNo":"5","GateLink": ["성지초등학교"],"BUSSTOP": [{"StopName":"작전역(한마음병원)","StopID":"182412","Bus": [{"BusNo":"88","Type":"1","BlID":"7047","BusCityName":"부천"},{"BusNo":"81","Type":"1","BlID":"13007","BusCityName":"김포"},{"BusNo":"90","Type":"1","BlID":"13026","BusCityName":"김포"},{"BusNo":"1","Type":"11","BlID":"21001","BusCityName":"인천"},{"BusNo":"14","Type":"11","BlID":"21013","BusCityName":"인천"},{"BusNo":"30","Type":"11","BlID":"21025","BusCityName":"인천"},{"BusNo":"770-1","Type":"11","BlID":"21232","BusCityName":"인천"},{"BusNo":"80","Type":"11","BlID":"21254","BusCityName":"인천"},{"BusNo":"584","Type":"12","BlID":"21099","BusCityName":"인천"},{"BusNo":"588","Type":"12","BlID":"21103","BusCityName":"인천"},{"BusNo":"590","Type":"12","BlID":"21105","BusCityName":"인천"},{"BusNo":"907","Type":"26","BlID":"21250","BusCityName":"인천"}]}]},{"GateNo":"6","GateLink": ["효성남초등학교","계양민방위교육장","여성복지회관","현대아파트","계양신용협동조합"],"BUSSTOP": [{"StopName":"작전역6번출구","StopID":"150920","Bus": [{"BusNo":"14","Type":"11","BlID":"21013","BusCityName":"인천"},{"BusNo":"2-1","Type":"11","BlID":"21159","BusCityName":"인천"},{"BusNo":"770-1","Type":"11","BlID":"21232","BusCityName":"인천"},{"BusNo":"M6118","Type":"14","BlID":"21214","BusCityName":"인천"},{"BusNo":"907","Type":"26","BlID":"21250","BusCityName":"인천"}]}]},{"GateNo":"7","GateLink": ["효성고등학교","효성동초등학교","명현중학교","팬더아파트"],"BUSSTOP": [{"StopName":"작전역","StopID":"122742","Bus": [{"BusNo":"300","Type":"2","BlID":"21047","BusCityName":"인천"},{"BusNo":"2-1","Type":"11","BlID":"21159","BusCityName":"인천"},{"BusNo":"770-1","Type":"11","BlID":"21232","BusCityName":"인천"},{"BusNo":"590","Type":"12","BlID":"21105","BusCityName":"인천"},{"BusNo":"9300","Type":"14","BlID":"21151","BusCityName":"인천"},{"BusNo":"M6118","Type":"14","BlID":"21214","BusCityName":"인천"}]}]},{"GateNo":"8","GateLink": ["대성직업전문학교"],"BUSSTOP": [{"StopName":"작전역","StopID":"182414","Bus": [{"BusNo":"88","Type":"1","BlID":"7047","BusCityName":"부천"},{"BusNo":"81","Type":"1","BlID":"13007","BusCityName":"김포"},{"BusNo":"90","Type":"1","BlID":"13026","BusCityName":"김포"},{"BusNo":"300","Type":"2","BlID":"21047","BusCityName":"인천"},{"BusNo":"1","Type":"11","BlID":"21001","BusCityName":"인천"},{"BusNo":"30","Type":"11","BlID":"21025","BusCityName":"인천"},{"BusNo":"80","Type":"11","BlID":"21254","BusCityName":"인천"},{"BusNo":"584","Type":"12","BlID":"21099","BusCityName":"인천"},{"BusNo":"588","Type":"12","BlID":"21103","BusCityName":"인천"},{"BusNo":"9500","Type":"14","BlID":"21152","BusCityName":"인천"},{"BusNo":"2500","Type":"14","BlID":"21216","BusCityName":"인천"},{"BusNo":"1500","Type":"14","BlID":"21257","BusCityName":"인천"}]}]}]}}}