{"result": {"stationName":"갈산","stationID":20117,"type":21,"laneName":"인천 1호선","laneCity":"인천","x":126.7215619,"y":37.5170673,"prevOBJ": {"station": [{"stationName":"작전","stationID":20116,"type":21,"laneName":"인천 1호선","laneCity":"인천","x":126.7225358,"y":37.5302869}]},"nextOBJ": {"station": [{"stationName":"부평구청","stationID":20118,"type":21,"laneName":"인천 1호선","laneCity":"인천","x":126.7206005,"y":37.5084341}]},"defaultInfo": {"address":"인천광역시 부평구 청천동 112","new_address":"인천광역시 부평구 부평대로 286","tel":"032-511-4245"},"useInfo": {"platform":2,"meetingPlace":0,"restroom":2,"offDoor":1,"crossOver":2,"publicPlace":0,"handicapCount":1,"parkingCount":1,"bicycleCount":1,"civilCount":0},"exitInfo": {"gate": [{"GateNo":"1","GateLink": ["부평소방서","부평정수사업소","부평국민체육센터","이안아파트","이마트 부평점"],"BUSSTOP": [{"StopName":"갈산역","StopID":"182365","Bus": [{"BusNo":"34","Type":"11","BlID":"21029","BusCityName":"인천"},{"BusNo":"721","Type":"11","BlID":"21226","BusCityName":"인천"},{"BusNo":"760-1","Type":"11","BlID":"21259","BusCityName":"인천"},{"BusNo":"555","Type":"12","BlID":"21077","BusCityName":"인천"},{"BusNo":"582","Type":"12","BlID":"21096","BusCityName":"인천"}]},{"StopName":"갈산역(1번출구)","StopID":"182367","Bus": [{"BusNo":"81","Type":"1","BlID":"13007","BusCityName":"김포"},{"BusNo":"90","Type":"1","BlID":"13026","BusCityName":"김포"},{"BusNo":"12","Type":"11","BlID":"21011","BusCityName":"인천"},{"BusNo":"30","Type":"11","BlID":"21025","BusCityName":"인천"},{"BusNo":"583","Type":"12","BlID":"21098","BusCityName":"인천"},{"BusNo":"584","Type":"12","BlID":"21099","BusCityName":"인천"},{"BusNo":"9500","Type":"14","BlID":"21152","BusCityName":"인천"},{"BusNo":"1400","Type":"14","BlID":"21170","BusCityName":"인천"},{"BusNo":"5000","Type":"22","BlID":"12040","BusCityName":"파주"},{"BusNo":"3000","Type":"22","BlID":"12041","BusCityName":"파주"}]}]},{"GateNo":"2","GateLink": ["부평세관","갈산지구대","한전 인천전력관리처","운봉정사","이마트부평점","부평구선거관리위원회"],"BUSSTOP": [{"StopName":"한국지엠출고문","StopID":"182364","Bus": [{"BusNo":"81","Type":"1","BlID":"13007","BusCityName":"김포"},{"BusNo":"90","Type":"1","BlID":"13026","BusCityName":"김포"},{"BusNo":"12","Type":"11","BlID":"21011","BusCityName":"인천"},{"BusNo":"30","Type":"11","BlID":"21025","BusCityName":"인천"},{"BusNo":"34","Type":"11","BlID":"21029","BusCityName":"인천"},{"BusNo":"555","Type":"12","BlID":"21077","BusCityName":"인천"},{"BusNo":"582","Type":"12","BlID":"21096","BusCityName":"인천"},{"BusNo":"583","Type":"12","BlID":"21098","BusCityName":"인천"},{"BusNo":"584","Type":"12","BlID":"21099","BusCityName":"인천"},{"BusNo":"563","Type":"12","BlID":"21195","BusCityName":"인천"},{"BusNo":"1400","Type":"14","BlID":"21170","BusCityName":"인천"}]},{"StopName":"갈산역","StopID":"182366","Bus": [{"BusNo":"34","Type":"11","BlID":"21029","BusCityName":"인천"},{"BusNo":"760","Type":"11","BlID":"21168","BusCityName":"인천"},{"BusNo":"721","Type":"11","BlID":"21226","BusCityName":"인천"},{"BusNo":"555","Type":"12","BlID":"21077","BusCityName":"인천"},{"BusNo":"582","Type":"12","BlID":"21096","BusCityName":"인천"}]}]},{"GateNo":"3","GateLink": ["GM대우자동차"],"BUSSTOP": [{"StopName":"우림라이온스밸리","StopID":"122613","Bus": [{"BusNo":"760","Type":"11","BlID":"21168","BusCityName":"인천"},{"BusNo":"721","Type":"11","BlID":"21226","BusCityName":"인천"},{"BusNo":"563","Type":"12","BlID":"21195","BusCityName":"인천"}]},{"StopName":"한국지엠출고문","StopID":"182357","Bus": [{"BusNo":"81","Type":"1","BlID":"13007","BusCityName":"김포"},{"BusNo":"90","Type":"1","BlID":"13026","BusCityName":"김포"},{"BusNo":"12","Type":"11","BlID":"21011","BusCityName":"인천"},{"BusNo":"30","Type":"11","BlID":"21025","BusCityName":"인천"},{"BusNo":"34","Type":"11","BlID":"21029","BusCityName":"인천"},{"BusNo":"555","Type":"12","BlID":"21077","BusCityName":"인천"},{"BusNo":"582","Type":"12","BlID":"21096","BusCityName":"인천"},{"BusNo":"583","Type":"12","BlID":"21098","BusCityName":"인천"},{"BusNo":"584","Type":"12","BlID":"21099","BusCityName":"인천"},{"BusNo":"563","Type":"12","BlID":"21195","BusCityName":"인천"},{"BusNo":"1400","Type":"14","BlID":"21170","BusCityName":"인천"}]}]},{"GateNo":"4","GateLink": ["공단치안센터","부평국가산업단지","삼익악기","IBK기업은행 갈산역지점"],"BUSSTOP": [{"StopName":"우림라이온스밸리","StopID":"122635","Bus": [{"BusNo":"721","Type":"11","BlID":"21226","BusCityName":"인천"},{"BusNo":"760-1","Type":"11","BlID":"21259","BusCityName":"인천"},{"BusNo":"563","Type":"12","BlID":"21195","BusCityName":"인천"}]},{"StopName":"갈산역(부평4공단)4번출구","StopID":"182368","Bus": [{"BusNo":"81","Type":"1","BlID":"13007","BusCityName":"김포"},{"BusNo":"90","Type":"1","BlID":"13026","BusCityName":"김포"},{"BusNo":"12","Type":"11","BlID":"21011","BusCityName":"인천"},{"BusNo":"30","Type":"11","BlID":"21025","BusCityName":"인천"},{"BusNo":"583","Type":"12","BlID":"21098","BusCityName":"인천"},{"BusNo":"584","Type":"12","BlID":"21099","BusCityName":"인천"},{"BusNo":"5000","Type":"22","BlID":"12040","BusCityName":"파주"},{"BusNo":"3000","Type":"22","BlID":"12041","BusCityName":"파주"}]}]}]}}}