{"result": {"stationName":"귤현","stationID":20111,"type":21,"laneName":"인천 1호선","laneCity":"인천","x":126.7425888,"y":37.5664078,"prevOBJ": {"station": [{"stationName":"계양","stationID":20110,"type":21,"laneName":"인천 1호선","laneCity":"인천","x":126.7364139,"y":37.5714507}]},"nextOBJ": {"station": [{"stationName":"박촌","stationID":20112,"type":21,"laneName":"인천 1호선","laneCity":"인천","x":126.7450004,"y":37.5535397}]},"defaultInfo": {"address":"인천광역시 계양구 귤현동 334-1","new_address":"인천광역시 계양구 장제로 1136","tel":"032-515-9104"},"useInfo": {"platform":2,"meetingPlace":0,"restroom":2,"offDoor":1,"crossOver":2,"publicPlace":0,"handicapCount":1,"parkingCount":1,"bicycleCount":1,"civilCount":0},"exitInfo": {"gate": [{"GateNo":"1","GateLink": ["계양중학교","귤현초등학교","인천영어마을"],"BUSSTOP": [{"StopName":"귤현역","StopID":"116613","Bus": [{"BusNo":"30","Type":"11","BlID":"21025","BusCityName":"인천"},{"BusNo":"82","Type":"12","BlID":"21117","BusCityName":"인천"},{"BusNo":"589","Type":"12","BlID":"21247","BusCityName":"인천"}]},{"StopName":"귤현동마을입구","StopID":"116614","Bus": [{"BusNo":"841","Type":"1","BlID":"13005","BusCityName":"김포"},{"BusNo":"81-1","Type":"1","BlID":"13024","BusCityName":"김포"},{"BusNo":"30","Type":"11","BlID":"21025","BusCityName":"인천"},{"BusNo":"76","Type":"11","BlID":"21114","BusCityName":"인천"},{"BusNo":"75","Type":"11","BlID":"21148","BusCityName":"인천"},{"BusNo":"82","Type":"12","BlID":"21117","BusCityName":"인천"},{"BusNo":"589","Type":"12","BlID":"21247","BusCityName":"인천"}]},{"StopName":"귤현역","StopID":"182697","Bus": [{"BusNo":"841","Type":"1","BlID":"13005","BusCityName":"김포"},{"BusNo":"81","Type":"1","BlID":"13007","BusCityName":"김포"},{"BusNo":"81-1","Type":"1","BlID":"13024","BusCityName":"김포"},{"BusNo":"30","Type":"11","BlID":"21025","BusCityName":"인천"},{"BusNo":"76","Type":"11","BlID":"21114","BusCityName":"인천"},{"BusNo":"75","Type":"11","BlID":"21148","BusCityName":"인천"},{"BusNo":"82","Type":"12","BlID":"21117","BusCityName":"인천"},{"BusNo":"589","Type":"12","BlID":"21247","BusCityName":"인천"},{"BusNo":"905","Type":"26","BlID":"21243","BusCityName":"인천"}]},{"StopName":"귤현역","StopID":"182698","Bus": [{"BusNo":"841","Type":"1","BlID":"13005","BusCityName":"김포"},{"BusNo":"81","Type":"1","BlID":"13007","BusCityName":"김포"},{"BusNo":"81-1","Type":"1","BlID":"13024","BusCityName":"김포"},{"BusNo":"30","Type":"11","BlID":"21025","BusCityName":"인천"},{"BusNo":"76","Type":"11","BlID":"21114","BusCityName":"인천"},{"BusNo":"75","Type":"11","BlID":"21148","BusCityName":"인천"},{"BusNo":"82","Type":"12","BlID":"21117","BusCityName":"인천"},{"BusNo":"589","Type":"12","BlID":"21247","BusCityName":"인천"},{"BusNo":"905","Type":"26","BlID":"21243","BusCityName":"인천"}]}]}]}}}