{"result": {"stationName":"부평삼거리","stationID":20122,"type":21,"laneName":"인천 1호선","laneCity":"인천","x":126.7104755,"y":37.4782747,"prevOBJ": {"station": [{"stationName":"동수","stationID":20121,"type":21,"laneName":"인천 1호선","laneCity":"인천","x":126.7184035,"y":37.485416}]},"nextOBJ": {"station": [{"stationName":"간석오거리","stationID":20123,"type":21,"laneName":"인천 1호선","laneCity":"인천","x":126.7079009,"y":37.4669116}]},"defaultInfo": {"address":"인천광역시 부평구 십정동 592","new_address":"인천광역시 부평구 경인로 765","tel":"032-516-3122"},"useInfo": {"platform":2,"meetingPlace":0,"restroom":2,"offDoor":1,"crossOver":2,"publicPlace":0,"handicapCount":1,"parkingCount":0,"bicycleCount":1,"civilCount":0},"exitInfo": {"gate": [{"GateNo":"1","GateLink": ["인천가족공원"]},{"GateNo":"2","GateLink": ["인천보훈회관","팬더아파트","인천가족공원"],"BUSSTOP": [{"StopName":"부평삼거리","StopID":"181121","Bus": [{"BusNo":"30","Type":"11","BlID":"21025","BusCityName":"인천"},{"BusNo":"34","Type":"11","BlID":"21029","BusCityName":"인천"},{"BusNo":"45","Type":"11","BlID":"21037","BusCityName":"인천"},{"BusNo":"2","Type":"11","BlID":"21109","BusCityName":"인천"},{"BusNo":"111-2","Type":"11","BlID":"21116","BusCityName":"인천"},{"BusNo":"1400","Type":"14","BlID":"21170","BusCityName":"인천"},{"BusNo":"907","Type":"26","BlID":"21250","BusCityName":"인천"}]},{"StopName":"부평삼거리역","StopID":"181123","Bus": [{"BusNo":"539","Type":"12","BlID":"21070","BusCityName":"인천"}]}]},{"GateNo":"3","GateLink": ["십정2동주민센터","백운우편취급소","신명재단","제일고등학교","신태양아파트","신동아아파트"],"BUSSTOP": [{"StopName":"부평삼거리역","StopID":"181122","Bus": [{"BusNo":"30","Type":"11","BlID":"21025","BusCityName":"인천"},{"BusNo":"34","Type":"11","BlID":"21029","BusCityName":"인천"},{"BusNo":"45","Type":"11","BlID":"21037","BusCityName":"인천"},{"BusNo":"2","Type":"11","BlID":"21109","BusCityName":"인천"},{"BusNo":"111-2","Type":"11","BlID":"21116","BusCityName":"인천"},{"BusNo":"1400","Type":"14","BlID":"21170","BusCityName":"인천"},{"BusNo":"907","Type":"26","BlID":"21250","BusCityName":"인천"}]}]},{"GateNo":"4","GateLink": ["백운역","인천혜광학교","인천광명원","대주아파트"],"BUSSTOP": [{"StopName":"경인교회앞","StopID":"151906","Bus": [{"BusNo":"45","Type":"11","BlID":"21037","BusCityName":"인천"},{"BusNo":"760","Type":"11","BlID":"21168","BusCityName":"인천"}]},{"StopName":"부평사거리","StopID":"181569","Bus": [{"BusNo":"20","Type":"11","BlID":"21018","BusCityName":"인천"},{"BusNo":"30","Type":"11","BlID":"21025","BusCityName":"인천"},{"BusNo":"34","Type":"11","BlID":"21029","BusCityName":"인천"},{"BusNo":"2","Type":"11","BlID":"21109","BusCityName":"인천"},{"BusNo":"760","Type":"11","BlID":"21168","BusCityName":"인천"}]},{"StopName":"부평사거리","StopID":"181570","Bus": [{"BusNo":"30","Type":"11","BlID":"21025","BusCityName":"인천"},{"BusNo":"34","Type":"11","BlID":"21029","BusCityName":"인천"},{"BusNo":"2","Type":"11","BlID":"21109","BusCityName":"인천"}]}]}]}}}