{"result": {"stationName":"문학경기장","stationID":20127,"type":21,"laneName":"인천 1호선","laneCity":"인천","x":126.6983482,"y":37.4349553,"prevOBJ": {"station": [{"stationName":"인천터미널","stationID":20126,"type":21,"laneName":"인천 1호선","laneCity":"인천","x":126.699664,"y":37.4418537}]},"nextOBJ": {"station": [{"stationName":"선학","stationID":20128,"type":21,"laneName":"인천 1호선","laneCity":"인천","x":126.6989272,"y":37.4269604}]},"defaultInfo": {"address":"인천광역시 연수구 선학동 117-1","new_address":"인천광역시 연수구 예술로 2","tel":"032-441-3127"},"useInfo": {"platform":2,"meetingPlace":0,"restroom":2,"offDoor":1,"crossOver":2,"publicPlace":0,"handicapCount":1,"parkingCount":1,"bicycleCount":1,"civilCount":0},"exitInfo": {"gate": [{"GateNo":"1","GateLink": ["인명여자고등학교","승학초등학교"],"BUSSTOP": [{"StopName":"문학경기장(박태환수영장)","StopID":"181519","Bus": [{"BusNo":"303","Type":"2","BlID":"21135","BusCityName":"인천"},{"BusNo":"27","Type":"11","BlID":"21023","BusCityName":"인천"},{"BusNo":"63","Type":"11","BlID":"21040","BusCityName":"인천"},{"BusNo":"780-2","Type":"11","BlID":"21052","BusCityName":"인천"},{"BusNo":"754","Type":"11","BlID":"21217","BusCityName":"인천"},{"BusNo":"522","Type":"12","BlID":"21060","BusCityName":"인천"},{"BusNo":"523","Type":"12","BlID":"21061","BusCityName":"인천"}]},{"StopName":"문학경기장(박태환수영장)","StopID":"206392","Bus": [{"BusNo":"304","Type":"2","BlID":"21124","BusCityName":"인천"},{"BusNo":"303","Type":"2","BlID":"21135","BusCityName":"인천"},{"BusNo":"6-1","Type":"11","BlID":"21125","BusCityName":"인천"},{"BusNo":"43","Type":"12","BlID":"21122","BusCityName":"인천"}]}]},{"GateNo":"2","GateLink": ["문학경기장","인천도호부청사","인천향교","문학정보고등학교","인천광역시문학유스센터"],"BUSSTOP": [{"StopName":"문학경기장(박태환수영장)","StopID":"182529","Bus": [{"BusNo":"27","Type":"11","BlID":"21023","BusCityName":"인천"},{"BusNo":"63","Type":"11","BlID":"21040","BusCityName":"인천"},{"BusNo":"780-2","Type":"11","BlID":"21052","BusCityName":"인천"},{"BusNo":"754","Type":"11","BlID":"21217","BusCityName":"인천"},{"BusNo":"522","Type":"12","BlID":"21060","BusCityName":"인천"},{"BusNo":"523","Type":"12","BlID":"21061","BusCityName":"인천"},{"BusNo":"908","Type":"26","BlID":"21252","BusCityName":"인천"}]}]}]}}}