{"result": {"stationName":"동수","stationID":20121,"type":21,"laneName":"인천 1호선","laneCity":"인천","x":126.7184035,"y":37.485416,"prevOBJ": {"station": [{"stationName":"부평","stationID":20120,"type":21,"laneName":"인천 1호선","laneCity":"인천","x":126.7234847,"y":37.4904807}]},"nextOBJ": {"station": [{"stationName":"부평삼거리","stationID":20122,"type":21,"laneName":"인천 1호선","laneCity":"인천","x":126.7104755,"y":37.4782747}]},"defaultInfo": {"address":"인천광역시 부평구 부평동 686","new_address":"인천광역시 부평구 경인로 877","tel":"032-516-3121"},"useInfo": {"platform":2,"meetingPlace":0,"restroom":2,"offDoor":1,"crossOver":2,"publicPlace":0,"handicapCount":1,"parkingCount":0,"bicycleCount":1,"civilCount":0},"exitInfo": {"gate": [{"GateNo":"1","GateLink": ["부일여자중학교","경찰종합학교","부평6동주민센터","가톨릭의과대학 인천성모병원"],"BUSSTOP": [{"StopName":"동수역","StopID":"122403","Bus": [{"BusNo":"760","Type":"11","BlID":"21168","BusCityName":"인천"},{"BusNo":"721","Type":"11","BlID":"21226","BusCityName":"인천"},{"BusNo":"561","Type":"12","BlID":"21083","BusCityName":"인천"},{"BusNo":"526","Type":"12","BlID":"21233","BusCityName":"인천"}]},{"StopName":"부평남초등학교앞","StopID":"206566","Bus": [{"BusNo":"45","Type":"11","BlID":"21037","BusCityName":"인천"},{"BusNo":"721","Type":"11","BlID":"21226","BusCityName":"인천"}]}]},{"GateNo":"2","GateLink": ["인천성동학교","신성아파트","가톨릭의과대학 인천성모병원"],"BUSSTOP": [{"StopName":"삼능교회","StopID":"182709","Bus": [{"BusNo":"45","Type":"11","BlID":"21037","BusCityName":"인천"},{"BusNo":"760-1","Type":"11","BlID":"21259","BusCityName":"인천"}]},{"StopName":"신성미소지움","StopID":"187511","Bus": [{"BusNo":"557","Type":"12","BlID":"21079","BusCityName":"인천"},{"BusNo":"561","Type":"12","BlID":"21083","BusCityName":"인천"},{"BusNo":"526","Type":"12","BlID":"21233","BusCityName":"인천"}]},{"StopName":"부일여자중학교","StopID":"187533","Bus": [{"BusNo":"1","Type":"11","BlID":"21001","BusCityName":"인천"},{"BusNo":"721","Type":"11","BlID":"21226","BusCityName":"인천"},{"BusNo":"760-1","Type":"11","BlID":"21259","BusCityName":"인천"},{"BusNo":"561","Type":"12","BlID":"21083","BusCityName":"인천"},{"BusNo":"526","Type":"12","BlID":"21233","BusCityName":"인천"}]}]},{"GateNo":"3","GateLink": ["안암아파트","부평공원"],"BUSSTOP": [{"StopName":"동수역","StopID":"151898","Bus": [{"BusNo":"557","Type":"12","BlID":"21079","BusCityName":"인천"}]},{"StopName":"삼능교회","StopID":"182712","Bus": [{"BusNo":"45","Type":"11","BlID":"21037","BusCityName":"인천"},{"BusNo":"760","Type":"11","BlID":"21168","BusCityName":"인천"}]},{"StopName":"소망탑빌라","StopID":"187507","Bus": [{"BusNo":"557","Type":"12","BlID":"21079","BusCityName":"인천"}]},{"StopName":"신성미소지움","StopID":"187510","Bus": [{"BusNo":"557","Type":"12","BlID":"21079","BusCityName":"인천"},{"BusNo":"561","Type":"12","BlID":"21083","BusCityName":"인천"},{"BusNo":"526","Type":"12","BlID":"21233","BusCityName":"인천"}]}]},{"GateNo":"4","GateLink": ["부평2동주민센터","부평2동치안센터","부평남초등학교"],"BUSSTOP": [{"StopName":"새마을금고","StopID":"151899","Bus": [{"BusNo":"557","Type":"12","BlID":"21079","BusCityName":"인천"}]},{"StopName":"부평남초등학교","StopID":"152193","Bus": [{"BusNo":"1","Type":"11","BlID":"21001","BusCityName":"인천"},{"BusNo":"45","Type":"11","BlID":"21037","BusCityName":"인천"},{"BusNo":"721","Type":"11","BlID":"21226","BusCityName":"인천"}]},{"StopName":"새마을금고","StopID":"187512","Bus": [{"BusNo":"557","Type":"12","BlID":"21079","BusCityName":"인천"}]}]}]}}}