{"result": {"stationName":"신연수","stationID":20129,"type":21,"laneName":"인천 1호선","laneCity":"인천","x":126.69402,"y":37.4180582,"prevOBJ": {"station": [{"stationName":"선학","stationID":20128,"type":21,"laneName":"인천 1호선","laneCity":"인천","x":126.6989272,"y":37.4269604}]},"nextOBJ": {"station": [{"stationName":"원인재","stationID":20130,"type":21,"laneName":"인천 1호선","laneCity":"인천","x":126.6878386,"y":37.4123403}]},"defaultInfo": {"address":"인천광역시 연수구 선학동 384","new_address":"인천광역시 연수구 경원대로 368","tel":"032-813-3129"},"useInfo": {"platform":1,"meetingPlace":0,"restroom":1,"offDoor":0,"crossOver":2,"publicPlace":0,"handicapCount":1,"parkingCount":1,"bicycleCount":1,"civilCount":0},"exitInfo": {"gate": [{"GateNo":"1","GateLink": ["선학중학교","선학종합사회복지관"],"BUSSTOP": [{"StopName":"신연수역(1번출구)","StopID":"122762","Bus": [{"BusNo":"304","Type":"2","BlID":"21124","BusCityName":"인천"},{"BusNo":"522","Type":"12","BlID":"21060","BusCityName":"인천"},{"BusNo":"43","Type":"12","BlID":"21122","BusCityName":"인천"},{"BusNo":"908","Type":"26","BlID":"21252","BusCityName":"인천"}]},{"StopName":"선학아파트","StopID":"181506","Bus": [{"BusNo":"4","Type":"11","BlID":"21004","BusCityName":"인천"},{"BusNo":"754","Type":"11","BlID":"21217","BusCityName":"인천"},{"BusNo":"522","Type":"12","BlID":"21060","BusCityName":"인천"},{"BusNo":"51-2","Type":"12","BlID":"21235","BusCityName":"인천"}]}]},{"GateNo":"2","GateLink": ["남동국가산업단지"],"BUSSTOP": [{"StopName":"선학아파트","StopID":"181505","Bus": [{"BusNo":"4","Type":"11","BlID":"21004","BusCityName":"인천"},{"BusNo":"754","Type":"11","BlID":"21217","BusCityName":"인천"},{"BusNo":"51-1","Type":"12","BlID":"21234","BusCityName":"인천"},{"BusNo":"525","Type":"12","BlID":"21246","BusCityName":"인천"}]},{"StopName":"신연수역(2번출구)","StopID":"187439","Bus": [{"BusNo":"51-1","Type":"12","BlID":"21234","BusCityName":"인천"},{"BusNo":"525","Type":"12","BlID":"21246","BusCityName":"인천"},{"BusNo":"909","Type":"26","BlID":"21249","BusCityName":"인천"}]}]},{"GateNo":"3","GateLink": ["인천우체국"],"BUSSTOP": [{"StopName":"풍림아파트","StopID":"181503","Bus": [{"BusNo":"4","Type":"11","BlID":"21004","BusCityName":"인천"},{"BusNo":"754","Type":"11","BlID":"21217","BusCityName":"인천"},{"BusNo":"43","Type":"12","BlID":"21122","BusCityName":"인천"}]},{"StopName":"신연수역(3번출구)","StopID":"187445","Bus": [{"BusNo":"304","Type":"2","BlID":"21124","BusCityName":"인천"},{"BusNo":"522","Type":"12","BlID":"21060","BusCityName":"인천"},{"BusNo":"51-2","Type":"12","BlID":"21235","BusCityName":"인천"},{"BusNo":"525","Type":"12","BlID":"21246","BusCityName":"인천"},{"BusNo":"909","Type":"26","BlID":"21249","BusCityName":"인천"},{"BusNo":"908","Type":"26","BlID":"21252","BusCityName":"인천"}]}]},{"GateNo":"4","GateLink": ["연수3동 주민센터","가천대학교 메디컬캠퍼스"],"BUSSTOP": [{"StopName":"대림아파트","StopID":"181504","Bus": [{"BusNo":"4","Type":"11","BlID":"21004","BusCityName":"인천"},{"BusNo":"754","Type":"11","BlID":"21217","BusCityName":"인천"}]}]}]}}}