{"result": {"stationName":"인천시청","stationID":20124,"type":21,"laneName":"인천 1호선","laneCity":"인천","x":126.702217,"y":37.4576228,"prevOBJ": {"station": [{"stationName":"간석오거리","stationID":20123,"type":21,"laneName":"인천 1호선","laneCity":"인천","x":126.7079009,"y":37.4669116}]},"nextOBJ": {"station": [{"stationName":"예술회관","stationID":20125,"type":21,"laneName":"인천 1호선","laneCity":"인천","x":126.7010156,"y":37.4493111}]},"defaultInfo": {"address":"인천광역시 남동구 간석동 927","new_address":"인천광역시 남동구 예술로 264","tel":"032-441-3124"},"useInfo": {"platform":2,"meetingPlace":0,"restroom":2,"offDoor":1,"crossOver":1,"publicPlace":0,"handicapCount":1,"parkingCount":1,"bicycleCount":1,"civilCount":0},"exitInfo": {"gate": [{"GateNo":"1","GateLink": ["간석1동 주민센터","인천예술고등학교","금호어울림 아파트","신태양아파트"]},{"GateNo":"2","GateLink": ["간석1동 주민센터","인천예술고등학교","덕산아파트","신태양아파트"]},{"GateNo":"3","GateLink": ["서해그랑블 아파트"],"BUSSTOP": [{"StopName":"인천시청후문","StopID":"181137","Bus": [{"BusNo":"800","Type":"2","BlID":"21188","BusCityName":"인천"},{"BusNo":"8","Type":"11","BlID":"21007","BusCityName":"인천"},{"BusNo":"33","Type":"11","BlID":"21028","BusCityName":"인천"},{"BusNo":"41","Type":"11","BlID":"21034","BusCityName":"인천"},{"BusNo":"540","Type":"12","BlID":"21071","BusCityName":"인천"},{"BusNo":"9100","Type":"14","BlID":"21132","BusCityName":"인천"},{"BusNo":"790","Type":"14","BlID":"21171","BusCityName":"인천"},{"BusNo":"1601","Type":"14","BlID":"21210","BusCityName":"인천"},{"BusNo":"8848","Type":"22","BlID":"6589","BusCityName":"안산"},{"BusNo":"8851","Type":"22","BlID":"6590","BusCityName":"안산"},{"BusNo":"8855","Type":"22","BlID":"6592","BusCityName":"광주"},{"BusNo":"8850","Type":"22","BlID":"10725","BusCityName":"광주"}]}]},{"GateNo":"4","GateLink": ["인천시청후문"],"BUSSTOP": [{"StopName":"인천시청후문","StopID":"181138","Bus": [{"BusNo":"800","Type":"2","BlID":"21188","BusCityName":"인천"},{"BusNo":"8","Type":"11","BlID":"21007","BusCityName":"인천"},{"BusNo":"33","Type":"11","BlID":"21028","BusCityName":"인천"},{"BusNo":"41","Type":"11","BlID":"21034","BusCityName":"인천"},{"BusNo":"540","Type":"12","BlID":"21071","BusCityName":"인천"},{"BusNo":"9100","Type":"14","BlID":"21132","BusCityName":"인천"},{"BusNo":"790","Type":"14","BlID":"21171","BusCityName":"인천"},{"BusNo":"1601","Type":"14","BlID":"21210","BusCityName":"인천"},{"BusNo":"8848","Type":"22","BlID":"6589","BusCityName":"안산"},{"BusNo":"8851","Type":"22","BlID":"6590","BusCityName":"안산"},{"BusNo":"8855","Type":"22","BlID":"6592","BusCityName":"광주"},{"BusNo":"8850","Type":"22","BlID":"10725","BusCityName":"광주"}]}]},{"GateNo":"5","GateLink": ["중앙도서관","한국방송통신대학교","인천시교육청"]},{"GateNo":"6","GateLink": ["극동아파트","상인천여자중학교","동인천중학교","석바위","금호맨션","현대홈타운"]},{"GateNo":"7","GateLink": ["미개통"],"BUSSTOP": [{"StopName":"극동.금호아파트","StopID":"122837","Bus": [{"BusNo":"8","Type":"11","BlID":"21007","BusCityName":"인천"},{"BusNo":"33","Type":"11","BlID":"21028","BusCityName":"인천"},{"BusNo":"41","Type":"11","BlID":"21034","BusCityName":"인천"},{"BusNo":"540","Type":"12","BlID":"21071","BusCityName":"인천"},{"BusNo":"1601","Type":"14","BlID":"21210","BusCityName":"인천"}]},{"StopName":"극동.금호아파트","StopID":"181287","Bus": [{"BusNo":"8","Type":"11","BlID":"21007","BusCityName":"인천"},{"BusNo":"33","Type":"11","BlID":"21028","BusCityName":"인천"},{"BusNo":"41","Type":"11","BlID":"21034","BusCityName":"인천"},{"BusNo":"540","Type":"12","BlID":"21071","BusCityName":"인천"},{"BusNo":"1601","Type":"14","BlID":"21210","BusCityName":"인천"}]}]},{"GateNo":"9","GateLink": ["중앙공원","주원고개","성락아파트"]}]}}}