{"result": {"stationName":"인천터미널","stationID":20126,"type":21,"laneName":"인천 1호선","laneCity":"인천","x":126.699664,"y":37.4418537,"prevOBJ": {"station": [{"stationName":"예술회관","stationID":20125,"type":21,"laneName":"인천 1호선","laneCity":"인천","x":126.7010156,"y":37.4493111}]},"nextOBJ": {"station": [{"stationName":"문학경기장","stationID":20127,"type":21,"laneName":"인천 1호선","laneCity":"인천","x":126.6983482,"y":37.4349553}]},"defaultInfo": {"address":"인천광역시 남구 관교동 14","new_address":"인천광역시 남구 예술로 85","tel":"032-441-3126"},"useInfo": {"platform":2,"meetingPlace":0,"restroom":2,"offDoor":1,"crossOver":2,"publicPlace":0,"handicapCount":1,"parkingCount":1,"bicycleCount":1,"civilCount":0},"exitInfo": {"gate": [{"GateNo":"1","GateLink": ["관교동주민센터","관교 119 안전센터"],"BUSSTOP": [{"StopName":"종합터미널역","StopID":"181360","Bus": [{"BusNo":"800","Type":"2","BlID":"21188","BusCityName":"인천"},{"BusNo":"70","Type":"11","BlID":"21157","BusCityName":"인천"},{"BusNo":"700-1","Type":"11","BlID":"21203","BusCityName":"인천"},{"BusNo":"700","Type":"11","BlID":"21258","BusCityName":"인천"}]}]},{"GateNo":"2","GateLink": ["국민연금인천회관","인천보훈지청","한국전기안전공사","농산물도매시장"],"BUSSTOP": [{"StopName":"신세계백화점(인천터미널)","StopID":"181174","Bus": [{"BusNo":"303","Type":"2","BlID":"21135","BusCityName":"인천"},{"BusNo":"4","Type":"11","BlID":"21004","BusCityName":"인천"},{"BusNo":"6","Type":"11","BlID":"21006","BusCityName":"인천"},{"BusNo":"11","Type":"11","BlID":"21010","BusCityName":"인천"},{"BusNo":"13","Type":"11","BlID":"21012","BusCityName":"인천"},{"BusNo":"21","Type":"11","BlID":"21019","BusCityName":"인천"},{"BusNo":"22","Type":"11","BlID":"21020","BusCityName":"인천"},{"BusNo":"27","Type":"11","BlID":"21023","BusCityName":"인천"},{"BusNo":"5","Type":"11","BlID":"21027","BusCityName":"인천"},{"BusNo":"35","Type":"11","BlID":"21030","BusCityName":"인천"},{"BusNo":"36","Type":"11","BlID":"21031","BusCityName":"인천"},{"BusNo":"38","Type":"11","BlID":"21032","BusCityName":"인천"},{"BusNo":"41","Type":"11","BlID":"21034","BusCityName":"인천"},{"BusNo":"780-2","Type":"11","BlID":"21052","BusCityName":"인천"},{"BusNo":"21-1","Type":"11","BlID":"21110","BusCityName":"인천"},{"BusNo":"111-2","Type":"11","BlID":"21116","BusCityName":"인천"},{"BusNo":"3-2","Type":"11","BlID":"21186","BusCityName":"인천"},{"BusNo":"754","Type":"11","BlID":"21217","BusCityName":"인천"},{"BusNo":"520","Type":"12","BlID":"21058","BusCityName":"인천"},{"BusNo":"534","Type":"12","BlID":"21065","BusCityName":"인천"},{"BusNo":"31","Type":"12","BlID":"21119","BusCityName":"인천"},{"BusNo":"514-1","Type":"12","BlID":"21128","BusCityName":"인천"},{"BusNo":"1300","Type":"14","BlID":"21149","BusCityName":"인천"},{"BusNo":"908","Type":"26","BlID":"21252","BusCityName":"인천"}]}]},{"GateNo":"3","GateLink": ["인천종합터미널"],"BUSSTOP": [{"StopName":"인천터미널","StopID":"152163","Bus": [{"BusNo":"9500","Type":"14","BlID":"21152","BusCityName":"인천"},{"BusNo":"1400","Type":"14","BlID":"21170","BusCityName":"인천"}]}]},{"GateNo":"4","GateLink": ["승학초등학교","인명여자고등학교"]},{"GateNo":"5","GateLink": ["어린이교통공원"],"BUSSTOP": [{"StopName":"인명여자고등학교","StopID":"181362","Bus": [{"BusNo":"303","Type":"2","BlID":"21135","BusCityName":"인천"},{"BusNo":"4","Type":"11","BlID":"21004","BusCityName":"인천"},{"BusNo":"11","Type":"11","BlID":"21010","BusCityName":"인천"},{"BusNo":"13","Type":"11","BlID":"21012","BusCityName":"인천"},{"BusNo":"5","Type":"11","BlID":"21027","BusCityName":"인천"},{"BusNo":"111-2","Type":"11","BlID":"21116","BusCityName":"인천"},{"BusNo":"6-1","Type":"11","BlID":"21125","BusCityName":"인천"},{"BusNo":"31","Type":"12","BlID":"21119","BusCityName":"인천"}]},{"StopName":"인명여자고등학교","StopID":"181363","Bus": [{"BusNo":"303","Type":"2","BlID":"21135","BusCityName":"인천"},{"BusNo":"4","Type":"11","BlID":"21004","BusCityName":"인천"},{"BusNo":"6","Type":"11","BlID":"21006","BusCityName":"인천"},{"BusNo":"11","Type":"11","BlID":"21010","BusCityName":"인천"},{"BusNo":"13","Type":"11","BlID":"21012","BusCityName":"인천"},{"BusNo":"5","Type":"11","BlID":"21027","BusCityName":"인천"},{"BusNo":"780-2","Type":"11","BlID":"21052","BusCityName":"인천"},{"BusNo":"21-1","Type":"11","BlID":"21110","BusCityName":"인천"},{"BusNo":"111-2","Type":"11","BlID":"21116","BusCityName":"인천"},{"BusNo":"520","Type":"12","BlID":"21058","BusCityName":"인천"},{"BusNo":"31","Type":"12","BlID":"21119","BusCityName":"인천"}]}]},{"GateNo":"6","GateLink": ["중앙공원"],"BUSSTOP": [{"StopName":"예술회관사거리","StopID":"122484","Bus": [{"BusNo":"780-2","Type":"11","BlID":"21052","BusCityName":"인천"},{"BusNo":"534","Type":"12","BlID":"21065","BusCityName":"인천"},{"BusNo":"31","Type":"12","BlID":"21119","BusCityName":"인천"}]},{"StopName":"풍림아파트","StopID":"181358","Bus": [{"BusNo":"303","Type":"2","BlID":"21135","BusCityName":"인천"},{"BusNo":"4","Type":"11","BlID":"21004","BusCityName":"인천"},{"BusNo":"11","Type":"11","BlID":"21010","BusCityName":"인천"},{"BusNo":"13","Type":"11","BlID":"21012","BusCityName":"인천"},{"BusNo":"5","Type":"11","BlID":"21027","BusCityName":"인천"},{"BusNo":"111-2","Type":"11","BlID":"21116","BusCityName":"인천"},{"BusNo":"6-1","Type":"11","BlID":"21125","BusCityName":"인천"},{"BusNo":"31","Type":"12","BlID":"21119","BusCityName":"인천"}]},{"StopName":"풍림아파트","StopID":"181359","Bus": [{"BusNo":"303","Type":"2","BlID":"21135","BusCityName":"인천"},{"BusNo":"4","Type":"11","BlID":"21004","BusCityName":"인천"},{"BusNo":"6","Type":"11","BlID":"21006","BusCityName":"인천"},{"BusNo":"11","Type":"11","BlID":"21010","BusCityName":"인천"},{"BusNo":"13","Type":"11","BlID":"21012","BusCityName":"인천"},{"BusNo":"5","Type":"11","BlID":"21027","BusCityName":"인천"},{"BusNo":"780-2","Type":"11","BlID":"21052","BusCityName":"인천"},{"BusNo":"21-1","Type":"11","BlID":"21110","BusCityName":"인천"},{"BusNo":"111-2","Type":"11","BlID":"21116","BusCityName":"인천"},{"BusNo":"520","Type":"12","BlID":"21058","BusCityName":"인천"},{"BusNo":"31","Type":"12","BlID":"21119","BusCityName":"인천"}]}]}]}}}