{"result": {"stationName":"부평","stationID":20120,"type":21,"laneName":"인천 1호선","laneCity":"인천","x":126.7234847,"y":37.4904807,"exOBJ": {"station": [{"stationName":"부평","stationID":152,"type":1,"laneName":"수도권 1호선","laneCity":"수도권"}]},"prevOBJ": {"station": [{"stationName":"부평시장","stationID":20119,"type":21,"laneName":"인천 1호선","laneCity":"인천","x":126.7222747,"y":37.4984598}]},"nextOBJ": {"station": [{"stationName":"동수","stationID":20121,"type":21,"laneName":"인천 1호선","laneCity":"인천","x":126.7184035,"y":37.485416}]},"defaultInfo": {"address":"인천광역시 부평구 부평동 224-1","new_address":"인천광역시 부평구 광장로 15","tel":"032-515-9103"},"useInfo": {"platform":2,"meetingPlace":0,"restroom":2,"offDoor":1,"crossOver":2,"publicPlace":0,"handicapCount":1,"parkingCount":1,"bicycleCount":1,"civilCount":0},"exitInfo": {"gate": [{"GateNo":"1","GateLink": ["부평6동주민센터","부평남초등학교","목련연립","가톨릭의과대학 인천성모병원"],"BUSSTOP": [{"StopName":"부평남부역","StopID":"182710","Bus": [{"BusNo":"45","Type":"11","BlID":"21037","BusCityName":"인천"},{"BusNo":"721","Type":"11","BlID":"21226","BusCityName":"인천"}]},{"StopName":"부평남부역입구","StopID":"182711","Bus": [{"BusNo":"1","Type":"11","BlID":"21001","BusCityName":"인천"},{"BusNo":"45","Type":"11","BlID":"21037","BusCityName":"인천"},{"BusNo":"721","Type":"11","BlID":"21226","BusCityName":"인천"}]}]},{"GateNo":"2","GateLink": ["인천성모병원","경찰학교","부평남초교"]},{"GateNo":"3","GateLink": ["북부광장","우체국","롯데시네마","클리닉센터병원","서울웨딩홀"]},{"GateNo":"4","GateLink": ["역전지구대","부평역광장"]},{"GateNo":"5","GateLink": ["역전지구대"],"BUSSTOP": [{"StopName":"부평역","StopID":"182299","Bus": [{"BusNo":"111","Type":"2","BlID":"21046","BusCityName":"인천"},{"BusNo":"30","Type":"11","BlID":"21025","BusCityName":"인천"},{"BusNo":"34","Type":"11","BlID":"21029","BusCityName":"인천"},{"BusNo":"2","Type":"11","BlID":"21109","BusCityName":"인천"},{"BusNo":"111-2","Type":"11","BlID":"21116","BusCityName":"인천"},{"BusNo":"557","Type":"12","BlID":"21079","BusCityName":"인천"},{"BusNo":"570","Type":"12","BlID":"21091","BusCityName":"인천"}]},{"StopName":"부평역","StopID":"182302","Bus": [{"BusNo":"111","Type":"2","BlID":"21046","BusCityName":"인천"},{"BusNo":"10","Type":"11","BlID":"21009","BusCityName":"인천"},{"BusNo":"20","Type":"11","BlID":"21018","BusCityName":"인천"},{"BusNo":"23","Type":"11","BlID":"21021","BusCityName":"인천"},{"BusNo":"24","Type":"11","BlID":"21022","BusCityName":"인천"},{"BusNo":"30","Type":"11","BlID":"21025","BusCityName":"인천"},{"BusNo":"34","Type":"11","BlID":"21029","BusCityName":"인천"},{"BusNo":"35","Type":"11","BlID":"21030","BusCityName":"인천"},{"BusNo":"2","Type":"11","BlID":"21109","BusCityName":"인천"},{"BusNo":"111-2","Type":"11","BlID":"21116","BusCityName":"인천"},{"BusNo":"24-1","Type":"11","BlID":"21137","BusCityName":"인천"}]},{"StopName":"부평역(대한극장)","StopID":"182304","Bus": [{"BusNo":"10","Type":"11","BlID":"21009","BusCityName":"인천"},{"BusNo":"20","Type":"11","BlID":"21018","BusCityName":"인천"},{"BusNo":"23","Type":"11","BlID":"21021","BusCityName":"인천"},{"BusNo":"24","Type":"11","BlID":"21022","BusCityName":"인천"},{"BusNo":"35","Type":"11","BlID":"21030","BusCityName":"인천"},{"BusNo":"24-1","Type":"11","BlID":"21137","BusCityName":"인천"},{"BusNo":"552","Type":"12","BlID":"21074","BusCityName":"인천"},{"BusNo":"562","Type":"12","BlID":"21084","BusCityName":"인천"},{"BusNo":"574","Type":"12","BlID":"21093","BusCityName":"인천"}]},{"StopName":"부평역(우체국앞)","StopID":"182782","Bus": [{"BusNo":"552","Type":"12","BlID":"21074","BusCityName":"인천"},{"BusNo":"557","Type":"12","BlID":"21079","BusCityName":"인천"},{"BusNo":"560","Type":"12","BlID":"21082","BusCityName":"인천"},{"BusNo":"562","Type":"12","BlID":"21084","BusCityName":"인천"},{"BusNo":"570","Type":"12","BlID":"21091","BusCityName":"인천"},{"BusNo":"574","Type":"12","BlID":"21093","BusCityName":"인천"}]}]},{"GateNo":"6","GateLink": ["부평역광장","역전지구대","북인천우체국","부원중학교","부평1주민센터","부평서초등학교","대한극장"]},{"GateNo":"7","GateLink": ["부평소방파출소","부평5주민센터","굴다리로터리","시장로터리"],"BUSSTOP": [{"StopName":"부평역","StopID":"182321","Bus": [{"BusNo":"103-1","Type":"11","BlID":"21146","BusCityName":"인천"},{"BusNo":"721","Type":"11","BlID":"21226","BusCityName":"인천"},{"BusNo":"555","Type":"12","BlID":"21077","BusCityName":"인천"},{"BusNo":"557","Type":"12","BlID":"21079","BusCityName":"인천"},{"BusNo":"561","Type":"12","BlID":"21083","BusCityName":"인천"},{"BusNo":"562","Type":"12","BlID":"21084","BusCityName":"인천"},{"BusNo":"570","Type":"12","BlID":"21091","BusCityName":"인천"},{"BusNo":"583","Type":"12","BlID":"21098","BusCityName":"인천"},{"BusNo":"586","Type":"12","BlID":"21101","BusCityName":"인천"},{"BusNo":"9500","Type":"14","BlID":"21152","BusCityName":"인천"},{"BusNo":"1400","Type":"14","BlID":"21170","BusCityName":"인천"}]},{"StopName":"부평역","StopID":"187515","Bus": [{"BusNo":"552","Type":"12","BlID":"21074","BusCityName":"인천"},{"BusNo":"556","Type":"12","BlID":"21078","BusCityName":"인천"},{"BusNo":"558","Type":"12","BlID":"21080","BusCityName":"인천"},{"BusNo":"581","Type":"12","BlID":"21095","BusCityName":"인천"},{"BusNo":"582","Type":"12","BlID":"21096","BusCityName":"인천"}]},{"StopName":"부평역","StopID":"187559","Bus": [{"BusNo":"552","Type":"12","BlID":"21074","BusCityName":"인천"},{"BusNo":"565","Type":"12","BlID":"21086","BusCityName":"인천"},{"BusNo":"571","Type":"12","BlID":"21092","BusCityName":"인천"},{"BusNo":"904-1","Type":"26","BlID":"21000","BusCityName":"인천"},{"BusNo":"904","Type":"26","BlID":"21241","BusCityName":"인천"}]},{"StopName":"부평역","StopID":"206078","Bus": [{"BusNo":"559","Type":"12","BlID":"21081","BusCityName":"인천"},{"BusNo":"568","Type":"12","BlID":"21089","BusCityName":"인천"},{"BusNo":"579","Type":"12","BlID":"21094","BusCityName":"인천"}]}]},{"GateNo":"8","GateLink": ["보건소","농렵로타리"],"BUSSTOP": [{"StopName":"부평역","StopID":"187523","Bus": [{"BusNo":"88","Type":"1","BlID":"7047","BusCityName":"부천"},{"BusNo":"1","Type":"11","BlID":"21001","BusCityName":"인천"},{"BusNo":"12","Type":"11","BlID":"21011","BusCityName":"인천"},{"BusNo":"45","Type":"11","BlID":"21037","BusCityName":"인천"},{"BusNo":"14-1","Type":"11","BlID":"21134","BusCityName":"인천"},{"BusNo":"103-1","Type":"11","BlID":"21146","BusCityName":"인천"},{"BusNo":"721","Type":"11","BlID":"21226","BusCityName":"인천"},{"BusNo":"551","Type":"12","BlID":"21073","BusCityName":"인천"},{"BusNo":"558","Type":"12","BlID":"21080","BusCityName":"인천"},{"BusNo":"561","Type":"12","BlID":"21083","BusCityName":"인천"},{"BusNo":"574","Type":"12","BlID":"21093","BusCityName":"인천"},{"BusNo":"584","Type":"12","BlID":"21099","BusCityName":"인천"},{"BusNo":"585","Type":"12","BlID":"21100","BusCityName":"인천"},{"BusNo":"737","Type":"22","BlID":"6583","BusCityName":"안산"},{"BusNo":"8860","Type":"22","BlID":"6591","BusCityName":"안산"}]}]}]}}}