{"result": {"stationName":"예술회관","stationID":20125,"type":21,"laneName":"인천 1호선","laneCity":"인천","x":126.7010156,"y":37.4493111,"prevOBJ": {"station": [{"stationName":"인천시청","stationID":20124,"type":21,"laneName":"인천 1호선","laneCity":"인천","x":126.702217,"y":37.4576228}]},"nextOBJ": {"station": [{"stationName":"인천터미널","stationID":20126,"type":21,"laneName":"인천 1호선","laneCity":"인천","x":126.699664,"y":37.4418537}]},"defaultInfo": {"address":"인천광역시 남동구 구월동 1408","new_address":"인천광역시 남동구 예술로 172","tel":"032-441-3125"},"useInfo": {"platform":2,"meetingPlace":0,"restroom":2,"offDoor":1,"crossOver":1,"publicPlace":0,"handicapCount":1,"parkingCount":1,"bicycleCount":1,"civilCount":0},"exitInfo": {"gate": [{"GateNo":"1","GateLink": ["CGV STARIUM","YMCA","인천선거관리위원회","한국방송통신대학교"]},{"GateNo":"2","GateLink": ["국민건강보험공단","근로복지공단","한국주택금융공사","농협중앙회"],"BUSSTOP": [{"StopName":"시청광장입구","StopID":"181153","Bus": [{"BusNo":"41","Type":"11","BlID":"21034","BusCityName":"인천"},{"BusNo":"45","Type":"11","BlID":"21037","BusCityName":"인천"},{"BusNo":"700-1","Type":"11","BlID":"21203","BusCityName":"인천"},{"BusNo":"754","Type":"11","BlID":"21217","BusCityName":"인천"},{"BusNo":"700","Type":"11","BlID":"21258","BusCityName":"인천"},{"BusNo":"534","Type":"12","BlID":"21065","BusCityName":"인천"}]}]},{"GateNo":"3","GateLink": ["구월여자중학교","길병원사거리","중앙직업전문학교"],"BUSSTOP": [{"StopName":"시청광장입구","StopID":"181154","Bus": [{"BusNo":"45","Type":"11","BlID":"21037","BusCityName":"인천"},{"BusNo":"77","Type":"11","BlID":"21044","BusCityName":"인천"},{"BusNo":"700-1","Type":"11","BlID":"21203","BusCityName":"인천"},{"BusNo":"754","Type":"11","BlID":"21217","BusCityName":"인천"},{"BusNo":"700","Type":"11","BlID":"21258","BusCityName":"인천"}]}]},{"GateNo":"4","GateLink": ["구월여자중학교","인천지방경찰청","인천외국어사"]},{"GateNo":"5","GateLink": ["인천지방경찰청","한국전기안전공사","국민연금공단","인천통계사무소","교보문고 인천점","신용보증기금인재개발원","미추홀도서관"],"BUSSTOP": [{"StopName":"예술회관역(4번출구)","StopID":"181293","Bus": [{"BusNo":"21","Type":"11","BlID":"21019","BusCityName":"인천"},{"BusNo":"77","Type":"11","BlID":"21044","BusCityName":"인천"},{"BusNo":"700-1","Type":"11","BlID":"21203","BusCityName":"인천"},{"BusNo":"754","Type":"11","BlID":"21217","BusCityName":"인천"},{"BusNo":"700","Type":"11","BlID":"21258","BusCityName":"인천"},{"BusNo":"903","Type":"26","BlID":"21238","BusCityName":"인천"}]}]},{"GateNo":"6","GateLink": ["인천종합문화예술회관","한국토지주택공사","인천문화재단","국민연금공단","신용보증기금"],"BUSSTOP": [{"StopName":"예술회관역","StopID":"181292","Bus": [{"BusNo":"21","Type":"11","BlID":"21019","BusCityName":"인천"},{"BusNo":"41","Type":"11","BlID":"21034","BusCityName":"인천"},{"BusNo":"700-1","Type":"11","BlID":"21203","BusCityName":"인천"},{"BusNo":"754","Type":"11","BlID":"21217","BusCityName":"인천"},{"BusNo":"700","Type":"11","BlID":"21258","BusCityName":"인천"}]}]},{"GateNo":"7","GateLink": ["올림픽공원","인천종합문화예술회관"]},{"GateNo":"8","GateLink": ["올림픽공원","인천종합문화예술회관"],"BUSSTOP": [{"StopName":"올림픽공원","StopID":"122548","Bus": [{"BusNo":"523","Type":"12","BlID":"21061","BusCityName":"인천"}]}]},{"GateNo":"9","GateLink": ["올림픽공원","구월동우체국","구월지구대사무소","예일종합예술학교"],"BUSSTOP": [{"StopName":"중부고용노동청","StopID":"122549","Bus": [{"BusNo":"523","Type":"12","BlID":"21061","BusCityName":"인천"}]}]},{"GateNo":"10","GateLink": ["경인환경출장소","중부고용노동청","구월3동 주민센터","인천고용센터","남동구노인복지회관","대한지적공사"]},{"GateNo":"11","GateLink": ["상인천여자중학교"]}]}}}