{"result": {"stationName":"선학","stationID":20128,"type":21,"laneName":"인천 1호선","laneCity":"인천","x":126.6989272,"y":37.4269604,"prevOBJ": {"station": [{"stationName":"문학경기장","stationID":20127,"type":21,"laneName":"인천 1호선","laneCity":"인천","x":126.6983482,"y":37.4349553}]},"nextOBJ": {"station": [{"stationName":"신연수","stationID":20129,"type":21,"laneName":"인천 1호선","laneCity":"인천","x":126.69402,"y":37.4180582}]},"defaultInfo": {"address":"인천광역시 연수구 선학동 241-2","new_address":"인천광역시 연수구 경원대로 480","tel":"032-821-3128"},"useInfo": {"platform":2,"meetingPlace":0,"restroom":2,"offDoor":1,"crossOver":2,"publicPlace":0,"handicapCount":1,"parkingCount":0,"bicycleCount":1,"civilCount":0},"exitInfo": {"gate": [{"GateNo":"1","GateLink": ["금호타운"],"BUSSTOP": [{"StopName":"선학역(1번출구)","StopID":"181515","Bus": [{"BusNo":"304","Type":"2","BlID":"21124","BusCityName":"인천"},{"BusNo":"303","Type":"2","BlID":"21135","BusCityName":"인천"},{"BusNo":"6","Type":"11","BlID":"21006","BusCityName":"인천"},{"BusNo":"27","Type":"11","BlID":"21023","BusCityName":"인천"},{"BusNo":"63","Type":"11","BlID":"21040","BusCityName":"인천"},{"BusNo":"780-2","Type":"11","BlID":"21052","BusCityName":"인천"},{"BusNo":"754","Type":"11","BlID":"21217","BusCityName":"인천"},{"BusNo":"522","Type":"12","BlID":"21060","BusCityName":"인천"},{"BusNo":"523","Type":"12","BlID":"21061","BusCityName":"인천"},{"BusNo":"43","Type":"12","BlID":"21122","BusCityName":"인천"},{"BusNo":"M6724","Type":"14","BlID":"21041","BusCityName":"인천"},{"BusNo":"1300","Type":"14","BlID":"21149","BusCityName":"인천"},{"BusNo":"908","Type":"26","BlID":"21252","BusCityName":"인천"}]}]},{"GateNo":"2","GateLink": ["선학초등학교","선학동 주민센터"],"BUSSTOP": [{"StopName":"금호아파트","StopID":"181513","Bus": [{"BusNo":"522","Type":"12","BlID":"21060","BusCityName":"인천"}]}]},{"GateNo":"3","GateLink": ["연수초등학교"]},{"GateNo":"4","GateLink": ["국립농산물품질관리원 인천출장소","윤성아파트","희영아파트"],"BUSSTOP": [{"StopName":"윤성아파트","StopID":"122559","Bus": [{"BusNo":"780-2","Type":"11","BlID":"21052","BusCityName":"인천"},{"BusNo":"522","Type":"12","BlID":"21060","BusCityName":"인천"},{"BusNo":"43","Type":"12","BlID":"21122","BusCityName":"인천"}]},{"StopName":"선학역","StopID":"181516","Bus": [{"BusNo":"304","Type":"2","BlID":"21124","BusCityName":"인천"},{"BusNo":"303","Type":"2","BlID":"21135","BusCityName":"인천"},{"BusNo":"27","Type":"11","BlID":"21023","BusCityName":"인천"},{"BusNo":"63","Type":"11","BlID":"21040","BusCityName":"인천"},{"BusNo":"780-2","Type":"11","BlID":"21052","BusCityName":"인천"},{"BusNo":"6-1","Type":"11","BlID":"21125","BusCityName":"인천"},{"BusNo":"754","Type":"11","BlID":"21217","BusCityName":"인천"},{"BusNo":"522","Type":"12","BlID":"21060","BusCityName":"인천"},{"BusNo":"523","Type":"12","BlID":"21061","BusCityName":"인천"},{"BusNo":"43","Type":"12","BlID":"21122","BusCityName":"인천"},{"BusNo":"1300","Type":"14","BlID":"21149","BusCityName":"인천"},{"BusNo":"908","Type":"26","BlID":"21252","BusCityName":"인천"}]}]}]}}}