{"result": {"stationName":"간석오거리","stationID":20123,"type":21,"laneName":"인천 1호선","laneCity":"인천","x":126.7079009,"y":37.4669116,"prevOBJ": {"station": [{"stationName":"부평삼거리","stationID":20122,"type":21,"laneName":"인천 1호선","laneCity":"인천","x":126.7104755,"y":37.4782747}]},"nextOBJ": {"station": [{"stationName":"인천시청","stationID":20124,"type":21,"laneName":"인천 1호선","laneCity":"인천","x":126.702217,"y":37.4576228}]},"defaultInfo": {"address":"인천광역시 남동구 간석동 215-1","new_address":"인천광역시 남동구 경인로 642","tel":"032-434-3123"},"useInfo": {"platform":2,"meetingPlace":0,"restroom":2,"offDoor":1,"crossOver":2,"publicPlace":0,"handicapCount":1,"parkingCount":0,"bicycleCount":1,"civilCount":0},"exitInfo": {"gate": [{"GateNo":"1","GateLink": ["인천메트로","도시철도건설본부","약사사"],"BUSSTOP": [{"StopName":"간석오거리","StopID":"181119","Bus": [{"BusNo":"30","Type":"11","BlID":"21025","BusCityName":"인천"},{"BusNo":"34","Type":"11","BlID":"21029","BusCityName":"인천"},{"BusNo":"45","Type":"11","BlID":"21037","BusCityName":"인천"},{"BusNo":"2","Type":"11","BlID":"21109","BusCityName":"인천"},{"BusNo":"111-2","Type":"11","BlID":"21116","BusCityName":"인천"},{"BusNo":"9500","Type":"14","BlID":"21152","BusCityName":"인천"},{"BusNo":"1400","Type":"14","BlID":"21170","BusCityName":"인천"},{"BusNo":"907","Type":"26","BlID":"21250","BusCityName":"인천"}]}]},{"GateNo":"2","GateLink": ["약산초등학교","간석여자중학교","신명여자고등학교","간석3치안센터","남동요양보호사교육원","남동엔젤스노인복지센터"],"BUSSTOP": [{"StopName":"목화예식장","StopID":"206538","Bus": [{"BusNo":"533","Type":"12","BlID":"21064","BusCityName":"인천"},{"BusNo":"534","Type":"12","BlID":"21065","BusCityName":"인천"},{"BusNo":"538","Type":"12","BlID":"21069","BusCityName":"인천"},{"BusNo":"539","Type":"12","BlID":"21070","BusCityName":"인천"}]}]},{"GateNo":"3","GateLink": ["한국교직원공제회관","장애인고용공단","간석3동 주민센터"]},{"GateNo":"4","GateLink": ["간석2동 주민센터","인제고등학교"],"BUSSTOP": [{"StopName":"간석오거리","StopID":"182751","Bus": [{"BusNo":"534","Type":"12","BlID":"21065","BusCityName":"인천"}]}]},{"GateNo":"5","GateLink": ["상인청초등학교","인천종합일자리지원센터","미추홀도서관"],"BUSSTOP": [{"StopName":"간석오거리(인천웨딩홀)","StopID":"181125","Bus": [{"BusNo":"103","Type":"2","BlID":"21043","BusCityName":"인천"},{"BusNo":"303","Type":"2","BlID":"21135","BusCityName":"인천"},{"BusNo":"13","Type":"11","BlID":"21012","BusCityName":"인천"},{"BusNo":"34","Type":"11","BlID":"21029","BusCityName":"인천"},{"BusNo":"45","Type":"11","BlID":"21037","BusCityName":"인천"},{"BusNo":"77","Type":"11","BlID":"21044","BusCityName":"인천"},{"BusNo":"111-2","Type":"11","BlID":"21116","BusCityName":"인천"},{"BusNo":"6-1","Type":"11","BlID":"21125","BusCityName":"인천"},{"BusNo":"700-1","Type":"11","BlID":"21203","BusCityName":"인천"},{"BusNo":"700","Type":"11","BlID":"21258","BusCityName":"인천"},{"BusNo":"532","Type":"12","BlID":"21063","BusCityName":"인천"},{"BusNo":"534","Type":"12","BlID":"21065","BusCityName":"인천"},{"BusNo":"535","Type":"12","BlID":"21066","BusCityName":"인천"},{"BusNo":"536","Type":"12","BlID":"21067","BusCityName":"인천"},{"BusNo":"537","Type":"12","BlID":"21068","BusCityName":"인천"}]}]},{"GateNo":"6","GateLink": ["간석119안전센터","쌍용직업전문학교"]},{"GateNo":"7","GateLink": ["간석4동 주민센터"],"BUSSTOP": [{"StopName":"간석오거리역(7번출구)","StopID":"181112","Bus": [{"BusNo":"103","Type":"2","BlID":"21043","BusCityName":"인천"},{"BusNo":"304","Type":"2","BlID":"21124","BusCityName":"인천"},{"BusNo":"303","Type":"2","BlID":"21135","BusCityName":"인천"},{"BusNo":"42","Type":"11","BlID":"21035","BusCityName":"인천"},{"BusNo":"62","Type":"11","BlID":"21039","BusCityName":"인천"},{"BusNo":"77","Type":"11","BlID":"21044","BusCityName":"인천"},{"BusNo":"7-1","Type":"11","BlID":"21112","BusCityName":"인천"},{"BusNo":"29","Type":"11","BlID":"21113","BusCityName":"인천"},{"BusNo":"700-1","Type":"11","BlID":"21203","BusCityName":"인천"},{"BusNo":"700","Type":"11","BlID":"21258","BusCityName":"인천"},{"BusNo":"903","Type":"26","BlID":"21238","BusCityName":"인천"}]}]},{"GateNo":"8","GateLink": ["동암역"],"BUSSTOP": [{"StopName":"간석오거리역(8번출구)","StopID":"181114","Bus": [{"BusNo":"103","Type":"2","BlID":"21043","BusCityName":"인천"},{"BusNo":"304","Type":"2","BlID":"21124","BusCityName":"인천"},{"BusNo":"303","Type":"2","BlID":"21135","BusCityName":"인천"},{"BusNo":"42","Type":"11","BlID":"21035","BusCityName":"인천"},{"BusNo":"62","Type":"11","BlID":"21039","BusCityName":"인천"},{"BusNo":"77","Type":"11","BlID":"21044","BusCityName":"인천"},{"BusNo":"7-1","Type":"11","BlID":"21112","BusCityName":"인천"},{"BusNo":"29","Type":"11","BlID":"21113","BusCityName":"인천"},{"BusNo":"700-1","Type":"11","BlID":"21203","BusCityName":"인천"},{"BusNo":"700","Type":"11","BlID":"21258","BusCityName":"인천"},{"BusNo":"532","Type":"12","BlID":"21063","BusCityName":"인천"},{"BusNo":"533","Type":"12","BlID":"21064","BusCityName":"인천"},{"BusNo":"535","Type":"12","BlID":"21066","BusCityName":"인천"},{"BusNo":"536","Type":"12","BlID":"21067","BusCityName":"인천"},{"BusNo":"537","Type":"12","BlID":"21068","BusCityName":"인천"},{"BusNo":"538","Type":"12","BlID":"21069","BusCityName":"인천"},{"BusNo":"539","Type":"12","BlID":"21070","BusCityName":"인천"},{"BusNo":"564-2","Type":"12","BlID":"21123","BusCityName":"인천"},{"BusNo":"903","Type":"26","BlID":"21238","BusCityName":"인천"}]}]},{"GateNo":"9","GateLink": ["동암초등학교"],"BUSSTOP": [{"StopName":"인천교통공사","StopID":"181118","Bus": [{"BusNo":"30","Type":"11","BlID":"21025","BusCityName":"인천"},{"BusNo":"34","Type":"11","BlID":"21029","BusCityName":"인천"},{"BusNo":"45","Type":"11","BlID":"21037","BusCityName":"인천"},{"BusNo":"2","Type":"11","BlID":"21109","BusCityName":"인천"},{"BusNo":"111-2","Type":"11","BlID":"21116","BusCityName":"인천"},{"BusNo":"532","Type":"12","BlID":"21063","BusCityName":"인천"},{"BusNo":"533","Type":"12","BlID":"21064","BusCityName":"인천"},{"BusNo":"535","Type":"12","BlID":"21066","BusCityName":"인천"},{"BusNo":"536","Type":"12","BlID":"21067","BusCityName":"인천"},{"BusNo":"537","Type":"12","BlID":"21068","BusCityName":"인천"},{"BusNo":"538","Type":"12","BlID":"21069","BusCityName":"인천"},{"BusNo":"564-2","Type":"12","BlID":"21123","BusCityName":"인천"},{"BusNo":"9500","Type":"14","BlID":"21152","BusCityName":"인천"},{"BusNo":"1400","Type":"14","BlID":"21170","BusCityName":"인천"},{"BusNo":"907","Type":"26","BlID":"21250","BusCityName":"인천"}]}]}]}}}