{"result": {"stationName":"동막","stationID":20132,"type":21,"laneName":"인천 1호선","laneCity":"인천","x":126.6736073,"y":37.3981344,"prevOBJ": {"station": [{"stationName":"동춘","stationID":20131,"type":21,"laneName":"인천 1호선","laneCity":"인천","x":126.6809579,"y":37.404686}]},"nextOBJ": {"station": [{"stationName":"캠퍼스타운","stationID":20133,"type":21,"laneName":"인천 1호선","laneCity":"인천","x":126.6620833,"y":37.3882014}]},"defaultInfo": {"address":"인천광역시 연수구 동춘동 927-1","new_address":"인천광역시 연수구 경원대로 80","tel":"032-816-5584"},"useInfo": {"platform":3,"meetingPlace":0,"restroom":2,"offDoor":0,"crossOver":2,"publicPlace":0,"handicapCount":1,"parkingCount":1,"bicycleCount":1,"civilCount":0},"exitInfo": {"gate": [{"GateNo":"1","GateLink": ["동춘역 방면"],"BUSSTOP": [{"StopName":"동막역(1번출구)","StopID":"182539","Bus": [{"BusNo":"304","Type":"2","BlID":"21124","BusCityName":"인천"},{"BusNo":"303","Type":"2","BlID":"21135","BusCityName":"인천"},{"BusNo":"780-1","Type":"2","BlID":"21136","BusCityName":"인천"},{"BusNo":"320","Type":"2","BlID":"21153","BusCityName":"인천"},{"BusNo":"780","Type":"2","BlID":"21224","BusCityName":"인천"},{"BusNo":"6","Type":"11","BlID":"21006","BusCityName":"인천"},{"BusNo":"8","Type":"11","BlID":"21007","BusCityName":"인천"},{"BusNo":"27","Type":"11","BlID":"21023","BusCityName":"인천"},{"BusNo":"35","Type":"11","BlID":"21030","BusCityName":"인천"},{"BusNo":"6-1","Type":"11","BlID":"21125","BusCityName":"인천"},{"BusNo":"3-2","Type":"11","BlID":"21186","BusCityName":"인천"},{"BusNo":"513","Type":"12","BlID":"21183","BusCityName":"인천"},{"BusNo":"51-1","Type":"12","BlID":"21234","BusCityName":"인천"},{"BusNo":"51-2","Type":"12","BlID":"21235","BusCityName":"인천"},{"BusNo":"1300","Type":"14","BlID":"21149","BusCityName":"인천"},{"BusNo":"9201","Type":"14","BlID":"21165","BusCityName":"인천"},{"BusNo":"909","Type":"26","BlID":"21249","BusCityName":"인천"},{"BusNo":"908","Type":"26","BlID":"21252","BusCityName":"인천"}]}]},{"GateNo":"2","GateLink": ["남동국가산업단지","동막교"]},{"GateNo":"3","GateLink": ["평생학습관","롤러스케이트장","인천환경공단(승기사업소)","민방위교육장","대건고등학교","인천대교","인천공항"],"BUSSTOP": [{"StopName":"동춘동종점","StopID":"182713","Bus": [{"BusNo":"103","Type":"2","BlID":"21043","BusCityName":"인천"},{"BusNo":"320","Type":"2","BlID":"21153","BusCityName":"인천"},{"BusNo":"4","Type":"11","BlID":"21004","BusCityName":"인천"},{"BusNo":"34","Type":"11","BlID":"21029","BusCityName":"인천"},{"BusNo":"63","Type":"11","BlID":"21040","BusCityName":"인천"},{"BusNo":"103-1","Type":"11","BlID":"21146","BusCityName":"인천"}]},{"StopName":"동막역(3번출구)","StopID":"194779","Bus": [{"BusNo":"304","Type":"2","BlID":"21124","BusCityName":"인천"},{"BusNo":"303","Type":"2","BlID":"21135","BusCityName":"인천"},{"BusNo":"780-1","Type":"2","BlID":"21136","BusCityName":"인천"},{"BusNo":"320","Type":"2","BlID":"21153","BusCityName":"인천"},{"BusNo":"780","Type":"2","BlID":"21224","BusCityName":"인천"},{"BusNo":"6","Type":"11","BlID":"21006","BusCityName":"인천"},{"BusNo":"8","Type":"11","BlID":"21007","BusCityName":"인천"},{"BusNo":"6-1","Type":"11","BlID":"21125","BusCityName":"인천"},{"BusNo":"9201","Type":"14","BlID":"21165","BusCityName":"인천"},{"BusNo":"909","Type":"26","BlID":"21249","BusCityName":"인천"},{"BusNo":"908","Type":"26","BlID":"21252","BusCityName":"인천"}]}]},{"GateNo":"4","GateLink": ["동막초등학교","인천여자공업고등학교","박문초등학교","둥춘2동 주민센터","서면초등학교","풍림2차 아파트","무지개마을 아파트","현대1차아파트","운전면허시험장","소래포구","논현지구"],"BUSSTOP": [{"StopName":"동막역(4번출구)","StopID":"182538","Bus": [{"BusNo":"27","Type":"11","BlID":"21023","BusCityName":"인천"},{"BusNo":"35","Type":"11","BlID":"21030","BusCityName":"인천"},{"BusNo":"3-2","Type":"11","BlID":"21186","BusCityName":"인천"},{"BusNo":"513","Type":"12","BlID":"21183","BusCityName":"인천"},{"BusNo":"51-1","Type":"12","BlID":"21234","BusCityName":"인천"},{"BusNo":"51-2","Type":"12","BlID":"21235","BusCityName":"인천"},{"BusNo":"1300","Type":"14","BlID":"21149","BusCityName":"인천"}]}]}]}}}