{"result": {"stationName":"지식정보단지","stationID":20135,"type":21,"laneName":"인천 1호선","laneCity":"인천","x":126.6454294,"y":37.3780194,"prevOBJ": {"station": [{"stationName":"테크노파크","stationID":20134,"type":21,"laneName":"인천 1호선","laneCity":"인천","x":126.6564067,"y":37.3823073}]},"nextOBJ": {"station": [{"stationName":"인천대입구","stationID":20136,"type":21,"laneName":"인천 1호선","laneCity":"인천","x":126.6394215,"y":37.3862131}]},"defaultInfo": {"address":"인천광역시 연수구 송도동 48","new_address":"인천광역시 연수구 인천타워대로 57","tel":"032-451-3185"},"useInfo": {"platform":2,"meetingPlace":0,"restroom":4,"offDoor":1,"crossOver":2,"publicPlace":0,"handicapCount":1,"parkingCount":1,"bicycleCount":1,"civilCount":0},"exitInfo": {"gate": [{"GateNo":"2","GateLink": ["지식정보단지","RFID/USN센터(RUC)","아시아나 IDT 연구소"],"BUSSTOP": [{"StopName":"지식정보단지역","StopID":"152828","Bus": [{"BusNo":"6-1","Type":"11","BlID":"21125","BusCityName":"인천"}]},{"StopName":"지식정보단지역","StopID":"206447","Bus": [{"BusNo":"6","Type":"11","BlID":"21006","BusCityName":"인천"},{"BusNo":"6-2","Type":"11","BlID":"21145","BusCityName":"인천"},{"BusNo":"92","Type":"12","BlID":"21127","BusCityName":"인천"},{"BusNo":"513","Type":"12","BlID":"21183","BusCityName":"인천"},{"BusNo":"91","Type":"12","BlID":"21242","BusCityName":"인천"},{"BusNo":"909","Type":"26","BlID":"21249","BusCityName":"인천"}]}]},{"GateNo":"3","GateLink": ["상가","웰카운티 3.4아파트"],"BUSSTOP": [{"StopName":"지식정보단지역","StopID":"152829","Bus": [{"BusNo":"6-1","Type":"11","BlID":"21125","BusCityName":"인천"}]}]},{"GateNo":"4","GateLink": ["웰카운티 1.2차 아파트","해송초.중학교"],"BUSSTOP": [{"StopName":"지식정보단지역(4번출구)","StopID":"206448","Bus": [{"BusNo":"6","Type":"11","BlID":"21006","BusCityName":"인천"},{"BusNo":"6-2","Type":"11","BlID":"21145","BusCityName":"인천"},{"BusNo":"92","Type":"12","BlID":"21127","BusCityName":"인천"},{"BusNo":"513","Type":"12","BlID":"21183","BusCityName":"인천"},{"BusNo":"91","Type":"12","BlID":"21242","BusCityName":"인천"},{"BusNo":"909","Type":"26","BlID":"21249","BusCityName":"인천"}]}]}]}}}