{"result": {"stationName":"센트럴파크","stationID":20137,"type":21,"laneName":"인천 1호선","laneCity":"인천","x":126.6349883,"y":37.3928207,"prevOBJ": {"station": [{"stationName":"인천대입구","stationID":20136,"type":21,"laneName":"인천 1호선","laneCity":"인천","x":126.6394215,"y":37.3862131}]},"nextOBJ": {"station": [{"stationName":"국제업무지구","stationID":20138,"type":21,"laneName":"인천 1호선","laneCity":"인천","x":126.6301181,"y":37.4004322}]},"defaultInfo": {"address":"인천광역시 연수구 송도동 78","new_address":"인천광역시 연수구 인천타워대로 240","tel":"032-451-3187"},"useInfo": {"platform":2,"meetingPlace":0,"restroom":4,"offDoor":1,"crossOver":2,"publicPlace":0,"handicapCount":1,"parkingCount":0,"bicycleCount":1,"civilCount":0},"exitInfo": {"gate": [{"GateNo":"1","GateLink": ["포스코건설","인천대입구"],"BUSSTOP": [{"StopName":"송도센트럴파크","StopID":"206382","Bus": [{"BusNo":"M6405","Type":"14","BlID":"21005","BusCityName":"인천"},{"BusNo":"908","Type":"26","BlID":"21252","BusCityName":"인천"}]}]},{"GateNo":"2","GateLink": ["국제업무지구"]},{"GateNo":"4","GateLink": ["컴팩","스마트시티","인천세계도시축전기념관","중앙공원"],"BUSSTOP": [{"StopName":"센트럴파크역","StopID":"206383","Bus": [{"BusNo":"6707B","Type":"5","BlID":"565","BusCityName":"서울"},{"BusNo":"M6405","Type":"14","BlID":"21005","BusCityName":"인천"},{"BusNo":"908","Type":"26","BlID":"21252","BusCityName":"인천"}]}]}]}}}