{"result": {"stationName":"동춘","stationID":20131,"type":21,"laneName":"인천 1호선","laneCity":"인천","x":126.6809579,"y":37.404686,"prevOBJ": {"station": [{"stationName":"원인재","stationID":20130,"type":21,"laneName":"인천 1호선","laneCity":"인천","x":126.6878386,"y":37.4123403}]},"nextOBJ": {"station": [{"stationName":"동막","stationID":20132,"type":21,"laneName":"인천 1호선","laneCity":"인천","x":126.6736073,"y":37.3981344}]},"defaultInfo": {"address":"인천광역시 연수구 동춘동 926-11","new_address":"인천광역시 연수구 경원대로 180","tel":"032-814-5702"},"useInfo": {"platform":2,"meetingPlace":0,"restroom":2,"offDoor":1,"crossOver":2,"publicPlace":0,"handicapCount":1,"parkingCount":1,"bicycleCount":1,"civilCount":0},"exitInfo": {"gate": [{"GateNo":"1","GateLink": ["남동국가산업단지","중소기업제품종합전시장"],"BUSSTOP": [{"StopName":"동춘역","StopID":"187373","Bus": [{"BusNo":"304","Type":"2","BlID":"21124","BusCityName":"인천"},{"BusNo":"303","Type":"2","BlID":"21135","BusCityName":"인천"},{"BusNo":"320","Type":"2","BlID":"21153","BusCityName":"인천"},{"BusNo":"65","Type":"11","BlID":"21111","BusCityName":"인천"},{"BusNo":"112","Type":"11","BlID":"21121","BusCityName":"인천"},{"BusNo":"103-1","Type":"11","BlID":"21146","BusCityName":"인천"},{"BusNo":"740","Type":"12","BlID":"21033","BusCityName":"인천"},{"BusNo":"522","Type":"12","BlID":"21060","BusCityName":"인천"},{"BusNo":"51-1","Type":"12","BlID":"21234","BusCityName":"인천"},{"BusNo":"524","Type":"12","BlID":"21245","BusCityName":"인천"},{"BusNo":"M6724","Type":"14","BlID":"21041","BusCityName":"인천"},{"BusNo":"1300","Type":"14","BlID":"21149","BusCityName":"인천"},{"BusNo":"909","Type":"26","BlID":"21249","BusCityName":"인천"},{"BusNo":"908","Type":"26","BlID":"21252","BusCityName":"인천"}]}]},{"GateNo":"2","GateLink": ["남동국가산업단지","고잔동"]},{"GateNo":"3","GateLink": ["남동국가산업단지","고잔동"],"BUSSTOP": [{"StopName":"동춘역(이마트)","StopID":"122296","Bus": [{"BusNo":"51-2","Type":"12","BlID":"21235","BusCityName":"인천"},{"BusNo":"524","Type":"12","BlID":"21245","BusCityName":"인천"}]}]},{"GateNo":"4","GateLink": ["동막초등학교","인천여자중학교"],"BUSSTOP": [{"StopName":"삼환아파트","StopID":"122590","Bus": [{"BusNo":"103-1","Type":"11","BlID":"21146","BusCityName":"인천"}]}]},{"GateNo":"5","GateLink": ["송도유원지","동막초등학교","인천여자중학교"]},{"GateNo":"6","GateLink": ["연수구청","연수경찰서","연성초등학교"],"BUSSTOP": [{"StopName":"동춘역(5번출구)","StopID":"193218","Bus": [{"BusNo":"65","Type":"11","BlID":"21111","BusCityName":"인천"},{"BusNo":"740","Type":"12","BlID":"21033","BusCityName":"인천"},{"BusNo":"51-1","Type":"12","BlID":"21234","BusCityName":"인천"},{"BusNo":"51-2","Type":"12","BlID":"21235","BusCityName":"인천"},{"BusNo":"1300","Type":"14","BlID":"21149","BusCityName":"인천"}]}]}]}}}