{"result": {"stationName":"국제업무지구","stationID":20138,"type":21,"laneName":"인천 1호선","laneCity":"인천","x":126.6301181,"y":37.4004322,"prevOBJ": {"station": [{"stationName":"센트럴파크","stationID":20137,"type":21,"laneName":"인천 1호선","laneCity":"인천","x":126.6349883,"y":37.3928207}]},"defaultInfo": {"address":"인천광역시 연수구 송도동 78","new_address":"인천광역시 연수구 인천타워대로 334","tel":"032-451-3188"},"useInfo": {"platform":1,"meetingPlace":0,"restroom":4,"offDoor":1,"crossOver":2,"publicPlace":0,"handicapCount":1,"parkingCount":0,"bicycleCount":0,"civilCount":0},"exitInfo": {"gate": [{"GateNo":"2","GateLink": ["국제업무지구","센트로드"]},{"GateNo":"5","GateLink": ["중앙공원","국제업무지구"]}]}}}