{"result": {"stationName":"테크노파크","stationID":20134,"type":21,"laneName":"인천 1호선","laneCity":"인천","x":126.6564067,"y":37.3823073,"prevOBJ": {"station": [{"stationName":"캠퍼스타운","stationID":20133,"type":21,"laneName":"인천 1호선","laneCity":"인천","x":126.6620833,"y":37.3882014}]},"nextOBJ": {"station": [{"stationName":"지식정보단지","stationID":20135,"type":21,"laneName":"인천 1호선","laneCity":"인천","x":126.6454294,"y":37.3780194}]},"defaultInfo": {"address":"인천광역시 연수구 송도동 7-51","new_address":"인천광역시 연수구 송도국제대로 150","tel":"032-451-3184"},"useInfo": {"platform":2,"meetingPlace":0,"restroom":4,"offDoor":1,"crossOver":2,"publicPlace":0,"handicapCount":1,"parkingCount":0,"bicycleCount":1,"civilCount":0},"exitInfo": {"gate": [{"GateNo":"1","GateLink": ["캠퍼스타운","신송초.중.고교","해돋이공원"]},{"GateNo":"2","GateLink": ["사이언스빌리지","테크노파크IT센터","테크노파크BT센터","포스코글로벌R&D센터"]},{"GateNo":"3","GateLink": ["지식정보단지","해송 초.중교","웰카운티 1.2.3.4단지"],"BUSSTOP": [{"StopName":"테크노파크역","StopID":"189287","Bus": [{"BusNo":"6-2","Type":"11","BlID":"21145","BusCityName":"인천"},{"BusNo":"909","Type":"26","BlID":"21249","BusCityName":"인천"}]},{"StopName":"테크노파크역","StopID":"193476","Bus": [{"BusNo":"6-2","Type":"11","BlID":"21145","BusCityName":"인천"},{"BusNo":"909","Type":"26","BlID":"21249","BusCityName":"인천"}]}]},{"GateNo":"4","GateLink": ["인천경제자유구역청","(재)송도테크노파크","갯벌타워","미추홀타워"]}]}}}