{"result": {"stationName":"인천대입구","stationID":20136,"type":21,"laneName":"인천 1호선","laneCity":"인천","x":126.6394215,"y":37.3862131,"prevOBJ": {"station": [{"stationName":"지식정보단지","stationID":20135,"type":21,"laneName":"인천 1호선","laneCity":"인천","x":126.6454294,"y":37.3780194}]},"nextOBJ": {"station": [{"stationName":"센트럴파크","stationID":20137,"type":21,"laneName":"인천 1호선","laneCity":"인천","x":126.6349883,"y":37.3928207}]},"defaultInfo": {"address":"인천광역시 연수구 송도동 78-1","new_address":"인천광역시 연수구 인천타워대로 155","tel":"032-451-3186"},"useInfo": {"platform":2,"meetingPlace":0,"restroom":4,"offDoor":1,"crossOver":2,"publicPlace":0,"handicapCount":1,"parkingCount":1,"bicycleCount":1,"civilCount":0},"exitInfo": {"gate": [{"GateNo":"1","GateLink": ["미개통"],"BUSSTOP": [{"StopName":"인천대입구역","StopID":"206443","Bus": [{"BusNo":"780-1","Type":"2","BlID":"21136","BusCityName":"인천"},{"BusNo":"780","Type":"2","BlID":"21224","BusCityName":"인천"},{"BusNo":"3002","Type":"4","BlID":"12513","BusCityName":"광명"},{"BusNo":"8","Type":"11","BlID":"21007","BusCityName":"인천"},{"BusNo":"780-2","Type":"11","BlID":"21052","BusCityName":"인천"},{"BusNo":"9","Type":"11","BlID":"21204","BusCityName":"인천"},{"BusNo":"909","Type":"26","BlID":"21249","BusCityName":"인천"},{"BusNo":"908","Type":"26","BlID":"21252","BusCityName":"인천"}]}]},{"GateNo":"2","GateLink": ["인천관광공사","(주)포스코","인천대학교","송도브릿지호텔"],"BUSSTOP": [{"StopName":"인천대입구역","StopID":"206444","Bus": [{"BusNo":"780-1","Type":"2","BlID":"21136","BusCityName":"인천"},{"BusNo":"780","Type":"2","BlID":"21224","BusCityName":"인천"},{"BusNo":"3002","Type":"4","BlID":"12513","BusCityName":"광명"},{"BusNo":"8","Type":"11","BlID":"21007","BusCityName":"인천"},{"BusNo":"780-2","Type":"11","BlID":"21052","BusCityName":"인천"},{"BusNo":"9","Type":"11","BlID":"21204","BusCityName":"인천"},{"BusNo":"909","Type":"26","BlID":"21249","BusCityName":"인천"},{"BusNo":"908","Type":"26","BlID":"21252","BusCityName":"인천"}]}]},{"GateNo":"3","GateLink": ["미개통"]},{"GateNo":"4","GateLink": ["송도컨벤시아","센트럴파크","투모로우시티","베스트 웨스턴프리미어 송도파크호텔"],"BUSSTOP": [{"StopName":"투모로우시티","StopID":"193295","Bus": [{"BusNo":"780-1","Type":"2","BlID":"21136","BusCityName":"인천"},{"BusNo":"780","Type":"2","BlID":"21224","BusCityName":"인천"},{"BusNo":"3002","Type":"4","BlID":"12513","BusCityName":"광명"},{"BusNo":"여주터미널-인천공항","Type":"5","BlID":"10542","BusCityName":"광주"},{"BusNo":"780-2","Type":"11","BlID":"21052","BusCityName":"인천"},{"BusNo":"9","Type":"11","BlID":"21204","BusCityName":"인천"}]}]},{"GateNo":"5","GateLink": ["미개통"],"BUSSTOP": [{"StopName":"투모로우시티","StopID":"206593","Bus": [{"BusNo":"780-1","Type":"2","BlID":"21136","BusCityName":"인천"},{"BusNo":"780","Type":"2","BlID":"21224","BusCityName":"인천"},{"BusNo":"3002","Type":"4","BlID":"12513","BusCityName":"광명"},{"BusNo":"780-2","Type":"11","BlID":"21052","BusCityName":"인천"},{"BusNo":"9","Type":"11","BlID":"21204","BusCityName":"인천"}]}]}]}}}