{"result": {"stationName":"캠퍼스타운","stationID":20133,"type":21,"laneName":"인천 1호선","laneCity":"인천","x":126.6620833,"y":37.3882014,"prevOBJ": {"station": [{"stationName":"동막","stationID":20132,"type":21,"laneName":"인천 1호선","laneCity":"인천","x":126.6736073,"y":37.3981344}]},"nextOBJ": {"station": [{"stationName":"테크노파크","stationID":20134,"type":21,"laneName":"인천 1호선","laneCity":"인천","x":126.6564067,"y":37.3823073}]},"defaultInfo": {"address":"인천광역시 연수구 송도동 3-47","new_address":"인천광역시 연수구 송도국제대로 66","tel":"032-451-3183"},"useInfo": {"platform":2,"meetingPlace":0,"restroom":4,"offDoor":1,"crossOver":2,"publicPlace":0,"handicapCount":1,"parkingCount":0,"bicycleCount":1,"civilCount":0},"exitInfo": {"gate": [{"GateNo":"1","GateLink": ["새아침공원"]},{"GateNo":"2","GateLink": ["연세대학교","(재)송도테크노파크","포스코글로벌 R&D센터"],"BUSSTOP": [{"StopName":"캠퍼스타운역","StopID":"193478","Bus": [{"BusNo":"91","Type":"12","BlID":"21242","BusCityName":"인천"},{"BusNo":"9201","Type":"14","BlID":"21165","BusCityName":"인천"},{"BusNo":"909","Type":"26","BlID":"21249","BusCityName":"인천"}]}]},{"GateNo":"3","GateLink": ["해돋이공원","신송초.중교"],"BUSSTOP": [{"StopName":"캠퍼스타운역","StopID":"193477","Bus": [{"BusNo":"92","Type":"12","BlID":"21127","BusCityName":"인천"},{"BusNo":"91","Type":"12","BlID":"21242","BusCityName":"인천"},{"BusNo":"9201","Type":"14","BlID":"21165","BusCityName":"인천"},{"BusNo":"909","Type":"26","BlID":"21249","BusCityName":"인천"}]},{"StopName":"캠퍼스타운역(3번출구)","StopID":"206639","Bus": [{"BusNo":"92","Type":"12","BlID":"21127","BusCityName":"인천"}]}]},{"GateNo":"4","GateLink": ["신송고등학교","새아침공원"]}]}}}