{"result": {"stationName":"을지로입구","stationID":202,"type":2,"laneName":"수도권 2호선","laneCity":"수도권","x":126.9826791,"y":37.5660691,"prevOBJ": {"station": [{"stationName":"시청","stationID":201,"type":2,"laneName":"수도권 2호선","laneCity":"수도권","x":126.975288,"y":37.5635454}]},"nextOBJ": {"station": [{"stationName":"을지로3가","stationID":203,"type":2,"laneName":"수도권 2호선","laneCity":"수도권","x":126.9909507,"y":37.5662931}]},"defaultInfo": {"address":"서울특별시 중구 을지로1가 100-1","new_address":"서울특별시 중구 을지로 42","tel":"02-6110-2021"},"useInfo": {"platform":2,"meetingPlace":1,"restroom":2,"offDoor":1,"crossOver":1,"publicPlace":0,"handicapCount":1,"parkingCount":0,"bicycleCount":0,"civilCount":0},"exitInfo": {"gate": [{"GateNo":"1","GateLink": ["서울시청","서울시청(을지로 별관)","국가인권위원회","서울글로벌센터","서울특별시청 을지로청사","서울일자리플러스센터","하나은행"],"BUSSTOP": [{"StopName":"을지로입구.시청입구","StopID":"104849","Bus": [{"BusNo":"9007","Type":"4","BlID":"5009","BusCityName":"성남"},{"BusNo":"8800","Type":"4","BlID":"9644","BusCityName":"수원"},{"BusNo":"N62","Type":"11","BlID":"576","BusCityName":"서울"},{"BusNo":"172","Type":"11","BlID":"909","BusCityName":"서울"},{"BusNo":"472","Type":"11","BlID":"1073","BusCityName":"서울"},{"BusNo":"500","Type":"11","BlID":"1087","BusCityName":"서울"},{"BusNo":"504","Type":"11","BlID":"1093","BusCityName":"서울"},{"BusNo":"M4108","Type":"14","BlID":"10056","BusCityName":"광주"},{"BusNo":"M4130","Type":"14","BlID":"10498","BusCityName":"광주"},{"BusNo":"M5107","Type":"14","BlID":"10501","BusCityName":"광주"},{"BusNo":"M5115","Type":"14","BlID":"10532","BusCityName":"광주"},{"BusNo":"M5121","Type":"14","BlID":"10730","BusCityName":"광주"}]}]},{"GateNo":"2","GateLink": ["다동","청계천방면","무교동","한국관광공사","예금보험공사","태평로파출소","영풍문고","동부저축은행 본점"],"BUSSTOP": [{"StopName":"을지로입구역.광교","StopID":"126884","Bus": [{"BusNo":"9003","Type":"4","BlID":"5095","BusCityName":"성남"},{"BusNo":"9300","Type":"4","BlID":"5111","BusCityName":"성남"},{"BusNo":"9301","Type":"4","BlID":"10594","BusCityName":"광주"},{"BusNo":"1150","Type":"4","BlID":"10607","BusCityName":"광주"},{"BusNo":"5007","Type":"4","BlID":"10611","BusCityName":"광주"},{"BusNo":"8100","Type":"6","BlID":"10100","BusCityName":"광주"},{"BusNo":"N15","Type":"11","BlID":"558","BusCityName":"서울"},{"BusNo":"N62","Type":"11","BlID":"576","BusCityName":"서울"},{"BusNo":"151","Type":"11","BlID":"879","BusCityName":"서울"},{"BusNo":"163","Type":"11","BlID":"899","BusCityName":"서울"},{"BusNo":"201","Type":"11","BlID":"942","BusCityName":"서울"},{"BusNo":"702A(서오릉)","Type":"11","BlID":"1252","BusCityName":"서울"},{"BusNo":"705","Type":"11","BlID":"1374","BusCityName":"서울"},{"BusNo":"702B(용두초교)","Type":"11","BlID":"1404","BusCityName":"서울"},{"BusNo":"506","Type":"11","BlID":"1405","BusCityName":"서울"},{"BusNo":"162","Type":"11","BlID":"1437","BusCityName":"서울"},{"BusNo":"405","Type":"11","BlID":"1809","BusCityName":"서울"},{"BusNo":"M4101","Type":"14","BlID":"10046","BusCityName":"광주"},{"BusNo":"M4102","Type":"14","BlID":"10155","BusCityName":"광주"}]}]},{"GateNo":"3","GateLink": ["광교","청계천방면"],"BUSSTOP": [{"StopName":"우리은행종로지점","StopID":"110247","Bus": [{"BusNo":"8110","Type":"6","BlID":"5021","BusCityName":"성남"},{"BusNo":"N15","Type":"11","BlID":"558","BusCityName":"서울"},{"BusNo":"N62","Type":"11","BlID":"576","BusCityName":"서울"},{"BusNo":"103","Type":"11","BlID":"763","BusCityName":"서울"},{"BusNo":"143","Type":"11","BlID":"872","BusCityName":"서울"},{"BusNo":"151","Type":"11","BlID":"879","BusCityName":"서울"},{"BusNo":"163","Type":"11","BlID":"899","BusCityName":"서울"},{"BusNo":"172","Type":"11","BlID":"909","BusCityName":"서울"},{"BusNo":"201","Type":"11","BlID":"942","BusCityName":"서울"},{"BusNo":"401","Type":"11","BlID":"1048","BusCityName":"서울"},{"BusNo":"406","Type":"11","BlID":"1052","BusCityName":"서울"},{"BusNo":"701","Type":"11","BlID":"1241","BusCityName":"서울"},{"BusNo":"704","Type":"11","BlID":"1258","BusCityName":"서울"},{"BusNo":"162","Type":"11","BlID":"1437","BusCityName":"서울"},{"BusNo":"262","Type":"11","BlID":"1439","BusCityName":"서울"},{"BusNo":"7017","Type":"12","BlID":"1248","BusCityName":"서울"},{"BusNo":"7021","Type":"12","BlID":"1254","BusCityName":"서울"},{"BusNo":"7022","Type":"12","BlID":"1255","BusCityName":"서울"}]}]},{"GateNo":"4","GateLink": ["을지로3가 방면","을지한빛거리","서울고용노동청","서울고용센터","SK텔레콤 본사"],"BUSSTOP": [{"StopName":"을지로2가.기업은행본점.서울노동청","StopID":"104968","Bus": [{"BusNo":"8110","Type":"6","BlID":"5021","BusCityName":"성남"},{"BusNo":"N30","Type":"11","BlID":"573","BusCityName":"서울"},{"BusNo":"100","Type":"11","BlID":"770","BusCityName":"서울"},{"BusNo":"202","Type":"11","BlID":"775","BusCityName":"서울"},{"BusNo":"152","Type":"11","BlID":"884","BusCityName":"서울"},{"BusNo":"472","Type":"11","BlID":"1073","BusCityName":"서울"},{"BusNo":"501","Type":"11","BlID":"1089","BusCityName":"서울"},{"BusNo":"701","Type":"11","BlID":"1241","BusCityName":"서울"},{"BusNo":"261","Type":"11","BlID":"1438","BusCityName":"서울"},{"BusNo":"7017","Type":"12","BlID":"1248","BusCityName":"서울"},{"BusNo":"7021","Type":"12","BlID":"1254","BusCityName":"서울"},{"BusNo":"2500","Type":"14","BlID":"21216","BusCityName":"인천"}]}]},{"GateNo":"5","GateLink": ["명동","을지로3가 방면","명동성당","서울여자기독교청년회","계성여자고등학교","외환은행 본점"],"BUSSTOP": [{"StopName":"을지로입구.로얄호텔","StopID":"104951","Bus": [{"BusNo":"6021","Type":"5","BlID":"596","BusCityName":"서울"},{"BusNo":"6015","Type":"5","BlID":"1774","BusCityName":"서울"},{"BusNo":"N30","Type":"11","BlID":"573","BusCityName":"서울"},{"BusNo":"100","Type":"11","BlID":"770","BusCityName":"서울"},{"BusNo":"105","Type":"11","BlID":"772","BusCityName":"서울"},{"BusNo":"202","Type":"11","BlID":"775","BusCityName":"서울"},{"BusNo":"152","Type":"11","BlID":"884","BusCityName":"서울"},{"BusNo":"472","Type":"11","BlID":"1073","BusCityName":"서울"},{"BusNo":"261","Type":"11","BlID":"1438","BusCityName":"서울"}]}]},{"GateNo":"6","GateLink": ["명동","한국전력","서울중앙우체국","한성화교소학교","유네스코회관(유네스코한국위원회)","국민건강보험공단 중구지사","KB국민은행 명동본점","명동 난타극장"],"BUSSTOP": [{"StopName":"명동국민은행앞","StopID":"151101","Bus": [{"BusNo":"9007","Type":"4","BlID":"5009","BusCityName":"성남"},{"BusNo":"9003","Type":"4","BlID":"5095","BusCityName":"성남"},{"BusNo":"9300","Type":"4","BlID":"5111","BusCityName":"성남"},{"BusNo":"7900","Type":"4","BlID":"9529","BusCityName":"수원"},{"BusNo":"8800","Type":"4","BlID":"9644","BusCityName":"수원"},{"BusNo":"1005-1","Type":"4","BlID":"10053","BusCityName":"광주"},{"BusNo":"5500","Type":"4","BlID":"10068","BusCityName":"광주"},{"BusNo":"5500-2","Type":"4","BlID":"10070","BusCityName":"광주"},{"BusNo":"5500-1","Type":"4","BlID":"10071","BusCityName":"광주"},{"BusNo":"9000-1","Type":"4","BlID":"10495","BusCityName":"광주"},{"BusNo":"9301","Type":"4","BlID":"10594","BusCityName":"광주"},{"BusNo":"9000","Type":"4","BlID":"10595","BusCityName":"광주"},{"BusNo":"1150","Type":"4","BlID":"10607","BusCityName":"광주"},{"BusNo":"5007","Type":"4","BlID":"10611","BusCityName":"광주"},{"BusNo":"5000","Type":"4","BlID":"11011","BusCityName":"용인"},{"BusNo":"5005","Type":"4","BlID":"11025","BusCityName":"용인"},{"BusNo":"8100","Type":"6","BlID":"10100","BusCityName":"광주"},{"BusNo":"9401","Type":"14","BlID":"1346","BusCityName":"서울"},{"BusNo":"M4101","Type":"14","BlID":"10046","BusCityName":"광주"},{"BusNo":"M4108","Type":"14","BlID":"10056","BusCityName":"광주"},{"BusNo":"M4102","Type":"14","BlID":"10155","BusCityName":"광주"},{"BusNo":"M4130","Type":"14","BlID":"10498","BusCityName":"광주"},{"BusNo":"M5107","Type":"14","BlID":"10501","BusCityName":"광주"},{"BusNo":"M5115","Type":"14","BlID":"10532","BusCityName":"광주"},{"BusNo":"M5121","Type":"14","BlID":"10730","BusCityName":"광주"}]},{"StopName":"이비스엠버서더호텔","StopID":"166135","Bus": [{"BusNo":"6021","Type":"5","BlID":"596","BusCityName":"서울"},{"BusNo":"6015","Type":"5","BlID":"1774","BusCityName":"서울"}]}]},{"GateNo":"7","GateLink": ["한국은행 본점","소공동","롯데백화점 본점","롯데면세점"],"BUSSTOP": [{"StopName":"롯데백화점","StopID":"104878","Bus": [{"BusNo":"N15","Type":"11","BlID":"558","BusCityName":"서울"},{"BusNo":"N30","Type":"11","BlID":"573","BusCityName":"서울"},{"BusNo":"100","Type":"11","BlID":"770","BusCityName":"서울"},{"BusNo":"202","Type":"11","BlID":"775","BusCityName":"서울"},{"BusNo":"143","Type":"11","BlID":"872","BusCityName":"서울"},{"BusNo":"151","Type":"11","BlID":"879","BusCityName":"서울"},{"BusNo":"152","Type":"11","BlID":"884","BusCityName":"서울"},{"BusNo":"501","Type":"11","BlID":"1089","BusCityName":"서울"},{"BusNo":"701","Type":"11","BlID":"1241","BusCityName":"서울"},{"BusNo":"702A(서오릉)","Type":"11","BlID":"1252","BusCityName":"서울"},{"BusNo":"705","Type":"11","BlID":"1374","BusCityName":"서울"},{"BusNo":"702B(용두초교)","Type":"11","BlID":"1404","BusCityName":"서울"},{"BusNo":"261","Type":"11","BlID":"1438","BusCityName":"서울"},{"BusNo":"262","Type":"11","BlID":"1439","BusCityName":"서울"},{"BusNo":"405","Type":"11","BlID":"1809","BusCityName":"서울"},{"BusNo":"7017","Type":"12","BlID":"1248","BusCityName":"서울"},{"BusNo":"7021","Type":"12","BlID":"1254","BusCityName":"서울"},{"BusNo":"9701","Type":"14","BlID":"1365","BusCityName":"서울"}]}]},{"GateNo":"8","GateLink": ["소공동방면"],"BUSSTOP": [{"StopName":"롯데호텔","StopID":"206303","Bus": [{"BusNo":"6701","Type":"5","BlID":"1776","BusCityName":"서울"}]}]}]}}}