{"result": {"stationName":"을지로3가","stationID":203,"type":2,"laneName":"수도권 2호선","laneCity":"수도권","x":126.9909507,"y":37.5662931,"exOBJ": {"station": [{"stationName":"을지로3가","stationID":330,"type":3,"laneName":"수도권 3호선","laneCity":"수도권"}]},"prevOBJ": {"station": [{"stationName":"을지로입구","stationID":202,"type":2,"laneName":"수도권 2호선","laneCity":"수도권","x":126.9826791,"y":37.5660691}]},"nextOBJ": {"station": [{"stationName":"을지로4가","stationID":204,"type":2,"laneName":"수도권 2호선","laneCity":"수도권","x":126.9976361,"y":37.5666203}]},"defaultInfo": {"address":"서울특별시 중구 을지로3가 347-3","new_address":"서울특별시 중구 을지로 106","tel":"02-6110-2031"},"useInfo": {"platform":2,"meetingPlace":0,"restroom":2,"offDoor":1,"crossOver":1,"publicPlace":0,"handicapCount":1,"parkingCount":0,"bicycleCount":1,"civilCount":0},"exitInfo": {"gate": [{"GateNo":"1","GateLink": ["수표동","청계천2가","기계공구상가","서울고용노동청","서울고용센터","기업은행 본점","한국산업은행 본점","청계천 홍보관","청계천방면","타일상가","정관장을지로 본점"],"BUSSTOP": [{"StopName":"청계2가.삼일교","StopID":"110256","Bus": [{"BusNo":"163","Type":"11","BlID":"899","BusCityName":"서울"}]}]},{"GateNo":"2","GateLink": ["청계천방면","을지로동 주민센터","서울청소년수련관","기계공구상가","타일상가"],"BUSSTOP": [{"StopName":"을지로3가","StopID":"105033","Bus": [{"BusNo":"N30","Type":"11","BlID":"573","BusCityName":"서울"},{"BusNo":"100","Type":"11","BlID":"770","BusCityName":"서울"},{"BusNo":"202","Type":"11","BlID":"775","BusCityName":"서울"},{"BusNo":"152","Type":"11","BlID":"884","BusCityName":"서울"},{"BusNo":"261","Type":"11","BlID":"1438","BusCityName":"서울"}]}]},{"GateNo":"3","GateLink": ["을지로2가 방면","을지로동 주민센터"]},{"GateNo":"4","GateLink": ["종로3가 방면","수표동","서울청소년수련관","기계공구상가","청계천"],"BUSSTOP": [{"StopName":"청계2가.수표교","StopID":"105024","Bus": [{"BusNo":"163","Type":"11","BlID":"899","BusCityName":"서울"}]}]},{"GateNo":"5","GateLink": ["청계천방면","입정동","청계창작스튜디오"],"BUSSTOP": [{"StopName":"청계3가.관수교","StopID":"151559","Bus": [{"BusNo":"163","Type":"11","BlID":"899","BusCityName":"서울"}]}]},{"GateNo":"6","GateLink": ["을지로4가방면"]},{"GateNo":"7","GateLink": ["을지로3가 파출소","인현동","입정동"]},{"GateNo":"8","GateLink": ["인현동","충무로방면"],"BUSSTOP": [{"StopName":"초동","StopID":"105075","Bus": [{"BusNo":"604","Type":"11","BlID":"1169","BusCityName":"서울"},{"BusNo":"7011","Type":"12","BlID":"1242","BusCityName":"서울"}]}]},{"GateNo":"9","GateLink": ["충무로방면","중부경찰서","명동성당","서울경제신문사"]},{"GateNo":"10","GateLink": ["남대문세무서","영락교회","을지빌딩"]},{"GateNo":"11","GateLink": ["충무로3가","고당조만식기념관","국민연금종로중구지사"],"BUSSTOP": [{"StopName":"을지로3가","StopID":"105047","Bus": [{"BusNo":"N30","Type":"11","BlID":"573","BusCityName":"서울"},{"BusNo":"100","Type":"11","BlID":"770","BusCityName":"서울"},{"BusNo":"105","Type":"11","BlID":"772","BusCityName":"서울"},{"BusNo":"202","Type":"11","BlID":"775","BusCityName":"서울"},{"BusNo":"152","Type":"11","BlID":"884","BusCityName":"서울"},{"BusNo":"261","Type":"11","BlID":"1438","BusCityName":"서울"}]}]},{"GateNo":"12","GateLink": ["초동","중부경찰서","남대문세무서","명동성당","평화방송.평화신문","인제대학원대학교","인제대학교 서울백병원"],"BUSSTOP": [{"StopName":"남대문세무서.서울백병원","StopID":"104991","Bus": [{"BusNo":"9003","Type":"4","BlID":"5095","BusCityName":"성남"},{"BusNo":"9300","Type":"4","BlID":"5111","BusCityName":"성남"},{"BusNo":"7900","Type":"4","BlID":"9529","BusCityName":"수원"},{"BusNo":"8800","Type":"4","BlID":"9644","BusCityName":"수원"},{"BusNo":"1005-1","Type":"4","BlID":"10053","BusCityName":"광주"},{"BusNo":"5500","Type":"4","BlID":"10068","BusCityName":"광주"},{"BusNo":"5500-2","Type":"4","BlID":"10070","BusCityName":"광주"},{"BusNo":"5500-1","Type":"4","BlID":"10071","BusCityName":"광주"},{"BusNo":"9000-1","Type":"4","BlID":"10495","BusCityName":"광주"},{"BusNo":"9000","Type":"4","BlID":"10595","BusCityName":"광주"},{"BusNo":"1150","Type":"4","BlID":"10607","BusCityName":"광주"},{"BusNo":"5007","Type":"4","BlID":"10611","BusCityName":"광주"},{"BusNo":"5000","Type":"4","BlID":"11011","BusCityName":"용인"},{"BusNo":"5005","Type":"4","BlID":"11025","BusCityName":"용인"},{"BusNo":"8110","Type":"6","BlID":"5021","BusCityName":"성남"},{"BusNo":"8100","Type":"6","BlID":"10100","BusCityName":"광주"},{"BusNo":"N37","Type":"11","BlID":"524","BusCityName":"서울"},{"BusNo":"470","Type":"11","BlID":"1071","BusCityName":"서울"},{"BusNo":"471","Type":"11","BlID":"1072","BusCityName":"서울"},{"BusNo":"472","Type":"11","BlID":"1073","BusCityName":"서울"},{"BusNo":"9401","Type":"14","BlID":"1346","BusCityName":"서울"},{"BusNo":"M4101","Type":"14","BlID":"10046","BusCityName":"광주"},{"BusNo":"M4108","Type":"14","BlID":"10056","BusCityName":"광주"},{"BusNo":"M4102","Type":"14","BlID":"10155","BusCityName":"광주"},{"BusNo":"M4130","Type":"14","BlID":"10498","BusCityName":"광주"},{"BusNo":"M5107","Type":"14","BlID":"10501","BusCityName":"광주"},{"BusNo":"M5115","Type":"14","BlID":"10532","BusCityName":"광주"},{"BusNo":"M5121","Type":"14","BlID":"10730","BusCityName":"광주"}]},{"StopName":"을지로2가.파인에비뉴","StopID":"105008","Bus": [{"BusNo":"6021","Type":"5","BlID":"596","BusCityName":"서울"},{"BusNo":"6015","Type":"5","BlID":"1774","BusCityName":"서울"},{"BusNo":"N30","Type":"11","BlID":"573","BusCityName":"서울"},{"BusNo":"100","Type":"11","BlID":"770","BusCityName":"서울"},{"BusNo":"105","Type":"11","BlID":"772","BusCityName":"서울"},{"BusNo":"202","Type":"11","BlID":"775","BusCityName":"서울"},{"BusNo":"152","Type":"11","BlID":"884","BusCityName":"서울"},{"BusNo":"261","Type":"11","BlID":"1438","BusCityName":"서울"}]}]}]}}}