{"result": {"stationName":"신당","stationID":206,"type":2,"laneName":"수도권 2호선","laneCity":"수도권","x":127.019484,"y":37.5656772,"exOBJ": {"station": [{"stationName":"신당","stationID":635,"type":6,"laneName":"수도권 6호선","laneCity":"수도권"}]},"prevOBJ": {"station": [{"stationName":"동대문역사문화공원","stationID":205,"type":2,"laneName":"수도권 2호선","laneCity":"수도권","x":127.0089569,"y":37.5656796}]},"nextOBJ": {"station": [{"stationName":"상왕십리","stationID":207,"type":2,"laneName":"수도권 2호선","laneCity":"수도권","x":127.0288943,"y":37.5645115}]},"defaultInfo": {"address":"서울특별시 중구 신당동 99","new_address":"서울특별시 중구 퇴계로 431-1","tel":"02-6110-2061"},"useInfo": {"platform":2,"meetingPlace":0,"restroom":2,"offDoor":1,"crossOver":2,"publicPlace":0,"handicapCount":1,"parkingCount":0,"bicycleCount":0,"civilCount":0},"exitInfo": {"gate": [{"GateNo":"1","GateLink": ["중앙시장","충무아트홀","청계천"],"BUSSTOP": [{"StopName":"신당역.중앙시장앞","StopID":"105816","Bus": [{"BusNo":"N62","Type":"11","BlID":"576","BusCityName":"서울"},{"BusNo":"202","Type":"11","BlID":"775","BusCityName":"서울"},{"BusNo":"463","Type":"11","BlID":"987","BusCityName":"서울"},{"BusNo":"421","Type":"11","BlID":"1808","BusCityName":"서울"},{"BusNo":"2012","Type":"12","BlID":"943","BusCityName":"서울"},{"BusNo":"2013","Type":"12","BlID":"944","BusCityName":"서울"},{"BusNo":"2014","Type":"12","BlID":"945","BusCityName":"서울"},{"BusNo":"2015","Type":"12","BlID":"947","BusCityName":"서울"}]}]},{"GateNo":"2","GateLink": ["왕십리 방면","황학동 주민센터","확학치안센터","신당맨션아파트","기업은행 성동지점","중앙시장","신당창작아케이드"],"BUSSTOP": [{"StopName":"성동고등학교","StopID":"105980","Bus": [{"BusNo":"N62","Type":"11","BlID":"576","BusCityName":"서울"},{"BusNo":"202","Type":"11","BlID":"775","BusCityName":"서울"},{"BusNo":"147","Type":"11","BlID":"876","BusCityName":"서울"},{"BusNo":"463","Type":"11","BlID":"987","BusCityName":"서울"},{"BusNo":"421","Type":"11","BlID":"1808","BusCityName":"서울"},{"BusNo":"2012","Type":"12","BlID":"943","BusCityName":"서울"},{"BusNo":"2013","Type":"12","BlID":"944","BusCityName":"서울"},{"BusNo":"2014","Type":"12","BlID":"945","BusCityName":"서울"},{"BusNo":"2015","Type":"12","BlID":"947","BusCityName":"서울"},{"BusNo":"6211","Type":"12","BlID":"1185","BusCityName":"서울"}]},{"StopName":"신당역하나은행","StopID":"125476","Bus": [{"BusNo":"성동01","Type":"3","BlID":"1658","BusCityName":"서울"}]}]},{"GateNo":"3","GateLink": ["신당 5동","신당제5동 주민센터","도로교통공단","성동고교","현대아파트","중구종합복지센터","유락종합사회복지관","신당초등학교","서울실용음악학교","금호베스트빌 아파트"],"BUSSTOP": [{"StopName":"성동고등학교","StopID":"105990","Bus": [{"BusNo":"N62","Type":"11","BlID":"576","BusCityName":"서울"},{"BusNo":"202","Type":"11","BlID":"775","BusCityName":"서울"},{"BusNo":"147","Type":"11","BlID":"876","BusCityName":"서울"},{"BusNo":"463","Type":"11","BlID":"987","BusCityName":"서울"},{"BusNo":"2012","Type":"12","BlID":"943","BusCityName":"서울"},{"BusNo":"2014","Type":"12","BlID":"945","BusCityName":"서울"},{"BusNo":"2015","Type":"12","BlID":"947","BusCityName":"서울"}]}]},{"GateNo":"4","GateLink": ["중구보건소","중부소방서","중구치매지원센터"],"BUSSTOP": [{"StopName":"신당역.중앙시장앞","StopID":"105849","Bus": [{"BusNo":"N62","Type":"11","BlID":"576","BusCityName":"서울"},{"BusNo":"202","Type":"11","BlID":"775","BusCityName":"서울"},{"BusNo":"147","Type":"11","BlID":"876","BusCityName":"서울"},{"BusNo":"463","Type":"11","BlID":"987","BusCityName":"서울"},{"BusNo":"421","Type":"11","BlID":"1808","BusCityName":"서울"},{"BusNo":"2012","Type":"12","BlID":"943","BusCityName":"서울"},{"BusNo":"2014","Type":"12","BlID":"945","BusCityName":"서울"},{"BusNo":"2015","Type":"12","BlID":"947","BusCityName":"서울"},{"BusNo":"6211","Type":"12","BlID":"1185","BusCityName":"서울"}]}]},{"GateNo":"5","GateLink": ["신당5동","서울신당초등학교"]},{"GateNo":"6","GateLink": ["신당파출소","흥인초등학교","중구치매지원센터","한국청소년상담원"],"BUSSTOP": [{"StopName":"신당동떡볶이타운.중구여성플라자","StopID":"105673","Bus": [{"BusNo":"142","Type":"11","BlID":"871","BusCityName":"서울"},{"BusNo":"147","Type":"11","BlID":"876","BusCityName":"서울"},{"BusNo":"2233","Type":"12","BlID":"978","BusCityName":"서울"},{"BusNo":"6211","Type":"12","BlID":"1185","BusCityName":"서울"}]}]},{"GateNo":"7","GateLink": ["신당1동주민센터","신당1동 우편취급소"],"BUSSTOP": [{"StopName":"신당동떡볶이타운.중구여성플라자","StopID":"105667","Bus": [{"BusNo":"142","Type":"11","BlID":"871","BusCityName":"서울"},{"BusNo":"147","Type":"11","BlID":"876","BusCityName":"서울"},{"BusNo":"2233","Type":"12","BlID":"978","BusCityName":"서울"},{"BusNo":"6211","Type":"12","BlID":"1185","BusCityName":"서울"},{"BusNo":"05","Type":"13","BlID":"508","BusCityName":"서울"}]}]},{"GateNo":"8","GateLink": ["중부소방서","중구보건소","신당동 떡볶이촌"],"BUSSTOP": [{"StopName":"충무아트홀.스포츠센터.중부소방서","StopID":"105639","Bus": [{"BusNo":"N62","Type":"11","BlID":"576","BusCityName":"서울"},{"BusNo":"202","Type":"11","BlID":"775","BusCityName":"서울"},{"BusNo":"463","Type":"11","BlID":"987","BusCityName":"서울"},{"BusNo":"421","Type":"11","BlID":"1808","BusCityName":"서울"},{"BusNo":"2014","Type":"12","BlID":"945","BusCityName":"서울"},{"BusNo":"2233","Type":"12","BlID":"978","BusCityName":"서울"},{"BusNo":"05","Type":"13","BlID":"508","BusCityName":"서울"}]}]},{"GateNo":"9","GateLink": ["흥인동우체국","광희지구대","성동글로벌경영고등학교","한양중.공업고등학교","을지로7가우체국","충무아트홀"],"BUSSTOP": [{"StopName":"충무아트홀.스포츠센터.중부소방서","StopID":"105638","Bus": [{"BusNo":"N62","Type":"11","BlID":"576","BusCityName":"서울"},{"BusNo":"202","Type":"11","BlID":"775","BusCityName":"서울"},{"BusNo":"463","Type":"11","BlID":"987","BusCityName":"서울"},{"BusNo":"421","Type":"11","BlID":"1808","BusCityName":"서울"},{"BusNo":"2012","Type":"12","BlID":"943","BusCityName":"서울"},{"BusNo":"2014","Type":"12","BlID":"945","BusCityName":"서울"},{"BusNo":"2015","Type":"12","BlID":"947","BusCityName":"서울"},{"BusNo":"2233","Type":"12","BlID":"978","BusCityName":"서울"},{"BusNo":"9403","Type":"14","BlID":"1348","BusCityName":"서울"}]}]},{"GateNo":"10","GateLink": ["청계천 다산교","광희초등학교","청평화시장"],"BUSSTOP": [{"StopName":"성동공업고등학교(무궁화회관)","StopID":"105704","Bus": [{"BusNo":"142","Type":"11","BlID":"871","BusCityName":"서울"},{"BusNo":"2015","Type":"12","BlID":"947","BusCityName":"서울"},{"BusNo":"9403","Type":"14","BlID":"1348","BusCityName":"서울"}]}]},{"GateNo":"11","GateLink": ["성동공업고등학교"],"BUSSTOP": [{"StopName":"성동공업고등학교앞","StopID":"105719","Bus": [{"BusNo":"142","Type":"11","BlID":"871","BusCityName":"서울"},{"BusNo":"2013","Type":"12","BlID":"944","BusCityName":"서울"}]}]},{"GateNo":"12","GateLink": ["상왕십리 방면","중앙시장"]}]}}}