{"result": {"stationName":"상왕십리","stationID":207,"type":2,"laneName":"수도권 2호선","laneCity":"수도권","x":127.0288943,"y":37.5645115,"prevOBJ": {"station": [{"stationName":"신당","stationID":206,"type":2,"laneName":"수도권 2호선","laneCity":"수도권","x":127.019484,"y":37.5656772}]},"nextOBJ": {"station": [{"stationName":"왕십리","stationID":208,"type":2,"laneName":"수도권 2호선","laneCity":"수도권","x":127.0376066,"y":37.5612668}]},"defaultInfo": {"address":"서울특별시 성동구 하왕십리동 946-14","new_address":"서울특별시 성동구 왕십리로 374","tel":"02-6110-2071"},"useInfo": {"platform":2,"meetingPlace":0,"restroom":2,"offDoor":1,"crossOver":2,"publicPlace":0,"handicapCount":1,"parkingCount":0,"bicycleCount":1,"civilCount":0},"exitInfo": {"gate": [{"GateNo":"1","GateLink": ["양지시장","왕십리1동주민센터"],"BUSSTOP": [{"StopName":"상왕십리역","StopID":"106299","Bus": [{"BusNo":"N62","Type":"11","BlID":"576","BusCityName":"서울"},{"BusNo":"202","Type":"11","BlID":"775","BusCityName":"서울"},{"BusNo":"147","Type":"11","BlID":"876","BusCityName":"서울"},{"BusNo":"463","Type":"11","BlID":"987","BusCityName":"서울"},{"BusNo":"302","Type":"11","BlID":"1007","BusCityName":"서울"},{"BusNo":"1017","Type":"12","BlID":"764","BusCityName":"서울"},{"BusNo":"2012","Type":"12","BlID":"943","BusCityName":"서울"},{"BusNo":"2013","Type":"12","BlID":"944","BusCityName":"서울"},{"BusNo":"2014","Type":"12","BlID":"945","BusCityName":"서울"},{"BusNo":"2015","Type":"12","BlID":"947","BusCityName":"서울"},{"BusNo":"6211","Type":"12","BlID":"1185","BusCityName":"서울"}]}]},{"GateNo":"2","GateLink": ["왕십리우체국","성동구보건소","시립동부병원","한국전력","무학교","두물다리"],"BUSSTOP": [{"StopName":"상왕십리역","StopID":"106337","Bus": [{"BusNo":"202","Type":"11","BlID":"775","BusCityName":"서울"},{"BusNo":"147","Type":"11","BlID":"876","BusCityName":"서울"},{"BusNo":"302","Type":"11","BlID":"1007","BusCityName":"서울"},{"BusNo":"1017","Type":"12","BlID":"764","BusCityName":"서울"},{"BusNo":"2013","Type":"12","BlID":"944","BusCityName":"서울"},{"BusNo":"6211","Type":"12","BlID":"1185","BusCityName":"서울"}]},{"StopName":"상왕십리역","StopID":"111544","Bus": [{"BusNo":"202","Type":"11","BlID":"775","BusCityName":"서울"},{"BusNo":"147","Type":"11","BlID":"876","BusCityName":"서울"},{"BusNo":"241","Type":"11","BlID":"1710","BusCityName":"서울"}]},{"StopName":"상왕십리역","StopID":"123621","Bus": [{"BusNo":"성동08","Type":"3","BlID":"1526","BusCityName":"서울"}]}]},{"GateNo":"3","GateLink": ["왕십리종합시장","한국예술고교"],"BUSSTOP": [{"StopName":"코스모타워","StopID":"106455","Bus": [{"BusNo":"N62","Type":"11","BlID":"576","BusCityName":"서울"},{"BusNo":"463","Type":"11","BlID":"987","BusCityName":"서울"},{"BusNo":"302","Type":"11","BlID":"1007","BusCityName":"서울"},{"BusNo":"2012","Type":"12","BlID":"943","BusCityName":"서울"},{"BusNo":"2013","Type":"12","BlID":"944","BusCityName":"서울"},{"BusNo":"2014","Type":"12","BlID":"945","BusCityName":"서울"},{"BusNo":"2015","Type":"12","BlID":"947","BusCityName":"서울"}]}]},{"GateNo":"4","GateLink": ["하왕십리동","왕십리2동주민센터","하왕파출소","무학초등학교","무학현대아파트"],"BUSSTOP": [{"StopName":"왕십리2동주민센터","StopID":"106460","Bus": [{"BusNo":"N62","Type":"11","BlID":"576","BusCityName":"서울"},{"BusNo":"463","Type":"11","BlID":"987","BusCityName":"서울"},{"BusNo":"302","Type":"11","BlID":"1007","BusCityName":"서울"},{"BusNo":"2012","Type":"12","BlID":"943","BusCityName":"서울"},{"BusNo":"2013","Type":"12","BlID":"944","BusCityName":"서울"},{"BusNo":"2014","Type":"12","BlID":"945","BusCityName":"서울"},{"BusNo":"2015","Type":"12","BlID":"947","BusCityName":"서울"}]}]},{"GateNo":"5","GateLink": ["한신무학아파트"],"BUSSTOP": [{"StopName":"상왕십리역","StopID":"106320","Bus": [{"BusNo":"N62","Type":"11","BlID":"576","BusCityName":"서울"},{"BusNo":"463","Type":"11","BlID":"987","BusCityName":"서울"},{"BusNo":"2012","Type":"12","BlID":"943","BusCityName":"서울"},{"BusNo":"2014","Type":"12","BlID":"945","BusCityName":"서울"},{"BusNo":"2015","Type":"12","BlID":"947","BusCityName":"서울"}]}]},{"GateNo":"6","GateLink": ["성동고등학교","도로교통안전관리공단","한진아파트"],"BUSSTOP": [{"StopName":"도로교통공단앞","StopID":"106189","Bus": [{"BusNo":"N62","Type":"11","BlID":"576","BusCityName":"서울"},{"BusNo":"202","Type":"11","BlID":"775","BusCityName":"서울"},{"BusNo":"147","Type":"11","BlID":"876","BusCityName":"서울"},{"BusNo":"463","Type":"11","BlID":"987","BusCityName":"서울"},{"BusNo":"241","Type":"11","BlID":"1710","BusCityName":"서울"},{"BusNo":"2012","Type":"12","BlID":"943","BusCityName":"서울"},{"BusNo":"2014","Type":"12","BlID":"945","BusCityName":"서울"},{"BusNo":"2015","Type":"12","BlID":"947","BusCityName":"서울"}]}]}]}}}