{"result": {"stationName":"한양대","stationID":209,"type":2,"laneName":"수도권 2호선","laneCity":"수도권","x":127.0436776,"y":37.5556305,"prevOBJ": {"station": [{"stationName":"왕십리","stationID":208,"type":2,"laneName":"수도권 2호선","laneCity":"수도권","x":127.0376066,"y":37.5612668}]},"nextOBJ": {"station": [{"stationName":"뚝섬","stationID":210,"type":2,"laneName":"수도권 2호선","laneCity":"수도권","x":127.0473267,"y":37.5472442}]},"defaultInfo": {"address":"서울특별시 성동구 행당동 산 17","new_address":"서울특별시 성동구 왕십리로 206","tel":"02-6110-2091"},"useInfo": {"platform":2,"meetingPlace":1,"restroom":2,"offDoor":1,"crossOver":1,"publicPlace":0,"handicapCount":1,"parkingCount":0,"bicycleCount":1,"civilCount":0},"exitInfo": {"gate": [{"GateNo":"1","GateLink": ["한양대학교정문","사근동","사근동주민센터","한양지구대","한양시장"],"BUSSTOP": [{"StopName":"한양대정문앞","StopID":"106924","Bus": [{"BusNo":"N62","Type":"11","BlID":"576","BusCityName":"서울"},{"BusNo":"121","Type":"11","BlID":"851","BusCityName":"서울"},{"BusNo":"302","Type":"11","BlID":"1007","BusCityName":"서울"},{"BusNo":"2016","Type":"12","BlID":"522","BusCityName":"서울"},{"BusNo":"2012","Type":"12","BlID":"943","BusCityName":"서울"},{"BusNo":"2014","Type":"12","BlID":"945","BusCityName":"서울"},{"BusNo":"2222","Type":"12","BlID":"966","BusCityName":"서울"}]}]},{"GateNo":"2","GateLink": ["한양대학교 본관"]},{"GateNo":"3","GateLink": ["뚝섬방면","성동교육청","한양여자대학","한양초등학교"]},{"GateNo":"4","GateLink": ["덕수고등학교","행당중학교"],"BUSSTOP": [{"StopName":"한양대정문","StopID":"106912","Bus": [{"BusNo":"N62","Type":"11","BlID":"576","BusCityName":"서울"},{"BusNo":"121","Type":"11","BlID":"851","BusCityName":"서울"},{"BusNo":"302","Type":"11","BlID":"1007","BusCityName":"서울"},{"BusNo":"2016","Type":"12","BlID":"522","BusCityName":"서울"},{"BusNo":"2012","Type":"12","BlID":"943","BusCityName":"서울"},{"BusNo":"2014","Type":"12","BlID":"945","BusCityName":"서울"},{"BusNo":"2222","Type":"12","BlID":"966","BusCityName":"서울"}]}]}]}}}