{"result": {"stationName":"뚝섬","stationID":210,"type":2,"laneName":"수도권 2호선","laneCity":"수도권","x":127.0473267,"y":37.5472442,"prevOBJ": {"station": [{"stationName":"한양대","stationID":209,"type":2,"laneName":"수도권 2호선","laneCity":"수도권","x":127.0436776,"y":37.5556305}]},"nextOBJ": {"station": [{"stationName":"성수","stationID":211,"type":2,"laneName":"수도권 2호선","laneCity":"수도권","x":127.055995,"y":37.5445745}]},"defaultInfo": {"address":"서울특별시 성동구 성수동1가 656-745","new_address":"서울특별시 성동구 아차산로 18","tel":"02-6110-2101"},"useInfo": {"platform":2,"meetingPlace":1,"restroom":2,"offDoor":1,"crossOver":1,"publicPlace":0,"handicapCount":0,"parkingCount":0,"bicycleCount":1,"civilCount":0},"exitInfo": {"gate": [{"GateNo":"1","GateLink": ["성동교육청","한국한방식품공사(주)"],"BUSSTOP": [{"StopName":"뚝섬역2번출구","StopID":"107108","Bus": [{"BusNo":"N62","Type":"11","BlID":"576","BusCityName":"서울"},{"BusNo":"2016","Type":"12","BlID":"522","BusCityName":"서울"},{"BusNo":"2224","Type":"12","BlID":"968","BusCityName":"서울"},{"BusNo":"2413","Type":"12","BlID":"982","BusCityName":"서울"}]}]},{"GateNo":"2","GateLink": ["성수1가2동"]},{"GateNo":"3","GateLink": ["성수1가2동","신한은행 뚝섬역지점","뚝섬중앙하이츠빌아파트"]},{"GateNo":"4","GateLink": ["현대.쌍용아파트","동아그린 아파트","성수2차대우아파트","성수우방 1차.2차 아파트","태천해오름아파트","우성아파트"],"BUSSTOP": [{"StopName":"뚝섬역4번출구","StopID":"107236","Bus": [{"BusNo":"N62","Type":"11","BlID":"576","BusCityName":"서울"},{"BusNo":"2016","Type":"12","BlID":"522","BusCityName":"서울"},{"BusNo":"2224","Type":"12","BlID":"968","BusCityName":"서울"},{"BusNo":"2413","Type":"12","BlID":"982","BusCityName":"서울"}]}]},{"GateNo":"5","GateLink": ["경동초등학교","경일중학교","경일고등학교","SK테크노빌딩","우리은행 성수동지점","근로복지공단 서울성동지사","기업은행 뚝섬역 지점"],"BUSSTOP": [{"StopName":"뚝섬역3번5번출구","StopID":"107213","Bus": [{"BusNo":"N62","Type":"11","BlID":"576","BusCityName":"서울"},{"BusNo":"2016","Type":"12","BlID":"522","BusCityName":"서울"},{"BusNo":"2224","Type":"12","BlID":"968","BusCityName":"서울"},{"BusNo":"2413","Type":"12","BlID":"982","BusCityName":"서울"}]},{"StopName":"성수동SK아파트형공장앞","StopID":"107262","Bus": [{"BusNo":"2224","Type":"12","BlID":"968","BusCityName":"서울"},{"BusNo":"2413","Type":"12","BlID":"982","BusCityName":"서울"}]},{"StopName":"성수동SK아파트형공장앞","StopID":"107277","Bus": [{"BusNo":"2224","Type":"12","BlID":"968","BusCityName":"서울"}]}]},{"GateNo":"6","GateLink": ["성수1가 1동.2동","대림로즈빌아파트","한양현대아파트"]},{"GateNo":"7","GateLink": ["동아맨션아파트","성수1가 1동.2동"]},{"GateNo":"8","GateLink": ["뚝섬서울숲","한국방송통신대학교 서울제1지역대학","성동구민체육센터","한강사업본부","동아맨션아파트","성수현대아파트","성동구치매지원센터","성수중학교","뚝도아리수정수센터","수도박물관","성수1가2동 주민센터","대한민국재향군인회","성수고등학교"],"BUSSTOP": [{"StopName":"성동구민종합체육센타","StopID":"107008","Bus": [{"BusNo":"121","Type":"11","BlID":"851","BusCityName":"서울"},{"BusNo":"2014","Type":"12","BlID":"945","BusCityName":"서울"},{"BusNo":"2224","Type":"12","BlID":"968","BusCityName":"서울"},{"BusNo":"2413","Type":"12","BlID":"982","BusCityName":"서울"}]},{"StopName":"뚝섬역8번출구","StopID":"107097","Bus": [{"BusNo":"N62","Type":"11","BlID":"576","BusCityName":"서울"},{"BusNo":"2016","Type":"12","BlID":"522","BusCityName":"서울"},{"BusNo":"2224","Type":"12","BlID":"968","BusCityName":"서울"},{"BusNo":"2413","Type":"12","BlID":"982","BusCityName":"서울"}]}]}]}}}