{"result": {"stationName":"성수","stationID":211,"type":2,"laneName":"수도권 2호선","laneCity":"수도권","x":127.055995,"y":37.5445745,"prevOBJ": {"station": [{"stationName":"뚝섬","stationID":210,"type":2,"laneName":"수도권 2호선","laneCity":"수도권","x":127.0473267,"y":37.5472442}]},"nextOBJ": {"station": [{"stationName":"건대입구","stationID":212,"type":2,"laneName":"수도권 2호선","laneCity":"수도권","x":127.069253,"y":37.5403996},{"stationName":"용답","stationID":251,"type":2,"laneName":"수도권 2호선","laneCity":"수도권","x":127.0508495,"y":37.5621758}]},"defaultInfo": {"address":"서울특별시 성동구 성수동2가 300-1","new_address":"서울특별시 성동구 아차산로 100","tel":"02-6110-2111"},"useInfo": {"platform":2,"meetingPlace":1,"restroom":2,"offDoor":2,"crossOver":2,"publicPlace":0,"handicapCount":1,"parkingCount":0,"bicycleCount":1,"civilCount":0},"exitInfo": {"gate": [{"GateNo":"1","GateLink": ["성수2가3동주민센터","성동경찰서","성수지구대","롯데캐슬현대I파크","한국농아인협회","성수우방2차 아파트"],"BUSSTOP": [{"StopName":"국민은행입구","StopID":"123704","Bus": [{"BusNo":"성동10","Type":"3","BlID":"1531","BusCityName":"서울"}]},{"StopName":"성수역","StopID":"197895","Bus": [{"BusNo":"N62","Type":"11","BlID":"576","BusCityName":"서울"},{"BusNo":"2016","Type":"12","BlID":"522","BusCityName":"서울"},{"BusNo":"2224","Type":"12","BlID":"968","BusCityName":"서울"}]}]},{"GateNo":"2","GateLink": ["성수IT종합센터","성동세무서","성수초등학교","KDA대한치과의사협회","외환은행 성수역"]},{"GateNo":"3","GateLink": ["경수초등학교","경수중학교","성원중학교","뚝섬시장","이마트 성수점","성수2가 1동 주민센터"]},{"GateNo":"4","GateLink": ["성수우체국","기업은행 뚝섬역 지점","경동초등학교","뚝섬우체국","성수공업고등학교","한국전기안전공사서울동부지사"],"BUSSTOP": [{"StopName":"경수중학교입구","StopID":"152694","Bus": [{"BusNo":"성동10","Type":"3","BlID":"1531","BusCityName":"서울"}]},{"StopName":"성수역","StopID":"193701","Bus": [{"BusNo":"N62","Type":"11","BlID":"576","BusCityName":"서울"},{"BusNo":"2016","Type":"12","BlID":"522","BusCityName":"서울"}]},{"StopName":"지하철2호선성수역","StopID":"196459","Bus": [{"BusNo":"성동10","Type":"3","BlID":"1531","BusCityName":"서울"}]}]}]}}}