{"result": {"stationName":"건대입구","stationID":212,"type":2,"laneName":"수도권 2호선","laneCity":"수도권","x":127.069253,"y":37.5403996,"exOBJ": {"station": [{"stationName":"건대입구","stationID":727,"type":7,"laneName":"수도권 7호선","laneCity":"수도권"}]},"prevOBJ": {"station": [{"stationName":"성수","stationID":211,"type":2,"laneName":"수도권 2호선","laneCity":"수도권","x":127.055995,"y":37.5445745}]},"nextOBJ": {"station": [{"stationName":"구의","stationID":213,"type":2,"laneName":"수도권 2호선","laneCity":"수도권","x":127.086153,"y":37.5371524}]},"defaultInfo": {"address":"서울특별시 광진구 화양동 7-3","new_address":"서울특별시 광진구 아차산로 243","tel":"02-6110-2121"},"useInfo": {"platform":2,"meetingPlace":1,"restroom":1,"offDoor":1,"crossOver":2,"publicPlace":0,"handicapCount":1,"parkingCount":0,"bicycleCount":1,"civilCount":1},"exitInfo": {"gate": [{"GateNo":"1","GateLink": ["화양동 주민센터","화양치안센터","성수사거리"],"BUSSTOP": [{"StopName":"건대입구역","StopID":"151104","Bus": [{"BusNo":"102","Type":"4","BlID":"5084","BusCityName":"성남"},{"BusNo":"1002","Type":"4","BlID":"10448","BusCityName":"광주"},{"BusNo":"N61","Type":"11","BlID":"575","BusCityName":"서울"},{"BusNo":"N62","Type":"11","BlID":"576","BusCityName":"서울"},{"BusNo":"2016","Type":"12","BlID":"522","BusCityName":"서울"},{"BusNo":"4212","Type":"12","BlID":"1055","BusCityName":"서울"}]}]},{"GateNo":"2","GateLink": ["건국대학교","화양초등학교","어린이대공원","기업은행 건대역지점"],"BUSSTOP": [{"StopName":"건대입구역사거리.건대병원","StopID":"108134","Bus": [{"BusNo":"102","Type":"4","BlID":"5084","BusCityName":"성남"},{"BusNo":"1002","Type":"4","BlID":"10448","BusCityName":"광주"},{"BusNo":"3500","Type":"4","BlID":"17501","BusCityName":"포천"},{"BusNo":"N61","Type":"11","BlID":"575","BusCityName":"서울"},{"BusNo":"N62","Type":"11","BlID":"576","BusCityName":"서울"},{"BusNo":"721","Type":"11","BlID":"1259","BusCityName":"서울"},{"BusNo":"240","Type":"11","BlID":"1495","BusCityName":"서울"},{"BusNo":"2016","Type":"12","BlID":"522","BusCityName":"서울"},{"BusNo":"2222","Type":"12","BlID":"966","BusCityName":"서울"},{"BusNo":"4212","Type":"12","BlID":"1055","BusCityName":"서울"}]},{"StopName":"건대입구역사거리","StopID":"193700","Bus": [{"BusNo":"3220","Type":"12","BlID":"1045","BusCityName":"서울"}]}]},{"GateNo":"3","GateLink": ["화양동","능동로","어린이대공원방면","건국대학교병원","건국대학교","건대역사거리","자양중.고등학교","광진구청방면","동자초등학교","자양초등학교","광진문화예술회관(나루아트센터)","우성아파트","외환은행 스타시티점"],"BUSSTOP": [{"StopName":"건대입구역사거리.건대병원","StopID":"108145","Bus": [{"BusNo":"3500","Type":"4","BlID":"17501","BusCityName":"포천"},{"BusNo":"N61","Type":"11","BlID":"575","BusCityName":"서울"},{"BusNo":"N62","Type":"11","BlID":"576","BusCityName":"서울"},{"BusNo":"721","Type":"11","BlID":"1259","BusCityName":"서울"},{"BusNo":"240","Type":"11","BlID":"1495","BusCityName":"서울"},{"BusNo":"2016","Type":"12","BlID":"522","BusCityName":"서울"},{"BusNo":"2222","Type":"12","BlID":"966","BusCityName":"서울"},{"BusNo":"3217","Type":"12","BlID":"1018","BusCityName":"서울"},{"BusNo":"3220","Type":"12","BlID":"1045","BusCityName":"서울"},{"BusNo":"4212","Type":"12","BlID":"1055","BusCityName":"서울"}]},{"StopName":"건대입구역","StopID":"108173","Bus": [{"BusNo":"6013","Type":"5","BlID":"1791","BusCityName":"서울"}]}]},{"GateNo":"4","GateLink": ["성수우체국"],"BUSSTOP": [{"StopName":"건국대학교앞","StopID":"108282","Bus": [{"BusNo":"광진05","Type":"3","BlID":"967","BusCityName":"서울"},{"BusNo":"2224","Type":"12","BlID":"968","BusCityName":"서울"},{"BusNo":"3220","Type":"12","BlID":"1045","BusCityName":"서울"}]}]},{"GateNo":"5","GateLink": ["자양동방면","한강시민공원(뚝섬입구)","자양중.고교","신양초등학교","동자초등학교","노유로데오길","광진문화예술회관"],"BUSSTOP": [{"StopName":"건대역","StopID":"108099","Bus": [{"BusNo":"광진05","Type":"3","BlID":"967","BusCityName":"서울"},{"BusNo":"3500","Type":"4","BlID":"17501","BusCityName":"포천"},{"BusNo":"721","Type":"11","BlID":"1259","BusCityName":"서울"},{"BusNo":"240","Type":"11","BlID":"1495","BusCityName":"서울"},{"BusNo":"2222","Type":"12","BlID":"966","BusCityName":"서울"},{"BusNo":"2224","Type":"12","BlID":"968","BusCityName":"서울"}]},{"StopName":"건대역","StopID":"108111","Bus": [{"BusNo":"광진05","Type":"3","BlID":"967","BusCityName":"서울"},{"BusNo":"3500","Type":"4","BlID":"17501","BusCityName":"포천"},{"BusNo":"721","Type":"11","BlID":"1259","BusCityName":"서울"},{"BusNo":"240","Type":"11","BlID":"1495","BusCityName":"서울"},{"BusNo":"2222","Type":"12","BlID":"966","BusCityName":"서울"},{"BusNo":"2224","Type":"12","BlID":"968","BusCityName":"서울"}]},{"StopName":"건국대학교앞","StopID":"108273","Bus": [{"BusNo":"광진05","Type":"3","BlID":"967","BusCityName":"서울"},{"BusNo":"2224","Type":"12","BlID":"968","BusCityName":"서울"},{"BusNo":"3220","Type":"12","BlID":"1045","BusCityName":"서울"}]},{"StopName":"광진구의회","StopID":"166188","Bus": [{"BusNo":"6013","Type":"5","BlID":"1791","BusCityName":"서울"}]},{"StopName":"광진구의회","StopID":"166190","Bus": [{"BusNo":"6013","Type":"5","BlID":"1791","BusCityName":"서울"}]}]},{"GateNo":"6","GateLink": ["노룬산시장","영동대교","조양시장","서울특별시여성능력개발원","풀잎문화센터 건대지부"],"BUSSTOP": [{"StopName":"건대입구역","StopID":"193730","Bus": [{"BusNo":"N61","Type":"11","BlID":"575","BusCityName":"서울"},{"BusNo":"N62","Type":"11","BlID":"576","BusCityName":"서울"},{"BusNo":"2016","Type":"12","BlID":"522","BusCityName":"서울"},{"BusNo":"3217","Type":"12","BlID":"1018","BusCityName":"서울"},{"BusNo":"4212","Type":"12","BlID":"1055","BusCityName":"서울"}]}]}]}}}