{"result": {"stationName":"구의","stationID":213,"type":2,"laneName":"수도권 2호선","laneCity":"수도권","x":127.086153,"y":37.5371524,"prevOBJ": {"station": [{"stationName":"건대입구","stationID":212,"type":2,"laneName":"수도권 2호선","laneCity":"수도권","x":127.069253,"y":37.5403996}]},"nextOBJ": {"station": [{"stationName":"강변","stationID":214,"type":2,"laneName":"수도권 2호선","laneCity":"수도권","x":127.0946861,"y":37.5351546}]},"defaultInfo": {"address":"서울특별시 광진구 구의동 245-24","new_address":"서울특별시 광진구 아차산로 384-1","tel":"02-6110-2131"},"useInfo": {"platform":2,"meetingPlace":1,"restroom":1,"offDoor":1,"crossOver":1,"publicPlace":0,"handicapCount":1,"parkingCount":0,"bicycleCount":1,"civilCount":0},"exitInfo": {"gate": [{"GateNo":"1","GateLink": ["광진구청","광진경찰서","동국대사범대학부속여중.고교","건대부속중.고교","국민건강보험공단광진지사"],"BUSSTOP": [{"StopName":"구의역","StopID":"125102","Bus": [{"BusNo":"광진03","Type":"3","BlID":"1630","BusCityName":"서울"},{"BusNo":"광진04","Type":"3","BlID":"1635","BusCityName":"서울"}]}]},{"GateNo":"2","GateLink": ["구의1동"],"BUSSTOP": [{"StopName":"동부지방법원앞","StopID":"108682","Bus": [{"BusNo":"1112","Type":"4","BlID":"10052","BusCityName":"광주"},{"BusNo":"1117","Type":"4","BlID":"10089","BusCityName":"광주"},{"BusNo":"2224","Type":"12","BlID":"968","BusCityName":"서울"}]},{"StopName":"구의역","StopID":"108691","Bus": [{"BusNo":"광진01","Type":"3","BlID":"1623","BusCityName":"서울"}]}]},{"GateNo":"3","GateLink": ["서울동부지방법원","서울동부지방검찰청","대한법률구조공단서울동부지부","광진우체국","서울무선전신국","우정사업조달사무소","동서울우편집중국(후문)"],"BUSSTOP": [{"StopName":"동부지방법원앞","StopID":"108684","Bus": [{"BusNo":"광진03","Type":"3","BlID":"1630","BusCityName":"서울"},{"BusNo":"광진04","Type":"3","BlID":"1635","BusCityName":"서울"},{"BusNo":"1112","Type":"4","BlID":"10052","BusCityName":"광주"},{"BusNo":"1117","Type":"4","BlID":"10089","BusCityName":"광주"},{"BusNo":"2224","Type":"12","BlID":"968","BusCityName":"서울"}]}]},{"GateNo":"4","GateLink": ["잠실대교방면","자양1동","우정사업정보센터","한국보건의료인국가시험원","동서울우편집중국(정문)","자양1동 주민센터","우리은행 자양동지점"],"BUSSTOP": [{"StopName":"구의역","StopID":"125077","Bus": [{"BusNo":"광진03","Type":"3","BlID":"1630","BusCityName":"서울"},{"BusNo":"광진04","Type":"3","BlID":"1635","BusCityName":"서울"}]}]}]}}}