{"result": {"stationName":"강변","stationID":214,"type":2,"laneName":"수도권 2호선","laneCity":"수도권","x":127.0946861,"y":37.5351546,"prevOBJ": {"station": [{"stationName":"구의","stationID":213,"type":2,"laneName":"수도권 2호선","laneCity":"수도권","x":127.086153,"y":37.5371524}]},"nextOBJ": {"station": [{"stationName":"잠실나루","stationID":215,"type":2,"laneName":"수도권 2호선","laneCity":"수도권","x":127.1038432,"y":37.5206723}]},"defaultInfo": {"address":"서울특별시 광진구 구의동 546-6","new_address":"서울특별시 광진구 강변역로 53","tel":"02-6110-2141"},"useInfo": {"platform":2,"meetingPlace":0,"restroom":2,"offDoor":1,"crossOver":2,"publicPlace":0,"handicapCount":1,"parkingCount":0,"bicycleCount":1,"civilCount":1},"exitInfo": {"gate": [{"GateNo":"1","GateLink": ["구의3동주민센터","광나루지구대","광남중고교","현대아파트"],"BUSSTOP": [{"StopName":"테크노마트앞.강변역","StopID":"108829","Bus": [{"BusNo":"1650","Type":"4","BlID":"10023","BusCityName":"광주"},{"BusNo":"1113-2","Type":"4","BlID":"10026","BusCityName":"광주"},{"BusNo":"1112","Type":"4","BlID":"10052","BusCityName":"광주"},{"BusNo":"1117","Type":"4","BlID":"10089","BusCityName":"광주"},{"BusNo":"5600","Type":"4","BlID":"11024","BusCityName":"용인"},{"BusNo":"5700","Type":"4","BlID":"11036","BusCityName":"용인"},{"BusNo":"2224","Type":"12","BlID":"968","BusCityName":"서울"}]},{"StopName":"테크노마트.광진문화원","StopID":"108874","Bus": [{"BusNo":"광진01","Type":"3","BlID":"1623","BusCityName":"서울"}]},{"StopName":"강변역.테크노마트앞","StopID":"123543","Bus": [{"BusNo":"강동01","Type":"3","BlID":"1519","BusCityName":"서울"},{"BusNo":"광진01","Type":"3","BlID":"1623","BusCityName":"서울"}]},{"StopName":"테크노마트앞.강변역","StopID":"195083","Bus": [{"BusNo":"112","Type":"1","BlID":"10029","BusCityName":"광주"},{"BusNo":"13-2","Type":"1","BlID":"10082","BusCityName":"광주"},{"BusNo":"13","Type":"1","BlID":"10083","BusCityName":"광주"},{"BusNo":"112-1","Type":"1","BlID":"18509","BusCityName":"남양주"},{"BusNo":"1113-10","Type":"4","BlID":"10003","BusCityName":"광주"},{"BusNo":"1650","Type":"4","BlID":"10023","BusCityName":"광주"},{"BusNo":"1113-1","Type":"4","BlID":"10080","BusCityName":"광주"},{"BusNo":"1113","Type":"4","BlID":"10085","BusCityName":"광주"},{"BusNo":"1113-11","Type":"4","BlID":"10507","BusCityName":"광주"},{"BusNo":"1660","Type":"4","BlID":"18516","BusCityName":"남양주"},{"BusNo":"6705","Type":"5","BlID":"1793","BusCityName":"서울"},{"BusNo":"3212","Type":"12","BlID":"1014","BusCityName":"서울"},{"BusNo":"3214","Type":"12","BlID":"1398","BusCityName":"서울"}]}]},{"GateNo":"2","GateLink": ["구의3동","현대아파트","프라임아파트"]},{"GateNo":"3","GateLink": ["동서울종합터미널","광진중학교","성동초등학교","한양아파트"]},{"GateNo":"4","GateLink": ["동서울종합터미널","서울구남초등학교","서울광진학교","성동초등학교","우성아파트","서울광진우체국"],"BUSSTOP": [{"StopName":"강변역A","StopID":"108806","Bus": [{"BusNo":"93","Type":"1","BlID":"8517","BusCityName":"구리"},{"BusNo":"15","Type":"1","BlID":"10148","BusCityName":"광주"},{"BusNo":"2000-1","Type":"1","BlID":"14000","BusCityName":"양평군"},{"BusNo":"2000-4","Type":"1","BlID":"14039","BusCityName":"양평군"},{"BusNo":"2000-3","Type":"1","BlID":"14062","BusCityName":"양평군"},{"BusNo":"1","Type":"1","BlID":"18501","BusCityName":"남양주"},{"BusNo":"97","Type":"1","BlID":"18572","BusCityName":"남양주"},{"BusNo":"11","Type":"4","BlID":"18506","BusCityName":"남양주"},{"BusNo":"6705","Type":"5","BlID":"1793","BusCityName":"서울"}]},{"StopName":"강변역B","StopID":"108819","Bus": [{"BusNo":"96","Type":"1","BlID":"8501","BusCityName":"구리"},{"BusNo":"95","Type":"1","BlID":"8507","BusCityName":"구리"},{"BusNo":"96-1","Type":"1","BlID":"8508","BusCityName":"구리"},{"BusNo":"92","Type":"1","BlID":"8514","BusCityName":"구리"},{"BusNo":"1-2","Type":"1","BlID":"9009","BusCityName":"의정부"},{"BusNo":"1-1","Type":"1","BlID":"9016","BusCityName":"의정부"},{"BusNo":"1-3","Type":"1","BlID":"9056","BusCityName":"의정부"},{"BusNo":"9-1","Type":"1","BlID":"18543","BusCityName":"남양주"},{"BusNo":"9","Type":"1","BlID":"18567","BusCityName":"남양주"},{"BusNo":"91","Type":"1","BlID":"18568","BusCityName":"남양주"},{"BusNo":"100","Type":"4","BlID":"18598","BusCityName":"남양주"}]}]}]}}}