{"result": {"stationName":"잠실나루","stationID":215,"type":2,"laneName":"수도권 2호선","laneCity":"수도권","x":127.1038432,"y":37.5206723,"prevOBJ": {"station": [{"stationName":"강변","stationID":214,"type":2,"laneName":"수도권 2호선","laneCity":"수도권","x":127.0946861,"y":37.5351546}]},"nextOBJ": {"station": [{"stationName":"잠실","stationID":216,"type":2,"laneName":"수도권 2호선","laneCity":"수도권","x":127.1001752,"y":37.5133459}]},"defaultInfo": {"address":"서울특별시 송파구 신천동 15","new_address":"서울특별시 송파구 오금로 20","tel":"02-6110-2151"},"useInfo": {"platform":2,"meetingPlace":1,"restroom":2,"offDoor":1,"crossOver":2,"publicPlace":0,"handicapCount":1,"parkingCount":0,"bicycleCount":1,"civilCount":0},"exitInfo": {"gate": [{"GateNo":"1","GateLink": ["성내천","잠실고등학교","서울잠현초등학교","파크리오아파트"]},{"GateNo":"2","GateLink": ["올림픽공원방면","송파구청","기업은행 잠실파크리오지점","신천파출소","잠실4동주민센터","잠실초등학교","잠실4동우체국","미성아파트","진주아파트","잠실크로바아파트"],"BUSSTOP": [{"StopName":"잠실나루역","StopID":"109050","Bus": [{"BusNo":"16","Type":"1","BlID":"10024","BusCityName":"광주"},{"BusNo":"351","Type":"11","BlID":"1041","BusCityName":"서울"},{"BusNo":"3318","Type":"12","BlID":"516","BusCityName":"서울"},{"BusNo":"3412","Type":"12","BlID":"1028","BusCityName":"서울"},{"BusNo":"4318","Type":"12","BlID":"1711","BusCityName":"서울"}]}]},{"GateNo":"3","GateLink": ["한강시민공원(잠실지구)","송파구청","잠실6동주민센터","잠실중학교","잠동초등학교","장미아파트","잠실IT인재 개발원","수협중앙회"],"BUSSTOP": [{"StopName":"잠실나루역","StopID":"110295","Bus": [{"BusNo":"30-3","Type":"1","BlID":"8002","BusCityName":"하남"},{"BusNo":"30-5","Type":"1","BlID":"8003","BusCityName":"하남"},{"BusNo":"16","Type":"1","BlID":"10024","BusCityName":"광주"},{"BusNo":"351","Type":"11","BlID":"1041","BusCityName":"서울"},{"BusNo":"3318","Type":"12","BlID":"516","BusCityName":"서울"},{"BusNo":"3412","Type":"12","BlID":"1028","BusCityName":"서울"},{"BusNo":"3319","Type":"12","BlID":"1056","BusCityName":"서울"},{"BusNo":"4318","Type":"12","BlID":"1711","BusCityName":"서울"}]}]},{"GateNo":"4","GateLink": ["잠실6동 주민센터","잠동초등학교","장미아파트"]}]}}}