{"result": {"stationName":"잠실","stationID":216,"type":2,"laneName":"수도권 2호선","laneCity":"수도권","x":127.1001752,"y":37.5133459,"exOBJ": {"station": [{"stationName":"잠실","stationID":814,"type":8,"laneName":"수도권 8호선","laneCity":"수도권"}]},"prevOBJ": {"station": [{"stationName":"잠실나루","stationID":215,"type":2,"laneName":"수도권 2호선","laneCity":"수도권","x":127.1038432,"y":37.5206723}]},"nextOBJ": {"station": [{"stationName":"신천","stationID":217,"type":2,"laneName":"수도권 2호선","laneCity":"수도권","x":127.0856041,"y":37.5116303}]},"defaultInfo": {"address":"서울특별시 송파구 잠실동 8","new_address":"서울특별시 송파구 올림픽로 265","tel":"02-6110-2161"},"useInfo": {"platform":2,"meetingPlace":0,"restroom":2,"offDoor":1,"crossOver":1,"publicPlace":0,"handicapCount":1,"parkingCount":1,"bicycleCount":1,"civilCount":0},"exitInfo": {"gate": [{"GateNo":"1","GateLink": ["방이동","송파구청","올림픽공원방면","잠실우체국"],"BUSSTOP": [{"StopName":"잠실역1번.11번출구","StopID":"163084","Bus": [{"BusNo":"70","Type":"1","BlID":"5029","BusCityName":"성남"},{"BusNo":"101","Type":"1","BlID":"5114","BusCityName":"성남"},{"BusNo":"30-1","Type":"1","BlID":"8001","BusCityName":"하남"},{"BusNo":"32","Type":"1","BlID":"10015","BusCityName":"광주"},{"BusNo":"116","Type":"1","BlID":"10074","BusCityName":"광주"},{"BusNo":"1007","Type":"4","BlID":"10005","BusCityName":"광주"},{"BusNo":"500-1","Type":"4","BlID":"10033","BusCityName":"광주"},{"BusNo":"1009","Type":"4","BlID":"10035","BusCityName":"광주"},{"BusNo":"1000-1","Type":"4","BlID":"10439","BusCityName":"광주"},{"BusNo":"1000","Type":"4","BlID":"18502","BusCityName":"남양주"},{"BusNo":"1100","Type":"4","BlID":"18507","BusCityName":"남양주"},{"BusNo":"1000-2","Type":"4","BlID":"18575","BusCityName":"남양주"},{"BusNo":"1200-1","Type":"4","BlID":"18576","BusCityName":"남양주"},{"BusNo":"1200","Type":"4","BlID":"18588","BusCityName":"남양주"},{"BusNo":"8001","Type":"6","BlID":"18591","BusCityName":"남양주"},{"BusNo":"341","Type":"11","BlID":"1435","BusCityName":"서울"},{"BusNo":"3216","Type":"12","BlID":"1017","BusCityName":"서울"},{"BusNo":"3313","Type":"12","BlID":"1023","BusCityName":"서울"},{"BusNo":"3315","Type":"12","BlID":"1025","BusCityName":"서울"},{"BusNo":"3411","Type":"12","BlID":"1027","BusCityName":"서울"},{"BusNo":"3413","Type":"12","BlID":"1029","BusCityName":"서울"},{"BusNo":"3414","Type":"12","BlID":"1030","BusCityName":"서울"},{"BusNo":"4319","Type":"12","BlID":"1810","BusCityName":"서울"},{"BusNo":"M2323","Type":"14","BlID":"18505","BusCityName":"남양주"}]}]},{"GateNo":"2","GateLink": ["송파대로","석촌호수","호수임광아파트"]},{"GateNo":"3","GateLink": ["가락동.성남방면"],"BUSSTOP": [{"StopName":"잠실롯데월드","StopID":"166240","Bus": [{"BusNo":"6000","Type":"5","BlID":"1799","BusCityName":"서울"}]},{"StopName":"잠실롯데월드","StopID":"206314","Bus": [{"BusNo":"6705","Type":"5","BlID":"1793","BusCityName":"서울"},{"BusNo":"6706","Type":"5","BlID":"1796","BusCityName":"서울"}]}]},{"GateNo":"4","GateLink": ["레이크팰리스","서울놀이마당","롯데월드면세점"],"BUSSTOP": [{"StopName":"잠실역.롯데월드","StopID":"108908","Bus": [{"BusNo":"1007-1","Type":"4","BlID":"10051","BusCityName":"광주"},{"BusNo":"6900","Type":"4","BlID":"10064","BusCityName":"광주"},{"BusNo":"6006","Type":"5","BlID":"1778","BusCityName":"서울"},{"BusNo":"N13","Type":"11","BlID":"571","BusCityName":"서울"},{"BusNo":"301","Type":"11","BlID":"1006","BusCityName":"서울"},{"BusNo":"341","Type":"11","BlID":"1435","BusCityName":"서울"},{"BusNo":"360","Type":"11","BlID":"1440","BusCityName":"서울"},{"BusNo":"362","Type":"11","BlID":"1454","BusCityName":"서울"},{"BusNo":"3217","Type":"12","BlID":"1018","BusCityName":"서울"},{"BusNo":"3313","Type":"12","BlID":"1023","BusCityName":"서울"},{"BusNo":"3314","Type":"12","BlID":"1024","BusCityName":"서울"},{"BusNo":"3315","Type":"12","BlID":"1025","BusCityName":"서울"},{"BusNo":"3411","Type":"12","BlID":"1027","BusCityName":"서울"},{"BusNo":"3414","Type":"12","BlID":"1030","BusCityName":"서울"},{"BusNo":"3317","Type":"12","BlID":"1031","BusCityName":"서울"},{"BusNo":"4319","Type":"12","BlID":"1810","BusCityName":"서울"}]}]},{"GateNo":"5","GateLink": ["잠실종합운동장","신천역 방면","잠실제5동","신천초등학교"],"BUSSTOP": [{"StopName":"잠실역.롯데월드","StopID":"108901","Bus": [{"BusNo":"2000-2","Type":"1","BlID":"14001","BusCityName":"양평군"},{"BusNo":"9302","Type":"4","BlID":"8009","BusCityName":"하남"},{"BusNo":"1115-6","Type":"4","BlID":"8503","BusCityName":"구리"},{"BusNo":"1001","Type":"4","BlID":"18508","BusCityName":"남양주"},{"BusNo":"8002","Type":"6","BlID":"10066","BusCityName":"광주"},{"BusNo":"8012","Type":"6","BlID":"18587","BusCityName":"남양주"},{"BusNo":"N13","Type":"11","BlID":"571","BusCityName":"서울"},{"BusNo":"301","Type":"11","BlID":"1006","BusCityName":"서울"},{"BusNo":"351","Type":"11","BlID":"1041","BusCityName":"서울"},{"BusNo":"341","Type":"11","BlID":"1435","BusCityName":"서울"},{"BusNo":"360","Type":"11","BlID":"1440","BusCityName":"서울"},{"BusNo":"362","Type":"11","BlID":"1454","BusCityName":"서울"},{"BusNo":"2415","Type":"12","BlID":"970","BusCityName":"서울"},{"BusNo":"3217","Type":"12","BlID":"1018","BusCityName":"서울"},{"BusNo":"3313","Type":"12","BlID":"1023","BusCityName":"서울"},{"BusNo":"3314","Type":"12","BlID":"1024","BusCityName":"서울"},{"BusNo":"3315","Type":"12","BlID":"1025","BusCityName":"서울"},{"BusNo":"3411","Type":"12","BlID":"1027","BusCityName":"서울"},{"BusNo":"3412","Type":"12","BlID":"1028","BusCityName":"서울"},{"BusNo":"3414","Type":"12","BlID":"1030","BusCityName":"서울"},{"BusNo":"3317","Type":"12","BlID":"1031","BusCityName":"서울"},{"BusNo":"4318","Type":"12","BlID":"1711","BusCityName":"서울"},{"BusNo":"4319","Type":"12","BlID":"1810","BusCityName":"서울"},{"BusNo":"M2316","Type":"14","BlID":"10574","BusCityName":"광주"},{"BusNo":"7000","Type":"22","BlID":"13598","BusCityName":"가평군"}]},{"StopName":"잠실역","StopID":"193613","Bus": [{"BusNo":"6006","Type":"5","BlID":"1778","BusCityName":"서울"},{"BusNo":"6000","Type":"5","BlID":"1799","BusCityName":"서울"}]}]},{"GateNo":"6","GateLink": ["잠실대교 방면","잠실주공아파트"],"BUSSTOP": [{"StopName":"잠실역","StopID":"108916","Bus": [{"BusNo":"2000-2","Type":"1","BlID":"14001","BusCityName":"양평군"},{"BusNo":"9302","Type":"4","BlID":"8009","BusCityName":"하남"},{"BusNo":"1115-6","Type":"4","BlID":"8503","BusCityName":"구리"},{"BusNo":"1007","Type":"4","BlID":"10005","BusCityName":"광주"},{"BusNo":"1100","Type":"4","BlID":"18507","BusCityName":"남양주"},{"BusNo":"1001","Type":"4","BlID":"18508","BusCityName":"남양주"},{"BusNo":"2000-1","Type":"4","BlID":"18510","BusCityName":"남양주"},{"BusNo":"1700","Type":"4","BlID":"18522","BusCityName":"남양주"},{"BusNo":"2000","Type":"4","BlID":"18523","BusCityName":"남양주"},{"BusNo":"7007-2","Type":"4","BlID":"18542","BusCityName":"남양주"},{"BusNo":"7007","Type":"4","BlID":"18553","BusCityName":"남양주"},{"BusNo":"2000-2","Type":"4","BlID":"18574","BusCityName":"남양주"},{"BusNo":"8002-2","Type":"6","BlID":"10044","BusCityName":"광주"},{"BusNo":"8002","Type":"6","BlID":"10066","BusCityName":"광주"},{"BusNo":"8012","Type":"6","BlID":"18587","BusCityName":"남양주"},{"BusNo":"8001","Type":"6","BlID":"18591","BusCityName":"남양주"},{"BusNo":"2415","Type":"12","BlID":"970","BusCityName":"서울"},{"BusNo":"M2316","Type":"14","BlID":"10574","BusCityName":"광주"},{"BusNo":"8105","Type":"22","BlID":"10706","BusCityName":"광주"}]},{"StopName":"잠실역.잠실대교.남단","StopID":"127314","Bus": [{"BusNo":"101","Type":"1","BlID":"5114","BusCityName":"성남"},{"BusNo":"32","Type":"1","BlID":"10015","BusCityName":"광주"},{"BusNo":"16","Type":"1","BlID":"10024","BusCityName":"광주"},{"BusNo":"116","Type":"1","BlID":"10074","BusCityName":"광주"},{"BusNo":"119","Type":"1","BlID":"10078","BusCityName":"광주"},{"BusNo":"1650","Type":"4","BlID":"10023","BusCityName":"광주"},{"BusNo":"500-1","Type":"4","BlID":"10033","BusCityName":"광주"},{"BusNo":"1009","Type":"4","BlID":"10035","BusCityName":"광주"},{"BusNo":"1112","Type":"4","BlID":"10052","BusCityName":"광주"},{"BusNo":"1117","Type":"4","BlID":"10089","BusCityName":"광주"},{"BusNo":"1670","Type":"4","BlID":"10271","BusCityName":"광주"},{"BusNo":"5600","Type":"4","BlID":"11024","BusCityName":"용인"},{"BusNo":"5700","Type":"4","BlID":"11036","BusCityName":"용인"},{"BusNo":"302","Type":"11","BlID":"1007","BusCityName":"서울"},{"BusNo":"303","Type":"11","BlID":"1008","BusCityName":"서울"},{"BusNo":"320","Type":"11","BlID":"1455","BusCityName":"서울"},{"BusNo":"3318","Type":"12","BlID":"516","BusCityName":"서울"},{"BusNo":"2412","Type":"12","BlID":"981","BusCityName":"서울"},{"BusNo":"2311","Type":"12","BlID":"1016","BusCityName":"서울"},{"BusNo":"9403","Type":"14","BlID":"1348","BusCityName":"서울"},{"BusNo":"3300","Type":"22","BlID":"10000","BusCityName":"광주"},{"BusNo":"1310","Type":"22","BlID":"10663","BusCityName":"광주"},{"BusNo":"1801","Type":"22","BlID":"10666","BusCityName":"광주"},{"BusNo":"8142","Type":"22","BlID":"10712","BusCityName":"광주"},{"BusNo":"8147","Type":"22","BlID":"10716","BusCityName":"광주"},{"BusNo":"8153","Type":"22","BlID":"10717","BusCityName":"광주"}]}]},{"GateNo":"7","GateLink": ["성내역","향군회관","한국광고문화회관","근로복지공단 서울북부","장미아파트","잠실중학교","잠동초교","롯데캐슬골드"],"BUSSTOP": [{"StopName":"잠실역","StopID":"108929","Bus": [{"BusNo":"30-3","Type":"1","BlID":"8002","BusCityName":"하남"},{"BusNo":"30-5","Type":"1","BlID":"8003","BusCityName":"하남"},{"BusNo":"16","Type":"1","BlID":"10024","BusCityName":"광주"},{"BusNo":"2000-2","Type":"1","BlID":"14001","BusCityName":"양평군"},{"BusNo":"9302","Type":"4","BlID":"8009","BusCityName":"하남"},{"BusNo":"351","Type":"11","BlID":"1041","BusCityName":"서울"},{"BusNo":"3318","Type":"12","BlID":"516","BusCityName":"서울"},{"BusNo":"2415","Type":"12","BlID":"970","BusCityName":"서울"},{"BusNo":"3216","Type":"12","BlID":"1017","BusCityName":"서울"},{"BusNo":"3412","Type":"12","BlID":"1028","BusCityName":"서울"},{"BusNo":"3319","Type":"12","BlID":"1056","BusCityName":"서울"},{"BusNo":"4318","Type":"12","BlID":"1711","BusCityName":"서울"}]},{"StopName":"잠실역.잠실대교.남단","StopID":"127313","Bus": [{"BusNo":"119","Type":"1","BlID":"10078","BusCityName":"광주"},{"BusNo":"1650","Type":"4","BlID":"10023","BusCityName":"광주"},{"BusNo":"1112","Type":"4","BlID":"10052","BusCityName":"광주"},{"BusNo":"1117","Type":"4","BlID":"10089","BusCityName":"광주"},{"BusNo":"5600","Type":"4","BlID":"11024","BusCityName":"용인"},{"BusNo":"5700","Type":"4","BlID":"11036","BusCityName":"용인"},{"BusNo":"302","Type":"11","BlID":"1007","BusCityName":"서울"},{"BusNo":"303","Type":"11","BlID":"1008","BusCityName":"서울"},{"BusNo":"320","Type":"11","BlID":"1455","BusCityName":"서울"},{"BusNo":"2412","Type":"12","BlID":"981","BusCityName":"서울"},{"BusNo":"2311","Type":"12","BlID":"1016","BusCityName":"서울"},{"BusNo":"9403","Type":"14","BlID":"1348","BusCityName":"서울"},{"BusNo":"3300","Type":"22","BlID":"10000","BusCityName":"광주"},{"BusNo":"1310","Type":"22","BlID":"10663","BusCityName":"광주"},{"BusNo":"1801","Type":"22","BlID":"10666","BusCityName":"광주"},{"BusNo":"8105","Type":"22","BlID":"10706","BusCityName":"광주"},{"BusNo":"8142","Type":"22","BlID":"10712","BusCityName":"광주"},{"BusNo":"8147","Type":"22","BlID":"10716","BusCityName":"광주"},{"BusNo":"8153","Type":"22","BlID":"10717","BusCityName":"광주"}]},{"StopName":"잠실역","StopID":"197901","Bus": [{"BusNo":"1670","Type":"4","BlID":"10271","BusCityName":"광주"},{"BusNo":"2000-1","Type":"4","BlID":"18510","BusCityName":"남양주"},{"BusNo":"1700","Type":"4","BlID":"18522","BusCityName":"남양주"},{"BusNo":"2000","Type":"4","BlID":"18523","BusCityName":"남양주"},{"BusNo":"7007","Type":"4","BlID":"18553","BusCityName":"남양주"}]}]},{"GateNo":"8","GateLink": ["올림픽공원","몽촌토성역","교통회관","서울시교통연수원","국민연금공단(송파지사)","삼성어린이박물관","미성아파트","롯데캐슬골드"],"BUSSTOP": [{"StopName":"잠실역9번출구","StopID":"109025","Bus": [{"BusNo":"70","Type":"1","BlID":"5029","BusCityName":"성남"},{"BusNo":"30-1","Type":"1","BlID":"8001","BusCityName":"하남"},{"BusNo":"3413","Type":"12","BlID":"1029","BusCityName":"서울"},{"BusNo":"3319","Type":"12","BlID":"1056","BusCityName":"서울"},{"BusNo":"4319","Type":"12","BlID":"1810","BusCityName":"서울"}]},{"StopName":"잠실역8번출구","StopID":"163083","Bus": [{"BusNo":"30-3","Type":"1","BlID":"8002","BusCityName":"하남"},{"BusNo":"30-5","Type":"1","BlID":"8003","BusCityName":"하남"},{"BusNo":"341","Type":"11","BlID":"1435","BusCityName":"서울"},{"BusNo":"3216","Type":"12","BlID":"1017","BusCityName":"서울"},{"BusNo":"3313","Type":"12","BlID":"1023","BusCityName":"서울"},{"BusNo":"3315","Type":"12","BlID":"1025","BusCityName":"서울"},{"BusNo":"3411","Type":"12","BlID":"1027","BusCityName":"서울"},{"BusNo":"3414","Type":"12","BlID":"1030","BusCityName":"서울"},{"BusNo":"4319","Type":"12","BlID":"1810","BusCityName":"서울"}]}]},{"GateNo":"9","GateLink": ["서울시교통회관","국민건강보험공단 송파지사","수협중앙회","국민연금공단 송파지사","외환은행 잠실역"]},{"GateNo":"10","GateLink": ["송파구청","송파구보건소","잠실우체국"]},{"GateNo":"11","GateLink": ["송파대로방면"]}]}}}