{"result": {"stationName":"신천","stationID":217,"type":2,"laneName":"수도권 2호선","laneCity":"수도권","x":127.0856041,"y":37.5116303,"prevOBJ": {"station": [{"stationName":"잠실","stationID":216,"type":2,"laneName":"수도권 2호선","laneCity":"수도권","x":127.1001752,"y":37.5133459}]},"nextOBJ": {"station": [{"stationName":"종합운동장","stationID":218,"type":2,"laneName":"수도권 2호선","laneCity":"수도권","x":127.0737907,"y":37.5110608}]},"defaultInfo": {"address":"서울특별시 송파구 잠실동 33","new_address":"서울특별시 송파구 올림픽로 140","tel":"02-6110-2171"},"useInfo": {"platform":2,"meetingPlace":1,"restroom":2,"offDoor":1,"crossOver":1,"publicPlace":0,"handicapCount":1,"parkingCount":0,"bicycleCount":1,"civilCount":0},"exitInfo": {"gate": [{"GateNo":"1","GateLink": ["잠실트리지움","영동일고등학교","서울버들초등학교","좋은나무성품학교 GIS본부"],"BUSSTOP": [{"StopName":"잠실2.3단지","StopID":"166239","Bus": [{"BusNo":"6000","Type":"5","BlID":"1799","BusCityName":"서울"}]}]},{"GateNo":"2","GateLink": ["새마을시장","잠실트리지움","외환은행 잠실트리지움","기업은행 잠실트리지움 지점","석촌호수길"],"BUSSTOP": [{"StopName":"신천역앞","StopID":"110298","Bus": [{"BusNo":"333","Type":"11","BlID":"517","BusCityName":"서울"},{"BusNo":"3322","Type":"12","BlID":"1019","BusCityName":"서울"},{"BusNo":"4318","Type":"12","BlID":"1711","BusCityName":"서울"}]}]},{"GateNo":"3","GateLink": ["새마을시장","잠실본동","기업은행 잠실트리지움 지점"],"BUSSTOP": [{"StopName":"새마을시장","StopID":"152582","Bus": [{"BusNo":"333","Type":"11","BlID":"517","BusCityName":"서울"},{"BusNo":"3322","Type":"12","BlID":"1019","BusCityName":"서울"},{"BusNo":"4318","Type":"12","BlID":"1711","BusCityName":"서울"}]}]},{"GateNo":"4","GateLink": ["잠실종합사회복지관","기업은행","외환은행 서잠실"],"BUSSTOP": [{"StopName":"신천역4번출구","StopID":"108572","Bus": [{"BusNo":"6900","Type":"4","BlID":"10064","BusCityName":"광주"},{"BusNo":"1100","Type":"4","BlID":"18507","BusCityName":"남양주"},{"BusNo":"2000-1","Type":"4","BlID":"18510","BusCityName":"남양주"},{"BusNo":"1700","Type":"4","BlID":"18522","BusCityName":"남양주"},{"BusNo":"2000","Type":"4","BlID":"18523","BusCityName":"남양주"},{"BusNo":"7007","Type":"4","BlID":"18553","BusCityName":"남양주"},{"BusNo":"6006","Type":"5","BlID":"1778","BusCityName":"서울"},{"BusNo":"8001","Type":"6","BlID":"18591","BusCityName":"남양주"},{"BusNo":"333","Type":"11","BlID":"517","BusCityName":"서울"},{"BusNo":"N13","Type":"11","BlID":"571","BusCityName":"서울"},{"BusNo":"301","Type":"11","BlID":"1006","BusCityName":"서울"},{"BusNo":"351","Type":"11","BlID":"1041","BusCityName":"서울"},{"BusNo":"341","Type":"11","BlID":"1435","BusCityName":"서울"},{"BusNo":"360","Type":"11","BlID":"1440","BusCityName":"서울"},{"BusNo":"362","Type":"11","BlID":"1454","BusCityName":"서울"},{"BusNo":"2415","Type":"12","BlID":"970","BusCityName":"서울"},{"BusNo":"3217","Type":"12","BlID":"1018","BusCityName":"서울"},{"BusNo":"3322","Type":"12","BlID":"1019","BusCityName":"서울"},{"BusNo":"3411","Type":"12","BlID":"1027","BusCityName":"서울"},{"BusNo":"3412","Type":"12","BlID":"1028","BusCityName":"서울"},{"BusNo":"3414","Type":"12","BlID":"1030","BusCityName":"서울"},{"BusNo":"3422","Type":"12","BlID":"1036","BusCityName":"서울"},{"BusNo":"4318","Type":"12","BlID":"1711","BusCityName":"서울"},{"BusNo":"4319","Type":"12","BlID":"1810","BusCityName":"서울"}]},{"StopName":"신천역","StopID":"193611","Bus": [{"BusNo":"6000","Type":"5","BlID":"1799","BusCityName":"서울"}]}]},{"GateNo":"5","GateLink": ["잠실엘스","잠실2동 우체국"],"BUSSTOP": [{"StopName":"잠실엘스아파트앞","StopID":"108543","Bus": [{"BusNo":"1100","Type":"4","BlID":"18507","BusCityName":"남양주"},{"BusNo":"2000-1","Type":"4","BlID":"18510","BusCityName":"남양주"},{"BusNo":"1700","Type":"4","BlID":"18522","BusCityName":"남양주"},{"BusNo":"2000","Type":"4","BlID":"18523","BusCityName":"남양주"},{"BusNo":"7007","Type":"4","BlID":"18553","BusCityName":"남양주"},{"BusNo":"8001","Type":"6","BlID":"18591","BusCityName":"남양주"},{"BusNo":"333","Type":"11","BlID":"517","BusCityName":"서울"},{"BusNo":"N13","Type":"11","BlID":"571","BusCityName":"서울"},{"BusNo":"301","Type":"11","BlID":"1006","BusCityName":"서울"},{"BusNo":"351","Type":"11","BlID":"1041","BusCityName":"서울"},{"BusNo":"341","Type":"11","BlID":"1435","BusCityName":"서울"},{"BusNo":"360","Type":"11","BlID":"1440","BusCityName":"서울"},{"BusNo":"362","Type":"11","BlID":"1454","BusCityName":"서울"},{"BusNo":"2415","Type":"12","BlID":"970","BusCityName":"서울"},{"BusNo":"3217","Type":"12","BlID":"1018","BusCityName":"서울"},{"BusNo":"3322","Type":"12","BlID":"1019","BusCityName":"서울"},{"BusNo":"3411","Type":"12","BlID":"1027","BusCityName":"서울"},{"BusNo":"3412","Type":"12","BlID":"1028","BusCityName":"서울"},{"BusNo":"3414","Type":"12","BlID":"1030","BusCityName":"서울"},{"BusNo":"3422","Type":"12","BlID":"1036","BusCityName":"서울"},{"BusNo":"4318","Type":"12","BlID":"1711","BusCityName":"서울"},{"BusNo":"4319","Type":"12","BlID":"1810","BusCityName":"서울"}]},{"StopName":"신천역","StopID":"193612","Bus": [{"BusNo":"6006","Type":"5","BlID":"1778","BusCityName":"서울"},{"BusNo":"6000","Type":"5","BlID":"1799","BusCityName":"서울"}]}]},{"GateNo":"6","GateLink": ["잠실엘스","한강시민공원(잠실지구)"]},{"GateNo":"7","GateLink": ["잠실 리센츠","한강시민공원(잠실지구)","잠신초등학교","잠신중학교"]},{"GateNo":"8","GateLink": ["잠실리센츠","강동교육지원청","잠신고등학교","잠실2동 주민센터","잠신초등학교"],"BUSSTOP": [{"StopName":"잠실2동주민센터 신천역8번출구앞","StopID":"108661","Bus": [{"BusNo":"N13","Type":"11","BlID":"571","BusCityName":"서울"},{"BusNo":"301","Type":"11","BlID":"1006","BusCityName":"서울"},{"BusNo":"351","Type":"11","BlID":"1041","BusCityName":"서울"},{"BusNo":"341","Type":"11","BlID":"1435","BusCityName":"서울"},{"BusNo":"360","Type":"11","BlID":"1440","BusCityName":"서울"},{"BusNo":"362","Type":"11","BlID":"1454","BusCityName":"서울"},{"BusNo":"2415","Type":"12","BlID":"970","BusCityName":"서울"},{"BusNo":"3217","Type":"12","BlID":"1018","BusCityName":"서울"},{"BusNo":"3411","Type":"12","BlID":"1027","BusCityName":"서울"},{"BusNo":"3412","Type":"12","BlID":"1028","BusCityName":"서울"},{"BusNo":"3414","Type":"12","BlID":"1030","BusCityName":"서울"},{"BusNo":"3422","Type":"12","BlID":"1036","BusCityName":"서울"},{"BusNo":"4319","Type":"12","BlID":"1810","BusCityName":"서울"}]},{"StopName":"잠실주공2.3단지","StopID":"166224","Bus": [{"BusNo":"6000","Type":"5","BlID":"1799","BusCityName":"서울"}]}]}]}}}