{"result": {"stationName":"종합운동장","stationID":218,"type":2,"laneName":"수도권 2호선","laneCity":"수도권","x":127.0737907,"y":37.5110608,"exOBJ": {"station": [{"stationName":"종합운동장","stationID":930,"type":9,"laneName":"수도권 9호선","laneCity":"수도권"}]},"prevOBJ": {"station": [{"stationName":"신천","stationID":217,"type":2,"laneName":"수도권 2호선","laneCity":"수도권","x":127.0856041,"y":37.5116303}]},"nextOBJ": {"station": [{"stationName":"삼성","stationID":219,"type":2,"laneName":"수도권 2호선","laneCity":"수도권","x":127.0631629,"y":37.5088687}]},"defaultInfo": {"address":"서울특별시 송파구 잠실동 122","new_address":"서울특별시 송파구 올림픽로 23","tel":"02-6110-2181"},"useInfo": {"platform":2,"meetingPlace":1,"restroom":2,"offDoor":1,"crossOver":1,"publicPlace":0,"handicapCount":1,"parkingCount":0,"bicycleCount":1,"civilCount":0},"exitInfo": {"gate": [{"GateNo":"1","GateLink": ["아시아공원","월드메르디앙 아파트","백제고분로"],"BUSSTOP": [{"StopName":"아시아선수촌아파트","StopID":"108400","Bus": [{"BusNo":"350","Type":"11","BlID":"1448","BusCityName":"서울"},{"BusNo":"3314","Type":"12","BlID":"1024","BusCityName":"서울"},{"BusNo":"3417","Type":"12","BlID":"1033","BusCityName":"서울"},{"BusNo":"4318","Type":"12","BlID":"1711","BusCityName":"서울"}]}]},{"GateNo":"2","GateLink": ["아시아선수촌","잠실7동주민센터","아주초등학교","아주중학교","아시아공원","송파문화원(아시아공원 내)"]},{"GateNo":"3","GateLink": ["정신여중.고교","우성아파트","아주중학교","아시아공원"]},{"GateNo":"4","GateLink": ["강남경찰서","강남운전면허시험장","탄천"],"BUSSTOP": [{"StopName":"잠실종합운동장","StopID":"108195","Bus": [{"BusNo":"917","Type":"1","BlID":"6025","BusCityName":"안양"},{"BusNo":"11-3","Type":"1","BlID":"6028","BusCityName":"안양"},{"BusNo":"6900","Type":"4","BlID":"10064","BusCityName":"광주"},{"BusNo":"1100","Type":"4","BlID":"18507","BusCityName":"남양주"},{"BusNo":"2000-1","Type":"4","BlID":"18510","BusCityName":"남양주"},{"BusNo":"1700","Type":"4","BlID":"18522","BusCityName":"남양주"},{"BusNo":"2000","Type":"4","BlID":"18523","BusCityName":"남양주"},{"BusNo":"7007","Type":"4","BlID":"18553","BusCityName":"남양주"},{"BusNo":"6006","Type":"5","BlID":"1778","BusCityName":"서울"},{"BusNo":"8001","Type":"6","BlID":"18591","BusCityName":"남양주"},{"BusNo":"333","Type":"11","BlID":"517","BusCityName":"서울"},{"BusNo":"N13","Type":"11","BlID":"571","BusCityName":"서울"},{"BusNo":"301","Type":"11","BlID":"1006","BusCityName":"서울"},{"BusNo":"351","Type":"11","BlID":"1041","BusCityName":"서울"},{"BusNo":"341","Type":"11","BlID":"1435","BusCityName":"서울"},{"BusNo":"360","Type":"11","BlID":"1440","BusCityName":"서울"},{"BusNo":"350","Type":"11","BlID":"1448","BusCityName":"서울"},{"BusNo":"362","Type":"11","BlID":"1454","BusCityName":"서울"},{"BusNo":"2415","Type":"12","BlID":"970","BusCityName":"서울"},{"BusNo":"3217","Type":"12","BlID":"1018","BusCityName":"서울"},{"BusNo":"3322","Type":"12","BlID":"1019","BusCityName":"서울"},{"BusNo":"3314","Type":"12","BlID":"1024","BusCityName":"서울"},{"BusNo":"3411","Type":"12","BlID":"1027","BusCityName":"서울"},{"BusNo":"3412","Type":"12","BlID":"1028","BusCityName":"서울"},{"BusNo":"3414","Type":"12","BlID":"1030","BusCityName":"서울"},{"BusNo":"3417","Type":"12","BlID":"1033","BusCityName":"서울"},{"BusNo":"3422","Type":"12","BlID":"1036","BusCityName":"서울"},{"BusNo":"4319","Type":"12","BlID":"1810","BusCityName":"서울"}]},{"StopName":"잠실종합운동장","StopID":"193610","Bus": [{"BusNo":"6000","Type":"5","BlID":"1799","BusCityName":"서울"}]}]},{"GateNo":"5","GateLink": ["야구장","서울의료원","테헤란로","탄천","강남소방서"],"BUSSTOP": [{"StopName":"잠실종합운동장","StopID":"108178","Bus": [{"BusNo":"917","Type":"1","BlID":"6025","BusCityName":"안양"},{"BusNo":"11-3","Type":"1","BlID":"6028","BusCityName":"안양"},{"BusNo":"1100","Type":"4","BlID":"18507","BusCityName":"남양주"},{"BusNo":"2000-1","Type":"4","BlID":"18510","BusCityName":"남양주"},{"BusNo":"1700","Type":"4","BlID":"18522","BusCityName":"남양주"},{"BusNo":"2000","Type":"4","BlID":"18523","BusCityName":"남양주"},{"BusNo":"7007","Type":"4","BlID":"18553","BusCityName":"남양주"},{"BusNo":"8001","Type":"6","BlID":"18591","BusCityName":"남양주"},{"BusNo":"333","Type":"11","BlID":"517","BusCityName":"서울"},{"BusNo":"N13","Type":"11","BlID":"571","BusCityName":"서울"},{"BusNo":"301","Type":"11","BlID":"1006","BusCityName":"서울"},{"BusNo":"351","Type":"11","BlID":"1041","BusCityName":"서울"},{"BusNo":"341","Type":"11","BlID":"1435","BusCityName":"서울"},{"BusNo":"360","Type":"11","BlID":"1440","BusCityName":"서울"},{"BusNo":"350","Type":"11","BlID":"1448","BusCityName":"서울"},{"BusNo":"362","Type":"11","BlID":"1454","BusCityName":"서울"},{"BusNo":"2415","Type":"12","BlID":"970","BusCityName":"서울"},{"BusNo":"3217","Type":"12","BlID":"1018","BusCityName":"서울"},{"BusNo":"3411","Type":"12","BlID":"1027","BusCityName":"서울"},{"BusNo":"3412","Type":"12","BlID":"1028","BusCityName":"서울"},{"BusNo":"3414","Type":"12","BlID":"1030","BusCityName":"서울"},{"BusNo":"3417","Type":"12","BlID":"1033","BusCityName":"서울"},{"BusNo":"3422","Type":"12","BlID":"1036","BusCityName":"서울"},{"BusNo":"4319","Type":"12","BlID":"1810","BusCityName":"서울"}]},{"StopName":"잠실종합운동장","StopID":"193609","Bus": [{"BusNo":"6006","Type":"5","BlID":"1778","BusCityName":"서울"},{"BusNo":"6000","Type":"5","BlID":"1799","BusCityName":"서울"}]}]},{"GateNo":"6","GateLink": ["주경기장","야구장","실내체육관","실내수영장"]},{"GateNo":"7","GateLink": ["주경기장","실내체육관","실내수영장","잠실스포츠종합상가","장애인 미술창작스튜디오"]},{"GateNo":"8","GateLink": ["학생체육관","잠실 엘스","실내수영장","올림픽로","신천중학교"]},{"GateNo":"9","GateLink": ["아시아공원","송파문화예술회관"]}]}}}