{"result": {"stationName":"삼성","stationID":219,"type":2,"laneName":"수도권 2호선","laneCity":"수도권","x":127.0631629,"y":37.5088687,"prevOBJ": {"station": [{"stationName":"종합운동장","stationID":218,"type":2,"laneName":"수도권 2호선","laneCity":"수도권","x":127.0737907,"y":37.5110608}]},"nextOBJ": {"station": [{"stationName":"선릉","stationID":220,"type":2,"laneName":"수도권 2호선","laneCity":"수도권","x":127.0489553,"y":37.5044843}]},"defaultInfo": {"address":"서울특별시 강남구 삼성동 172-66","new_address":"서울특별시 강남구 테헤란로 538","tel":"02-6110-2191"},"useInfo": {"platform":1,"meetingPlace":0,"restroom":2,"offDoor":0,"crossOver":2,"publicPlace":0,"handicapCount":1,"parkingCount":0,"bicycleCount":1,"civilCount":1},"exitInfo": {"gate": [{"GateNo":"1","GateLink": ["강남경찰서","강남운전면허시험장","한국에너지기술평가원","메디슨","서울종합예술학교"],"BUSSTOP": [{"StopName":"강남경찰서.강남운전면허시험장","StopID":"167028","Bus": [{"BusNo":"강남07","Type":"3","BlID":"1471","BusCityName":"서울"},{"BusNo":"333","Type":"11","BlID":"517","BusCityName":"서울"},{"BusNo":"N13","Type":"11","BlID":"571","BusCityName":"서울"},{"BusNo":"301","Type":"11","BlID":"1006","BusCityName":"서울"},{"BusNo":"351","Type":"11","BlID":"1041","BusCityName":"서울"},{"BusNo":"341","Type":"11","BlID":"1435","BusCityName":"서울"},{"BusNo":"360","Type":"11","BlID":"1440","BusCityName":"서울"},{"BusNo":"350","Type":"11","BlID":"1448","BusCityName":"서울"},{"BusNo":"362","Type":"11","BlID":"1454","BusCityName":"서울"}]}]},{"GateNo":"2","GateLink": ["대치동방면","새마을운동 중앙회","한국토지공사 서울지사","서울종합예술학교(별빛관)","KT&G 상상아트홀"],"BUSSTOP": [{"StopName":"삼성역","StopID":"107875","Bus": [{"BusNo":"917","Type":"1","BlID":"6025","BusCityName":"안양"},{"BusNo":"11-3","Type":"1","BlID":"6028","BusCityName":"안양"},{"BusNo":"9407","Type":"4","BlID":"5037","BusCityName":"성남"},{"BusNo":"9507","Type":"4","BlID":"5065","BusCityName":"성남"},{"BusNo":"9607","Type":"4","BlID":"5072","BusCityName":"성남"},{"BusNo":"6900","Type":"4","BlID":"10064","BusCityName":"광주"},{"BusNo":"143","Type":"11","BlID":"872","BusCityName":"서울"},{"BusNo":"146","Type":"11","BlID":"875","BusCityName":"서울"},{"BusNo":"401","Type":"11","BlID":"1048","BusCityName":"서울"},{"BusNo":"350","Type":"11","BlID":"1448","BusCityName":"서울"},{"BusNo":"2413","Type":"12","BlID":"982","BusCityName":"서울"},{"BusNo":"3422","Type":"12","BlID":"1036","BusCityName":"서울"},{"BusNo":"4419","Type":"12","BlID":"1062","BusCityName":"서울"},{"BusNo":"4318","Type":"12","BlID":"1711","BusCityName":"서울"},{"BusNo":"4319","Type":"12","BlID":"1810","BusCityName":"서울"}]},{"StopName":"삼성역","StopID":"123455","Bus": [{"BusNo":"강남01","Type":"3","BlID":"1504","BusCityName":"서울"},{"BusNo":"강남06","Type":"3","BlID":"1515","BusCityName":"서울"}]}]},{"GateNo":"3","GateLink": ["대치동방면","휘문중.고등학교","외환은행 삼성역"],"BUSSTOP": [{"StopName":"삼성역","StopID":"107828","Bus": [{"BusNo":"강남01","Type":"3","BlID":"1504","BusCityName":"서울"},{"BusNo":"강남06","Type":"3","BlID":"1515","BusCityName":"서울"},{"BusNo":"6704","Type":"5","BlID":"1792","BusCityName":"서울"},{"BusNo":"401","Type":"11","BlID":"1048","BusCityName":"서울"},{"BusNo":"3425","Type":"12","BlID":"581","BusCityName":"서울"},{"BusNo":"4419","Type":"12","BlID":"1062","BusCityName":"서울"},{"BusNo":"4318","Type":"12","BlID":"1711","BusCityName":"서울"}]},{"StopName":"삼성역","StopID":"157331","Bus": [{"BusNo":"917","Type":"1","BlID":"6025","BusCityName":"안양"},{"BusNo":"11-3","Type":"1","BlID":"6028","BusCityName":"안양"},{"BusNo":"9407","Type":"4","BlID":"5037","BusCityName":"성남"},{"BusNo":"9507","Type":"4","BlID":"5065","BusCityName":"성남"},{"BusNo":"9607","Type":"4","BlID":"5072","BusCityName":"성남"},{"BusNo":"143","Type":"11","BlID":"872","BusCityName":"서울"},{"BusNo":"350","Type":"11","BlID":"1448","BusCityName":"서울"},{"BusNo":"2413","Type":"12","BlID":"982","BusCityName":"서울"},{"BusNo":"3422","Type":"12","BlID":"1036","BusCityName":"서울"},{"BusNo":"4319","Type":"12","BlID":"1810","BusCityName":"서울"}]}]},{"GateNo":"4","GateLink": ["대명중학교","한국문화의집 코우스","포스코센터"],"BUSSTOP": [{"StopName":"무역센터.삼성역","StopID":"107791","Bus": [{"BusNo":"강남07","Type":"3","BlID":"1471","BusCityName":"서울"},{"BusNo":"1100","Type":"4","BlID":"18507","BusCityName":"남양주"},{"BusNo":"2000-1","Type":"4","BlID":"18510","BusCityName":"남양주"},{"BusNo":"1700","Type":"4","BlID":"18522","BusCityName":"남양주"},{"BusNo":"2000","Type":"4","BlID":"18523","BusCityName":"남양주"},{"BusNo":"7007","Type":"4","BlID":"18553","BusCityName":"남양주"},{"BusNo":"8001","Type":"6","BlID":"18591","BusCityName":"남양주"},{"BusNo":"333","Type":"11","BlID":"517","BusCityName":"서울"},{"BusNo":"N13","Type":"11","BlID":"571","BusCityName":"서울"},{"BusNo":"N61","Type":"11","BlID":"575","BusCityName":"서울"},{"BusNo":"146","Type":"11","BlID":"875","BusCityName":"서울"},{"BusNo":"341","Type":"11","BlID":"1435","BusCityName":"서울"},{"BusNo":"360","Type":"11","BlID":"1440","BusCityName":"서울"},{"BusNo":"3425","Type":"12","BlID":"581","BusCityName":"서울"}]},{"StopName":"삼성역","StopID":"193706","Bus": [{"BusNo":"6000","Type":"5","BlID":"1799","BusCityName":"서울"}]}]},{"GateNo":"5","GateLink": ["삼성동방면","서울글로벌비즈니스지원센터","SEVEN LUCK CASINO","롯데코엑스면세점","현대백화점무역센터점"],"BUSSTOP": [{"StopName":"한국무역센터.삼성역","StopID":"107786","Bus": [{"BusNo":"강남08","Type":"3","BlID":"1457","BusCityName":"서울"},{"BusNo":"강남07","Type":"3","BlID":"1471","BusCityName":"서울"},{"BusNo":"9414","Type":"4","BlID":"5076","BusCityName":"성남"},{"BusNo":"1100","Type":"4","BlID":"18507","BusCityName":"남양주"},{"BusNo":"2000-1","Type":"4","BlID":"18510","BusCityName":"남양주"},{"BusNo":"1700","Type":"4","BlID":"18522","BusCityName":"남양주"},{"BusNo":"2000","Type":"4","BlID":"18523","BusCityName":"남양주"},{"BusNo":"7007","Type":"4","BlID":"18553","BusCityName":"남양주"},{"BusNo":"8001","Type":"6","BlID":"18591","BusCityName":"남양주"},{"BusNo":"333","Type":"11","BlID":"517","BusCityName":"서울"},{"BusNo":"N13","Type":"11","BlID":"571","BusCityName":"서울"},{"BusNo":"N61","Type":"11","BlID":"575","BusCityName":"서울"},{"BusNo":"146","Type":"11","BlID":"875","BusCityName":"서울"},{"BusNo":"740","Type":"11","BlID":"1273","BusCityName":"서울"},{"BusNo":"341","Type":"11","BlID":"1435","BusCityName":"서울"},{"BusNo":"360","Type":"11","BlID":"1440","BusCityName":"서울"},{"BusNo":"3411","Type":"12","BlID":"1027","BusCityName":"서울"}]},{"StopName":"삼성역","StopID":"206313","Bus": [{"BusNo":"6104","Type":"5","BlID":"577","BusCityName":"서울"},{"BusNo":"6000","Type":"5","BlID":"1799","BusCityName":"서울"},{"BusNo":"6103","Type":"5","BlID":"1800","BusCityName":"서울"}]}]},{"GateNo":"6","GateLink": ["도심공항","무역센터우체국","코엑스전시장","코엑스회의장","아셈타워","코엑스폴리스센터","한국무역협회","서울글로벌비즈니스지원센터","봉은사(템플스테이)","인터컨티넨탈 서울 코엑스"],"BUSSTOP": [{"StopName":"무역센터","StopID":"107799","Bus": [{"BusNo":"강남08","Type":"3","BlID":"1457","BusCityName":"서울"},{"BusNo":"강남01","Type":"3","BlID":"1504","BusCityName":"서울"},{"BusNo":"강남06","Type":"3","BlID":"1515","BusCityName":"서울"},{"BusNo":"9407","Type":"4","BlID":"5037","BusCityName":"성남"},{"BusNo":"9507","Type":"4","BlID":"5065","BusCityName":"성남"},{"BusNo":"9607","Type":"4","BlID":"5072","BusCityName":"성남"},{"BusNo":"9414","Type":"4","BlID":"5076","BusCityName":"성남"},{"BusNo":"143","Type":"11","BlID":"872","BusCityName":"서울"},{"BusNo":"2413","Type":"12","BlID":"982","BusCityName":"서울"},{"BusNo":"4419","Type":"12","BlID":"1062","BusCityName":"서울"}]}]},{"GateNo":"7","GateLink": ["KDB 산업은행","한국문화번역원","서울종합예술학교(창조관.비전관)"],"BUSSTOP": [{"StopName":"삼성역7번출구","StopID":"107821","Bus": [{"BusNo":"9407","Type":"4","BlID":"5037","BusCityName":"성남"},{"BusNo":"9507","Type":"4","BlID":"5065","BusCityName":"성남"},{"BusNo":"9607","Type":"4","BlID":"5072","BusCityName":"성남"},{"BusNo":"9414","Type":"4","BlID":"5076","BusCityName":"성남"},{"BusNo":"N61","Type":"11","BlID":"575","BusCityName":"서울"},{"BusNo":"143","Type":"11","BlID":"872","BusCityName":"서울"},{"BusNo":"146","Type":"11","BlID":"875","BusCityName":"서울"},{"BusNo":"301","Type":"11","BlID":"1006","BusCityName":"서울"},{"BusNo":"351","Type":"11","BlID":"1041","BusCityName":"서울"},{"BusNo":"401","Type":"11","BlID":"1048","BusCityName":"서울"},{"BusNo":"362","Type":"11","BlID":"1454","BusCityName":"서울"},{"BusNo":"2415","Type":"12","BlID":"970","BusCityName":"서울"},{"BusNo":"2413","Type":"12","BlID":"982","BusCityName":"서울"},{"BusNo":"3217","Type":"12","BlID":"1018","BusCityName":"서울"},{"BusNo":"3412","Type":"12","BlID":"1028","BusCityName":"서울"},{"BusNo":"3414","Type":"12","BlID":"1030","BusCityName":"서울"},{"BusNo":"3417","Type":"12","BlID":"1033","BusCityName":"서울"},{"BusNo":"4419","Type":"12","BlID":"1062","BusCityName":"서울"},{"BusNo":"4318","Type":"12","BlID":"1711","BusCityName":"서울"}]},{"StopName":"삼성역7번출구","StopID":"123458","Bus": [{"BusNo":"강남06","Type":"3","BlID":"1515","BusCityName":"서울"}]},{"StopName":"삼성역","StopID":"193607","Bus": [{"BusNo":"6006","Type":"5","BlID":"1778","BusCityName":"서울"}]},{"StopName":"삼성역7번출구","StopID":"196654","Bus": [{"BusNo":"강남01","Type":"3","BlID":"1504","BusCityName":"서울"}]}]},{"GateNo":"8","GateLink": ["강남소방서","기업은행삼성역지점","서울의료원"],"BUSSTOP": [{"StopName":"강남경찰서면허시험장","StopID":"107915","Bus": [{"BusNo":"강남07","Type":"3","BlID":"1471","BusCityName":"서울"},{"BusNo":"1100","Type":"4","BlID":"18507","BusCityName":"남양주"},{"BusNo":"2000-1","Type":"4","BlID":"18510","BusCityName":"남양주"},{"BusNo":"1700","Type":"4","BlID":"18522","BusCityName":"남양주"},{"BusNo":"2000","Type":"4","BlID":"18523","BusCityName":"남양주"},{"BusNo":"7007","Type":"4","BlID":"18553","BusCityName":"남양주"},{"BusNo":"8001","Type":"6","BlID":"18591","BusCityName":"남양주"},{"BusNo":"333","Type":"11","BlID":"517","BusCityName":"서울"},{"BusNo":"N13","Type":"11","BlID":"571","BusCityName":"서울"},{"BusNo":"301","Type":"11","BlID":"1006","BusCityName":"서울"},{"BusNo":"351","Type":"11","BlID":"1041","BusCityName":"서울"},{"BusNo":"341","Type":"11","BlID":"1435","BusCityName":"서울"},{"BusNo":"360","Type":"11","BlID":"1440","BusCityName":"서울"},{"BusNo":"362","Type":"11","BlID":"1454","BusCityName":"서울"},{"BusNo":"2415","Type":"12","BlID":"970","BusCityName":"서울"},{"BusNo":"3217","Type":"12","BlID":"1018","BusCityName":"서울"},{"BusNo":"3411","Type":"12","BlID":"1027","BusCityName":"서울"},{"BusNo":"3412","Type":"12","BlID":"1028","BusCityName":"서울"},{"BusNo":"3414","Type":"12","BlID":"1030","BusCityName":"서울"},{"BusNo":"3417","Type":"12","BlID":"1033","BusCityName":"서울"},{"BusNo":"4319","Type":"12","BlID":"1810","BusCityName":"서울"}]}]}]}}}