{"result": {"stationName":"선릉","stationID":220,"type":2,"laneName":"수도권 2호선","laneCity":"수도권","x":127.0489553,"y":37.5044843,"exOBJ": {"station": [{"stationName":"선릉","stationID":1515,"type":100,"laneName":"분당선","laneCity":"수도권"}]},"prevOBJ": {"station": [{"stationName":"삼성","stationID":219,"type":2,"laneName":"수도권 2호선","laneCity":"수도권","x":127.0631629,"y":37.5088687}]},"nextOBJ": {"station": [{"stationName":"역삼","stationID":221,"type":2,"laneName":"수도권 2호선","laneCity":"수도권","x":127.0369569,"y":37.500819}]},"defaultInfo": {"address":"서울특별시 강남구 삼성동 172-66","new_address":"서울특별시 강남구 테헤란로 340","tel":"02-6110-2201"},"useInfo": {"platform":2,"meetingPlace":1,"restroom":2,"offDoor":1,"crossOver":1,"publicPlace":0,"handicapCount":1,"parkingCount":0,"bicycleCount":1,"civilCount":1},"exitInfo": {"gate": [{"GateNo":"1","GateLink": ["대치동","기업은행테헤란로중앙지점","서울강남고용센터","KRA PLAZA 선릉지점","국민연금공단강남역삼지사","포스코센터"],"BUSSTOP": [{"StopName":"선릉역","StopID":"107264","Bus": [{"BusNo":"9414","Type":"4","BlID":"5076","BusCityName":"성남"},{"BusNo":"1100","Type":"4","BlID":"18507","BusCityName":"남양주"},{"BusNo":"2000-1","Type":"4","BlID":"18510","BusCityName":"남양주"},{"BusNo":"1700","Type":"4","BlID":"18522","BusCityName":"남양주"},{"BusNo":"2000","Type":"4","BlID":"18523","BusCityName":"남양주"},{"BusNo":"7007","Type":"4","BlID":"18553","BusCityName":"남양주"},{"BusNo":"8001","Type":"6","BlID":"18591","BusCityName":"남양주"},{"BusNo":"333","Type":"11","BlID":"517","BusCityName":"서울"},{"BusNo":"N13","Type":"11","BlID":"571","BusCityName":"서울"},{"BusNo":"N61","Type":"11","BlID":"575","BusCityName":"서울"},{"BusNo":"146","Type":"11","BlID":"875","BusCityName":"서울"},{"BusNo":"740","Type":"11","BlID":"1273","BusCityName":"서울"},{"BusNo":"341","Type":"11","BlID":"1435","BusCityName":"서울"},{"BusNo":"360","Type":"11","BlID":"1440","BusCityName":"서울"}]},{"StopName":"선릉역","StopID":"193788","Bus": [{"BusNo":"6000","Type":"5","BlID":"1799","BusCityName":"서울"}]}]},{"GateNo":"2","GateLink": ["대치동","한림국제대학원대학교","도곡초등학교","대침풍림아이원1.2차 아파트"],"BUSSTOP": [{"StopName":"대치동진선여고앞","StopID":"107261","Bus": [{"BusNo":"강남07","Type":"3","BlID":"1471","BusCityName":"서울"},{"BusNo":"333","Type":"11","BlID":"517","BusCityName":"서울"},{"BusNo":"472","Type":"11","BlID":"1073","BusCityName":"서울"},{"BusNo":"3426","Type":"12","BlID":"1020","BusCityName":"서울"},{"BusNo":"4412","Type":"12","BlID":"1057","BusCityName":"서울"},{"BusNo":"6411","Type":"12","BlID":"1188","BusCityName":"서울"}]},{"StopName":"대치동진선여고앞","StopID":"121814","Bus": [{"BusNo":"9414","Type":"4","BlID":"5076","BusCityName":"성남"}]}]},{"GateNo":"3","GateLink": ["역삼2동","도성초등학교","개포동","동부센트레빌아파트","개나리아파트","역삼 e편한세상 아파트"],"BUSSTOP": [{"StopName":"진선여고앞","StopID":"107240","Bus": [{"BusNo":"강남07","Type":"3","BlID":"1471","BusCityName":"서울"},{"BusNo":"9414","Type":"4","BlID":"5076","BusCityName":"성남"},{"BusNo":"333","Type":"11","BlID":"517","BusCityName":"서울"},{"BusNo":"472","Type":"11","BlID":"1073","BusCityName":"서울"},{"BusNo":"3426","Type":"12","BlID":"1020","BusCityName":"서울"},{"BusNo":"4412","Type":"12","BlID":"1057","BusCityName":"서울"},{"BusNo":"6411","Type":"12","BlID":"1188","BusCityName":"서울"}]}]},{"GateNo":"4","GateLink": ["진선여중.고교","성보아파트","기업은행선릉지점","기술신용보증기금","국민건강보험공단강남동부지사","신용보증기금 테헤란로지점"]},{"GateNo":"5","GateLink": ["공무원연금공단","한국기술센터","서울세관","한국정책방송원","서울지방노동위원회","한국토지신탁"]},{"GateNo":"6","GateLink": ["한국정책방송원(KTV)"]},{"GateNo":"7","GateLink": ["역감제1동","역삼성보우편취급소","강남구보건소"],"BUSSTOP": [{"StopName":"선릉역","StopID":"107204","Bus": [{"BusNo":"강남07","Type":"3","BlID":"1471","BusCityName":"서울"},{"BusNo":"472","Type":"11","BlID":"1073","BusCityName":"서울"},{"BusNo":"3426","Type":"12","BlID":"1020","BusCityName":"서울"},{"BusNo":"4412","Type":"12","BlID":"1057","BusCityName":"서울"},{"BusNo":"6411","Type":"12","BlID":"1188","BusCityName":"서울"}]}]},{"GateNo":"8","GateLink": ["선정릉","삼성동우체국"]},{"GateNo":"8-1","GateLink": ["성원타워연결통로"],"BUSSTOP": [{"StopName":"선릉역.선정릉정문","StopID":"107209","Bus": [{"BusNo":"강남07","Type":"3","BlID":"1471","BusCityName":"서울"},{"BusNo":"472","Type":"11","BlID":"1073","BusCityName":"서울"},{"BusNo":"3426","Type":"12","BlID":"1020","BusCityName":"서울"},{"BusNo":"4412","Type":"12","BlID":"1057","BusCityName":"서울"},{"BusNo":"6411","Type":"12","BlID":"1188","BusCityName":"서울"}]}]},{"GateNo":"9","GateLink": ["근로복지공단","삼릉공원"]},{"GateNo":"10","GateLink": ["강남등기소","삼성세무서"],"BUSSTOP": [{"StopName":"선릉역","StopID":"107285","Bus": [{"BusNo":"1100","Type":"4","BlID":"18507","BusCityName":"남양주"},{"BusNo":"2000-1","Type":"4","BlID":"18510","BusCityName":"남양주"},{"BusNo":"1700","Type":"4","BlID":"18522","BusCityName":"남양주"},{"BusNo":"2000","Type":"4","BlID":"18523","BusCityName":"남양주"},{"BusNo":"7007","Type":"4","BlID":"18553","BusCityName":"남양주"},{"BusNo":"8001","Type":"6","BlID":"18591","BusCityName":"남양주"},{"BusNo":"N13","Type":"11","BlID":"571","BusCityName":"서울"},{"BusNo":"N61","Type":"11","BlID":"575","BusCityName":"서울"},{"BusNo":"146","Type":"11","BlID":"875","BusCityName":"서울"},{"BusNo":"740","Type":"11","BlID":"1273","BusCityName":"서울"},{"BusNo":"341","Type":"11","BlID":"1435","BusCityName":"서울"},{"BusNo":"360","Type":"11","BlID":"1440","BusCityName":"서울"}]},{"StopName":"선릉역","StopID":"160669","Bus": [{"BusNo":"333","Type":"11","BlID":"517","BusCityName":"서울"}]},{"StopName":"선릉역","StopID":"193787","Bus": [{"BusNo":"6000","Type":"5","BlID":"1799","BusCityName":"서울"}]}]}]}}}