{"result": {"stationName":"역삼","stationID":221,"type":2,"laneName":"수도권 2호선","laneCity":"수도권","x":127.0369569,"y":37.500819,"prevOBJ": {"station": [{"stationName":"선릉","stationID":220,"type":2,"laneName":"수도권 2호선","laneCity":"수도권","x":127.0489553,"y":37.5044843}]},"nextOBJ": {"station": [{"stationName":"강남","stationID":222,"type":2,"laneName":"수도권 2호선","laneCity":"수도권","x":127.0276409,"y":37.4979496}]},"defaultInfo": {"address":"서울특별시 강남구 역삼동 804","new_address":"서울특별시 강남구 테헤란로 156","tel":"02-6110-2211"},"useInfo": {"platform":2,"meetingPlace":1,"restroom":2,"offDoor":1,"crossOver":1,"publicPlace":0,"handicapCount":1,"parkingCount":0,"bicycleCount":1,"civilCount":1},"exitInfo": {"gate": [{"GateNo":"1","GateLink": ["한국은행강남본부","대한사회복지회","금융결제원"],"BUSSTOP": [{"StopName":"한서병원","StopID":"106709","Bus": [{"BusNo":"N13","Type":"11","BlID":"571","BusCityName":"서울"},{"BusNo":"N61","Type":"11","BlID":"575","BusCityName":"서울"},{"BusNo":"242","Type":"11","BlID":"585","BusCityName":"서울"},{"BusNo":"146","Type":"11","BlID":"875","BusCityName":"서울"},{"BusNo":"740","Type":"11","BlID":"1273","BusCityName":"서울"},{"BusNo":"341","Type":"11","BlID":"1435","BusCityName":"서울"},{"BusNo":"360","Type":"11","BlID":"1440","BusCityName":"서울"}]},{"StopName":"영동중앙교회","StopID":"106720","Bus": [{"BusNo":"242","Type":"11","BlID":"585","BusCityName":"서울"},{"BusNo":"147","Type":"11","BlID":"876","BusCityName":"서울"},{"BusNo":"463","Type":"11","BlID":"987","BusCityName":"서울"},{"BusNo":"4211","Type":"12","BlID":"980","BusCityName":"서울"}]}]},{"GateNo":"2","GateLink": ["역삼동","도곡동 방면","서울대병원강남검진센터","외환은행 스터터워 WM"],"BUSSTOP": [{"StopName":"영동중앙교회","StopID":"106704","Bus": [{"BusNo":"242","Type":"11","BlID":"585","BusCityName":"서울"},{"BusNo":"147","Type":"11","BlID":"876","BusCityName":"서울"},{"BusNo":"463","Type":"11","BlID":"987","BusCityName":"서울"},{"BusNo":"4211","Type":"12","BlID":"980","BusCityName":"서울"}]}]},{"GateNo":"3","GateLink": ["역삼1동 주민센터","기업은행"],"BUSSTOP": [{"StopName":"역삼역.포스코P&S타워","StopID":"106478","Bus": [{"BusNo":"1100","Type":"4","BlID":"18507","BusCityName":"남양주"},{"BusNo":"2000-1","Type":"4","BlID":"18510","BusCityName":"남양주"},{"BusNo":"1700","Type":"4","BlID":"18522","BusCityName":"남양주"},{"BusNo":"2000","Type":"4","BlID":"18523","BusCityName":"남양주"},{"BusNo":"7007","Type":"4","BlID":"18553","BusCityName":"남양주"},{"BusNo":"8001","Type":"6","BlID":"18591","BusCityName":"남양주"},{"BusNo":"N13","Type":"11","BlID":"571","BusCityName":"서울"},{"BusNo":"N61","Type":"11","BlID":"575","BusCityName":"서울"},{"BusNo":"146","Type":"11","BlID":"875","BusCityName":"서울"},{"BusNo":"740","Type":"11","BlID":"1273","BusCityName":"서울"},{"BusNo":"341","Type":"11","BlID":"1435","BusCityName":"서울"},{"BusNo":"360","Type":"11","BlID":"1440","BusCityName":"서울"}]},{"StopName":"역삼역","StopID":"166237","Bus": [{"BusNo":"6020","Type":"5","BlID":"503","BusCityName":"서울"},{"BusNo":"6000","Type":"5","BlID":"1799","BusCityName":"서울"}]},{"StopName":"역삼역","StopID":"206362","Bus": [{"BusNo":"6020","Type":"5","BlID":"503","BusCityName":"서울"},{"BusNo":"6000","Type":"5","BlID":"1799","BusCityName":"서울"}]}]},{"GateNo":"4","GateLink": ["강남방면","특허청서울사무소","국립어린이청소년도서관","지식재산전문도서관(한국지식재산연구원)","역삼1동 우체국","한국발면진흥회"],"BUSSTOP": [{"StopName":"역삼역","StopID":"106527","Bus": [{"BusNo":"3600","Type":"4","BlID":"17506","BusCityName":"포천"},{"BusNo":"1100","Type":"4","BlID":"18507","BusCityName":"남양주"},{"BusNo":"2000-1","Type":"4","BlID":"18510","BusCityName":"남양주"},{"BusNo":"1700","Type":"4","BlID":"18522","BusCityName":"남양주"},{"BusNo":"2000","Type":"4","BlID":"18523","BusCityName":"남양주"},{"BusNo":"7007","Type":"4","BlID":"18553","BusCityName":"남양주"},{"BusNo":"8001","Type":"6","BlID":"18591","BusCityName":"남양주"},{"BusNo":"N13","Type":"11","BlID":"571","BusCityName":"서울"},{"BusNo":"N61","Type":"11","BlID":"575","BusCityName":"서울"},{"BusNo":"146","Type":"11","BlID":"875","BusCityName":"서울"},{"BusNo":"740","Type":"11","BlID":"1273","BusCityName":"서울"},{"BusNo":"341","Type":"11","BlID":"1435","BusCityName":"서울"},{"BusNo":"360","Type":"11","BlID":"1440","BusCityName":"서울"}]}]},{"GateNo":"5","GateLink": ["강남방면"]},{"GateNo":"6","GateLink": ["한국문화콘텐츠진흥원"],"BUSSTOP": [{"StopName":"역삼역","StopID":"106592","Bus": [{"BusNo":"9600","Type":"4","BlID":"10602","BusCityName":"광주"},{"BusNo":"147","Type":"11","BlID":"876","BusCityName":"서울"},{"BusNo":"463","Type":"11","BlID":"987","BusCityName":"서울"},{"BusNo":"4211","Type":"12","BlID":"980","BusCityName":"서울"}]}]},{"GateNo":"7","GateLink": ["충현복지관"],"BUSSTOP": [{"StopName":"역삼역.GS타워","StopID":"106619","Bus": [{"BusNo":"147","Type":"11","BlID":"876","BusCityName":"서울"},{"BusNo":"463","Type":"11","BlID":"987","BusCityName":"서울"},{"BusNo":"4211","Type":"12","BlID":"980","BusCityName":"서울"}]}]},{"GateNo":"8","GateLink": ["서울신용보증재단"],"BUSSTOP": [{"StopName":"아가방빌딩.하나은행","StopID":"106716","Bus": [{"BusNo":"N13","Type":"11","BlID":"571","BusCityName":"서울"},{"BusNo":"N61","Type":"11","BlID":"575","BusCityName":"서울"},{"BusNo":"242","Type":"11","BlID":"585","BusCityName":"서울"},{"BusNo":"146","Type":"11","BlID":"875","BusCityName":"서울"},{"BusNo":"740","Type":"11","BlID":"1273","BusCityName":"서울"},{"BusNo":"341","Type":"11","BlID":"1435","BusCityName":"서울"},{"BusNo":"360","Type":"11","BlID":"1440","BusCityName":"서울"}]}]}]}}}