{"result": {"stationName":"교대","stationID":223,"type":2,"laneName":"수도권 2호선","laneCity":"수도권","x":127.0146535,"y":37.4939766,"exOBJ": {"station": [{"stationName":"교대","stationID":340,"type":3,"laneName":"수도권 3호선","laneCity":"수도권"}]},"prevOBJ": {"station": [{"stationName":"강남","stationID":222,"type":2,"laneName":"수도권 2호선","laneCity":"수도권","x":127.0276409,"y":37.4979496}]},"nextOBJ": {"station": [{"stationName":"서초","stationID":224,"type":2,"laneName":"수도권 2호선","laneCity":"수도권","x":127.0077042,"y":37.4918461}]},"defaultInfo": {"address":"서울특별시 서초구 서초동 1748-4","new_address":"서울특별시 서초구 서초대로 294","tel":"02-6110-2231"},"useInfo": {"platform":2,"meetingPlace":1,"restroom":2,"offDoor":1,"crossOver":2,"publicPlace":0,"handicapCount":1,"parkingCount":0,"bicycleCount":1,"civilCount":0},"exitInfo": {"gate": [{"GateNo":"1","GateLink": ["서초아남아파트","서초삼성래미안아파트","서초한일아파트"],"BUSSTOP": [{"StopName":"지하철2호선교대역2","StopID":"157342","Bus": [{"BusNo":"3200","Type":"4","BlID":"11514","BusCityName":"시흥"},{"BusNo":"N61","Type":"11","BlID":"575","BusCityName":"서울"},{"BusNo":"144","Type":"11","BlID":"873","BusCityName":"서울"},{"BusNo":"541","Type":"11","BlID":"1068","BusCityName":"서울"},{"BusNo":"740","Type":"11","BlID":"1273","BusCityName":"서울"},{"BusNo":"M6410","Type":"14","BlID":"6565","BusCityName":"안산"},{"BusNo":"M6405","Type":"14","BlID":"21005","BusCityName":"인천"},{"BusNo":"9100","Type":"14","BlID":"21132","BusCityName":"인천"},{"BusNo":"9200","Type":"14","BlID":"21133","BusCityName":"인천"},{"BusNo":"9300","Type":"14","BlID":"21151","BusCityName":"인천"},{"BusNo":"9201","Type":"14","BlID":"21165","BusCityName":"인천"},{"BusNo":"9301","Type":"14","BlID":"21253","BusCityName":"인천"}]}]},{"GateNo":"2","GateLink": ["서울교육대학교","서울교대부설초등학교","반서치안센터"],"BUSSTOP": [{"StopName":"교대역5번출구","StopID":"105357","Bus": [{"BusNo":"서초03","Type":"3","BlID":"1605","BusCityName":"서울"},{"BusNo":"서초10","Type":"3","BlID":"1620","BusCityName":"서울"}]}]},{"GateNo":"3","GateLink": ["서초4동","검찰청","법원"],"BUSSTOP": [{"StopName":"2호선교대역7번출구","StopID":"105636","Bus": [{"BusNo":"서초02","Type":"3","BlID":"1601","BusCityName":"서울"},{"BusNo":"서초10","Type":"3","BlID":"1620","BusCityName":"서울"}]},{"StopName":"교대역","StopID":"206356","Bus": [{"BusNo":"6020","Type":"5","BlID":"503","BusCityName":"서울"}]}]},{"GateNo":"4","GateLink": ["서초교대e편한세상","서초래미안아파트","삼익아파트","유원아파트","외국국적동포취업 교육장","외환은행 서초중앙"],"BUSSTOP": [{"StopName":"지하철2호선교대역4출구","StopID":"105710","Bus": [{"BusNo":"서초02","Type":"3","BlID":"1601","BusCityName":"서울"},{"BusNo":"서초10","Type":"3","BlID":"1620","BusCityName":"서울"},{"BusNo":"N61","Type":"11","BlID":"575","BusCityName":"서울"},{"BusNo":"740","Type":"11","BlID":"1273","BusCityName":"서울"}]}]},{"GateNo":"5","GateLink": ["서울교육대학교","서울교대부설초등학교","반서치안센터","남부터미널방면"]},{"GateNo":"6","GateLink": ["서초4동","고속터미널방면"],"BUSSTOP": [{"StopName":"교대역6번출구","StopID":"152730","Bus": [{"BusNo":"서초02","Type":"3","BlID":"1601","BusCityName":"서울"},{"BusNo":"서초10","Type":"3","BlID":"1620","BusCityName":"서울"}]}]},{"GateNo":"7","GateLink": ["유원아파트","서초교대e편한세상","서초래미안아파트","삼풍아파트","삼익아파트","외환은행서초동"]},{"GateNo":"8","GateLink": ["서초3동","남부터미널 방면"]},{"GateNo":"9","GateLink": ["서초역방면"]},{"GateNo":"10","GateLink": ["검찰청(법원정문)","기업은행","대한법률구조공단"],"BUSSTOP": [{"StopName":"교대역3","StopID":"105373","Bus": [{"BusNo":"서초02","Type":"3","BlID":"1601","BusCityName":"서울"},{"BusNo":"740","Type":"11","BlID":"1273","BusCityName":"서울"}]}]},{"GateNo":"11","GateLink": ["법원(후문)","서울지방고등법원","고속터미널방면","서울법원청사우체국"]},{"GateNo":"12","GateLink": ["반서치안센터"]},{"GateNo":"13","GateLink": ["서초1동","서울교육대학교","서울교대부설초등학교"],"BUSSTOP": [{"StopName":"지하철3호선교대역","StopID":"105626","Bus": [{"BusNo":"500-5","Type":"1","BlID":"10002","BusCityName":"광주"},{"BusNo":"서초03","Type":"3","BlID":"1605","BusCityName":"서울"},{"BusNo":"500-2","Type":"4","BlID":"10017","BusCityName":"광주"},{"BusNo":"1553","Type":"4","BlID":"10506","BusCityName":"광주"},{"BusNo":"N61","Type":"11","BlID":"575","BusCityName":"서울"},{"BusNo":"144","Type":"11","BlID":"873","BusCityName":"서울"},{"BusNo":"3012","Type":"12","BlID":"1709","BusCityName":"서울"}]}]},{"GateNo":"14","GateLink": ["남부터미널방면","서초3동","외환은행 서초동"],"BUSSTOP": [{"StopName":"지하철3호선교대역","StopID":"105619","Bus": [{"BusNo":"N61","Type":"11","BlID":"575","BusCityName":"서울"},{"BusNo":"3012","Type":"12","BlID":"1709","BusCityName":"서울"}]}]}]}}}