{"result": {"stationName":"서초","stationID":224,"type":2,"laneName":"수도권 2호선","laneCity":"수도권","x":127.0077042,"y":37.4918461,"prevOBJ": {"station": [{"stationName":"교대","stationID":223,"type":2,"laneName":"수도권 2호선","laneCity":"수도권","x":127.0146535,"y":37.4939766}]},"nextOBJ": {"station": [{"stationName":"방배","stationID":225,"type":2,"laneName":"수도권 2호선","laneCity":"수도권","x":126.9976531,"y":37.4815253}]},"defaultInfo": {"address":"서울특별시 서초구 서초동 1748-5","new_address":"서울특별시 서초구 서초대로 233","tel":"02-6110-2241"},"useInfo": {"platform":2,"meetingPlace":1,"restroom":2,"offDoor":1,"crossOver":2,"publicPlace":0,"handicapCount":1,"parkingCount":0,"bicycleCount":1,"civilCount":0},"exitInfo": {"gate": [{"GateNo":"1","GateLink": ["교대방면","서초동","개인회생.파산종합지원센터(대한법률구조공단)"],"BUSSTOP": [{"StopName":"서초역","StopID":"105390","Bus": [{"BusNo":"3100","Type":"4","BlID":"6542","BusCityName":"안산"},{"BusNo":"3101","Type":"4","BlID":"6561","BusCityName":"안산"},{"BusNo":"3003","Type":"4","BlID":"9581","BusCityName":"수원"},{"BusNo":"3000","Type":"4","BlID":"9582","BusCityName":"수원"},{"BusNo":"6501","Type":"4","BlID":"10505","BusCityName":"광주"},{"BusNo":"3200","Type":"4","BlID":"11514","BusCityName":"시흥"},{"BusNo":"541","Type":"11","BlID":"1068","BusCityName":"서울"},{"BusNo":"740","Type":"11","BlID":"1273","BusCityName":"서울"},{"BusNo":"M6410","Type":"14","BlID":"6565","BusCityName":"안산"},{"BusNo":"M6405","Type":"14","BlID":"21005","BusCityName":"인천"},{"BusNo":"9100","Type":"14","BlID":"21132","BusCityName":"인천"},{"BusNo":"9200","Type":"14","BlID":"21133","BusCityName":"인천"},{"BusNo":"9300","Type":"14","BlID":"21151","BusCityName":"인천"},{"BusNo":"9201","Type":"14","BlID":"21165","BusCityName":"인천"},{"BusNo":"9301","Type":"14","BlID":"21253","BusCityName":"인천"},{"BusNo":"700","Type":"22","BlID":"6582","BusCityName":"안산"}]}]},{"GateNo":"2","GateLink": ["반포로방면"],"BUSSTOP": [{"StopName":"서초역2번출구","StopID":"194204","Bus": [{"BusNo":"서초21","Type":"3","BlID":"1657","BusCityName":"서울"}]}]},{"GateNo":"3","GateLink": ["예술의전당 방면","서초3동 우체국","서초중.고교","구립서초유스센터"],"BUSSTOP": [{"StopName":"서초역.3번출구","StopID":"124642","Bus": [{"BusNo":"서초02","Type":"3","BlID":"1601","BusCityName":"서울"},{"BusNo":"서초11","Type":"3","BlID":"1624","BusCityName":"서울"},{"BusNo":"서초21","Type":"3","BlID":"1657","BusCityName":"서울"}]},{"StopName":"서초역","StopID":"166985","Bus": [{"BusNo":"405","Type":"11","BlID":"1809","BusCityName":"서울"},{"BusNo":"5413","Type":"12","BlID":"1101","BusCityName":"서울"}]}]},{"GateNo":"4","GateLink": ["방배동방면","서울고교"],"BUSSTOP": [{"StopName":"서초역4번출구","StopID":"194203","Bus": [{"BusNo":"서초02","Type":"3","BlID":"1601","BusCityName":"서울"}]}]},{"GateNo":"5","GateLink": ["대법원","서래마을 방면"],"BUSSTOP": [{"StopName":"대법원","StopID":"125115","Bus": [{"BusNo":"서초13","Type":"3","BlID":"1634","BusCityName":"서울"}]}]},{"GateNo":"6","GateLink": ["법원행정처","대검찰청","서초경찰서","공정거래위원회","조달청","국립중앙도서관"],"BUSSTOP": [{"StopName":"서울중앙지방검찰청대검찰청","StopID":"105325","Bus": [{"BusNo":"740","Type":"11","BlID":"1273","BusCityName":"서울"},{"BusNo":"405","Type":"11","BlID":"1809","BusCityName":"서울"},{"BusNo":"5413","Type":"12","BlID":"1101","BusCityName":"서울"}]},{"StopName":"대검찰청.서초경찰서","StopID":"125111","Bus": [{"BusNo":"서초13","Type":"3","BlID":"1634","BusCityName":"서울"},{"BusNo":"서초21","Type":"3","BlID":"1657","BusCityName":"서울"}]}]},{"GateNo":"7","GateLink": ["서울고등.중앙지방검찰청","중소기업진흥공단 서울남부지부","한국사학진흥재단","툭수 보상심의위원회","가톨릭대학교 의과대학.간호대학"],"BUSSTOP": [{"StopName":"서초역7번출구","StopID":"152760","Bus": [{"BusNo":"서초13","Type":"3","BlID":"1634","BusCityName":"서울"},{"BusNo":"서초21","Type":"3","BlID":"1657","BusCityName":"서울"}]},{"StopName":"서초역","StopID":"166841","Bus": [{"BusNo":"740","Type":"11","BlID":"1273","BusCityName":"서울"},{"BusNo":"405","Type":"11","BlID":"1809","BusCityName":"서울"},{"BusNo":"5413","Type":"12","BlID":"1101","BusCityName":"서울"}]}]},{"GateNo":"8","GateLink": ["서울고등.지방법원","서울가정법원"]}]}}}