{"result": {"stationName":"방배","stationID":225,"type":2,"laneName":"수도권 2호선","laneCity":"수도권","x":126.9976531,"y":37.4815253,"prevOBJ": {"station": [{"stationName":"서초","stationID":224,"type":2,"laneName":"수도권 2호선","laneCity":"수도권","x":127.0077042,"y":37.4918461}]},"nextOBJ": {"station": [{"stationName":"사당","stationID":226,"type":2,"laneName":"수도권 2호선","laneCity":"수도권","x":126.9816534,"y":37.4765681}]},"defaultInfo": {"address":"서울특별시 서초구 방배동 912-14","new_address":"서울특별시 서초구 방배로 80","tel":"02-6110-2251"},"useInfo": {"platform":2,"meetingPlace":1,"restroom":2,"offDoor":1,"crossOver":2,"publicPlace":0,"handicapCount":1,"parkingCount":0,"bicycleCount":1,"civilCount":0},"exitInfo": {"gate": [{"GateNo":"1","GateLink": ["남부순환로","서울남부보훈지청","서울중앙지방법무사회","(사)안전문화시민연대","서초여성회관","방배3동 주민센터","기업은행방배동지점","상문고교","신동아아파트","삼익.임광아파트","래미안방배아트힐"],"BUSSTOP": [{"StopName":"방배역","StopID":"105163","Bus": [{"BusNo":"4319","Type":"12","BlID":"1810","BusCityName":"서울"}]},{"StopName":"방배3동주민센터","StopID":"151513","Bus": [{"BusNo":"N61","Type":"11","BlID":"575","BusCityName":"서울"},{"BusNo":"142","Type":"11","BlID":"871","BusCityName":"서울"},{"BusNo":"406","Type":"11","BlID":"1052","BusCityName":"서울"}]},{"StopName":"방배역","StopID":"193659","Bus": [{"BusNo":"6016","Type":"5","BlID":"1773","BusCityName":"서울"}]},{"StopName":"방배역","StopID":"194202","Bus": [{"BusNo":"서초07","Type":"3","BlID":"1613","BusCityName":"서울"}]},{"StopName":"방배역1번출구","StopID":"196660","Bus": [{"BusNo":"서초07","Type":"3","BlID":"1613","BusCityName":"서울"},{"BusNo":"서초13","Type":"3","BlID":"1634","BusCityName":"서울"},{"BusNo":"서초15","Type":"3","BlID":"1643","BusCityName":"서울"},{"BusNo":"서초17","Type":"3","BlID":"1650","BusCityName":"서울"}]}]},{"GateNo":"2","GateLink": ["남부순환로","백석신학","백석예술대학","경남.대우아파트","서울특별시 교육연수원","구립방배유스센터","제대군인지원센터","백석대학교 대학원"],"BUSSTOP": [{"StopName":"방배역.백석예술대학교","StopID":"105135","Bus": [{"BusNo":"148","Type":"11","BlID":"870","BusCityName":"서울"},{"BusNo":"641","Type":"11","BlID":"1187","BusCityName":"서울"},{"BusNo":"461","Type":"11","BlID":"1441","BusCityName":"서울"},{"BusNo":"350","Type":"11","BlID":"1448","BusCityName":"서울"}]},{"StopName":"방배역","StopID":"105210","Bus": [{"BusNo":"서초13","Type":"3","BlID":"1634","BusCityName":"서울"}]},{"StopName":"방배3동주민센터","StopID":"151512","Bus": [{"BusNo":"N61","Type":"11","BlID":"575","BusCityName":"서울"},{"BusNo":"406","Type":"11","BlID":"1052","BusCityName":"서울"}]}]},{"GateNo":"3","GateLink": ["방배1동 주민센터","이수중학교","내방역(7호선)","반포세무서"],"BUSSTOP": [{"StopName":"방림시장","StopID":"105120","Bus": [{"BusNo":"142","Type":"11","BlID":"871","BusCityName":"서울"},{"BusNo":"406","Type":"11","BlID":"1052","BusCityName":"서울"},{"BusNo":"4319","Type":"12","BlID":"1810","BusCityName":"서울"}]},{"StopName":"지하철2호선방배역","StopID":"105134","Bus": [{"BusNo":"641","Type":"11","BlID":"1187","BusCityName":"서울"},{"BusNo":"461","Type":"11","BlID":"1441","BusCityName":"서울"},{"BusNo":"350","Type":"11","BlID":"1448","BusCityName":"서울"}]},{"StopName":"방배역","StopID":"193661","Bus": [{"BusNo":"6016","Type":"5","BlID":"1773","BusCityName":"서울"}]},{"StopName":"방배역3번출구","StopID":"196625","Bus": [{"BusNo":"서초16","Type":"3","BlID":"1647","BusCityName":"서울"},{"BusNo":"서초17","Type":"3","BlID":"1650","BusCityName":"서울"}]}]},{"GateNo":"4","GateLink": ["청권사","방일초등학교","방배1동 우편취급소","방배아파트","내방역(7호선)","서울고교","대한산업보건협회"],"BUSSTOP": [{"StopName":"방배역(구방림시장)","StopID":"105130","Bus": [{"BusNo":"148","Type":"11","BlID":"870","BusCityName":"서울"},{"BusNo":"142","Type":"11","BlID":"871","BusCityName":"서울"},{"BusNo":"406","Type":"11","BlID":"1052","BusCityName":"서울"},{"BusNo":"4319","Type":"12","BlID":"1810","BusCityName":"서울"}]},{"StopName":"방배역","StopID":"124755","Bus": [{"BusNo":"4319","Type":"12","BlID":"1810","BusCityName":"서울"}]}]}]}}}