{"result": {"stationName":"사당","stationID":226,"type":2,"laneName":"수도권 2호선","laneCity":"수도권","x":126.9816534,"y":37.4765681,"exOBJ": {"station": [{"stationName":"사당","stationID":433,"type":4,"laneName":"수도권 4호선","laneCity":"수도권"}]},"prevOBJ": {"station": [{"stationName":"방배","stationID":225,"type":2,"laneName":"수도권 2호선","laneCity":"수도권","x":126.9976531,"y":37.4815253}]},"nextOBJ": {"station": [{"stationName":"낙성대","stationID":227,"type":2,"laneName":"수도권 2호선","laneCity":"수도권","x":126.9634318,"y":37.4771217}]},"defaultInfo": {"address":"서울특별시 동작구 사당동 1129","new_address":"서울특별시 동작구 남부순환로 2089","tel":"02-6110-2261"},"useInfo": {"platform":2,"meetingPlace":1,"restroom":2,"offDoor":1,"crossOver":1,"publicPlace":0,"handicapCount":1,"parkingCount":1,"bicycleCount":1,"civilCount":0},"exitInfo": {"gate": [{"GateNo":"1","GateLink": ["방배종합사회복지관","예술의전당 방면","한전사당변전소","사당공영주차장","서울시 교육연수원","교육인적자원연수원","서울까리따스얼코올상담센터","서울특별시노인학대예방센터"],"BUSSTOP": [{"StopName":"사당역1번출구","StopID":"206754","Bus": [{"BusNo":"서초17","Type":"3","BlID":"1650","BusCityName":"서울"}]}]},{"GateNo":"2","GateLink": ["방배우성아파트","방배래미안아파트"]},{"GateNo":"3","GateLink": ["방배우성아파트","방배래미안아파트"],"BUSSTOP": [{"StopName":"사당역","StopID":"104886","Bus": [{"BusNo":"9","Type":"1","BlID":"6010","BusCityName":"안양"},{"BusNo":"1-1","Type":"1","BlID":"6014","BusCityName":"안양"},{"BusNo":"11-1","Type":"1","BlID":"6026","BusCityName":"안양"},{"BusNo":"11-2","Type":"1","BlID":"6027","BusCityName":"안양"},{"BusNo":"11-5","Type":"1","BlID":"6029","BusCityName":"안양"},{"BusNo":"7001","Type":"4","BlID":"9585","BusCityName":"수원"},{"BusNo":"7007-1","Type":"4","BlID":"10072","BusCityName":"광주"},{"BusNo":"1553","Type":"4","BlID":"10506","BusCityName":"광주"},{"BusNo":"8842","Type":"5","BlID":"10478","BusCityName":"광주"},{"BusNo":"N15","Type":"11","BlID":"558","BusCityName":"서울"},{"BusNo":"502","Type":"11","BlID":"1358","BusCityName":"서울"},{"BusNo":"540","Type":"11","BlID":"1360","BusCityName":"서울"},{"BusNo":"4435","Type":"12","BlID":"595","BusCityName":"서울"},{"BusNo":"4212","Type":"12","BlID":"1055","BusCityName":"서울"},{"BusNo":"5528","Type":"12","BlID":"1120","BusCityName":"서울"},{"BusNo":"5530","Type":"12","BlID":"1122","BusCityName":"서울"},{"BusNo":"4318","Type":"12","BlID":"1711","BusCityName":"서울"},{"BusNo":"4319","Type":"12","BlID":"1810","BusCityName":"서울"}]}]},{"GateNo":"4","GateLink": ["과천.안양.수원 방면","서울대공원 방면","관악등기소","남현주민센터","남현파출소","사당초등학교","남현시장"],"BUSSTOP": [{"StopName":"사당역","StopID":"89431","Bus": [{"BusNo":"103","Type":"1","BlID":"5069","BusCityName":"성남"},{"BusNo":"1-1","Type":"1","BlID":"6014","BusCityName":"안양"},{"BusNo":"9-3","Type":"1","BlID":"6022","BusCityName":"안양"},{"BusNo":"11-1","Type":"1","BlID":"6026","BusCityName":"안양"},{"BusNo":"11-2","Type":"1","BlID":"6027","BusCityName":"안양"},{"BusNo":"11-5","Type":"1","BlID":"6029","BusCityName":"안양"},{"BusNo":"777","Type":"1","BlID":"16015","BusCityName":"화성"},{"BusNo":"7001","Type":"4","BlID":"9585","BusCityName":"수원"},{"BusNo":"7780","Type":"4","BlID":"9586","BusCityName":"수원"},{"BusNo":"7000","Type":"4","BlID":"9592","BusCityName":"수원"},{"BusNo":"7770","Type":"4","BlID":"9594","BusCityName":"수원"},{"BusNo":"7790","Type":"4","BlID":"9595","BusCityName":"수원"},{"BusNo":"7800","Type":"4","BlID":"9596","BusCityName":"수원"},{"BusNo":"7002","Type":"4","BlID":"9604","BusCityName":"수원"},{"BusNo":"8155","Type":"4","BlID":"9634","BusCityName":"수원"},{"BusNo":"1500-2","Type":"4","BlID":"10043","BusCityName":"광주"},{"BusNo":"1550-3","Type":"4","BlID":"10055","BusCityName":"광주"},{"BusNo":"7007-1","Type":"4","BlID":"10072","BusCityName":"광주"},{"BusNo":"1553","Type":"4","BlID":"10506","BusCityName":"광주"},{"BusNo":"1008","Type":"4","BlID":"16079","BusCityName":"화성"},{"BusNo":"1002","Type":"4","BlID":"16092","BusCityName":"화성"},{"BusNo":"8842","Type":"5","BlID":"10478","BusCityName":"광주"}]},{"StopName":"사당역","StopID":"176425","Bus": [{"BusNo":"N15","Type":"11","BlID":"558","BusCityName":"서울"},{"BusNo":"502","Type":"11","BlID":"1358","BusCityName":"서울"},{"BusNo":"540","Type":"11","BlID":"1360","BusCityName":"서울"},{"BusNo":"4435","Type":"12","BlID":"595","BusCityName":"서울"},{"BusNo":"4212","Type":"12","BlID":"1055","BusCityName":"서울"},{"BusNo":"5528","Type":"12","BlID":"1120","BusCityName":"서울"},{"BusNo":"5530","Type":"12","BlID":"1122","BusCityName":"서울"},{"BusNo":"4318","Type":"12","BlID":"1711","BusCityName":"서울"},{"BusNo":"4319","Type":"12","BlID":"1810","BusCityName":"서울"}]}]},{"GateNo":"5","GateLink": ["과천.안양.수원 방면","서울대공원 방면","남현동 주민센터","남현파출소"]},{"GateNo":"6","GateLink": ["관악등기소","사당초등학교","중앙선거관리위원회 관악청사","서울시립미술관남서울분관"],"BUSSTOP": [{"StopName":"남서울농협남현동지점","StopID":"104786","Bus": [{"BusNo":"9-3","Type":"1","BlID":"6022","BusCityName":"안양"},{"BusNo":"N15","Type":"11","BlID":"558","BusCityName":"서울"},{"BusNo":"N61","Type":"11","BlID":"575","BusCityName":"서울"},{"BusNo":"641","Type":"11","BlID":"1187","BusCityName":"서울"},{"BusNo":"461","Type":"11","BlID":"1441","BusCityName":"서울"},{"BusNo":"643","Type":"11","BlID":"1729","BusCityName":"서울"},{"BusNo":"5413","Type":"12","BlID":"1101","BusCityName":"서울"},{"BusNo":"5524","Type":"12","BlID":"1116","BusCityName":"서울"},{"BusNo":"5528","Type":"12","BlID":"1120","BusCityName":"서울"},{"BusNo":"5530","Type":"12","BlID":"1122","BusCityName":"서울"},{"BusNo":"8541(맞춤버스)","Type":"12","BlID":"1731","BusCityName":"서울"}]}]},{"GateNo":"7","GateLink": ["까치고개.낙성대 방면","관악시장","남성중학교"],"BUSSTOP": [{"StopName":"사당1동관악시장앞","StopID":"104810","Bus": [{"BusNo":"9","Type":"1","BlID":"6010","BusCityName":"안양"},{"BusNo":"N15","Type":"11","BlID":"558","BusCityName":"서울"},{"BusNo":"N61","Type":"11","BlID":"575","BusCityName":"서울"},{"BusNo":"641","Type":"11","BlID":"1187","BusCityName":"서울"},{"BusNo":"461","Type":"11","BlID":"1441","BusCityName":"서울"},{"BusNo":"643","Type":"11","BlID":"1729","BusCityName":"서울"},{"BusNo":"5413","Type":"12","BlID":"1101","BusCityName":"서울"},{"BusNo":"5524","Type":"12","BlID":"1116","BusCityName":"서울"},{"BusNo":"5528","Type":"12","BlID":"1120","BusCityName":"서울"},{"BusNo":"5530","Type":"12","BlID":"1122","BusCityName":"서울"},{"BusNo":"8541(맞춤버스)","Type":"12","BlID":"1731","BusCityName":"서울"}]}]},{"GateNo":"8","GateLink": ["사당동우체국","한국전력공사 남부지점","사당우체국","서울신용보증재단 사당지점"]},{"GateNo":"9","GateLink": ["까치고개.낙성대 방면","관악시장"]},{"GateNo":"10","GateLink": ["한국전력공사남부지점","농협 사당동지점","사당우체국","남사초등학교","(사)한국선수트레이너협회","(사)한국과학마사지협회","남성초등학교","기업은행사당역지점","사당지구대"],"BUSSTOP": [{"StopName":"방배경찰서앞","StopID":"104860","Bus": [{"BusNo":"11-1","Type":"1","BlID":"6026","BusCityName":"안양"},{"BusNo":"11-2","Type":"1","BlID":"6027","BusCityName":"안양"},{"BusNo":"11-5","Type":"1","BlID":"6029","BusCityName":"안양"},{"BusNo":"서초06","Type":"3","BlID":"1612","BusCityName":"서울"},{"BusNo":"7007-1","Type":"4","BlID":"10072","BusCityName":"광주"},{"BusNo":"6016","Type":"5","BlID":"1773","BusCityName":"서울"},{"BusNo":"502","Type":"11","BlID":"1358","BusCityName":"서울"},{"BusNo":"540","Type":"11","BlID":"1360","BusCityName":"서울"},{"BusNo":"350","Type":"11","BlID":"1448","BusCityName":"서울"},{"BusNo":"643","Type":"11","BlID":"1729","BusCityName":"서울"},{"BusNo":"4212","Type":"12","BlID":"1055","BusCityName":"서울"},{"BusNo":"5524","Type":"12","BlID":"1116","BusCityName":"서울"},{"BusNo":"4318","Type":"12","BlID":"1711","BusCityName":"서울"},{"BusNo":"8541(맞춤버스)","Type":"12","BlID":"1731","BusCityName":"서울"},{"BusNo":"4319","Type":"12","BlID":"1810","BusCityName":"서울"}]},{"StopName":"사당역10번출구","StopID":"195733","Bus": [{"BusNo":"서초17","Type":"3","BlID":"1650","BusCityName":"서울"}]}]},{"GateNo":"11","GateLink": ["방배경찰서","남태령지구대","방배2동 주민센터","이수초등학교","이수중학교","방배시장","방배노인종합복지관"],"BUSSTOP": [{"StopName":"사당역","StopID":"104876","Bus": [{"BusNo":"11-1","Type":"1","BlID":"6026","BusCityName":"안양"},{"BusNo":"502","Type":"11","BlID":"1358","BusCityName":"서울"},{"BusNo":"540","Type":"11","BlID":"1360","BusCityName":"서울"},{"BusNo":"350","Type":"11","BlID":"1448","BusCityName":"서울"},{"BusNo":"643","Type":"11","BlID":"1729","BusCityName":"서울"},{"BusNo":"4212","Type":"12","BlID":"1055","BusCityName":"서울"},{"BusNo":"5524","Type":"12","BlID":"1116","BusCityName":"서울"},{"BusNo":"4318","Type":"12","BlID":"1711","BusCityName":"서울"},{"BusNo":"8541(맞춤버스)","Type":"12","BlID":"1731","BusCityName":"서울"},{"BusNo":"4319","Type":"12","BlID":"1810","BusCityName":"서울"}]},{"StopName":"사당역","StopID":"193362","Bus": [{"BusNo":"6016","Type":"5","BlID":"1773","BusCityName":"서울"}]}]},{"GateNo":"12","GateLink": ["서울메트로","방현초등학교","동덕여중.고교","외환은행 사당역"],"BUSSTOP": [{"StopName":"사당역12번출구","StopID":"176430","Bus": [{"BusNo":"서초06","Type":"3","BlID":"1612","BusCityName":"서울"},{"BusNo":"서초16","Type":"3","BlID":"1647","BusCityName":"서울"},{"BusNo":"서초17","Type":"3","BlID":"1650","BusCityName":"서울"},{"BusNo":"동작09","Type":"3","BlID":"1665","BusCityName":"서울"},{"BusNo":"동작16","Type":"3","BlID":"1676","BusCityName":"서울"},{"BusNo":"동작18","Type":"3","BlID":"1679","BusCityName":"서울"}]}]},{"GateNo":"13","GateLink": ["방배경찰서","남태령지구대","이수초등학교","이수중학교","방배시장","외환은행 사당역","방배노인종합복지관"]},{"GateNo":"14","GateLink": ["서울메트로","동덕여중.고교","방현초등학교","한국소방공사협회","방배래미안타워"],"BUSSTOP": [{"StopName":"사당역13번출구","StopID":"124738","Bus": [{"BusNo":"서초06","Type":"3","BlID":"1612","BusCityName":"서울"}]},{"StopName":"대교방송","StopID":"124742","Bus": [{"BusNo":"서초16","Type":"3","BlID":"1647","BusCityName":"서울"},{"BusNo":"서초17","Type":"3","BlID":"1650","BusCityName":"서울"}]},{"StopName":"사당역","StopID":"195726","Bus": [{"BusNo":"서초15","Type":"3","BlID":"1643","BusCityName":"서울"}]}]}]}}}