{"result": {"stationName":"낙성대","stationID":227,"type":2,"laneName":"수도권 2호선","laneCity":"수도권","x":126.9634318,"y":37.4771217,"prevOBJ": {"station": [{"stationName":"사당","stationID":226,"type":2,"laneName":"수도권 2호선","laneCity":"수도권","x":126.9816534,"y":37.4765681}]},"nextOBJ": {"station": [{"stationName":"서울대입구","stationID":228,"type":2,"laneName":"수도권 2호선","laneCity":"수도권","x":126.9527244,"y":37.4812173}]},"defaultInfo": {"address":"서울특별시 관악구 봉천동 1693-39","new_address":"서울특별시 관악구 남부순환로 1928","tel":"02-6110-2271"},"useInfo": {"platform":2,"meetingPlace":1,"restroom":2,"offDoor":1,"crossOver":1,"publicPlace":0,"handicapCount":1,"parkingCount":0,"bicycleCount":1,"civilCount":0},"exitInfo": {"gate": [{"GateNo":"1","GateLink": ["원당시장","인헌중학교","인헌고교","은천아파트","사당방면"],"BUSSTOP": [{"StopName":"파리바게트.낙성대지하철","StopID":"104461","Bus": [{"BusNo":"관악04","Type":"3","BlID":"1596","BusCityName":"서울"}]},{"StopName":"원당시장입구","StopID":"104484","Bus": [{"BusNo":"관악04","Type":"3","BlID":"1596","BusCityName":"서울"}]},{"StopName":"인헌중고.서울미술고","StopID":"104503","Bus": [{"BusNo":"9-3","Type":"1","BlID":"6022","BusCityName":"안양"},{"BusNo":"N15","Type":"11","BlID":"558","BusCityName":"서울"},{"BusNo":"N61","Type":"11","BlID":"575","BusCityName":"서울"},{"BusNo":"641","Type":"11","BlID":"1187","BusCityName":"서울"},{"BusNo":"461","Type":"11","BlID":"1441","BusCityName":"서울"},{"BusNo":"643","Type":"11","BlID":"1729","BusCityName":"서울"},{"BusNo":"5413","Type":"12","BlID":"1101","BusCityName":"서울"},{"BusNo":"5524","Type":"12","BlID":"1116","BusCityName":"서울"},{"BusNo":"5528","Type":"12","BlID":"1120","BusCityName":"서울"},{"BusNo":"5530","Type":"12","BlID":"1122","BusCityName":"서울"},{"BusNo":"8541(맞춤버스)","Type":"12","BlID":"1731","BusCityName":"서울"}]},{"StopName":"낙성대역","StopID":"124627","Bus": [{"BusNo":"관악04","Type":"3","BlID":"1596","BusCityName":"서울"}]}]},{"GateNo":"2","GateLink": ["인헌동"]},{"GateNo":"3","GateLink": ["현대아파트","국민연금 관악동작지사","인헌동주민센터","장애앤고용공단 서울남부지사"]},{"GateNo":"4","GateLink": ["낙성대","인헌초등학교","낙성대동","관악구시설관리공단","낙성대지구대","낙성대동주민센터","현대아파트","관악구민종합체육센터","서울시과학전시관","서울대호암교수회관"],"BUSSTOP": [{"StopName":"낙성대입구","StopID":"104359","Bus": [{"BusNo":"9-3","Type":"1","BlID":"6022","BusCityName":"안양"},{"BusNo":"N15","Type":"11","BlID":"558","BusCityName":"서울"},{"BusNo":"N61","Type":"11","BlID":"575","BusCityName":"서울"},{"BusNo":"641","Type":"11","BlID":"1187","BusCityName":"서울"},{"BusNo":"461","Type":"11","BlID":"1441","BusCityName":"서울"},{"BusNo":"643","Type":"11","BlID":"1729","BusCityName":"서울"},{"BusNo":"5413","Type":"12","BlID":"1101","BusCityName":"서울"},{"BusNo":"5524","Type":"12","BlID":"1116","BusCityName":"서울"},{"BusNo":"5528","Type":"12","BlID":"1120","BusCityName":"서울"},{"BusNo":"5530","Type":"12","BlID":"1122","BusCityName":"서울"},{"BusNo":"8541(맞춤버스)","Type":"12","BlID":"1731","BusCityName":"서울"}]},{"StopName":"인헌초등학교","StopID":"104398","Bus": [{"BusNo":"관악04","Type":"3","BlID":"1596","BusCityName":"서울"}]},{"StopName":"낙성대역","StopID":"124541","Bus": [{"BusNo":"관악02","Type":"3","BlID":"1592","BusCityName":"서울"}]}]},{"GateNo":"5","GateLink": ["관악중학교","동작고교","행운동","행운동치안센터","낙성대현대홈타운","서울대입구방면","서울행림초등학교"],"BUSSTOP": [{"StopName":"낙성대입구","StopID":"104380","Bus": [{"BusNo":"9","Type":"1","BlID":"6010","BusCityName":"안양"},{"BusNo":"N15","Type":"11","BlID":"558","BusCityName":"서울"},{"BusNo":"N61","Type":"11","BlID":"575","BusCityName":"서울"},{"BusNo":"641","Type":"11","BlID":"1187","BusCityName":"서울"},{"BusNo":"461","Type":"11","BlID":"1441","BusCityName":"서울"},{"BusNo":"643","Type":"11","BlID":"1729","BusCityName":"서울"},{"BusNo":"5413","Type":"12","BlID":"1101","BusCityName":"서울"},{"BusNo":"5524","Type":"12","BlID":"1116","BusCityName":"서울"},{"BusNo":"5528","Type":"12","BlID":"1120","BusCityName":"서울"},{"BusNo":"5530","Type":"12","BlID":"1122","BusCityName":"서울"},{"BusNo":"8541(맞춤버스)","Type":"12","BlID":"1731","BusCityName":"서울"}]},{"StopName":"낙성대역","StopID":"104409","Bus": [{"BusNo":"동작20","Type":"3","BlID":"548","BusCityName":"서울"},{"BusNo":"동작06","Type":"3","BlID":"1655","BusCityName":"서울"},{"BusNo":"동작14","Type":"3","BlID":"1674","BusCityName":"서울"}]},{"StopName":"낙성대역","StopID":"104413","Bus": [{"BusNo":"동작20","Type":"3","BlID":"548","BusCityName":"서울"},{"BusNo":"동작06","Type":"3","BlID":"1655","BusCityName":"서울"},{"BusNo":"동작14","Type":"3","BlID":"1674","BusCityName":"서울"}]},{"StopName":"낙성대입구","StopID":"195531","Bus": [{"BusNo":"6017","Type":"5","BlID":"527","BusCityName":"서울"}]}]},{"GateNo":"6","GateLink": ["까치고개","행운동"]},{"GateNo":"7","GateLink": ["행운동"]},{"GateNo":"8","GateLink": ["서울미술고교","사당방면","까치고개"],"BUSSTOP": [{"StopName":"서울미술고.인헌중고","StopID":"104512","Bus": [{"BusNo":"9","Type":"1","BlID":"6010","BusCityName":"안양"},{"BusNo":"N15","Type":"11","BlID":"558","BusCityName":"서울"},{"BusNo":"N61","Type":"11","BlID":"575","BusCityName":"서울"},{"BusNo":"641","Type":"11","BlID":"1187","BusCityName":"서울"},{"BusNo":"461","Type":"11","BlID":"1441","BusCityName":"서울"},{"BusNo":"643","Type":"11","BlID":"1729","BusCityName":"서울"},{"BusNo":"5413","Type":"12","BlID":"1101","BusCityName":"서울"},{"BusNo":"5524","Type":"12","BlID":"1116","BusCityName":"서울"},{"BusNo":"5528","Type":"12","BlID":"1120","BusCityName":"서울"},{"BusNo":"5530","Type":"12","BlID":"1122","BusCityName":"서울"},{"BusNo":"8541(맞춤버스)","Type":"12","BlID":"1731","BusCityName":"서울"}]}]}]}}}