{"result": {"stationName":"서울대입구","stationID":228,"type":2,"laneName":"수도권 2호선","laneCity":"수도권","x":126.9527244,"y":37.4812173,"prevOBJ": {"station": [{"stationName":"낙성대","stationID":227,"type":2,"laneName":"수도권 2호선","laneCity":"수도권","x":126.9634318,"y":37.4771217}]},"nextOBJ": {"station": [{"stationName":"봉천","stationID":229,"type":2,"laneName":"수도권 2호선","laneCity":"수도권","x":126.941592,"y":37.4824878}]},"defaultInfo": {"address":"서울특별시 관악구 봉천동 979-2","new_address":"서울특별시 관악구 남부순환로 1822","tel":"02-6110-2281"},"useInfo": {"platform":1,"meetingPlace":1,"restroom":2,"offDoor":0,"crossOver":2,"publicPlace":0,"handicapCount":1,"parkingCount":0,"bicycleCount":1,"civilCount":0},"exitInfo": {"gate": [{"GateNo":"1","GateLink": ["낙성대방면","낙성대동","관악구청별관"],"BUSSTOP": [{"StopName":"봉천사거리","StopID":"104163","Bus": [{"BusNo":"9-3","Type":"1","BlID":"6022","BusCityName":"안양"},{"BusNo":"N15","Type":"11","BlID":"558","BusCityName":"서울"},{"BusNo":"N61","Type":"11","BlID":"575","BusCityName":"서울"},{"BusNo":"641","Type":"11","BlID":"1187","BusCityName":"서울"},{"BusNo":"650","Type":"11","BlID":"1190","BusCityName":"서울"},{"BusNo":"461","Type":"11","BlID":"1441","BusCityName":"서울"},{"BusNo":"643","Type":"11","BlID":"1729","BusCityName":"서울"},{"BusNo":"6515","Type":"12","BlID":"521","BusCityName":"서울"},{"BusNo":"5413","Type":"12","BlID":"1101","BusCityName":"서울"},{"BusNo":"5524","Type":"12","BlID":"1116","BusCityName":"서울"},{"BusNo":"5528","Type":"12","BlID":"1120","BusCityName":"서울"},{"BusNo":"5530","Type":"12","BlID":"1122","BusCityName":"서울"},{"BusNo":"8541(맞춤버스)","Type":"12","BlID":"1731","BusCityName":"서울"}]}]},{"GateNo":"2","GateLink": ["서울법학원"],"BUSSTOP": [{"StopName":"서울대입구역","StopID":"150834","Bus": [{"BusNo":"6515","Type":"12","BlID":"521","BusCityName":"서울"},{"BusNo":"5511","Type":"12","BlID":"1103","BusCityName":"서울"},{"BusNo":"5513","Type":"12","BlID":"1105","BusCityName":"서울"},{"BusNo":"5515","Type":"12","BlID":"1107","BusCityName":"서울"},{"BusNo":"5517","Type":"12","BlID":"1109","BusCityName":"서울"}]}]},{"GateNo":"3","GateLink": ["관악구종합청사","서울대학교","관악경찰서","관악소방서","관악구민회관","관악구선거관리위원회","청룡초등학교","문영여중고교","서울여상고교","영락유헬스고등학교","이스트소프트 R&D 센터","영락고등학교"],"BUSSTOP": [{"StopName":"관악구청","StopID":"104114","Bus": [{"BusNo":"501","Type":"11","BlID":"1089","BusCityName":"서울"},{"BusNo":"651","Type":"11","BlID":"1191","BusCityName":"서울"},{"BusNo":"750B","Type":"11","BlID":"1274","BusCityName":"서울"},{"BusNo":"750A","Type":"11","BlID":"1718","BusCityName":"서울"},{"BusNo":"6515","Type":"12","BlID":"521","BusCityName":"서울"},{"BusNo":"5517","Type":"12","BlID":"1109","BusCityName":"서울"},{"BusNo":"5528","Type":"12","BlID":"1120","BusCityName":"서울"},{"BusNo":"6511","Type":"12","BlID":"1192","BusCityName":"서울"},{"BusNo":"6512","Type":"12","BlID":"1193","BusCityName":"서울"},{"BusNo":"5523","Type":"12","BlID":"1764","BusCityName":"서울"}]},{"StopName":"서울대입구역","StopID":"150835","Bus": [{"BusNo":"5511","Type":"12","BlID":"1103","BusCityName":"서울"},{"BusNo":"5513","Type":"12","BlID":"1105","BusCityName":"서울"},{"BusNo":"5515","Type":"12","BlID":"1107","BusCityName":"서울"}]},{"StopName":"관악구청","StopID":"166271","Bus": [{"BusNo":"6003","Type":"5","BlID":"1804","BusCityName":"서울"}]}]},{"GateNo":"4","GateLink": ["기업은행","사회복무교육센터"]},{"GateNo":"5","GateLink": ["봉천10동 주민센터","신봉초등학교"],"BUSSTOP": [{"StopName":"서울대입구역5번출구","StopID":"176390","Bus": [{"BusNo":"9","Type":"1","BlID":"6010","BusCityName":"안양"},{"BusNo":"1","Type":"1","BlID":"6015","BusCityName":"안양"},{"BusNo":"N15","Type":"11","BlID":"558","BusCityName":"서울"},{"BusNo":"N61","Type":"11","BlID":"575","BusCityName":"서울"},{"BusNo":"651","Type":"11","BlID":"1191","BusCityName":"서울"},{"BusNo":"506","Type":"11","BlID":"1405","BusCityName":"서울"},{"BusNo":"461","Type":"11","BlID":"1441","BusCityName":"서울"},{"BusNo":"643","Type":"11","BlID":"1729","BusCityName":"서울"},{"BusNo":"6515","Type":"12","BlID":"521","BusCityName":"서울"},{"BusNo":"5413","Type":"12","BlID":"1101","BusCityName":"서울"},{"BusNo":"5530","Type":"12","BlID":"1122","BusCityName":"서울"}]},{"StopName":"서울대학교입구전철역","StopID":"193821","Bus": [{"BusNo":"6003","Type":"5","BlID":"1804","BusCityName":"서울"}]}]},{"GateNo":"6","GateLink": ["봉천고개","중앙동","중앙시장"],"BUSSTOP": [{"StopName":"봉천사거리.봉천중앙시장","StopID":"104148","Bus": [{"BusNo":"641","Type":"11","BlID":"1187","BusCityName":"서울"},{"BusNo":"650","Type":"11","BlID":"1190","BusCityName":"서울"},{"BusNo":"5524","Type":"12","BlID":"1116","BusCityName":"서울"}]},{"StopName":"코업레지던스","StopID":"195528","Bus": [{"BusNo":"6017","Type":"5","BlID":"527","BusCityName":"서울"}]},{"StopName":"코업레지던스","StopID":"195529","Bus": [{"BusNo":"6017","Type":"5","BlID":"527","BusCityName":"서울"}]}]},{"GateNo":"7","GateLink": ["봉원중학교","봉천초등학교","풀잎문화센터 서울대지부"],"BUSSTOP": [{"StopName":"봉천사거리.봉천중앙시장","StopID":"104156","Bus": [{"BusNo":"501","Type":"11","BlID":"1089","BusCityName":"서울"},{"BusNo":"641","Type":"11","BlID":"1187","BusCityName":"서울"},{"BusNo":"650","Type":"11","BlID":"1190","BusCityName":"서울"},{"BusNo":"750B","Type":"11","BlID":"1274","BusCityName":"서울"},{"BusNo":"506","Type":"11","BlID":"1405","BusCityName":"서울"},{"BusNo":"750A","Type":"11","BlID":"1718","BusCityName":"서울"},{"BusNo":"5511","Type":"12","BlID":"1103","BusCityName":"서울"},{"BusNo":"5513","Type":"12","BlID":"1105","BusCityName":"서울"},{"BusNo":"5515","Type":"12","BlID":"1107","BusCityName":"서울"},{"BusNo":"5517","Type":"12","BlID":"1109","BusCityName":"서울"},{"BusNo":"5524","Type":"12","BlID":"1116","BusCityName":"서울"},{"BusNo":"6511","Type":"12","BlID":"1192","BusCityName":"서울"}]},{"StopName":"서울대입구역2호선","StopID":"124832","Bus": [{"BusNo":"관악07","Type":"3","BlID":"1604","BusCityName":"서울"}]}]},{"GateNo":"8","GateLink": ["행운동","봉천6동 우체국","원당초등학교","외환은행 봉천동"]}]}}}