{"result": {"stationName":"봉천","stationID":229,"type":2,"laneName":"수도권 2호선","laneCity":"수도권","x":126.941592,"y":37.4824878,"prevOBJ": {"station": [{"stationName":"서울대입구","stationID":228,"type":2,"laneName":"수도권 2호선","laneCity":"수도권","x":126.9527244,"y":37.4812173}]},"nextOBJ": {"station": [{"stationName":"신림","stationID":230,"type":2,"laneName":"수도권 2호선","laneCity":"수도권","x":126.9296943,"y":37.4842819}]},"defaultInfo": {"address":"서울특별시 관악구 봉천동 979-7","new_address":"서울특별시 관악구 남부순환로 1721","tel":"02-6110-2291"},"useInfo": {"platform":1,"meetingPlace":0,"restroom":2,"offDoor":0,"crossOver":2,"publicPlace":0,"handicapCount":1,"parkingCount":0,"bicycleCount":1,"civilCount":0},"exitInfo": {"gate": [{"GateNo":"1","GateLink": ["서울대입구방면","관악초등학교","영락고등학교","영락유헬스고등학교","제일종합시장","영림중앙시장"],"BUSSTOP": [{"StopName":"봉천역.관악초등학교","StopID":"103859","Bus": [{"BusNo":"1","Type":"1","BlID":"6015","BusCityName":"안양"},{"BusNo":"9-3","Type":"1","BlID":"6022","BusCityName":"안양"},{"BusNo":"N15","Type":"11","BlID":"558","BusCityName":"서울"},{"BusNo":"N61","Type":"11","BlID":"575","BusCityName":"서울"},{"BusNo":"651","Type":"11","BlID":"1191","BusCityName":"서울"},{"BusNo":"506","Type":"11","BlID":"1405","BusCityName":"서울"},{"BusNo":"461","Type":"11","BlID":"1441","BusCityName":"서울"},{"BusNo":"643","Type":"11","BlID":"1729","BusCityName":"서울"},{"BusNo":"6515","Type":"12","BlID":"521","BusCityName":"서울"},{"BusNo":"5413","Type":"12","BlID":"1101","BusCityName":"서울"},{"BusNo":"5530","Type":"12","BlID":"1122","BusCityName":"서울"},{"BusNo":"6512","Type":"12","BlID":"1193","BusCityName":"서울"},{"BusNo":"5523","Type":"12","BlID":"1764","BusCityName":"서울"}]},{"StopName":"봉천역","StopID":"166279","Bus": [{"BusNo":"6003","Type":"5","BlID":"1804","BusCityName":"서울"}]}]},{"GateNo":"2","GateLink": ["청룡동","청룡동주민센터","한국공인중개사협회","한국 미니어쳐 돌하우스협회"]},{"GateNo":"3","GateLink": ["신림동방면","봉림중학교","현대성우아파트","무학아파트"]},{"GateNo":"4","GateLink": ["은천동주민센터","은천동우체국","봉일시장","삼성아파트","실로암시작장애인복지관"],"BUSSTOP": [{"StopName":"봉천역","StopID":"195526","Bus": [{"BusNo":"6017","Type":"5","BlID":"527","BusCityName":"서울"}]},{"StopName":"봉천역","StopID":"195527","Bus": [{"BusNo":"6017","Type":"5","BlID":"527","BusCityName":"서울"}]},{"StopName":"봉천역","StopID":"195745","Bus": [{"BusNo":"관악01","Type":"3","BlID":"1589","BusCityName":"서울"}]},{"StopName":"봉천역4번출구","StopID":"195746","Bus": [{"BusNo":"관악01","Type":"3","BlID":"1589","BusCityName":"서울"}]}]},{"GateNo":"5","GateLink": ["은천동","은천초등학교"],"BUSSTOP": [{"StopName":"봉천역","StopID":"80498","Bus": [{"BusNo":"관악11","Type":"3","BlID":"512","BusCityName":"서울"}]},{"StopName":"봉천역","StopID":"124494","Bus": [{"BusNo":"관악11","Type":"3","BlID":"512","BusCityName":"서울"},{"BusNo":"500","Type":"11","BlID":"1087","BusCityName":"서울"},{"BusNo":"6516","Type":"12","BlID":"563","BusCityName":"서울"}]}]},{"GateNo":"6","GateLink": ["서울관광고등학교","관악구선거관리위원회","현대시장","두산아파트","벽산블루밍아파트"],"BUSSTOP": [{"StopName":"봉천역.관악초등학교","StopID":"103862","Bus": [{"BusNo":"9","Type":"1","BlID":"6010","BusCityName":"안양"},{"BusNo":"1","Type":"1","BlID":"6015","BusCityName":"안양"},{"BusNo":"N15","Type":"11","BlID":"558","BusCityName":"서울"},{"BusNo":"N61","Type":"11","BlID":"575","BusCityName":"서울"},{"BusNo":"500","Type":"11","BlID":"1087","BusCityName":"서울"},{"BusNo":"651","Type":"11","BlID":"1191","BusCityName":"서울"},{"BusNo":"506","Type":"11","BlID":"1405","BusCityName":"서울"},{"BusNo":"461","Type":"11","BlID":"1441","BusCityName":"서울"},{"BusNo":"643","Type":"11","BlID":"1729","BusCityName":"서울"},{"BusNo":"6515","Type":"12","BlID":"521","BusCityName":"서울"},{"BusNo":"5413","Type":"12","BlID":"1101","BusCityName":"서울"},{"BusNo":"5530","Type":"12","BlID":"1122","BusCityName":"서울"}]},{"StopName":"봉천역6번출구","StopID":"124495","Bus": [{"BusNo":"관악01","Type":"3","BlID":"1589","BusCityName":"서울"}]},{"StopName":"봉천역","StopID":"166268","Bus": [{"BusNo":"6003","Type":"5","BlID":"1804","BusCityName":"서울"}]}]}]}}}