{"result": {"stationName":"신림","stationID":230,"type":2,"laneName":"수도권 2호선","laneCity":"수도권","x":126.9296943,"y":37.4842819,"prevOBJ": {"station": [{"stationName":"봉천","stationID":229,"type":2,"laneName":"수도권 2호선","laneCity":"수도권","x":126.941592,"y":37.4824878}]},"nextOBJ": {"station": [{"stationName":"신대방","stationID":231,"type":2,"laneName":"수도권 2호선","laneCity":"수도권","x":126.9132972,"y":37.4875294}]},"defaultInfo": {"address":"서울특별시 관악구 신림동 1467-10","new_address":"서울특별시 관악구 남부순환로 1614","tel":"02-6110-2301"},"useInfo": {"platform":1,"meetingPlace":1,"restroom":1,"offDoor":0,"crossOver":2,"publicPlace":0,"handicapCount":1,"parkingCount":1,"bicycleCount":1,"civilCount":1},"exitInfo": {"gate": [{"GateNo":"1","GateLink": ["청룡동주민센터"],"BUSSTOP": [{"StopName":"관악우체국.양지병원","StopID":"150989","Bus": [{"BusNo":"1","Type":"1","BlID":"6015","BusCityName":"안양"},{"BusNo":"9-3","Type":"1","BlID":"6022","BusCityName":"안양"},{"BusNo":"N15","Type":"11","BlID":"558","BusCityName":"서울"},{"BusNo":"N61","Type":"11","BlID":"575","BusCityName":"서울"},{"BusNo":"651","Type":"11","BlID":"1191","BusCityName":"서울"},{"BusNo":"506","Type":"11","BlID":"1405","BusCityName":"서울"},{"BusNo":"461","Type":"11","BlID":"1441","BusCityName":"서울"},{"BusNo":"643","Type":"11","BlID":"1729","BusCityName":"서울"},{"BusNo":"6515","Type":"12","BlID":"521","BusCityName":"서울"},{"BusNo":"5413","Type":"12","BlID":"1101","BusCityName":"서울"},{"BusNo":"5530","Type":"12","BlID":"1122","BusCityName":"서울"},{"BusNo":"6512","Type":"12","BlID":"1193","BusCityName":"서울"},{"BusNo":"5523","Type":"12","BlID":"1764","BusCityName":"서울"}]},{"StopName":"신림역","StopID":"166267","Bus": [{"BusNo":"6003","Type":"5","BlID":"1804","BusCityName":"서울"}]}]},{"GateNo":"2","GateLink": ["서원동주민센터","신안아파트","청암두산위브아파트"],"BUSSTOP": [{"StopName":"신림사거리","StopID":"103415","Bus": [{"BusNo":"152","Type":"11","BlID":"884","BusCityName":"서울"},{"BusNo":"5516","Type":"12","BlID":"1108","BusCityName":"서울"},{"BusNo":"5519","Type":"12","BlID":"1111","BusCityName":"서울"},{"BusNo":"5528","Type":"12","BlID":"1120","BusCityName":"서울"},{"BusNo":"6512","Type":"12","BlID":"1193","BusCityName":"서울"},{"BusNo":"6513","Type":"12","BlID":"1194","BusCityName":"서울"},{"BusNo":"6514","Type":"12","BlID":"1195","BusCityName":"서울"},{"BusNo":"5522B","Type":"12","BlID":"1706","BusCityName":"서울"},{"BusNo":"5523","Type":"12","BlID":"1764","BusCityName":"서울"}]}]},{"GateNo":"3","GateLink": ["서울대방면","관악종합시장","동부아파트"],"BUSSTOP": [{"StopName":"신림사거리","StopID":"103400","Bus": [{"BusNo":"152","Type":"11","BlID":"884","BusCityName":"서울"},{"BusNo":"5516","Type":"12","BlID":"1108","BusCityName":"서울"},{"BusNo":"6513","Type":"12","BlID":"1194","BusCityName":"서울"},{"BusNo":"6514","Type":"12","BlID":"1195","BusCityName":"서울"},{"BusNo":"5522A","Type":"12","BlID":"1704","BusCityName":"서울"}]}]},{"GateNo":"4","GateLink": ["신원동 주민센터","금천세무서(관악별관)","남서울중학교","한국산업인력공단","국제신학대학원대학교","기업은행신림역지점","남부소상공인지원센터","에너지체험관","성보중.고등학교","풀잎문화센터 신림지부"],"BUSSTOP": [{"StopName":"봉림교","StopID":"103302","Bus": [{"BusNo":"관악05","Type":"3","BlID":"1598","BusCityName":"서울"},{"BusNo":"관악08","Type":"3","BlID":"1610","BusCityName":"서울"},{"BusNo":"관악10","Type":"3","BlID":"1617","BusCityName":"서울"}]},{"StopName":"신림사거리.신림역","StopID":"103345","Bus": [{"BusNo":"1","Type":"1","BlID":"6015","BusCityName":"안양"},{"BusNo":"9-3","Type":"1","BlID":"6022","BusCityName":"안양"},{"BusNo":"N61","Type":"11","BlID":"575","BusCityName":"서울"},{"BusNo":"651","Type":"11","BlID":"1191","BusCityName":"서울"},{"BusNo":"506","Type":"11","BlID":"1405","BusCityName":"서울"},{"BusNo":"643","Type":"11","BlID":"1729","BusCityName":"서울"},{"BusNo":"5413","Type":"12","BlID":"1101","BusCityName":"서울"},{"BusNo":"5519","Type":"12","BlID":"1111","BusCityName":"서울"},{"BusNo":"5528","Type":"12","BlID":"1120","BusCityName":"서울"},{"BusNo":"5530","Type":"12","BlID":"1122","BusCityName":"서울"},{"BusNo":"6512","Type":"12","BlID":"1193","BusCityName":"서울"},{"BusNo":"5522A","Type":"12","BlID":"1704","BusCityName":"서울"},{"BusNo":"5523","Type":"12","BlID":"1764","BusCityName":"서울"}]},{"StopName":"신림역4번출구","StopID":"195781","Bus": [{"BusNo":"관악05","Type":"3","BlID":"1598","BusCityName":"서울"},{"BusNo":"관악08","Type":"3","BlID":"1610","BusCityName":"서울"},{"BusNo":"관악10","Type":"3","BlID":"1617","BusCityName":"서울"}]},{"StopName":"신림사거리.신원시장","StopID":"197882","Bus": [{"BusNo":"500","Type":"11","BlID":"1087","BusCityName":"서울"},{"BusNo":"504","Type":"11","BlID":"1093","BusCityName":"서울"},{"BusNo":"5525","Type":"12","BlID":"1117","BusCityName":"서울"},{"BusNo":"5535","Type":"12","BlID":"1127","BusCityName":"서울"}]}]},{"GateNo":"5","GateLink": ["난곡방면","금천경찰서","한국원자력문화재단","국민건강보험공단 관악지사"],"BUSSTOP": [{"StopName":"신림사거리.신림역","StopID":"103360","Bus": [{"BusNo":"9","Type":"1","BlID":"6010","BusCityName":"안양"},{"BusNo":"1","Type":"1","BlID":"6015","BusCityName":"안양"},{"BusNo":"N61","Type":"11","BlID":"575","BusCityName":"서울"},{"BusNo":"500","Type":"11","BlID":"1087","BusCityName":"서울"},{"BusNo":"504","Type":"11","BlID":"1093","BusCityName":"서울"},{"BusNo":"651","Type":"11","BlID":"1191","BusCityName":"서울"},{"BusNo":"643","Type":"11","BlID":"1729","BusCityName":"서울"},{"BusNo":"5413","Type":"12","BlID":"1101","BusCityName":"서울"},{"BusNo":"5519","Type":"12","BlID":"1111","BusCityName":"서울"},{"BusNo":"5525","Type":"12","BlID":"1117","BusCityName":"서울"},{"BusNo":"5528","Type":"12","BlID":"1120","BusCityName":"서울"},{"BusNo":"5530","Type":"12","BlID":"1122","BusCityName":"서울"},{"BusNo":"5535","Type":"12","BlID":"1127","BusCityName":"서울"},{"BusNo":"6512","Type":"12","BlID":"1193","BusCityName":"서울"}]},{"StopName":"신림사거리.신림역","StopID":"211968","Bus": [{"BusNo":"506","Type":"11","BlID":"1405","BusCityName":"서울"},{"BusNo":"5522B","Type":"12","BlID":"1706","BusCityName":"서울"},{"BusNo":"5523","Type":"12","BlID":"1764","BusCityName":"서울"}]}]},{"GateNo":"6","GateLink": ["신림동 주민센터","보라매공원","시립보라매병원","패션 문화의 거리","보라매 고용지원센터","한국가스안전공사서울남부지사"],"BUSSTOP": [{"StopName":"패션문화의거리입구","StopID":"103378","Bus": [{"BusNo":"N15","Type":"11","BlID":"558","BusCityName":"서울"},{"BusNo":"152","Type":"11","BlID":"884","BusCityName":"서울"},{"BusNo":"504","Type":"11","BlID":"1093","BusCityName":"서울"},{"BusNo":"461","Type":"11","BlID":"1441","BusCityName":"서울"},{"BusNo":"6515","Type":"12","BlID":"521","BusCityName":"서울"},{"BusNo":"5516","Type":"12","BlID":"1108","BusCityName":"서울"},{"BusNo":"5525","Type":"12","BlID":"1117","BusCityName":"서울"},{"BusNo":"5535","Type":"12","BlID":"1127","BusCityName":"서울"},{"BusNo":"6513","Type":"12","BlID":"1194","BusCityName":"서울"},{"BusNo":"6514","Type":"12","BlID":"1195","BusCityName":"서울"},{"BusNo":"5522A","Type":"12","BlID":"1704","BusCityName":"서울"}]}]},{"GateNo":"7","GateLink": ["보라매공원","시립보라매병원","시립신림청소년쉼터"],"BUSSTOP": [{"StopName":"패션문화의거리입구","StopID":"103398","Bus": [{"BusNo":"N15","Type":"11","BlID":"558","BusCityName":"서울"},{"BusNo":"152","Type":"11","BlID":"884","BusCityName":"서울"},{"BusNo":"500","Type":"11","BlID":"1087","BusCityName":"서울"},{"BusNo":"504","Type":"11","BlID":"1093","BusCityName":"서울"},{"BusNo":"461","Type":"11","BlID":"1441","BusCityName":"서울"},{"BusNo":"6515","Type":"12","BlID":"521","BusCityName":"서울"},{"BusNo":"5516","Type":"12","BlID":"1108","BusCityName":"서울"},{"BusNo":"5525","Type":"12","BlID":"1117","BusCityName":"서울"},{"BusNo":"5535","Type":"12","BlID":"1127","BusCityName":"서울"},{"BusNo":"6513","Type":"12","BlID":"1194","BusCityName":"서울"},{"BusNo":"6514","Type":"12","BlID":"1195","BusCityName":"서울"},{"BusNo":"5522B","Type":"12","BlID":"1706","BusCityName":"서울"}]},{"StopName":"신림역","StopID":"124604","Bus": [{"BusNo":"관악03","Type":"3","BlID":"1595","BusCityName":"서울"}]}]},{"GateNo":"8","GateLink": ["보라매동 주민센터","당곡지구대","관악우체국","외환은행 신림역"],"BUSSTOP": [{"StopName":"관악우체국(양지병원)","StopID":"124603","Bus": [{"BusNo":"9","Type":"1","BlID":"6010","BusCityName":"안양"},{"BusNo":"1","Type":"1","BlID":"6015","BusCityName":"안양"},{"BusNo":"N15","Type":"11","BlID":"558","BusCityName":"서울"},{"BusNo":"N61","Type":"11","BlID":"575","BusCityName":"서울"},{"BusNo":"500","Type":"11","BlID":"1087","BusCityName":"서울"},{"BusNo":"651","Type":"11","BlID":"1191","BusCityName":"서울"},{"BusNo":"506","Type":"11","BlID":"1405","BusCityName":"서울"},{"BusNo":"461","Type":"11","BlID":"1441","BusCityName":"서울"},{"BusNo":"643","Type":"11","BlID":"1729","BusCityName":"서울"},{"BusNo":"6515","Type":"12","BlID":"521","BusCityName":"서울"},{"BusNo":"5413","Type":"12","BlID":"1101","BusCityName":"서울"},{"BusNo":"5530","Type":"12","BlID":"1122","BusCityName":"서울"}]},{"StopName":"신림역","StopID":"166280","Bus": [{"BusNo":"6003","Type":"5","BlID":"1804","BusCityName":"서울"}]}]}]}}}