{"result": {"stationName":"신대방","stationID":231,"type":2,"laneName":"수도권 2호선","laneCity":"수도권","x":126.9132972,"y":37.4875294,"prevOBJ": {"station": [{"stationName":"신림","stationID":230,"type":2,"laneName":"수도권 2호선","laneCity":"수도권","x":126.9296943,"y":37.4842819}]},"nextOBJ": {"station": [{"stationName":"구로디지털단지","stationID":232,"type":2,"laneName":"수도권 2호선","laneCity":"수도권","x":126.9014914,"y":37.4852578}]},"defaultInfo": {"address":"서울특별시 동작구 신대방동 643-1","new_address":"서울특별시 동작구 대림로 2","tel":"02-6110-2311"},"useInfo": {"platform":2,"meetingPlace":1,"restroom":1,"offDoor":1,"crossOver":2,"publicPlace":0,"handicapCount":1,"parkingCount":1,"bicycleCount":1,"civilCount":0},"exitInfo": {"gate": [{"GateNo":"1","GateLink": ["신림4동주민센터","신림4동파출소","신림종합시장"],"BUSSTOP": [{"StopName":"신사동진양빌딩앞","StopID":"80001","Bus": [{"BusNo":"6516","Type":"12","BlID":"563","BusCityName":"서울"},{"BusNo":"5524","Type":"12","BlID":"1116","BusCityName":"서울"},{"BusNo":"6511","Type":"12","BlID":"1192","BusCityName":"서울"},{"BusNo":"5522A","Type":"12","BlID":"1704","BusCityName":"서울"}]},{"StopName":"신대방역","StopID":"195067","Bus": [{"BusNo":"5519","Type":"12","BlID":"1111","BusCityName":"서울"},{"BusNo":"5522A","Type":"12","BlID":"1704","BusCityName":"서울"}]},{"StopName":"신대방역","StopID":"196475","Bus": [{"BusNo":"5524","Type":"12","BlID":"1116","BusCityName":"서울"},{"BusNo":"5522B","Type":"12","BlID":"1706","BusCityName":"서울"}]}]},{"GateNo":"2","GateLink": ["난곡방면","금천경찰서"],"BUSSTOP": [{"StopName":"신대방역","StopID":"102751","Bus": [{"BusNo":"6516","Type":"12","BlID":"563","BusCityName":"서울"},{"BusNo":"5524","Type":"12","BlID":"1116","BusCityName":"서울"}]},{"StopName":"신대방역","StopID":"195522","Bus": [{"BusNo":"6017","Type":"5","BlID":"527","BusCityName":"서울"}]},{"StopName":"신대방역","StopID":"195523","Bus": [{"BusNo":"6017","Type":"5","BlID":"527","BusCityName":"서울"}]},{"StopName":"신대방역","StopID":"195784","Bus": [{"BusNo":"관악06","Type":"3","BlID":"1600","BusCityName":"서울"},{"BusNo":"6516","Type":"12","BlID":"563","BusCityName":"서울"},{"BusNo":"5524","Type":"12","BlID":"1116","BusCityName":"서울"}]}]},{"GateNo":"3","GateLink": ["대림동방면"],"BUSSTOP": [{"StopName":"신대방역","StopID":"193364","Bus": [{"BusNo":"동작05-1","Type":"3","BlID":"1654","BusCityName":"서울"},{"BusNo":"6511","Type":"12","BlID":"1192","BusCityName":"서울"}]}]},{"GateNo":"4","GateLink": ["신대방1동주민센터","문창초등학교","보라매공원","기상청","남부수도사업소","서울특별시정신지체인복지관","수도여자고등학교"],"BUSSTOP": [{"StopName":"신대방역","StopID":"102731","Bus": [{"BusNo":"동작05","Type":"3","BlID":"562","BusCityName":"서울"}]},{"StopName":"신대방역","StopID":"196451","Bus": [{"BusNo":"6511","Type":"12","BlID":"1192","BusCityName":"서울"}]}]}]}}}