{"result": {"stationName":"구로디지털단지","stationID":232,"type":2,"laneName":"수도권 2호선","laneCity":"수도권","x":126.9014914,"y":37.4852578,"prevOBJ": {"station": [{"stationName":"신대방","stationID":231,"type":2,"laneName":"수도권 2호선","laneCity":"수도권","x":126.9132972,"y":37.4875294}]},"nextOBJ": {"station": [{"stationName":"대림","stationID":233,"type":2,"laneName":"수도권 2호선","laneCity":"수도권","x":126.8949268,"y":37.4933782}]},"defaultInfo": {"address":"서울특별시 구로구 구로동 810-3","new_address":"서울특별시 구로구 도림천로 477","tel":"02-6110-2321"},"useInfo": {"platform":2,"meetingPlace":0,"restroom":1,"offDoor":1,"crossOver":2,"publicPlace":0,"handicapCount":1,"parkingCount":1,"bicycleCount":1,"civilCount":0},"exitInfo": {"gate": [{"GateNo":"1","GateLink": ["시흥.안양방면","연희미용고등학교","금천경찰서","금천세무서","강남아파트","미성아파트","한국원자력문화재단"],"BUSSTOP": [{"StopName":"구로디지털단지역","StopID":"102351","Bus": [{"BusNo":"5536","Type":"12","BlID":"1128","BusCityName":"서울"},{"BusNo":"5616","Type":"12","BlID":"1134","BusCityName":"서울"}]},{"StopName":"구로디지털단지역","StopID":"102411","Bus": [{"BusNo":"5524","Type":"12","BlID":"1116","BusCityName":"서울"}]},{"StopName":"구로디지털단지역환승센터","StopID":"123664","Bus": [{"BusNo":"51","Type":"1","BlID":"6001","BusCityName":"안양"},{"BusNo":"5616","Type":"12","BlID":"1134","BusCityName":"서울"},{"BusNo":"5617","Type":"12","BlID":"1135","BusCityName":"서울"},{"BusNo":"5624","Type":"12","BlID":"1142","BusCityName":"서울"},{"BusNo":"5627","Type":"12","BlID":"1145","BusCityName":"서울"}]},{"StopName":"구로디지털단지역","StopID":"126473","Bus": [{"BusNo":"5","Type":"1","BlID":"6071","BusCityName":"안양"},{"BusNo":"900","Type":"1","BlID":"9660","BusCityName":"수원"},{"BusNo":"5601","Type":"2","BlID":"6529","BusCityName":"안산"},{"BusNo":"150","Type":"11","BlID":"878","BusCityName":"서울"},{"BusNo":"505","Type":"11","BlID":"1094","BusCityName":"서울"},{"BusNo":"507","Type":"11","BlID":"1406","BusCityName":"서울"},{"BusNo":"5531","Type":"12","BlID":"1123","BusCityName":"서울"},{"BusNo":"5534","Type":"12","BlID":"1126","BusCityName":"서울"},{"BusNo":"5536","Type":"12","BlID":"1128","BusCityName":"서울"},{"BusNo":"5616","Type":"12","BlID":"1134","BusCityName":"서울"},{"BusNo":"5620","Type":"12","BlID":"1138","BusCityName":"서울"},{"BusNo":"5625","Type":"12","BlID":"1143","BusCityName":"서울"},{"BusNo":"5713","Type":"12","BlID":"1153","BusCityName":"서울"},{"BusNo":"6512","Type":"12","BlID":"1193","BusCityName":"서울"},{"BusNo":"5633","Type":"12","BlID":"1424","BusCityName":"서울"},{"BusNo":"5623","Type":"12","BlID":"1444","BusCityName":"서울"},{"BusNo":"M5609","Type":"14","BlID":"6567","BusCityName":"안산"}]},{"StopName":"구로디지털단지역","StopID":"126474","Bus": [{"BusNo":"5","Type":"1","BlID":"6071","BusCityName":"안양"},{"BusNo":"900","Type":"1","BlID":"9660","BusCityName":"수원"},{"BusNo":"5601","Type":"2","BlID":"6529","BusCityName":"안산"},{"BusNo":"150","Type":"11","BlID":"878","BusCityName":"서울"},{"BusNo":"505","Type":"11","BlID":"1094","BusCityName":"서울"},{"BusNo":"507","Type":"11","BlID":"1406","BusCityName":"서울"},{"BusNo":"5531","Type":"12","BlID":"1123","BusCityName":"서울"},{"BusNo":"5534","Type":"12","BlID":"1126","BusCityName":"서울"},{"BusNo":"5616","Type":"12","BlID":"1134","BusCityName":"서울"},{"BusNo":"5620","Type":"12","BlID":"1138","BusCityName":"서울"},{"BusNo":"5625","Type":"12","BlID":"1143","BusCityName":"서울"},{"BusNo":"5713","Type":"12","BlID":"1153","BusCityName":"서울"},{"BusNo":"6512","Type":"12","BlID":"1193","BusCityName":"서울"},{"BusNo":"5633","Type":"12","BlID":"1424","BusCityName":"서울"},{"BusNo":"5623","Type":"12","BlID":"1444","BusCityName":"서울"},{"BusNo":"M5609","Type":"14","BlID":"6567","BusCityName":"안산"}]},{"StopName":"구로디지털단지역환승센터","StopID":"197681","Bus": [{"BusNo":"5602","Type":"1","BlID":"11518","BusCityName":"시흥"},{"BusNo":"금천03","Type":"3","BlID":"1528","BusCityName":"서울"},{"BusNo":"금천06","Type":"3","BlID":"1543","BusCityName":"서울"},{"BusNo":"5621","Type":"12","BlID":"1139","BusCityName":"서울"},{"BusNo":"6635","Type":"12","BlID":"1220","BusCityName":"서울"}]}]},{"GateNo":"2","GateLink": ["구로동","기업은행","구로디지털단지 우체국","서울시창업지원센터","외환은행 구로디지털단지역점"],"BUSSTOP": [{"StopName":"구로디지털단지역","StopID":"125180","Bus": [{"BusNo":"구로09","Type":"3","BlID":"1670","BusCityName":"서울"}]},{"StopName":"구로디지털단지역","StopID":"152816","Bus": [{"BusNo":"영등포01","Type":"3","BlID":"1637","BusCityName":"서울"}]}]},{"GateNo":"3","GateLink": ["구로1디지털단지","서울관악고용노동지청","한국지역정보개발원 지역정보센터","근로복지공단서울관악지사","한국산업단지공단","서울중소기업디자인지원센터","서울관악고용센터","한국정보기술연구원"]},{"GateNo":"4","GateLink": ["대림2동"]},{"GateNo":"5","GateLink": ["대림2동","대림우체국","영림초등학교"]},{"GateNo":"6","GateLink": ["신대방방면","한국광물자원공사","우림아파트"]}]}}}