{"result": {"stationName":"대림","stationID":233,"type":2,"laneName":"수도권 2호선","laneCity":"수도권","x":126.8949268,"y":37.4933782,"exOBJ": {"station": [{"stationName":"대림","stationID":744,"type":7,"laneName":"수도권 7호선","laneCity":"수도권"}]},"prevOBJ": {"station": [{"stationName":"구로디지털단지","stationID":232,"type":2,"laneName":"수도권 2호선","laneCity":"수도권","x":126.9014914,"y":37.4852578}]},"nextOBJ": {"station": [{"stationName":"신도림","stationID":234,"type":2,"laneName":"수도권 2호선","laneCity":"수도권","x":126.8913551,"y":37.5085724}]},"defaultInfo": {"address":"서울특별시 구로구 구로동 1204","new_address":"서울특별시 구로구 도림천로 351","tel":"02-6110-2331"},"useInfo": {"platform":2,"meetingPlace":1,"restroom":1,"offDoor":1,"crossOver":2,"publicPlace":0,"handicapCount":1,"parkingCount":0,"bicycleCount":1,"civilCount":0},"exitInfo": {"gate": [{"GateNo":"1","GateLink": ["영서중학교","구로시장","이화우성아파트","구로3동","영서초등학교","두산아파트","LG아파트"],"BUSSTOP": [{"StopName":"대림역","StopID":"102142","Bus": [{"BusNo":"642","Type":"11","BlID":"1189","BusCityName":"서울"},{"BusNo":"6411","Type":"12","BlID":"1188","BusCityName":"서울"},{"BusNo":"6511","Type":"12","BlID":"1192","BusCityName":"서울"},{"BusNo":"5618","Type":"12","BlID":"1443","BusCityName":"서울"}]},{"StopName":"대림역","StopID":"102146","Bus": [{"BusNo":"642","Type":"11","BlID":"1189","BusCityName":"서울"},{"BusNo":"6411","Type":"12","BlID":"1188","BusCityName":"서울"},{"BusNo":"6511","Type":"12","BlID":"1192","BusCityName":"서울"},{"BusNo":"6613","Type":"12","BlID":"1198","BusCityName":"서울"},{"BusNo":"5618","Type":"12","BlID":"1443","BusCityName":"서울"}]}]},{"GateNo":"2","GateLink": ["구로4동","구로4동 주민센터","극동아파트"]},{"GateNo":"3","GateLink": ["우성아파트(대림 2차)"],"BUSSTOP": [{"StopName":"대림역","StopID":"125512","Bus": [{"BusNo":"6003","Type":"5","BlID":"1804","BusCityName":"서울"}]},{"StopName":"대림역","StopID":"193933","Bus": [{"BusNo":"6613","Type":"12","BlID":"1198","BusCityName":"서울"}]},{"StopName":"정현웨딩홀","StopID":"195911","Bus": [{"BusNo":"영등포04","Type":"3","BlID":"1660","BusCityName":"서울"}]}]},{"GateNo":"4","GateLink": ["구로구청","동구로초등학교","영림중학교","구로중학교","동구로우체국","구로등기소","구로도서관","구로경찰서","구로구민회관","에너지관리공단서울지사","현대아파트","구로고교"],"BUSSTOP": [{"StopName":"2.7호선대림역","StopID":"152468","Bus": [{"BusNo":"구로10","Type":"3","BlID":"1673","BusCityName":"서울"},{"BusNo":"구로11","Type":"3","BlID":"1678","BusCityName":"서울"}]}]},{"GateNo":"5","GateLink": ["영남중학교","신동아파트","방송대 서울남부학습센터","대림지구대"],"BUSSTOP": [{"StopName":"대림역","StopID":"125511","Bus": [{"BusNo":"영등포04","Type":"3","BlID":"1660","BusCityName":"서울"}]},{"StopName":"대림역","StopID":"152851","Bus": [{"BusNo":"6003","Type":"5","BlID":"1804","BusCityName":"서울"}]}]},{"GateNo":"6","GateLink": ["두암종합시장"]},{"GateNo":"7","GateLink": ["대림3동"]},{"GateNo":"8","GateLink": ["대동초등학교","대림2동 주민센터","남부도로사업소","문영칸타빌레아파트"]},{"GateNo":"9","GateLink": ["대림3동","영남중학교"],"BUSSTOP": [{"StopName":"대림역","StopID":"102201","Bus": [{"BusNo":"642","Type":"11","BlID":"1189","BusCityName":"서울"},{"BusNo":"6411","Type":"12","BlID":"1188","BusCityName":"서울"},{"BusNo":"6511","Type":"12","BlID":"1192","BusCityName":"서울"},{"BusNo":"5618","Type":"12","BlID":"1443","BusCityName":"서울"}]}]},{"GateNo":"10","GateLink": ["대림3동주민센터","남부도로사업소","도신초등학교"],"BUSSTOP": [{"StopName":"대동초등학교","StopID":"102270","Bus": [{"BusNo":"642","Type":"11","BlID":"1189","BusCityName":"서울"},{"BusNo":"6411","Type":"12","BlID":"1188","BusCityName":"서울"},{"BusNo":"6511","Type":"12","BlID":"1192","BusCityName":"서울"},{"BusNo":"5618","Type":"12","BlID":"1443","BusCityName":"서울"}]}]},{"GateNo":"11","GateLink": ["대림2동주민센터","대림초.중학교","대림2치안센터","대림중앙시장","대동초등학교"],"BUSSTOP": [{"StopName":"대동초등학교","StopID":"102278","Bus": [{"BusNo":"642","Type":"11","BlID":"1189","BusCityName":"서울"},{"BusNo":"6411","Type":"12","BlID":"1188","BusCityName":"서울"},{"BusNo":"6511","Type":"12","BlID":"1192","BusCityName":"서울"},{"BusNo":"5618","Type":"12","BlID":"1443","BusCityName":"서울"}]}]},{"GateNo":"12","GateLink": ["대림2동","영서중학교","구로1교"],"BUSSTOP": [{"StopName":"대림역","StopID":"102209","Bus": [{"BusNo":"642","Type":"11","BlID":"1189","BusCityName":"서울"},{"BusNo":"6411","Type":"12","BlID":"1188","BusCityName":"서울"},{"BusNo":"6511","Type":"12","BlID":"1192","BusCityName":"서울"},{"BusNo":"5618","Type":"12","BlID":"1443","BusCityName":"서울"}]},{"StopName":"대림역7호선","StopID":"194350","Bus": [{"BusNo":"영등포04","Type":"3","BlID":"1660","BusCityName":"서울"}]}]}]}}}