{"result": {"stationName":"문래","stationID":235,"type":2,"laneName":"수도권 2호선","laneCity":"수도권","x":126.8948244,"y":37.5180028,"prevOBJ": {"station": [{"stationName":"신도림","stationID":234,"type":2,"laneName":"수도권 2호선","laneCity":"수도권","x":126.8913551,"y":37.5085724}]},"nextOBJ": {"station": [{"stationName":"영등포구청","stationID":236,"type":2,"laneName":"수도권 2호선","laneCity":"수도권","x":126.8966556,"y":37.5257869}]},"defaultInfo": {"address":"서울특별시 영등포구 문래동3가 68-1","new_address":"서울특별시 영등포구 당산로 28","tel":"02-6110-2351"},"useInfo": {"platform":2,"meetingPlace":1,"restroom":2,"offDoor":1,"crossOver":1,"publicPlace":0,"handicapCount":1,"parkingCount":0,"bicycleCount":1,"civilCount":0},"exitInfo": {"gate": [{"GateNo":"1","GateLink": ["문래2동","문래2동주민센터","중앙고용정보원","문래공원","한신아파트","국화아파트"],"BUSSTOP": [{"StopName":"문래역","StopID":"111660","Bus": [{"BusNo":"6516","Type":"12","BlID":"563","BusCityName":"서울"},{"BusNo":"6211","Type":"12","BlID":"1185","BusCityName":"서울"},{"BusNo":"6625","Type":"12","BlID":"1210","BusCityName":"서울"},{"BusNo":"6650","Type":"12","BlID":"1484","BusCityName":"서울"},{"BusNo":"2500","Type":"14","BlID":"21216","BusCityName":"인천"}]}]},{"GateNo":"2","GateLink": ["문래동3가","한신아파트"]},{"GateNo":"3","GateLink": ["영등포구청방면","한국전력공사영등포지점","문래초등학교","문래청소년회관","신동아아파트","문래미원아파트"],"BUSSTOP": [{"StopName":"문래역","StopID":"102155","Bus": [{"BusNo":"영등포05","Type":"3","BlID":"1681","BusCityName":"서울"},{"BusNo":"641","Type":"11","BlID":"1187","BusCityName":"서울"},{"BusNo":"6625","Type":"12","BlID":"1210","BusCityName":"서울"}]},{"StopName":"문래역","StopID":"102156","Bus": [{"BusNo":"영등포05","Type":"3","BlID":"1681","BusCityName":"서울"},{"BusNo":"641","Type":"11","BlID":"1187","BusCityName":"서울"},{"BusNo":"6625","Type":"12","BlID":"1210","BusCityName":"서울"}]}]},{"GateNo":"4","GateLink": ["당산동1가","당산진로아파트","건양병원","영일시장","양화중학교"],"BUSSTOP": [{"StopName":"양화중학교.홈플러스","StopID":"102172","Bus": [{"BusNo":"6516","Type":"12","BlID":"563","BusCityName":"서울"},{"BusNo":"6650","Type":"12","BlID":"1484","BusCityName":"서울"}]},{"StopName":"금호아파트","StopID":"152859","Bus": [{"BusNo":"영등포05","Type":"3","BlID":"1681","BusCityName":"서울"}]},{"StopName":"벽산메가트리움APT","StopID":"152860","Bus": [{"BusNo":"영등포05","Type":"3","BlID":"1681","BusCityName":"서울"}]}]},{"GateNo":"5","GateLink": ["문래동3가","문래자이"]},{"GateNo":"6","GateLink": ["문래자이"],"BUSSTOP": [{"StopName":"GS자이정문","StopID":"152864","Bus": [{"BusNo":"영등포05","Type":"3","BlID":"1681","BusCityName":"서울"}]}]},{"GateNo":"7","GateLink": ["기업은행","문래1동주민센터","문래동3가","문래동우체국","구로세무서","영등포초등학교"],"BUSSTOP": [{"StopName":"문래자이아파트","StopID":"102163","Bus": [{"BusNo":"6516","Type":"12","BlID":"563","BusCityName":"서울"},{"BusNo":"6211","Type":"12","BlID":"1185","BusCityName":"서울"},{"BusNo":"6625","Type":"12","BlID":"1210","BusCityName":"서울"},{"BusNo":"6650","Type":"12","BlID":"1484","BusCityName":"서울"},{"BusNo":"2500","Type":"14","BlID":"21216","BusCityName":"인천"}]},{"StopName":"문래자이아파트상가","StopID":"196515","Bus": [{"BusNo":"영등포05","Type":"3","BlID":"1681","BusCityName":"서울"}]}]}]}}}