{"result": {"stationName":"당산","stationID":237,"type":2,"laneName":"수도권 2호선","laneCity":"수도권","x":126.9026773,"y":37.5348623,"exOBJ": {"station": [{"stationName":"당산","stationID":913,"type":9,"laneName":"수도권 9호선","laneCity":"수도권"}]},"prevOBJ": {"station": [{"stationName":"영등포구청","stationID":236,"type":2,"laneName":"수도권 2호선","laneCity":"수도권","x":126.8966556,"y":37.5257869}]},"nextOBJ": {"station": [{"stationName":"합정","stationID":238,"type":2,"laneName":"수도권 2호선","laneCity":"수도권","x":126.9145431,"y":37.5499381}]},"defaultInfo": {"address":"서울특별시 영등포구 당산동6가 323-1","new_address":"서울특별시 영등포구 당산로 229","tel":"02-6110-2371"},"useInfo": {"platform":2,"meetingPlace":0,"restroom":1,"offDoor":1,"crossOver":2,"publicPlace":0,"handicapCount":1,"parkingCount":1,"bicycleCount":1,"civilCount":0},"exitInfo": {"gate": [{"GateNo":"1","GateLink": ["김포공항방면","유원제일아파트","기업은행","선박검사기술협회","당산서중학교","당서초등학교"]},{"GateNo":"2","GateLink": ["당산2동주민센터"],"BUSSTOP": [{"StopName":"당산역","StopID":"178325","Bus": [{"BusNo":"70","Type":"1","BlID":"7051","BusCityName":"부천"},{"BusNo":"70-3","Type":"1","BlID":"7060","BusCityName":"부천"},{"BusNo":"603","Type":"11","BlID":"1168","BusCityName":"서울"},{"BusNo":"6620","Type":"12","BlID":"1205","BusCityName":"서울"},{"BusNo":"6631","Type":"12","BlID":"1216","BusCityName":"서울"},{"BusNo":"6632","Type":"12","BlID":"1499","BusCityName":"서울"}]},{"StopName":"당산역.지하철2호선","StopID":"194299","Bus": [{"BusNo":"양천01","Type":"3","BlID":"1626","BusCityName":"서울"}]}]},{"GateNo":"3","GateLink": ["당산철교"]},{"GateNo":"4","GateLink": ["당산동 6가","한강시민공원(양화지구)","삼성아파트","수상관광콜택시승강장","선유도공원 방면"]},{"GateNo":"5","GateLink": ["국민건강보험공단영등포남부지사"]},{"GateNo":"6","GateLink": ["(사)한국장애인재활협회"]},{"GateNo":"7","GateLink": ["당산동6가","여의도한강공원"]},{"GateNo":"8","GateLink": ["한국소방안전협회","당산중학교","서울시외국인근로자센터","한국화학융합시험연구원"],"BUSSTOP": [{"StopName":"당산역삼성래미안아파트","StopID":"102458","Bus": [{"BusNo":"70-2","Type":"1","BlID":"7049","BusCityName":"부천"},{"BusNo":"871","Type":"2","BlID":"5510","BusCityName":"고양"},{"BusNo":"830","Type":"2","BlID":"5519","BusCityName":"고양"},{"BusNo":"870","Type":"2","BlID":"5520","BusCityName":"고양"},{"BusNo":"700","Type":"2","BlID":"7038","BusCityName":"부천"},{"BusNo":"1500","Type":"4","BlID":"5511","BusCityName":"고양"},{"BusNo":"1082","Type":"4","BlID":"5518","BusCityName":"고양"},{"BusNo":"9030-1","Type":"4","BlID":"12126","BusCityName":"파주"},{"BusNo":"9030","Type":"4","BlID":"12136","BusCityName":"파주"},{"BusNo":"760","Type":"11","BlID":"1149","BusCityName":"서울"},{"BusNo":"605","Type":"11","BlID":"1171","BusCityName":"서울"},{"BusNo":"670","Type":"11","BlID":"1430","BusCityName":"서울"},{"BusNo":"661","Type":"11","BlID":"1451","BusCityName":"서울"},{"BusNo":"5714","Type":"12","BlID":"1154","BusCityName":"서울"},{"BusNo":"6514","Type":"12","BlID":"1195","BusCityName":"서울"},{"BusNo":"6623","Type":"12","BlID":"1453","BusCityName":"서울"},{"BusNo":"9707","Type":"14","BlID":"1371","BusCityName":"서울"},{"BusNo":"M7625","Type":"14","BlID":"12011","BusCityName":"파주"}]}]},{"GateNo":"9","GateLink": ["당산동4가 방면","한국소방안전협회"],"BUSSTOP": [{"StopName":"당산역삼성래미안아파트","StopID":"102453","Bus": [{"BusNo":"70-2","Type":"1","BlID":"7049","BusCityName":"부천"},{"BusNo":"69","Type":"1","BlID":"13014","BusCityName":"김포"},{"BusNo":"60","Type":"1","BlID":"13017","BusCityName":"김포"},{"BusNo":"88","Type":"1","BlID":"13027","BusCityName":"김포"},{"BusNo":"60-3","Type":"1","BlID":"13051","BusCityName":"김포"},{"BusNo":"871","Type":"2","BlID":"5510","BusCityName":"고양"},{"BusNo":"830","Type":"2","BlID":"5519","BusCityName":"고양"},{"BusNo":"870","Type":"2","BlID":"5520","BusCityName":"고양"},{"BusNo":"700","Type":"2","BlID":"7038","BusCityName":"부천"},{"BusNo":"300","Type":"2","BlID":"21047","BusCityName":"인천"},{"BusNo":"1500","Type":"4","BlID":"5511","BusCityName":"고양"},{"BusNo":"1082","Type":"4","BlID":"5518","BusCityName":"고양"},{"BusNo":"9030-1","Type":"4","BlID":"12126","BusCityName":"파주"},{"BusNo":"9030","Type":"4","BlID":"12136","BusCityName":"파주"},{"BusNo":"8000","Type":"4","BlID":"13011","BusCityName":"김포"},{"BusNo":"8601","Type":"6","BlID":"13001","BusCityName":"김포"},{"BusNo":"8601(예약)","Type":"6","BlID":"13025","BusCityName":"김포"},{"BusNo":"8600","Type":"6","BlID":"13046","BusCityName":"김포"},{"BusNo":"760","Type":"11","BlID":"1149","BusCityName":"서울"},{"BusNo":"605","Type":"11","BlID":"1171","BusCityName":"서울"},{"BusNo":"670","Type":"11","BlID":"1430","BusCityName":"서울"},{"BusNo":"661","Type":"11","BlID":"1451","BusCityName":"서울"},{"BusNo":"5616","Type":"12","BlID":"1134","BusCityName":"서울"},{"BusNo":"5714","Type":"12","BlID":"1154","BusCityName":"서울"},{"BusNo":"6514","Type":"12","BlID":"1195","BusCityName":"서울"},{"BusNo":"6623","Type":"12","BlID":"1453","BusCityName":"서울"},{"BusNo":"9707","Type":"14","BlID":"1371","BusCityName":"서울"},{"BusNo":"M7625","Type":"14","BlID":"12011","BusCityName":"파주"}]},{"StopName":"삼성래미안4차아파트북문","StopID":"196481","Bus": [{"BusNo":"영등포03","Type":"3","BlID":"1659","BusCityName":"서울"}]}]},{"GateNo":"10","GateLink": ["당산동4가 방면"],"BUSSTOP": [{"StopName":"당산역","StopID":"102343","Bus": [{"BusNo":"70-3","Type":"1","BlID":"7060","BusCityName":"부천"},{"BusNo":"5620","Type":"12","BlID":"1138","BusCityName":"서울"},{"BusNo":"6631","Type":"12","BlID":"1216","BusCityName":"서울"}]},{"StopName":"당산역.삼성래미안APT","StopID":"125365","Bus": [{"BusNo":"영등포03","Type":"3","BlID":"1659","BusCityName":"서울"}]}]},{"GateNo":"11","GateLink": ["당산파출소"],"BUSSTOP": [{"StopName":"당산역","StopID":"102326","Bus": [{"BusNo":"70-3","Type":"1","BlID":"7060","BusCityName":"부천"},{"BusNo":"5620","Type":"12","BlID":"1138","BusCityName":"서울"},{"BusNo":"6631","Type":"12","BlID":"1216","BusCityName":"서울"},{"BusNo":"6650","Type":"12","BlID":"1484","BusCityName":"서울"}]},{"StopName":"당산역","StopID":"125508","Bus": [{"BusNo":"영등포02","Type":"3","BlID":"1646","BusCityName":"서울"},{"BusNo":"영등포05","Type":"3","BlID":"1681","BusCityName":"서울"}]},{"StopName":"당산역","StopID":"196476","Bus": [{"BusNo":"영등포02","Type":"3","BlID":"1646","BusCityName":"서울"},{"BusNo":"영등포03","Type":"3","BlID":"1659","BusCityName":"서울"}]}]},{"GateNo":"12","GateLink": ["강서세무서"],"BUSSTOP": [{"StopName":"당산역","StopID":"102294","Bus": [{"BusNo":"760","Type":"11","BlID":"1149","BusCityName":"서울"},{"BusNo":"605","Type":"11","BlID":"1171","BusCityName":"서울"},{"BusNo":"5620","Type":"12","BlID":"1138","BusCityName":"서울"},{"BusNo":"5714","Type":"12","BlID":"1154","BusCityName":"서울"},{"BusNo":"6514","Type":"12","BlID":"1195","BusCityName":"서울"},{"BusNo":"6623","Type":"12","BlID":"1453","BusCityName":"서울"}]},{"StopName":"당산역","StopID":"112850","Bus": [{"BusNo":"700","Type":"2","BlID":"7038","BusCityName":"부천"}]},{"StopName":"당산소방서","StopID":"125350","Bus": [{"BusNo":"영등포02","Type":"3","BlID":"1646","BusCityName":"서울"},{"BusNo":"영등포05","Type":"3","BlID":"1681","BusCityName":"서울"}]}]},{"GateNo":"13","GateLink": ["당산2동주민센터","당산119안전센터"],"BUSSTOP": [{"StopName":"당산역","StopID":"102320","Bus": [{"BusNo":"760","Type":"11","BlID":"1149","BusCityName":"서울"},{"BusNo":"603","Type":"11","BlID":"1168","BusCityName":"서울"},{"BusNo":"605","Type":"11","BlID":"1171","BusCityName":"서울"},{"BusNo":"670","Type":"11","BlID":"1430","BusCityName":"서울"},{"BusNo":"661","Type":"11","BlID":"1451","BusCityName":"서울"},{"BusNo":"5620","Type":"12","BlID":"1138","BusCityName":"서울"},{"BusNo":"5714","Type":"12","BlID":"1154","BusCityName":"서울"},{"BusNo":"6514","Type":"12","BlID":"1195","BusCityName":"서울"},{"BusNo":"6620","Type":"12","BlID":"1205","BusCityName":"서울"},{"BusNo":"6631","Type":"12","BlID":"1216","BusCityName":"서울"},{"BusNo":"6623","Type":"12","BlID":"1453","BusCityName":"서울"},{"BusNo":"6632","Type":"12","BlID":"1499","BusCityName":"서울"}]},{"StopName":"당산역","StopID":"112863","Bus": [{"BusNo":"70-2","Type":"1","BlID":"7049","BusCityName":"부천"},{"BusNo":"70","Type":"1","BlID":"7051","BusCityName":"부천"},{"BusNo":"70-3","Type":"1","BlID":"7060","BusCityName":"부천"},{"BusNo":"69","Type":"1","BlID":"13014","BusCityName":"김포"},{"BusNo":"60","Type":"1","BlID":"13017","BusCityName":"김포"},{"BusNo":"88","Type":"1","BlID":"13027","BusCityName":"김포"},{"BusNo":"60-3","Type":"1","BlID":"13051","BusCityName":"김포"},{"BusNo":"700","Type":"2","BlID":"7038","BusCityName":"부천"},{"BusNo":"300","Type":"2","BlID":"21047","BusCityName":"인천"},{"BusNo":"9030-1","Type":"4","BlID":"12126","BusCityName":"파주"},{"BusNo":"9030","Type":"4","BlID":"12136","BusCityName":"파주"},{"BusNo":"8000","Type":"4","BlID":"13011","BusCityName":"김포"},{"BusNo":"8601","Type":"6","BlID":"13001","BusCityName":"김포"},{"BusNo":"8601(예약)","Type":"6","BlID":"13025","BusCityName":"김포"},{"BusNo":"8600","Type":"6","BlID":"13046","BusCityName":"김포"}]},{"StopName":"당산역","StopID":"194300","Bus": [{"BusNo":"6008","Type":"5","BlID":"1784","BusCityName":"서울"}]}]}]}}}