{"result": {"stationName":"합정","stationID":238,"type":2,"laneName":"수도권 2호선","laneCity":"수도권","x":126.9145431,"y":37.5499381,"exOBJ": {"station": [{"stationName":"합정","stationID":622,"type":6,"laneName":"수도권 6호선","laneCity":"수도권"}]},"prevOBJ": {"station": [{"stationName":"당산","stationID":237,"type":2,"laneName":"수도권 2호선","laneCity":"수도권","x":126.9026773,"y":37.5348623}]},"nextOBJ": {"station": [{"stationName":"홍대입구","stationID":239,"type":2,"laneName":"수도권 2호선","laneCity":"수도권","x":126.9237918,"y":37.5568436}]},"defaultInfo": {"address":"서울특별시 마포구 서교동 393","new_address":"서울특별시 마포구 양화로 55","tel":"02-6110-2381"},"useInfo": {"platform":2,"meetingPlace":1,"restroom":2,"offDoor":1,"crossOver":3,"publicPlace":0,"handicapCount":1,"parkingCount":0,"bicycleCount":1,"civilCount":0},"exitInfo": {"gate": [{"GateNo":"1","GateLink": ["망원동방면","영진종합시장","하나은행 합정역지점"],"BUSSTOP": [{"StopName":"합정역","StopID":"102790","Bus": [{"BusNo":"마포16","Type":"3","BlID":"1549","BusCityName":"서울"},{"BusNo":"200","Type":"4","BlID":"12036","BusCityName":"파주"},{"BusNo":"2200","Type":"4","BlID":"12046","BusCityName":"파주"},{"BusNo":"6002","Type":"5","BlID":"1803","BusCityName":"서울"}]}]},{"GateNo":"2","GateLink": ["서교동방면","양화로"],"BUSSTOP": [{"StopName":"합정역","StopID":"102870","Bus": [{"BusNo":"921","Type":"2","BlID":"5540","BusCityName":"고양"},{"BusNo":"271","Type":"11","BlID":"989","BusCityName":"서울"},{"BusNo":"7733","Type":"12","BlID":"1304","BusCityName":"서울"}]}]},{"GateNo":"3","GateLink": ["서교동 방면","서울특별시늘푸른여성지원센터","마포평생학습관","서울시사회복지공동모금회","서교예술실험센터"],"BUSSTOP": [{"StopName":"우리은행서교동지점","StopID":"123939","Bus": [{"BusNo":"마포16","Type":"3","BlID":"1549","BusCityName":"서울"}]}]},{"GateNo":"4","GateLink": ["서교119안전센터","서교우체국"],"BUSSTOP": [{"StopName":"합정역","StopID":"102820","Bus": [{"BusNo":"921","Type":"2","BlID":"5540","BusCityName":"고양"},{"BusNo":"200","Type":"4","BlID":"12036","BusCityName":"파주"},{"BusNo":"2200","Type":"4","BlID":"12046","BusCityName":"파주"},{"BusNo":"271","Type":"11","BlID":"989","BusCityName":"서울"},{"BusNo":"7733","Type":"12","BlID":"1304","BusCityName":"서울"},{"BusNo":"1400","Type":"14","BlID":"21170","BusCityName":"인천"},{"BusNo":"1500","Type":"14","BlID":"21257","BusCityName":"인천"}]}]},{"GateNo":"5","GateLink": ["서교우체국","서교119안전센터"],"BUSSTOP": [{"StopName":"합정역","StopID":"102806","Bus": [{"BusNo":"마포16","Type":"3","BlID":"1549","BusCityName":"서울"}]}]},{"GateNo":"6","GateLink": ["대흥로","상수동방면","서울특별시늘푸른여성지원센터"],"BUSSTOP": [{"StopName":"합정역","StopID":"102817","Bus": [{"BusNo":"7011","Type":"12","BlID":"1242","BusCityName":"서울"},{"BusNo":"7013A","Type":"12","BlID":"1244","BusCityName":"서울"},{"BusNo":"7013B","Type":"12","BlID":"1812","BusCityName":"서울"}]}]},{"GateNo":"7","GateLink": ["합정동","성산중교","합정파출소","절두산순교박물관","전국노인복지단체연합회","연세직업전문학교","양화진외국인선교사묘원"],"BUSSTOP": [{"StopName":"합정역","StopID":"102809","Bus": [{"BusNo":"7011","Type":"12","BlID":"1242","BusCityName":"서울"},{"BusNo":"7013A","Type":"12","BlID":"1244","BusCityName":"서울"},{"BusNo":"7013B","Type":"12","BlID":"1812","BusCityName":"서울"}]}]},{"GateNo":"8","GateLink": ["합정동주민센터 방면","성산초등학교","선유도공원 방면","마포구건강가정지원센터","홀트아동복지회"],"BUSSTOP": [{"StopName":"홀트아동복지회","StopID":"102732","Bus": [{"BusNo":"921","Type":"2","BlID":"5540","BusCityName":"고양"},{"BusNo":"마포16","Type":"3","BlID":"1549","BusCityName":"서울"},{"BusNo":"200","Type":"4","BlID":"12036","BusCityName":"파주"},{"BusNo":"2200","Type":"4","BlID":"12046","BusCityName":"파주"},{"BusNo":"7011","Type":"12","BlID":"1242","BusCityName":"서울"}]},{"StopName":"합정역","StopID":"102748","Bus": [{"BusNo":"271","Type":"11","BlID":"989","BusCityName":"서울"},{"BusNo":"7011","Type":"12","BlID":"1242","BusCityName":"서울"},{"BusNo":"7013A","Type":"12","BlID":"1244","BusCityName":"서울"},{"BusNo":"7733","Type":"12","BlID":"1304","BusCityName":"서울"},{"BusNo":"7013B","Type":"12","BlID":"1812","BusCityName":"서울"}]},{"StopName":"양화진성지공원입구","StopID":"162859","Bus": [{"BusNo":"921","Type":"2","BlID":"5540","BusCityName":"고양"},{"BusNo":"마포16","Type":"3","BlID":"1549","BusCityName":"서울"},{"BusNo":"200","Type":"4","BlID":"12036","BusCityName":"파주"},{"BusNo":"2200","Type":"4","BlID":"12046","BusCityName":"파주"}]},{"StopName":"합정역","StopID":"193771","Bus": [{"BusNo":"1004","Type":"4","BlID":"13003","BusCityName":"김포"},{"BusNo":"3000","Type":"4","BlID":"13059","BusCityName":"김포"},{"BusNo":"6002","Type":"5","BlID":"1803","BusCityName":"서울"},{"BusNo":"N26","Type":"11","BlID":"510","BusCityName":"서울"},{"BusNo":"N62","Type":"11","BlID":"576","BusCityName":"서울"},{"BusNo":"760","Type":"11","BlID":"1149","BusCityName":"서울"},{"BusNo":"602","Type":"11","BlID":"1166","BusCityName":"서울"},{"BusNo":"603","Type":"11","BlID":"1168","BusCityName":"서울"},{"BusNo":"604","Type":"11","BlID":"1169","BusCityName":"서울"},{"BusNo":"5712","Type":"12","BlID":"1152","BusCityName":"서울"},{"BusNo":"5714","Type":"12","BlID":"1154","BusCityName":"서울"},{"BusNo":"6716","Type":"12","BlID":"1197","BusCityName":"서울"},{"BusNo":"6712","Type":"12","BlID":"1228","BusCityName":"서울"},{"BusNo":"7612","Type":"12","BlID":"1279","BusCityName":"서울"},{"BusNo":"M6117","Type":"14","BlID":"13009","BusCityName":"김포"},{"BusNo":"M6724","Type":"14","BlID":"21041","BusCityName":"인천"},{"BusNo":"1100","Type":"14","BlID":"21129","BusCityName":"인천"},{"BusNo":"1000","Type":"14","BlID":"21130","BusCityName":"인천"},{"BusNo":"1200","Type":"14","BlID":"21131","BusCityName":"인천"},{"BusNo":"1300","Type":"14","BlID":"21149","BusCityName":"인천"},{"BusNo":"M6628","Type":"14","BlID":"21160","BusCityName":"인천"},{"BusNo":"1101","Type":"14","BlID":"21207","BusCityName":"인천"},{"BusNo":"1601","Type":"14","BlID":"21210","BusCityName":"인천"},{"BusNo":"1301","Type":"14","BlID":"21213","BusCityName":"인천"},{"BusNo":"M6118","Type":"14","BlID":"21214","BusCityName":"인천"},{"BusNo":"1302","Type":"14","BlID":"21240","BusCityName":"인천"}]}]},{"GateNo":"9","GateLink": ["망원동","영진시장"],"BUSSTOP": [{"StopName":"합정역","StopID":"102760","Bus": [{"BusNo":"271","Type":"11","BlID":"989","BusCityName":"서울"},{"BusNo":"7013A","Type":"12","BlID":"1244","BusCityName":"서울"},{"BusNo":"7733","Type":"12","BlID":"1304","BusCityName":"서울"},{"BusNo":"7013B","Type":"12","BlID":"1812","BusCityName":"서울"}]}]},{"GateNo":"10","GateLink": ["서교동"],"BUSSTOP": [{"StopName":"합정역","StopID":"193772","Bus": [{"BusNo":"1004","Type":"4","BlID":"13003","BusCityName":"김포"},{"BusNo":"3000","Type":"4","BlID":"13059","BusCityName":"김포"},{"BusNo":"N26","Type":"11","BlID":"510","BusCityName":"서울"},{"BusNo":"N62","Type":"11","BlID":"576","BusCityName":"서울"},{"BusNo":"760","Type":"11","BlID":"1149","BusCityName":"서울"},{"BusNo":"602","Type":"11","BlID":"1166","BusCityName":"서울"},{"BusNo":"603","Type":"11","BlID":"1168","BusCityName":"서울"},{"BusNo":"604","Type":"11","BlID":"1169","BusCityName":"서울"},{"BusNo":"5712","Type":"12","BlID":"1152","BusCityName":"서울"},{"BusNo":"5714","Type":"12","BlID":"1154","BusCityName":"서울"},{"BusNo":"6716","Type":"12","BlID":"1197","BusCityName":"서울"},{"BusNo":"6712","Type":"12","BlID":"1228","BusCityName":"서울"},{"BusNo":"7612","Type":"12","BlID":"1279","BusCityName":"서울"},{"BusNo":"M6117","Type":"14","BlID":"13009","BusCityName":"김포"},{"BusNo":"M6724","Type":"14","BlID":"21041","BusCityName":"인천"},{"BusNo":"1100","Type":"14","BlID":"21129","BusCityName":"인천"},{"BusNo":"1000","Type":"14","BlID":"21130","BusCityName":"인천"},{"BusNo":"1200","Type":"14","BlID":"21131","BusCityName":"인천"},{"BusNo":"1300","Type":"14","BlID":"21149","BusCityName":"인천"},{"BusNo":"M6628","Type":"14","BlID":"21160","BusCityName":"인천"},{"BusNo":"1400","Type":"14","BlID":"21170","BusCityName":"인천"},{"BusNo":"1101","Type":"14","BlID":"21207","BusCityName":"인천"},{"BusNo":"1601","Type":"14","BlID":"21210","BusCityName":"인천"},{"BusNo":"1301","Type":"14","BlID":"21213","BusCityName":"인천"},{"BusNo":"M6118","Type":"14","BlID":"21214","BusCityName":"인천"},{"BusNo":"1302","Type":"14","BlID":"21240","BusCityName":"인천"},{"BusNo":"1500","Type":"14","BlID":"21257","BusCityName":"인천"}]}]}]}}}