{"result": {"stationName":"신촌","stationID":240,"type":2,"laneName":"수도권 2호선","laneCity":"수도권","x":126.9373734,"y":37.5552545,"prevOBJ": {"station": [{"stationName":"홍대입구","stationID":239,"type":2,"laneName":"수도권 2호선","laneCity":"수도권","x":126.9237918,"y":37.5568436}]},"nextOBJ": {"station": [{"stationName":"이대","stationID":241,"type":2,"laneName":"수도권 2호선","laneCity":"수도권","x":126.9458744,"y":37.5567722}]},"defaultInfo": {"address":"서울특별시 마포구 노고산동 31-11","new_address":"서울특별시 마포구 신촌로 90","tel":"02-6110-2401"},"useInfo": {"platform":2,"meetingPlace":1,"restroom":2,"offDoor":1,"crossOver":1,"publicPlace":0,"handicapCount":1,"parkingCount":0,"bicycleCount":1,"civilCount":1},"exitInfo": {"gate": [{"GateNo":"1","GateLink": ["동교동","홍대 방면","창서초등학교","기업은행 신촌지점","풀잎문화센터 신촌지부"]},{"GateNo":"2","GateLink": ["연세대학교","세브란스병원","한국싸이버대학교"]},{"GateNo":"3","GateLink": ["연세대학교","한국싸이버대학교"],"BUSSTOP": [{"StopName":"신촌전철역","StopID":"103693","Bus": [{"BusNo":"서대문03","Type":"3","BlID":"1554","BusCityName":"서울"},{"BusNo":"서대문04","Type":"3","BlID":"1557","BusCityName":"서울"},{"BusNo":"서대문05","Type":"3","BlID":"1560","BusCityName":"서울"}]}]},{"GateNo":"4","GateLink": ["창천동","이대방면","신촌치안센터"],"BUSSTOP": [{"StopName":"신촌역2호선","StopID":"103737","Bus": [{"BusNo":"3000","Type":"4","BlID":"13059","BusCityName":"김포"},{"BusNo":"153","Type":"11","BlID":"906","BusCityName":"서울"},{"BusNo":"5713","Type":"12","BlID":"1153","BusCityName":"서울"},{"BusNo":"7024","Type":"12","BlID":"1411","BusCityName":"서울"}]},{"StopName":"구녹색극장","StopID":"123995","Bus": [{"BusNo":"서대문03","Type":"3","BlID":"1554","BusCityName":"서울"},{"BusNo":"서대문04","Type":"3","BlID":"1557","BusCityName":"서울"},{"BusNo":"서대문05","Type":"3","BlID":"1560","BusCityName":"서울"}]},{"StopName":"아트레온","StopID":"152465","Bus": [{"BusNo":"마포07","Type":"3","BlID":"1514","BusCityName":"서울"},{"BusNo":"서대문05","Type":"3","BlID":"1560","BusCityName":"서울"}]},{"StopName":"신촌역2호선","StopID":"193335","Bus": [{"BusNo":"1400","Type":"14","BlID":"21170","BusCityName":"인천"},{"BusNo":"1500","Type":"14","BlID":"21257","BusCityName":"인천"}]}]},{"GateNo":"5","GateLink": ["이대 방면","대흥동주민센터","창천초등학교","창천중학교"],"BUSSTOP": [{"StopName":"신촌오거리.2호선신촌역","StopID":"193784","Bus": [{"BusNo":"800","Type":"2","BlID":"5539","BusCityName":"고양"},{"BusNo":"1004","Type":"4","BlID":"13003","BusCityName":"김포"},{"BusNo":"6002","Type":"5","BlID":"1803","BusCityName":"서울"},{"BusNo":"N26","Type":"11","BlID":"510","BusCityName":"서울"},{"BusNo":"N62","Type":"11","BlID":"576","BusCityName":"서울"},{"BusNo":"273","Type":"11","BlID":"941","BusCityName":"서울"},{"BusNo":"270","Type":"11","BlID":"988","BusCityName":"서울"},{"BusNo":"271","Type":"11","BlID":"989","BusCityName":"서울"},{"BusNo":"602","Type":"11","BlID":"1166","BusCityName":"서울"},{"BusNo":"603","Type":"11","BlID":"1168","BusCityName":"서울"},{"BusNo":"721","Type":"11","BlID":"1259","BusCityName":"서울"},{"BusNo":"707","Type":"11","BlID":"1372","BusCityName":"서울"},{"BusNo":"6716","Type":"12","BlID":"1197","BusCityName":"서울"},{"BusNo":"7011","Type":"12","BlID":"1242","BusCityName":"서울"},{"BusNo":"7611","Type":"12","BlID":"1278","BusCityName":"서울"},{"BusNo":"7713","Type":"12","BlID":"1285","BusCityName":"서울"},{"BusNo":"M6117","Type":"14","BlID":"13009","BusCityName":"김포"},{"BusNo":"M6724","Type":"14","BlID":"21041","BusCityName":"인천"},{"BusNo":"1100","Type":"14","BlID":"21129","BusCityName":"인천"},{"BusNo":"1000","Type":"14","BlID":"21130","BusCityName":"인천"},{"BusNo":"1200","Type":"14","BlID":"21131","BusCityName":"인천"},{"BusNo":"1300","Type":"14","BlID":"21149","BusCityName":"인천"},{"BusNo":"M6628","Type":"14","BlID":"21160","BusCityName":"인천"},{"BusNo":"1101","Type":"14","BlID":"21207","BusCityName":"인천"},{"BusNo":"1601","Type":"14","BlID":"21210","BusCityName":"인천"},{"BusNo":"1301","Type":"14","BlID":"21213","BusCityName":"인천"},{"BusNo":"M6118","Type":"14","BlID":"21214","BusCityName":"인천"},{"BusNo":"1302","Type":"14","BlID":"21240","BusCityName":"인천"}]},{"StopName":"교보생명","StopID":"196378","Bus": [{"BusNo":"마포07","Type":"3","BlID":"1514","BusCityName":"서울"}]}]},{"GateNo":"6","GateLink": ["서강대학교","근로복지공단 서울서부지사"],"BUSSTOP": [{"StopName":"신촌로터리","StopID":"103689","Bus": [{"BusNo":"110B","Type":"11","BlID":"790","BusCityName":"서울"},{"BusNo":"604","Type":"11","BlID":"1169","BusCityName":"서울"},{"BusNo":"740","Type":"11","BlID":"1273","BusCityName":"서울"},{"BusNo":"6716","Type":"12","BlID":"1197","BusCityName":"서울"},{"BusNo":"7016","Type":"12","BlID":"1247","BusCityName":"서울"},{"BusNo":"7613","Type":"12","BlID":"1280","BusCityName":"서울"}]},{"StopName":"신촌로터리","StopID":"103700","Bus": [{"BusNo":"921","Type":"2","BlID":"5540","BusCityName":"고양"},{"BusNo":"110A","Type":"11","BlID":"789","BusCityName":"서울"},{"BusNo":"153","Type":"11","BlID":"906","BusCityName":"서울"},{"BusNo":"604","Type":"11","BlID":"1169","BusCityName":"서울"},{"BusNo":"740","Type":"11","BlID":"1273","BusCityName":"서울"},{"BusNo":"753","Type":"11","BlID":"1277","BusCityName":"서울"},{"BusNo":"5712","Type":"12","BlID":"1152","BusCityName":"서울"},{"BusNo":"5714","Type":"12","BlID":"1154","BusCityName":"서울"},{"BusNo":"6712","Type":"12","BlID":"1228","BusCityName":"서울"},{"BusNo":"7016","Type":"12","BlID":"1247","BusCityName":"서울"},{"BusNo":"7613","Type":"12","BlID":"1280","BusCityName":"서울"}]},{"StopName":"용약국","StopID":"123586","Bus": [{"BusNo":"마포10","Type":"3","BlID":"1527","BusCityName":"서울"}]}]},{"GateNo":"7","GateLink": ["신촌삼익아파트","노고산 치안센터","외환은행 신촌"],"BUSSTOP": [{"StopName":"신촌로터리","StopID":"103603","Bus": [{"BusNo":"153","Type":"11","BlID":"906","BusCityName":"서울"},{"BusNo":"753","Type":"11","BlID":"1277","BusCityName":"서울"},{"BusNo":"5713","Type":"12","BlID":"1153","BusCityName":"서울"}]},{"StopName":"신촌전철역.그랜드마트","StopID":"103660","Bus": [{"BusNo":"마포13","Type":"3","BlID":"1539","BusCityName":"서울"},{"BusNo":"마포14","Type":"3","BlID":"1542","BusCityName":"서울"}]},{"StopName":"신촌전철역.그랜드마트","StopID":"103674","Bus": [{"BusNo":"마포07","Type":"3","BlID":"1514","BusCityName":"서울"},{"BusNo":"마포10","Type":"3","BlID":"1527","BusCityName":"서울"},{"BusNo":"마포11","Type":"3","BlID":"1532","BusCityName":"서울"},{"BusNo":"마포12","Type":"3","BlID":"1536","BusCityName":"서울"}]},{"StopName":"신촌로터리","StopID":"150845","Bus": [{"BusNo":"153","Type":"11","BlID":"906","BusCityName":"서울"},{"BusNo":"5713","Type":"12","BlID":"1153","BusCityName":"서울"}]},{"StopName":"신촌전철역.그랜드마트","StopID":"196377","Bus": [{"BusNo":"마포07","Type":"3","BlID":"1514","BusCityName":"서울"},{"BusNo":"마포10","Type":"3","BlID":"1527","BusCityName":"서울"}]}]},{"GateNo":"8","GateLink": ["동교동로터리방면"],"BUSSTOP": [{"StopName":"신촌역","StopID":"103575","Bus": [{"BusNo":"110B","Type":"11","BlID":"790","BusCityName":"서울"},{"BusNo":"604","Type":"11","BlID":"1169","BusCityName":"서울"},{"BusNo":"740","Type":"11","BlID":"1273","BusCityName":"서울"},{"BusNo":"753","Type":"11","BlID":"1277","BusCityName":"서울"},{"BusNo":"6716","Type":"12","BlID":"1197","BusCityName":"서울"},{"BusNo":"7016","Type":"12","BlID":"1247","BusCityName":"서울"},{"BusNo":"7613","Type":"12","BlID":"1280","BusCityName":"서울"}]},{"StopName":"신촌전철역.그랜드마트","StopID":"103628","Bus": [{"BusNo":"마포08","Type":"3","BlID":"1518","BusCityName":"서울"},{"BusNo":"마포09","Type":"3","BlID":"1523","BusCityName":"서울"}]},{"StopName":"신촌오거리.현대백화점","StopID":"193781","Bus": [{"BusNo":"921","Type":"2","BlID":"5540","BusCityName":"고양"},{"BusNo":"1004","Type":"4","BlID":"13003","BusCityName":"김포"},{"BusNo":"3000","Type":"4","BlID":"13059","BusCityName":"김포"},{"BusNo":"6002","Type":"5","BlID":"1803","BusCityName":"서울"},{"BusNo":"N26","Type":"11","BlID":"510","BusCityName":"서울"},{"BusNo":"N62","Type":"11","BlID":"576","BusCityName":"서울"},{"BusNo":"273","Type":"11","BlID":"941","BusCityName":"서울"},{"BusNo":"270","Type":"11","BlID":"988","BusCityName":"서울"},{"BusNo":"271","Type":"11","BlID":"989","BusCityName":"서울"},{"BusNo":"602","Type":"11","BlID":"1166","BusCityName":"서울"},{"BusNo":"603","Type":"11","BlID":"1168","BusCityName":"서울"},{"BusNo":"721","Type":"11","BlID":"1259","BusCityName":"서울"},{"BusNo":"5712","Type":"12","BlID":"1152","BusCityName":"서울"},{"BusNo":"5714","Type":"12","BlID":"1154","BusCityName":"서울"},{"BusNo":"6712","Type":"12","BlID":"1228","BusCityName":"서울"},{"BusNo":"7011","Type":"12","BlID":"1242","BusCityName":"서울"},{"BusNo":"7611","Type":"12","BlID":"1278","BusCityName":"서울"},{"BusNo":"M6117","Type":"14","BlID":"13009","BusCityName":"김포"},{"BusNo":"M6724","Type":"14","BlID":"21041","BusCityName":"인천"},{"BusNo":"1100","Type":"14","BlID":"21129","BusCityName":"인천"},{"BusNo":"1000","Type":"14","BlID":"21130","BusCityName":"인천"},{"BusNo":"1200","Type":"14","BlID":"21131","BusCityName":"인천"},{"BusNo":"1300","Type":"14","BlID":"21149","BusCityName":"인천"},{"BusNo":"M6628","Type":"14","BlID":"21160","BusCityName":"인천"},{"BusNo":"1400","Type":"14","BlID":"21170","BusCityName":"인천"},{"BusNo":"1101","Type":"14","BlID":"21207","BusCityName":"인천"},{"BusNo":"1601","Type":"14","BlID":"21210","BusCityName":"인천"},{"BusNo":"1301","Type":"14","BlID":"21213","BusCityName":"인천"},{"BusNo":"1302","Type":"14","BlID":"21240","BusCityName":"인천"},{"BusNo":"1500","Type":"14","BlID":"21257","BusCityName":"인천"}]},{"StopName":"신촌오거리.현대백화점","StopID":"193782","Bus": [{"BusNo":"800","Type":"2","BlID":"5539","BusCityName":"고양"},{"BusNo":"921","Type":"2","BlID":"5540","BusCityName":"고양"},{"BusNo":"1004","Type":"4","BlID":"13003","BusCityName":"김포"},{"BusNo":"6002","Type":"5","BlID":"1803","BusCityName":"서울"},{"BusNo":"N26","Type":"11","BlID":"510","BusCityName":"서울"},{"BusNo":"N62","Type":"11","BlID":"576","BusCityName":"서울"},{"BusNo":"273","Type":"11","BlID":"941","BusCityName":"서울"},{"BusNo":"270","Type":"11","BlID":"988","BusCityName":"서울"},{"BusNo":"271","Type":"11","BlID":"989","BusCityName":"서울"},{"BusNo":"602","Type":"11","BlID":"1166","BusCityName":"서울"},{"BusNo":"603","Type":"11","BlID":"1168","BusCityName":"서울"},{"BusNo":"604","Type":"11","BlID":"1169","BusCityName":"서울"},{"BusNo":"721","Type":"11","BlID":"1259","BusCityName":"서울"},{"BusNo":"707","Type":"11","BlID":"1372","BusCityName":"서울"},{"BusNo":"5712","Type":"12","BlID":"1152","BusCityName":"서울"},{"BusNo":"5714","Type":"12","BlID":"1154","BusCityName":"서울"},{"BusNo":"6716","Type":"12","BlID":"1197","BusCityName":"서울"},{"BusNo":"6712","Type":"12","BlID":"1228","BusCityName":"서울"},{"BusNo":"7011","Type":"12","BlID":"1242","BusCityName":"서울"},{"BusNo":"7016","Type":"12","BlID":"1247","BusCityName":"서울"},{"BusNo":"7611","Type":"12","BlID":"1278","BusCityName":"서울"},{"BusNo":"7713","Type":"12","BlID":"1285","BusCityName":"서울"},{"BusNo":"7737","Type":"12","BlID":"1412","BusCityName":"서울"},{"BusNo":"M6117","Type":"14","BlID":"13009","BusCityName":"김포"},{"BusNo":"M6724","Type":"14","BlID":"21041","BusCityName":"인천"},{"BusNo":"1100","Type":"14","BlID":"21129","BusCityName":"인천"},{"BusNo":"1000","Type":"14","BlID":"21130","BusCityName":"인천"},{"BusNo":"1200","Type":"14","BlID":"21131","BusCityName":"인천"},{"BusNo":"1300","Type":"14","BlID":"21149","BusCityName":"인천"},{"BusNo":"M6628","Type":"14","BlID":"21160","BusCityName":"인천"},{"BusNo":"1101","Type":"14","BlID":"21207","BusCityName":"인천"},{"BusNo":"1601","Type":"14","BlID":"21210","BusCityName":"인천"},{"BusNo":"1301","Type":"14","BlID":"21213","BusCityName":"인천"},{"BusNo":"1302","Type":"14","BlID":"21240","BusCityName":"인천"}]},{"StopName":"신촌한의원","StopID":"194451","Bus": [{"BusNo":"마포13","Type":"3","BlID":"1539","BusCityName":"서울"},{"BusNo":"마포14","Type":"3","BlID":"1542","BusCityName":"서울"}]}]}]}}}