{"result": {"stationName":"이대","stationID":241,"type":2,"laneName":"수도권 2호선","laneCity":"수도권","x":126.9458744,"y":37.5567722,"prevOBJ": {"station": [{"stationName":"신촌","stationID":240,"type":2,"laneName":"수도권 2호선","laneCity":"수도권","x":126.9373734,"y":37.5552545}]},"nextOBJ": {"station": [{"stationName":"아현","stationID":242,"type":2,"laneName":"수도권 2호선","laneCity":"수도권","x":126.9560973,"y":37.5573946}]},"defaultInfo": {"address":"서울특별시 마포구 염리동 8-85","new_address":"서울특별시 마포구 신촌로 180","tel":"02-6110-2411"},"useInfo": {"platform":1,"meetingPlace":0,"restroom":2,"offDoor":0,"crossOver":2,"publicPlace":0,"handicapCount":1,"parkingCount":0,"bicycleCount":1,"civilCount":0},"exitInfo": {"gate": [{"GateNo":"1","GateLink": ["신촌 방면","국철신촌역","국철 신촌역","세브란스 병원","아름다운가게 헌책방"],"BUSSTOP": [{"StopName":"신촌기차역입구","StopID":"103897","Bus": [{"BusNo":"163","Type":"11","BlID":"899","BusCityName":"서울"},{"BusNo":"751","Type":"11","BlID":"1275","BusCityName":"서울"},{"BusNo":"7017","Type":"12","BlID":"1248","BusCityName":"서울"}]},{"StopName":"이대입구","StopID":"152464","Bus": [{"BusNo":"마포07","Type":"3","BlID":"1514","BusCityName":"서울"},{"BusNo":"마포10","Type":"3","BlID":"1527","BusCityName":"서울"}]},{"StopName":"이대농협","StopID":"152598","Bus": [{"BusNo":"마포07","Type":"3","BlID":"1514","BusCityName":"서울"},{"BusNo":"서대문05","Type":"3","BlID":"1560","BusCityName":"서울"}]},{"StopName":"이대역","StopID":"193785","Bus": [{"BusNo":"1004","Type":"4","BlID":"13003","BusCityName":"김포"},{"BusNo":"6002","Type":"5","BlID":"1803","BusCityName":"서울"},{"BusNo":"N26","Type":"11","BlID":"510","BusCityName":"서울"},{"BusNo":"N62","Type":"11","BlID":"576","BusCityName":"서울"},{"BusNo":"171","Type":"11","BlID":"907","BusCityName":"서울"},{"BusNo":"172","Type":"11","BlID":"909","BusCityName":"서울"},{"BusNo":"273","Type":"11","BlID":"941","BusCityName":"서울"},{"BusNo":"270","Type":"11","BlID":"988","BusCityName":"서울"},{"BusNo":"271","Type":"11","BlID":"989","BusCityName":"서울"},{"BusNo":"472","Type":"11","BlID":"1073","BusCityName":"서울"},{"BusNo":"602","Type":"11","BlID":"1166","BusCityName":"서울"},{"BusNo":"603","Type":"11","BlID":"1168","BusCityName":"서울"},{"BusNo":"721","Type":"11","BlID":"1259","BusCityName":"서울"},{"BusNo":"751","Type":"11","BlID":"1275","BusCityName":"서울"},{"BusNo":"7011","Type":"12","BlID":"1242","BusCityName":"서울"},{"BusNo":"7017","Type":"12","BlID":"1248","BusCityName":"서울"},{"BusNo":"7611","Type":"12","BlID":"1278","BusCityName":"서울"},{"BusNo":"1100","Type":"14","BlID":"21129","BusCityName":"인천"},{"BusNo":"1000","Type":"14","BlID":"21130","BusCityName":"인천"},{"BusNo":"1200","Type":"14","BlID":"21131","BusCityName":"인천"},{"BusNo":"1300","Type":"14","BlID":"21149","BusCityName":"인천"},{"BusNo":"1400","Type":"14","BlID":"21170","BusCityName":"인천"},{"BusNo":"1101","Type":"14","BlID":"21207","BusCityName":"인천"},{"BusNo":"1601","Type":"14","BlID":"21210","BusCityName":"인천"},{"BusNo":"1301","Type":"14","BlID":"21213","BusCityName":"인천"},{"BusNo":"M6118","Type":"14","BlID":"21214","BusCityName":"인천"},{"BusNo":"1302","Type":"14","BlID":"21240","BusCityName":"인천"},{"BusNo":"1500","Type":"14","BlID":"21257","BusCityName":"인천"}]}]},{"GateNo":"2","GateLink": ["이화여대","이대부속초.중.고교","이대사회복지관"]},{"GateNo":"3","GateLink": ["이화여대","서울특별시서부교육지원청","대신초등학교","서울과학종합대학원대학교"]},{"GateNo":"4","GateLink": ["북아현동","북성초등학교","서울서부보호관찰소","한국방송예술진흥원"],"BUSSTOP": [{"StopName":"이대역","StopID":"103967","Bus": [{"BusNo":"751","Type":"11","BlID":"1275","BusCityName":"서울"},{"BusNo":"7017","Type":"12","BlID":"1248","BusCityName":"서울"},{"BusNo":"1400","Type":"14","BlID":"21170","BusCityName":"인천"},{"BusNo":"1500","Type":"14","BlID":"21257","BusCityName":"인천"}]},{"StopName":"이대전철역","StopID":"112008","Bus": [{"BusNo":"서대문05","Type":"3","BlID":"1560","BusCityName":"서울"}]},{"StopName":"이대역","StopID":"193786","Bus": [{"BusNo":"1004","Type":"4","BlID":"13003","BusCityName":"김포"},{"BusNo":"6002","Type":"5","BlID":"1803","BusCityName":"서울"},{"BusNo":"N26","Type":"11","BlID":"510","BusCityName":"서울"},{"BusNo":"N62","Type":"11","BlID":"576","BusCityName":"서울"},{"BusNo":"171","Type":"11","BlID":"907","BusCityName":"서울"},{"BusNo":"172","Type":"11","BlID":"909","BusCityName":"서울"},{"BusNo":"273","Type":"11","BlID":"941","BusCityName":"서울"},{"BusNo":"270","Type":"11","BlID":"988","BusCityName":"서울"},{"BusNo":"271","Type":"11","BlID":"989","BusCityName":"서울"},{"BusNo":"472","Type":"11","BlID":"1073","BusCityName":"서울"},{"BusNo":"602","Type":"11","BlID":"1166","BusCityName":"서울"},{"BusNo":"603","Type":"11","BlID":"1168","BusCityName":"서울"},{"BusNo":"721","Type":"11","BlID":"1259","BusCityName":"서울"},{"BusNo":"700","Type":"11","BlID":"1370","BusCityName":"서울"},{"BusNo":"707","Type":"11","BlID":"1372","BusCityName":"서울"},{"BusNo":"7011","Type":"12","BlID":"1242","BusCityName":"서울"},{"BusNo":"7611","Type":"12","BlID":"1278","BusCityName":"서울"},{"BusNo":"1100","Type":"14","BlID":"21129","BusCityName":"인천"},{"BusNo":"1000","Type":"14","BlID":"21130","BusCityName":"인천"},{"BusNo":"1200","Type":"14","BlID":"21131","BusCityName":"인천"},{"BusNo":"1300","Type":"14","BlID":"21149","BusCityName":"인천"},{"BusNo":"1101","Type":"14","BlID":"21207","BusCityName":"인천"},{"BusNo":"1601","Type":"14","BlID":"21210","BusCityName":"인천"},{"BusNo":"1301","Type":"14","BlID":"21213","BusCityName":"인천"},{"BusNo":"M6118","Type":"14","BlID":"21214","BusCityName":"인천"},{"BusNo":"1302","Type":"14","BlID":"21240","BusCityName":"인천"}]}]},{"GateNo":"5","GateLink": ["대흥동","한서초등학교","숭문중.고등학교","한세사이버 보안고등학교","마포아트센터"],"BUSSTOP": [{"StopName":"이화여대입구","StopID":"103949","Bus": [{"BusNo":"163","Type":"11","BlID":"899","BusCityName":"서울"},{"BusNo":"6716","Type":"12","BlID":"1197","BusCityName":"서울"}]},{"StopName":"아현고개","StopID":"152602","Bus": [{"BusNo":"마포07","Type":"3","BlID":"1514","BusCityName":"서울"},{"BusNo":"서대문05","Type":"3","BlID":"1560","BusCityName":"서울"}]}]},{"GateNo":"6","GateLink": ["신촌 방면","대흥동주민센터","마포아트센터","양원초등학교","양원주부학교"],"BUSSTOP": [{"StopName":"이화여대입구","StopID":"103916","Bus": [{"BusNo":"163","Type":"11","BlID":"899","BusCityName":"서울"},{"BusNo":"153","Type":"11","BlID":"906","BusCityName":"서울"},{"BusNo":"5712","Type":"12","BlID":"1152","BusCityName":"서울"},{"BusNo":"5714","Type":"12","BlID":"1154","BusCityName":"서울"},{"BusNo":"6712","Type":"12","BlID":"1228","BusCityName":"서울"}]},{"StopName":"이화여대입구","StopID":"103939","Bus": [{"BusNo":"921","Type":"2","BlID":"5540","BusCityName":"고양"},{"BusNo":"163","Type":"11","BlID":"899","BusCityName":"서울"},{"BusNo":"153","Type":"11","BlID":"906","BusCityName":"서울"},{"BusNo":"5712","Type":"12","BlID":"1152","BusCityName":"서울"},{"BusNo":"5714","Type":"12","BlID":"1154","BusCityName":"서울"},{"BusNo":"6712","Type":"12","BlID":"1228","BusCityName":"서울"}]},{"StopName":"이대전철역","StopID":"193968","Bus": [{"BusNo":"마포07","Type":"3","BlID":"1514","BusCityName":"서울"},{"BusNo":"서대문05","Type":"3","BlID":"1560","BusCityName":"서울"}]}]}]}}}