{"result": {"stationName":"아현","stationID":242,"type":2,"laneName":"수도권 2호선","laneCity":"수도권","x":126.9560973,"y":37.5573946,"prevOBJ": {"station": [{"stationName":"이대","stationID":241,"type":2,"laneName":"수도권 2호선","laneCity":"수도권","x":126.9458744,"y":37.5567722}]},"nextOBJ": {"station": [{"stationName":"충정로","stationID":243,"type":2,"laneName":"수도권 2호선","laneCity":"수도권","x":126.9644062,"y":37.5597473}]},"defaultInfo": {"address":"서울특별시 마포구 아현동 354-23","new_address":"서울특별시 마포구 신촌로 270","tel":"02-6110-2421"},"useInfo": {"platform":2,"meetingPlace":0,"restroom":2,"offDoor":1,"crossOver":2,"publicPlace":0,"handicapCount":1,"parkingCount":0,"bicycleCount":1,"civilCount":0},"exitInfo": {"gate": [{"GateNo":"1","GateLink": ["북아현2동","북성초등학교","한성중고교","중앙여중.고교","드레스상가","추계예술대학교","서울서부보호관찰소"],"BUSSTOP": [{"StopName":"굴레방다리","StopID":"104172","Bus": [{"BusNo":"서대문05","Type":"3","BlID":"1560","BusCityName":"서울"}]},{"StopName":"능안로입구","StopID":"124063","Bus": [{"BusNo":"서대문05","Type":"3","BlID":"1560","BusCityName":"서울"},{"BusNo":"서대문06","Type":"3","BlID":"1564","BusCityName":"서울"}]}]},{"GateNo":"2","GateLink": ["북아현1동","북아현동 주민센터","북아현1치안센터","가구상가","기업은행","서대문장애인종합복지관"],"BUSSTOP": [{"StopName":"능안로입구","StopID":"124106","Bus": [{"BusNo":"서대문05","Type":"3","BlID":"1560","BusCityName":"서울"},{"BusNo":"서대문06","Type":"3","BlID":"1564","BusCityName":"서울"}]},{"StopName":"아현전철역","StopID":"194125","Bus": [{"BusNo":"서대문06","Type":"3","BlID":"1564","BusCityName":"서울"}]}]},{"GateNo":"3","GateLink": ["서부수도사업소","아현산업정보학교","아현아파트","마포평생학습관 아현본관","아현중학교","마포경찰서","아현2치안센터","아현초등학교","국세청기술연구소","아현시장","한세전산고등학교","서서울삼성아파트"],"BUSSTOP": [{"StopName":"굴레방다리.아현역","StopID":"104231","Bus": [{"BusNo":"7611","Type":"12","BlID":"1278","BusCityName":"서울"}]},{"StopName":"아현전철역","StopID":"194123","Bus": [{"BusNo":"마포03","Type":"3","BlID":"1507","BusCityName":"서울"},{"BusNo":"마포07","Type":"3","BlID":"1514","BusCityName":"서울"}]},{"StopName":"아현전철역","StopID":"194124","Bus": [{"BusNo":"서대문06","Type":"3","BlID":"1564","BusCityName":"서울"}]}]},{"GateNo":"4","GateLink": ["신촌로","아현2동","아현우체국"],"BUSSTOP": [{"StopName":"아현전철역","StopID":"152603","Bus": [{"BusNo":"마포07","Type":"3","BlID":"1514","BusCityName":"서울"}]}]}]}}}