{"result": {"stationName":"용답","stationID":251,"type":2,"laneName":"수도권 2호선","laneCity":"수도권","x":127.0508495,"y":37.5621758,"prevOBJ": {"station": [{"stationName":"성수","stationID":211,"type":2,"laneName":"수도권 2호선","laneCity":"수도권","x":127.055995,"y":37.5445745}]},"nextOBJ": {"station": [{"stationName":"신답","stationID":252,"type":2,"laneName":"수도권 2호선","laneCity":"수도권","x":127.0470274,"y":37.5698941}]},"defaultInfo": {"address":"서울특별시 성동구 용답동 127","new_address":"서울특별시 성동구 용답길 86","tel":"02-6110-1341"},"useInfo": {"platform":2,"meetingPlace":0,"restroom":2,"offDoor":1,"crossOver":2,"publicPlace":0,"handicapCount":1,"parkingCount":0,"bicycleCount":1,"civilCount":0},"exitInfo": {"gate": [{"GateNo":"1","GateLink": ["용답동","도시철도공사","용답초등학교","용답주민센터","용답파출소","서울교육문화센터"]},{"GateNo":"2","GateLink": ["사근동","한양여자대학","사근초등학교","사근동주민센터","세림아파트","하이츠아파트","청계천 방면"],"BUSSTOP": [{"StopName":"사근동하이츠아파트앞","StopID":"107216","Bus": [{"BusNo":"4211","Type":"12","BlID":"980","BusCityName":"서울"}]},{"StopName":"사근동하이츠아파트앞","StopID":"107217","Bus": [{"BusNo":"4211","Type":"12","BlID":"980","BusCityName":"서울"}]},{"StopName":"사근동벽산아파트","StopID":"107257","Bus": [{"BusNo":"4211","Type":"12","BlID":"980","BusCityName":"서울"}]}]}]}}}