{"result": {"stationName":"신답","stationID":252,"type":2,"laneName":"수도권 2호선","laneCity":"수도권","x":127.0470274,"y":37.5698941,"prevOBJ": {"station": [{"stationName":"용답","stationID":251,"type":2,"laneName":"수도권 2호선","laneCity":"수도권","x":127.0508495,"y":37.5621758}]},"nextOBJ": {"station": [{"stationName":"용두","stationID":254,"type":2,"laneName":"수도권 2호선","laneCity":"수도권","x":127.0386665,"y":37.5739352}]},"defaultInfo": {"address":"서울특별시 성동구 용답동 129-2","new_address":"서울특별시 성동구 천호대로 232","tel":"02-6110-1351"},"useInfo": {"platform":2,"meetingPlace":0,"restroom":1,"offDoor":1,"crossOver":2,"publicPlace":0,"handicapCount":1,"parkingCount":0,"bicycleCount":1,"civilCount":0},"exitInfo": {"gate": [{"GateNo":"1","GateLink": ["신답4거리","동대문구청","답십리우체국","청계천 방면","신답초등학교","숭인중학교","답십리1동주민센터","답십리3동주민센터"],"BUSSTOP": [{"StopName":"신답역앞","StopID":"107134","Bus": [{"BusNo":"동대문05","Type":"3","BlID":"514","BusCityName":"서울"},{"BusNo":"145","Type":"11","BlID":"874","BusCityName":"서울"},{"BusNo":"1227","Type":"12","BlID":"830","BusCityName":"서울"},{"BusNo":"2015","Type":"12","BlID":"947","BusCityName":"서울"},{"BusNo":"2112","Type":"12","BlID":"955","BusCityName":"서울"}]},{"StopName":"신답역","StopID":"107146","Bus": [{"BusNo":"145","Type":"11","BlID":"874","BusCityName":"서울"},{"BusNo":"2015","Type":"12","BlID":"947","BusCityName":"서울"},{"BusNo":"2112","Type":"12","BlID":"955","BusCityName":"서울"}]},{"StopName":"신답초등학교앞","StopID":"122217","Bus": [{"BusNo":"9301","Type":"4","BlID":"10594","BusCityName":"광주"},{"BusNo":"N30","Type":"11","BlID":"573","BusCityName":"서울"},{"BusNo":"130","Type":"11","BlID":"865","BusCityName":"서울"},{"BusNo":"303","Type":"11","BlID":"1008","BusCityName":"서울"},{"BusNo":"370","Type":"11","BlID":"1044","BusCityName":"서울"},{"BusNo":"721","Type":"11","BlID":"1259","BusCityName":"서울"},{"BusNo":"9403","Type":"14","BlID":"1348","BusCityName":"서울"}]},{"StopName":"신답초등학교앞","StopID":"122218","Bus": [{"BusNo":"9301","Type":"4","BlID":"10594","BusCityName":"광주"},{"BusNo":"N30","Type":"11","BlID":"573","BusCityName":"서울"},{"BusNo":"130","Type":"11","BlID":"865","BusCityName":"서울"},{"BusNo":"303","Type":"11","BlID":"1008","BusCityName":"서울"},{"BusNo":"370","Type":"11","BlID":"1044","BusCityName":"서울"},{"BusNo":"721","Type":"11","BlID":"1259","BusCityName":"서울"},{"BusNo":"9403","Type":"14","BlID":"1348","BusCityName":"서울"}]},{"StopName":"신답역명문예식장","StopID":"151819","Bus": [{"BusNo":"121","Type":"11","BlID":"851","BusCityName":"서울"},{"BusNo":"2013","Type":"12","BlID":"944","BusCityName":"서울"}]},{"StopName":"신답역명문예식장","StopID":"193458","Bus": [{"BusNo":"121","Type":"11","BlID":"851","BusCityName":"서울"},{"BusNo":"2013","Type":"12","BlID":"944","BusCityName":"서울"}]},{"StopName":"신답역","StopID":"206238","Bus": [{"BusNo":"6002","Type":"5","BlID":"1803","BusCityName":"서울"}]}]}]}}}