{"result": {"stationName":"용두","stationID":254,"type":2,"laneName":"수도권 2호선","laneCity":"수도권","x":127.0386665,"y":37.5739352,"prevOBJ": {"station": [{"stationName":"신답","stationID":252,"type":2,"laneName":"수도권 2호선","laneCity":"수도권","x":127.0470274,"y":37.5698941}]},"nextOBJ": {"station": [{"stationName":"신설동","stationID":253,"type":2,"laneName":"수도권 2호선","laneCity":"수도권","x":127.0252308,"y":37.5746451}]},"defaultInfo": {"address":"서울특별시 동대문구 용두동 47-1","new_address":"서울특별시 동대문구 천호대로 129","tel":"02-6110-1361"},"useInfo": {"platform":2,"meetingPlace":0,"restroom":1,"offDoor":1,"crossOver":2,"publicPlace":0,"handicapCount":0,"parkingCount":0,"bicycleCount":1,"civilCount":0},"exitInfo": {"gate": [{"GateNo":"1","GateLink": ["용두1동"]},{"GateNo":"2","GateLink": ["서울약령시 한의약박물관"],"BUSSTOP": [{"StopName":"동대문구청앞","StopID":"106682","Bus": [{"BusNo":"110A","Type":"11","BlID":"789","BusCityName":"서울"},{"BusNo":"141","Type":"11","BlID":"869","BusCityName":"서울"},{"BusNo":"148","Type":"11","BlID":"870","BusCityName":"서울"},{"BusNo":"120","Type":"11","BlID":"1500","BusCityName":"서울"},{"BusNo":"421","Type":"11","BlID":"1808","BusCityName":"서울"},{"BusNo":"2222","Type":"12","BlID":"966","BusCityName":"서울"}]}]},{"GateNo":"3","GateLink": ["동대문구청","신답초등학교","국민건강보험공단동대문지사"],"BUSSTOP": [{"StopName":"동대문구청앞","StopID":"106695","Bus": [{"BusNo":"110B","Type":"11","BlID":"790","BusCityName":"서울"},{"BusNo":"421","Type":"11","BlID":"1808","BusCityName":"서울"},{"BusNo":"1227","Type":"12","BlID":"830","BusCityName":"서울"},{"BusNo":"2222","Type":"12","BlID":"966","BusCityName":"서울"}]},{"StopName":"동대문구청","StopID":"106731","Bus": [{"BusNo":"9301","Type":"4","BlID":"10594","BusCityName":"광주"},{"BusNo":"6002","Type":"5","BlID":"1803","BusCityName":"서울"},{"BusNo":"N30","Type":"11","BlID":"573","BusCityName":"서울"},{"BusNo":"303","Type":"11","BlID":"1008","BusCityName":"서울"},{"BusNo":"370","Type":"11","BlID":"1044","BusCityName":"서울"},{"BusNo":"721","Type":"11","BlID":"1259","BusCityName":"서울"},{"BusNo":"2112","Type":"12","BlID":"955","BusCityName":"서울"},{"BusNo":"9403","Type":"14","BlID":"1348","BusCityName":"서울"}]}]},{"GateNo":"4","GateLink": ["용두근린공원","대한적십자사 서울특별시지사","청계천 방면","서울마장동우체국"],"BUSSTOP": [{"StopName":"동대문구청","StopID":"106744","Bus": [{"BusNo":"9301","Type":"4","BlID":"10594","BusCityName":"광주"},{"BusNo":"N30","Type":"11","BlID":"573","BusCityName":"서울"},{"BusNo":"130","Type":"11","BlID":"865","BusCityName":"서울"},{"BusNo":"303","Type":"11","BlID":"1008","BusCityName":"서울"},{"BusNo":"370","Type":"11","BlID":"1044","BusCityName":"서울"},{"BusNo":"721","Type":"11","BlID":"1259","BusCityName":"서울"},{"BusNo":"9403","Type":"14","BlID":"1348","BusCityName":"서울"}]},{"StopName":"동대문구청앞","StopID":"106802","Bus": [{"BusNo":"145","Type":"11","BlID":"874","BusCityName":"서울"},{"BusNo":"2015","Type":"12","BlID":"947","BusCityName":"서울"},{"BusNo":"2112","Type":"12","BlID":"955","BusCityName":"서울"}]}]},{"GateNo":"5","GateLink": ["서울특별시 시설관리공단","청계천문화관","서울문화재단","국민건강보험공단성동지사","청계천 방면"],"BUSSTOP": [{"StopName":"용두역","StopID":"106642","Bus": [{"BusNo":"N30","Type":"11","BlID":"573","BusCityName":"서울"},{"BusNo":"303","Type":"11","BlID":"1008","BusCityName":"서울"},{"BusNo":"370","Type":"11","BlID":"1044","BusCityName":"서울"},{"BusNo":"721","Type":"11","BlID":"1259","BusCityName":"서울"},{"BusNo":"2112","Type":"12","BlID":"955","BusCityName":"서울"}]}]}]}}}