{"result": {"stationName":"도림천","stationID":261,"type":2,"laneName":"수도권 2호선","laneCity":"수도권","x":126.8826372,"y":37.5144733,"prevOBJ": {"station": [{"stationName":"신도림","stationID":234,"type":2,"laneName":"수도권 2호선","laneCity":"수도권","x":126.8913551,"y":37.5085724}]},"nextOBJ": {"station": [{"stationName":"양천구청","stationID":262,"type":2,"laneName":"수도권 2호선","laneCity":"수도권","x":126.8656456,"y":37.5123293}]},"defaultInfo": {"address":"서울특별시 구로구 신도림동 323-16","new_address":"서울특별시 구로구 경인로 67길 160","tel":"02-6110-2441"},"useInfo": {"platform":2,"meetingPlace":0,"restroom":2,"offDoor":1,"crossOver":2,"publicPlace":0,"handicapCount":1,"parkingCount":0,"bicycleCount":1,"civilCount":0},"exitInfo": {"gate": [{"GateNo":"1","GateLink": ["신도림동","신도림초등학교","신도림중학교","우성 아파트","동아 아파트","우리은행 신도림서지점","신도림고등학교"]},{"GateNo":"2","GateLink": ["문래2동","현대아파트","신정 1교"]}]}}}