{"result": {"stationName":"양천구청","stationID":262,"type":2,"laneName":"수도권 2호선","laneCity":"수도권","x":126.8656456,"y":37.5123293,"prevOBJ": {"station": [{"stationName":"도림천","stationID":261,"type":2,"laneName":"수도권 2호선","laneCity":"수도권","x":126.8826372,"y":37.5144733}]},"nextOBJ": {"station": [{"stationName":"신정네거리","stationID":263,"type":2,"laneName":"수도권 2호선","laneCity":"수도권","x":126.8528111,"y":37.5202157}]},"defaultInfo": {"address":"서울특별시 양천구 신정동 276-7","new_address":"서울특별시 양천구 목동로 3길 33","tel":"02-6110-2451"},"useInfo": {"platform":2,"meetingPlace":1,"restroom":1,"offDoor":1,"crossOver":2,"publicPlace":1,"handicapCount":1,"parkingCount":0,"bicycleCount":1,"civilCount":0},"exitInfo": {"gate": [{"GateNo":"1","GateLink": ["신정6주민센터","양천구청","양천경찰서","양천세무서","양천문화회관","양천구보건소","서울출입국별관","갈산초등학교","목동아파트13.14단지","서울은정초등학교","양천구의회","신목고등학교","한국전력공사 강서지점","남부보호관찰소","삼성래미안아파트","목동우성아파트"],"BUSSTOP": [{"StopName":"양천구청역","StopID":"101539","Bus": [{"BusNo":"양천04","Type":"3","BlID":"1482","BusCityName":"서울"},{"BusNo":"6614","Type":"12","BlID":"1199","BusCityName":"서울"},{"BusNo":"6617","Type":"12","BlID":"1202","BusCityName":"서울"},{"BusNo":"6624","Type":"12","BlID":"1209","BusCityName":"서울"}]}]},{"GateNo":"2","GateLink": ["신정7주민센터","계남초등학교","봉영여중학교","목동고등학교","양천아파트","목동아파트9.10.11.12단지"],"BUSSTOP": [{"StopName":"양천구청역","StopID":"101499","Bus": [{"BusNo":"6614","Type":"12","BlID":"1199","BusCityName":"서울"},{"BusNo":"6617","Type":"12","BlID":"1202","BusCityName":"서울"},{"BusNo":"6624","Type":"12","BlID":"1209","BusCityName":"서울"}]},{"StopName":"목동12.13단지사잇길","StopID":"111652","Bus": [{"BusNo":"6624","Type":"12","BlID":"1209","BusCityName":"서울"}]},{"StopName":"목동12.13단지사잇길","StopID":"111653","Bus": [{"BusNo":"6624","Type":"12","BlID":"1209","BusCityName":"서울"}]}]}]}}}