{"result": {"stationName":"신정네거리","stationID":263,"type":2,"laneName":"수도권 2호선","laneCity":"수도권","x":126.8528111,"y":37.5202157,"prevOBJ": {"station": [{"stationName":"양천구청","stationID":262,"type":2,"laneName":"수도권 2호선","laneCity":"수도권","x":126.8656456,"y":37.5123293}]},"nextOBJ": {"station": [{"stationName":"까치산","stationID":264,"type":2,"laneName":"수도권 2호선","laneCity":"수도권","x":126.8469259,"y":37.5314304}]},"defaultInfo": {"address":"서울특별시 양천구 신정동 1231","new_address":"서울특별시 양천구 중앙로 261","tel":"02-6110-2461"},"useInfo": {"platform":2,"meetingPlace":0,"restroom":2,"offDoor":1,"crossOver":1,"publicPlace":0,"handicapCount":1,"parkingCount":0,"bicycleCount":1,"civilCount":0},"exitInfo": {"gate": [{"GateNo":"1","GateLink": ["신월종합사회복지관","남명초등학교","신안약수아파트","신트리아파트","신정3주민센터","신정3동파출소","고척동 방면","(주)서부트럭터미널 방면","신정3동주민센터"],"BUSSTOP": [{"StopName":"신정네거리역","StopID":"101276","Bus": [{"BusNo":"양천03","Type":"3","BlID":"1633","BusCityName":"서울"},{"BusNo":"6657","Type":"12","BlID":"1140","BusCityName":"서울"},{"BusNo":"5712","Type":"12","BlID":"1152","BusCityName":"서울"},{"BusNo":"6716","Type":"12","BlID":"1197","BusCityName":"서울"}]}]},{"GateNo":"2","GateLink": ["신월2동우체국","신정 119안전센터","신남중학교","양강중학교","양강초등학교","남부순환로"]},{"GateNo":"3","GateLink": ["신정4동 주민센터","신정5동 주민센터","기업은행","신정제일시장"],"BUSSTOP": [{"StopName":"신정네거리역","StopID":"101286","Bus": [{"BusNo":"98","Type":"1","BlID":"7003","BusCityName":"부천"},{"BusNo":"603","Type":"11","BlID":"1168","BusCityName":"서울"},{"BusNo":"6648","Type":"12","BlID":"599","BusCityName":"서울"},{"BusNo":"6617","Type":"12","BlID":"1202","BusCityName":"서울"},{"BusNo":"6624","Type":"12","BlID":"1209","BusCityName":"서울"},{"BusNo":"5012","Type":"12","BlID":"1452","BusCityName":"서울"}]},{"StopName":"신정네거리역","StopID":"101287","Bus": [{"BusNo":"603","Type":"11","BlID":"1168","BusCityName":"서울"},{"BusNo":"6648","Type":"12","BlID":"599","BusCityName":"서울"},{"BusNo":"6617","Type":"12","BlID":"1202","BusCityName":"서울"},{"BusNo":"6624","Type":"12","BlID":"1209","BusCityName":"서울"},{"BusNo":"5012","Type":"12","BlID":"1452","BusCityName":"서울"}]}]},{"GateNo":"4","GateLink": ["신정1동 주민센터","목동아파트 10단지","신서중학교","양명초등학교","신정1지구대"],"BUSSTOP": [{"StopName":"신정네거리역","StopID":"101285","Bus": [{"BusNo":"양천03","Type":"3","BlID":"1633","BusCityName":"서울"},{"BusNo":"6657","Type":"12","BlID":"1140","BusCityName":"서울"},{"BusNo":"5712","Type":"12","BlID":"1152","BusCityName":"서울"},{"BusNo":"6716","Type":"12","BlID":"1197","BusCityName":"서울"}]}]}]}}}