{"result": {"stationName":"까치산","stationID":264,"type":2,"laneName":"수도권 2호선","laneCity":"수도권","x":126.8469259,"y":37.5314304,"exOBJ": {"station": [{"stationName":"까치산","stationID":518,"type":5,"laneName":"수도권 5호선","laneCity":"수도권"}]},"prevOBJ": {"station": [{"stationName":"신정네거리","stationID":263,"type":2,"laneName":"수도권 2호선","laneCity":"수도권","x":126.8528111,"y":37.5202157}]},"defaultInfo": {"address":"서울특별시 강서구 화곡동 662-5","new_address":"서울특별시 강서구 강서로 54","tel":"02-6311-5181"},"useInfo": {"platform":4,"meetingPlace":0,"restroom":2,"offDoor":1,"crossOver":2,"publicPlace":0,"handicapCount":1,"parkingCount":0,"bicycleCount":0,"civilCount":0},"exitInfo": {"gate": [{"GateNo":"1","GateLink": ["화곡8동","까치산시장"],"BUSSTOP": [{"StopName":"까치산역","StopID":"124327","Bus": [{"BusNo":"강서03","Type":"3","BlID":"1577","BusCityName":"서울"}]},{"StopName":"까치시장","StopID":"124330","Bus": [{"BusNo":"강서03","Type":"3","BlID":"1577","BusCityName":"서울"}]},{"StopName":"까치시장","StopID":"195691","Bus": [{"BusNo":"강서03","Type":"3","BlID":"1577","BusCityName":"서울"}]}]},{"GateNo":"2","GateLink": ["화곡2동","화곡8동주민센터"],"BUSSTOP": [{"StopName":"까치산역2번출구","StopID":"101166","Bus": [{"BusNo":"653","Type":"11","BlID":"515","BusCityName":"서울"},{"BusNo":"652","Type":"11","BlID":"1219","BusCityName":"서울"},{"BusNo":"6657","Type":"12","BlID":"1140","BusCityName":"서울"},{"BusNo":"5712","Type":"12","BlID":"1152","BusCityName":"서울"},{"BusNo":"6514","Type":"12","BlID":"1195","BusCityName":"서울"},{"BusNo":"6628","Type":"12","BlID":"1213","BusCityName":"서울"},{"BusNo":"6630","Type":"12","BlID":"1445","BusCityName":"서울"}]},{"StopName":"KT강서지사","StopID":"193967","Bus": [{"BusNo":"강서03","Type":"3","BlID":"1577","BusCityName":"서울"},{"BusNo":"6716","Type":"12","BlID":"1197","BusCityName":"서울"},{"BusNo":"6714","Type":"12","BlID":"1229","BusCityName":"서울"}]}]},{"GateNo":"3","GateLink": ["화곡1동","화곡1동 주민센터","곰달래길"],"BUSSTOP": [{"StopName":"KT강서지사","StopID":"101175","Bus": [{"BusNo":"6648","Type":"12","BlID":"599","BusCityName":"서울"},{"BusNo":"6657","Type":"12","BlID":"1140","BusCityName":"서울"},{"BusNo":"5712","Type":"12","BlID":"1152","BusCityName":"서울"},{"BusNo":"6514","Type":"12","BlID":"1195","BusCityName":"서울"},{"BusNo":"6716","Type":"12","BlID":"1197","BusCityName":"서울"},{"BusNo":"6714","Type":"12","BlID":"1229","BusCityName":"서울"}]},{"StopName":"화곡전화국","StopID":"195687","Bus": [{"BusNo":"강서03","Type":"3","BlID":"1577","BusCityName":"서울"}]}]},{"GateNo":"4","GateLink": ["화곡터널"],"BUSSTOP": [{"StopName":"까치산역4번출구","StopID":"101153","Bus": [{"BusNo":"653","Type":"11","BlID":"515","BusCityName":"서울"},{"BusNo":"652","Type":"11","BlID":"1219","BusCityName":"서울"},{"BusNo":"6657","Type":"12","BlID":"1140","BusCityName":"서울"},{"BusNo":"5712","Type":"12","BlID":"1152","BusCityName":"서울"},{"BusNo":"6514","Type":"12","BlID":"1195","BusCityName":"서울"},{"BusNo":"6628","Type":"12","BlID":"1213","BusCityName":"서울"},{"BusNo":"6630","Type":"12","BlID":"1445","BusCityName":"서울"}]},{"StopName":"까치산역","StopID":"195686","Bus": [{"BusNo":"강서03","Type":"3","BlID":"1577","BusCityName":"서울"}]}]}]}}}