{"result": {"stationName":"대화","stationID":310,"type":3,"laneName":"수도권 3호선","laneCity":"수도권","x":126.7474404,"y":37.6761578,"nextOBJ": {"station": [{"stationName":"주엽","stationID":311,"type":3,"laneName":"수도권 3호선","laneCity":"수도권","x":126.7612568,"y":37.6701497}]},"defaultInfo": {"address":"경기도 고양시 일산서구 대화동 2221","new_address":"경기도 고양시 일산서구 중앙로 1569","tel":"1544-7788"},"useInfo": {"platform":1,"meetingPlace":0,"restroom":2,"offDoor":2,"crossOver":2,"publicPlace":0,"handicapCount":1,"parkingCount":1,"bicycleCount":1,"civilCount":0},"exitInfo": {"gate": [{"GateNo":"1","GateLink": ["장촌초등학교","인제대학교 일산백병원","외환은행 대화역지점"]},{"GateNo":"2","GateLink": ["대화중학교"]},{"GateNo":"3","GateLink": ["고양종합운동장"],"BUSSTOP": [{"StopName":"대화역","StopID":"100135","Bus": [{"BusNo":"72","Type":"1","BlID":"5506","BusCityName":"고양"},{"BusNo":"66","Type":"1","BlID":"5516","BusCityName":"고양"},{"BusNo":"88A","Type":"1","BlID":"5558","BusCityName":"고양"},{"BusNo":"97","Type":"1","BlID":"5562","BusCityName":"고양"},{"BusNo":"900","Type":"1","BlID":"12015","BusCityName":"파주"},{"BusNo":"150","Type":"1","BlID":"12018","BusCityName":"파주"},{"BusNo":"70","Type":"1","BlID":"12019","BusCityName":"파주"},{"BusNo":"92","Type":"1","BlID":"12033","BusCityName":"파주"},{"BusNo":"550","Type":"1","BlID":"12053","BusCityName":"파주"},{"BusNo":"600","Type":"1","BlID":"12054","BusCityName":"파주"},{"BusNo":"80","Type":"1","BlID":"12117","BusCityName":"파주"},{"BusNo":"56","Type":"1","BlID":"12129","BusCityName":"파주"},{"BusNo":"10","Type":"1","BlID":"12131","BusCityName":"파주"},{"BusNo":"20-1","Type":"1","BlID":"12135","BusCityName":"파주"},{"BusNo":"33","Type":"1","BlID":"13012","BusCityName":"김포"},{"BusNo":"061","Type":"3","BlID":"5503","BusCityName":"고양"},{"BusNo":"059","Type":"3","BlID":"5528","BusCityName":"고양"},{"BusNo":"089","Type":"3","BlID":"5649","BusCityName":"고양"},{"BusNo":"091","Type":"3","BlID":"5655","BusCityName":"고양"},{"BusNo":"082","Type":"3","BlID":"5660","BusCityName":"고양"},{"BusNo":"039","Type":"3","BlID":"5664","BusCityName":"고양"},{"BusNo":"058","Type":"3","BlID":"5670","BusCityName":"고양"},{"BusNo":"090","Type":"3","BlID":"5673","BusCityName":"고양"},{"BusNo":"056(서촌)","Type":"3","BlID":"5674","BusCityName":"고양"},{"BusNo":"057","Type":"3","BlID":"5675","BusCityName":"고양"},{"BusNo":"062","Type":"3","BlID":"5678","BusCityName":"고양"},{"BusNo":"056(도촌)","Type":"3","BlID":"5679","BusCityName":"고양"},{"BusNo":"056(멱절)","Type":"3","BlID":"5681","BusCityName":"고양"},{"BusNo":"1000","Type":"4","BlID":"5500","BusCityName":"고양"},{"BusNo":"1100","Type":"4","BlID":"5501","BusCityName":"고양"},{"BusNo":"1500","Type":"4","BlID":"5511","BusCityName":"고양"},{"BusNo":"1001","Type":"4","BlID":"5564","BusCityName":"고양"},{"BusNo":"9700","Type":"4","BlID":"10603","BusCityName":"광주"},{"BusNo":"200","Type":"4","BlID":"12036","BusCityName":"파주"},{"BusNo":"2000","Type":"4","BlID":"12062","BusCityName":"파주"},{"BusNo":"3300","Type":"5","BlID":"5544","BusCityName":"고양"},{"BusNo":"8407","Type":"6","BlID":"6566","BusCityName":"안산"},{"BusNo":"8109","Type":"6","BlID":"10199","BusCityName":"광주"},{"BusNo":"707","Type":"11","BlID":"1372","BusCityName":"서울"},{"BusNo":"9701","Type":"14","BlID":"1365","BusCityName":"서울"},{"BusNo":"9707","Type":"14","BlID":"1371","BusCityName":"서울"},{"BusNo":"9714","Type":"14","BlID":"1744","BusCityName":"서울"},{"BusNo":"M7106","Type":"14","BlID":"5682","BusCityName":"고양"}]}]},{"GateNo":"4","GateLink": ["농수산물유통센터"],"BUSSTOP": [{"StopName":"대화역","StopID":"100136","Bus": [{"BusNo":"72","Type":"1","BlID":"5506","BusCityName":"고양"},{"BusNo":"66","Type":"1","BlID":"5516","BusCityName":"고양"},{"BusNo":"88B","Type":"1","BlID":"5524","BusCityName":"고양"},{"BusNo":"88A","Type":"1","BlID":"5558","BusCityName":"고양"},{"BusNo":"97","Type":"1","BlID":"5562","BusCityName":"고양"},{"BusNo":"900","Type":"1","BlID":"12015","BusCityName":"파주"},{"BusNo":"150","Type":"1","BlID":"12018","BusCityName":"파주"},{"BusNo":"70","Type":"1","BlID":"12019","BusCityName":"파주"},{"BusNo":"92","Type":"1","BlID":"12033","BusCityName":"파주"},{"BusNo":"550","Type":"1","BlID":"12053","BusCityName":"파주"},{"BusNo":"600","Type":"1","BlID":"12054","BusCityName":"파주"},{"BusNo":"55","Type":"1","BlID":"12069","BusCityName":"파주"},{"BusNo":"80","Type":"1","BlID":"12117","BusCityName":"파주"},{"BusNo":"56","Type":"1","BlID":"12129","BusCityName":"파주"},{"BusNo":"10","Type":"1","BlID":"12131","BusCityName":"파주"},{"BusNo":"20-1","Type":"1","BlID":"12135","BusCityName":"파주"},{"BusNo":"33","Type":"1","BlID":"13012","BusCityName":"김포"},{"BusNo":"061","Type":"3","BlID":"5503","BusCityName":"고양"},{"BusNo":"059","Type":"3","BlID":"5528","BusCityName":"고양"},{"BusNo":"089","Type":"3","BlID":"5649","BusCityName":"고양"},{"BusNo":"091","Type":"3","BlID":"5655","BusCityName":"고양"},{"BusNo":"082","Type":"3","BlID":"5660","BusCityName":"고양"},{"BusNo":"039","Type":"3","BlID":"5664","BusCityName":"고양"},{"BusNo":"058","Type":"3","BlID":"5670","BusCityName":"고양"},{"BusNo":"090","Type":"3","BlID":"5673","BusCityName":"고양"},{"BusNo":"056(서촌)","Type":"3","BlID":"5674","BusCityName":"고양"},{"BusNo":"057","Type":"3","BlID":"5675","BusCityName":"고양"},{"BusNo":"062","Type":"3","BlID":"5678","BusCityName":"고양"},{"BusNo":"056(도촌)","Type":"3","BlID":"5679","BusCityName":"고양"},{"BusNo":"056(멱절)","Type":"3","BlID":"5681","BusCityName":"고양"},{"BusNo":"1000","Type":"4","BlID":"5500","BusCityName":"고양"},{"BusNo":"1100","Type":"4","BlID":"5501","BusCityName":"고양"},{"BusNo":"1500","Type":"4","BlID":"5511","BusCityName":"고양"},{"BusNo":"1001","Type":"4","BlID":"5564","BusCityName":"고양"},{"BusNo":"9700","Type":"4","BlID":"10603","BusCityName":"광주"},{"BusNo":"200","Type":"4","BlID":"12036","BusCityName":"파주"},{"BusNo":"2000","Type":"4","BlID":"12062","BusCityName":"파주"},{"BusNo":"3300","Type":"5","BlID":"5544","BusCityName":"고양"},{"BusNo":"8407","Type":"6","BlID":"6566","BusCityName":"안산"},{"BusNo":"8109","Type":"6","BlID":"10199","BusCityName":"광주"},{"BusNo":"707","Type":"11","BlID":"1372","BusCityName":"서울"},{"BusNo":"9701","Type":"14","BlID":"1365","BusCityName":"서울"},{"BusNo":"9707","Type":"14","BlID":"1371","BusCityName":"서울"},{"BusNo":"9714","Type":"14","BlID":"1744","BusCityName":"서울"},{"BusNo":"M7106","Type":"14","BlID":"5682","BusCityName":"고양"}]}]},{"GateNo":"5","GateLink": ["장성초등학교","대진고등학교","장성중학교"]},{"GateNo":"6","GateLink": ["일산서구청","주엽고등학교"]}]}}}