{"result": {"stationName":"정발산","stationID":312,"type":3,"laneName":"수도권 3호선","laneCity":"수도권","x":126.7732734,"y":37.6597244,"prevOBJ": {"station": [{"stationName":"주엽","stationID":311,"type":3,"laneName":"수도권 3호선","laneCity":"수도권","x":126.7612568,"y":37.6701497}]},"nextOBJ": {"station": [{"stationName":"마두","stationID":313,"type":3,"laneName":"수도권 3호선","laneCity":"수도권","x":126.7776581,"y":37.6521923}]},"defaultInfo": {"address":"경기도 고양시 일산동구 마두동 1123","new_address":"경기도 고양시 일산동구 중앙로 1270","tel":"1544-7788"},"useInfo": {"platform":2,"meetingPlace":0,"restroom":2,"offDoor":1,"crossOver":2,"publicPlace":0,"handicapCount":1,"parkingCount":0,"bicycleCount":1,"civilCount":0},"exitInfo": {"gate": [{"GateNo":"1","GateLink": ["전문건설공제조합"]},{"GateNo":"2","GateLink": ["고양등기소","일산우체국","고양세무서","일산 KRA PLAZA"],"BUSSTOP": [{"StopName":"롯데백화점","StopID":"116789","Bus": [{"BusNo":"88A","Type":"1","BlID":"5558","BusCityName":"고양"},{"BusNo":"050","Type":"3","BlID":"5640","BusCityName":"고양"},{"BusNo":"010","Type":"3","BlID":"5647","BusCityName":"고양"},{"BusNo":"081","Type":"3","BlID":"5651","BusCityName":"고양"}]},{"StopName":"롯데백화점","StopID":"116833","Bus": [{"BusNo":"88B","Type":"1","BlID":"5524","BusCityName":"고양"},{"BusNo":"010","Type":"3","BlID":"5647","BusCityName":"고양"},{"BusNo":"081","Type":"3","BlID":"5651","BusCityName":"고양"}]}]},{"GateNo":"3","GateLink": ["고양교육청","일산경찰서","양지마을","고양아람누리"]},{"GateNo":"4","GateLink": ["일산동구청","건영빌라","서울지방노동청(고양지청)","정발중학교","강촌마을","청구빌라8단지","국민연금관리공단 고양지사","국립암센터"],"BUSSTOP": [{"StopName":"일산동구청(중)","StopID":"164588","Bus": [{"BusNo":"72","Type":"1","BlID":"5506","BusCityName":"고양"},{"BusNo":"66","Type":"1","BlID":"5516","BusCityName":"고양"},{"BusNo":"11","Type":"1","BlID":"5529","BusCityName":"고양"},{"BusNo":"95","Type":"1","BlID":"5557","BusCityName":"고양"},{"BusNo":"88A","Type":"1","BlID":"5558","BusCityName":"고양"},{"BusNo":"96","Type":"1","BlID":"5559","BusCityName":"고양"},{"BusNo":"97","Type":"1","BlID":"5562","BusCityName":"고양"},{"BusNo":"90","Type":"1","BlID":"12014","BusCityName":"파주"},{"BusNo":"150","Type":"1","BlID":"12018","BusCityName":"파주"},{"BusNo":"550","Type":"1","BlID":"12053","BusCityName":"파주"},{"BusNo":"80","Type":"1","BlID":"12117","BusCityName":"파주"},{"BusNo":"56","Type":"1","BlID":"12129","BusCityName":"파주"},{"BusNo":"33","Type":"1","BlID":"13012","BusCityName":"김포"},{"BusNo":"770","Type":"2","BlID":"5508","BusCityName":"고양"},{"BusNo":"830","Type":"2","BlID":"5519","BusCityName":"고양"},{"BusNo":"108","Type":"2","BlID":"5536","BusCityName":"고양"},{"BusNo":"061","Type":"3","BlID":"5503","BusCityName":"고양"},{"BusNo":"050","Type":"3","BlID":"5640","BusCityName":"고양"},{"BusNo":"010","Type":"3","BlID":"5647","BusCityName":"고양"},{"BusNo":"089","Type":"3","BlID":"5649","BusCityName":"고양"},{"BusNo":"080","Type":"3","BlID":"5650","BusCityName":"고양"},{"BusNo":"081","Type":"3","BlID":"5651","BusCityName":"고양"},{"BusNo":"082","Type":"3","BlID":"5660","BusCityName":"고양"},{"BusNo":"078","Type":"3","BlID":"5663","BusCityName":"고양"},{"BusNo":"039","Type":"3","BlID":"5664","BusCityName":"고양"},{"BusNo":"056(서촌)","Type":"3","BlID":"5674","BusCityName":"고양"},{"BusNo":"057","Type":"3","BlID":"5675","BusCityName":"고양"},{"BusNo":"066","Type":"3","BlID":"5677","BusCityName":"고양"},{"BusNo":"056(도촌)","Type":"3","BlID":"5679","BusCityName":"고양"},{"BusNo":"056(멱절)","Type":"3","BlID":"5681","BusCityName":"고양"},{"BusNo":"1000","Type":"4","BlID":"5500","BusCityName":"고양"},{"BusNo":"1100","Type":"4","BlID":"5501","BusCityName":"고양"},{"BusNo":"1500","Type":"4","BlID":"5511","BusCityName":"고양"},{"BusNo":"9700","Type":"4","BlID":"10603","BusCityName":"광주"},{"BusNo":"200","Type":"4","BlID":"12036","BusCityName":"파주"},{"BusNo":"2000","Type":"4","BlID":"12062","BusCityName":"파주"},{"BusNo":"3300","Type":"5","BlID":"5544","BusCityName":"고양"},{"BusNo":"8109","Type":"6","BlID":"10199","BusCityName":"광주"},{"BusNo":"707","Type":"11","BlID":"1372","BusCityName":"서울"},{"BusNo":"706","Type":"11","BlID":"1501","BusCityName":"서울"},{"BusNo":"7727","Type":"12","BlID":"1299","BusCityName":"서울"},{"BusNo":"9701","Type":"14","BlID":"1365","BusCityName":"서울"},{"BusNo":"9707","Type":"14","BlID":"1371","BusCityName":"서울"},{"BusNo":"9711A","Type":"14","BlID":"1375","BusCityName":"서울"},{"BusNo":"9714","Type":"14","BlID":"1744","BusCityName":"서울"},{"BusNo":"M7119","Type":"14","BlID":"5504","BusCityName":"고양"},{"BusNo":"M7106","Type":"14","BlID":"5682","BusCityName":"고양"},{"BusNo":"M7412","Type":"14","BlID":"10491","BusCityName":"광주"}]}]}]}}}