{"result": {"stationName":"마두","stationID":313,"type":3,"laneName":"수도권 3호선","laneCity":"수도권","x":126.7776581,"y":37.6521923,"prevOBJ": {"station": [{"stationName":"정발산","stationID":312,"type":3,"laneName":"수도권 3호선","laneCity":"수도권","x":126.7732734,"y":37.6597244}]},"nextOBJ": {"station": [{"stationName":"백석","stationID":314,"type":3,"laneName":"수도권 3호선","laneCity":"수도권","x":126.7881314,"y":37.6429838}]},"defaultInfo": {"address":"경기도 고양시 일산동구 마두동 765-1","new_address":"경기도 고양시 일산동구 중앙로 1180","tel":"1544-7788"},"useInfo": {"platform":1,"meetingPlace":0,"restroom":2,"offDoor":1,"crossOver":2,"publicPlace":0,"handicapCount":1,"parkingCount":0,"bicycleCount":1,"civilCount":0},"exitInfo": {"gate": [{"GateNo":"1","GateLink": ["장항2동주민센터","장항2치안센터","호수초등학교"]},{"GateNo":"2","GateLink": ["법원공무원교육원청사"]},{"GateNo":"3","GateLink": ["사법연수원청사"]},{"GateNo":"4","GateLink": ["의정부지방검찰청(고양지청)","의정부지방법원(고양지원)"]},{"GateNo":"5","GateLink": ["서울지방노동청(고양지청)","국민연금관리공단 고양지사","외환은행 마두역지점","동국대학교일산병원","국민건강보험 고양일산지사","동국대학교 일산한방병원"],"BUSSTOP": [{"StopName":"마두역(중)","StopID":"164590","Bus": [{"BusNo":"66","Type":"1","BlID":"5516","BusCityName":"고양"},{"BusNo":"11","Type":"1","BlID":"5529","BusCityName":"고양"},{"BusNo":"95","Type":"1","BlID":"5557","BusCityName":"고양"},{"BusNo":"88A","Type":"1","BlID":"5558","BusCityName":"고양"},{"BusNo":"96","Type":"1","BlID":"5559","BusCityName":"고양"},{"BusNo":"90","Type":"1","BlID":"12014","BusCityName":"파주"},{"BusNo":"150","Type":"1","BlID":"12018","BusCityName":"파주"},{"BusNo":"80","Type":"1","BlID":"12117","BusCityName":"파주"},{"BusNo":"56","Type":"1","BlID":"12129","BusCityName":"파주"},{"BusNo":"770","Type":"2","BlID":"5508","BusCityName":"고양"},{"BusNo":"871","Type":"2","BlID":"5510","BusCityName":"고양"},{"BusNo":"830","Type":"2","BlID":"5519","BusCityName":"고양"},{"BusNo":"068","Type":"3","BlID":"5527","BusCityName":"고양"},{"BusNo":"010","Type":"3","BlID":"5647","BusCityName":"고양"},{"BusNo":"089","Type":"3","BlID":"5649","BusCityName":"고양"},{"BusNo":"080","Type":"3","BlID":"5650","BusCityName":"고양"},{"BusNo":"081","Type":"3","BlID":"5651","BusCityName":"고양"},{"BusNo":"082","Type":"3","BlID":"5660","BusCityName":"고양"},{"BusNo":"078","Type":"3","BlID":"5663","BusCityName":"고양"},{"BusNo":"056(서촌)","Type":"3","BlID":"5674","BusCityName":"고양"},{"BusNo":"066","Type":"3","BlID":"5677","BusCityName":"고양"},{"BusNo":"056(도촌)","Type":"3","BlID":"5679","BusCityName":"고양"},{"BusNo":"056(멱절)","Type":"3","BlID":"5681","BusCityName":"고양"},{"BusNo":"1000","Type":"4","BlID":"5500","BusCityName":"고양"},{"BusNo":"1100","Type":"4","BlID":"5501","BusCityName":"고양"},{"BusNo":"1500","Type":"4","BlID":"5511","BusCityName":"고양"},{"BusNo":"9700","Type":"4","BlID":"10603","BusCityName":"광주"},{"BusNo":"200","Type":"4","BlID":"12036","BusCityName":"파주"},{"BusNo":"2000","Type":"4","BlID":"12062","BusCityName":"파주"},{"BusNo":"3300","Type":"5","BlID":"5544","BusCityName":"고양"},{"BusNo":"8407","Type":"6","BlID":"6566","BusCityName":"안산"},{"BusNo":"8109","Type":"6","BlID":"10199","BusCityName":"광주"},{"BusNo":"707","Type":"11","BlID":"1372","BusCityName":"서울"},{"BusNo":"7727","Type":"12","BlID":"1299","BusCityName":"서울"},{"BusNo":"9701","Type":"14","BlID":"1365","BusCityName":"서울"},{"BusNo":"9707","Type":"14","BlID":"1371","BusCityName":"서울"},{"BusNo":"9711A","Type":"14","BlID":"1375","BusCityName":"서울"},{"BusNo":"9714","Type":"14","BlID":"1744","BusCityName":"서울"},{"BusNo":"M7119","Type":"14","BlID":"5504","BusCityName":"고양"},{"BusNo":"M7106","Type":"14","BlID":"5682","BusCityName":"고양"},{"BusNo":"M7412","Type":"14","BlID":"10491","BusCityName":"광주"}]}]},{"GateNo":"6","GateLink": ["낙민초등학교","정발초등학교"]},{"GateNo":"7","GateLink": ["마두지구대","마두2동주민센터"]},{"GateNo":"8","GateLink": ["백신중학교","백석초등학교","백석동우체국"],"BUSSTOP": [{"StopName":"마두역(중)","StopID":"164592","Bus": [{"BusNo":"66","Type":"1","BlID":"5516","BusCityName":"고양"},{"BusNo":"88B","Type":"1","BlID":"5524","BusCityName":"고양"},{"BusNo":"11","Type":"1","BlID":"5529","BusCityName":"고양"},{"BusNo":"95","Type":"1","BlID":"5557","BusCityName":"고양"},{"BusNo":"96","Type":"1","BlID":"5559","BusCityName":"고양"},{"BusNo":"90","Type":"1","BlID":"12014","BusCityName":"파주"},{"BusNo":"150","Type":"1","BlID":"12018","BusCityName":"파주"},{"BusNo":"80","Type":"1","BlID":"12117","BusCityName":"파주"},{"BusNo":"05","Type":"1","BlID":"12118","BusCityName":"파주"},{"BusNo":"56","Type":"1","BlID":"12129","BusCityName":"파주"},{"BusNo":"770","Type":"2","BlID":"5508","BusCityName":"고양"},{"BusNo":"871","Type":"2","BlID":"5510","BusCityName":"고양"},{"BusNo":"830","Type":"2","BlID":"5519","BusCityName":"고양"},{"BusNo":"068","Type":"3","BlID":"5527","BusCityName":"고양"},{"BusNo":"010","Type":"3","BlID":"5647","BusCityName":"고양"},{"BusNo":"089","Type":"3","BlID":"5649","BusCityName":"고양"},{"BusNo":"080","Type":"3","BlID":"5650","BusCityName":"고양"},{"BusNo":"081","Type":"3","BlID":"5651","BusCityName":"고양"},{"BusNo":"082","Type":"3","BlID":"5660","BusCityName":"고양"},{"BusNo":"070","Type":"3","BlID":"5662","BusCityName":"고양"},{"BusNo":"078","Type":"3","BlID":"5663","BusCityName":"고양"},{"BusNo":"056(서촌)","Type":"3","BlID":"5674","BusCityName":"고양"},{"BusNo":"066","Type":"3","BlID":"5677","BusCityName":"고양"},{"BusNo":"056(도촌)","Type":"3","BlID":"5679","BusCityName":"고양"},{"BusNo":"056(멱절)","Type":"3","BlID":"5681","BusCityName":"고양"},{"BusNo":"1000","Type":"4","BlID":"5500","BusCityName":"고양"},{"BusNo":"1100","Type":"4","BlID":"5501","BusCityName":"고양"},{"BusNo":"1500","Type":"4","BlID":"5511","BusCityName":"고양"},{"BusNo":"9700","Type":"4","BlID":"10603","BusCityName":"광주"},{"BusNo":"200","Type":"4","BlID":"12036","BusCityName":"파주"},{"BusNo":"2000","Type":"4","BlID":"12062","BusCityName":"파주"},{"BusNo":"3300","Type":"5","BlID":"5544","BusCityName":"고양"},{"BusNo":"8407","Type":"6","BlID":"6566","BusCityName":"안산"},{"BusNo":"8109","Type":"6","BlID":"10199","BusCityName":"광주"},{"BusNo":"707","Type":"11","BlID":"1372","BusCityName":"서울"},{"BusNo":"7727","Type":"12","BlID":"1299","BusCityName":"서울"},{"BusNo":"9701","Type":"14","BlID":"1365","BusCityName":"서울"},{"BusNo":"9707","Type":"14","BlID":"1371","BusCityName":"서울"},{"BusNo":"9711A","Type":"14","BlID":"1375","BusCityName":"서울"},{"BusNo":"9714","Type":"14","BlID":"1744","BusCityName":"서울"},{"BusNo":"M7119","Type":"14","BlID":"5504","BusCityName":"고양"},{"BusNo":"M7106","Type":"14","BlID":"5682","BusCityName":"고양"},{"BusNo":"M7412","Type":"14","BlID":"10491","BusCityName":"광주"},{"BusNo":"5000","Type":"22","BlID":"12040","BusCityName":"파주"},{"BusNo":"3000","Type":"22","BlID":"12041","BusCityName":"파주"}]}]}]}}}