{"result": {"stationName":"백석","stationID":314,"type":3,"laneName":"수도권 3호선","laneCity":"수도권","x":126.7881314,"y":37.6429838,"prevOBJ": {"station": [{"stationName":"마두","stationID":313,"type":3,"laneName":"수도권 3호선","laneCity":"수도권","x":126.7776581,"y":37.6521923}]},"nextOBJ": {"station": [{"stationName":"대곡","stationID":315,"type":3,"laneName":"수도권 3호선","laneCity":"수도권","x":126.811042,"y":37.6316385}]},"defaultInfo": {"address":"경기도 고양시 일산동구 백석동 1538","new_address":"경기도 고양시 일산동구 중앙로 1042","tel":"1544-7788"},"useInfo": {"platform":1,"meetingPlace":0,"restroom":2,"offDoor":0,"crossOver":2,"publicPlace":0,"handicapCount":1,"parkingCount":1,"bicycleCount":1,"civilCount":0},"exitInfo": {"gate": [{"GateNo":"1","GateLink": ["중앙로"],"BUSSTOP": [{"StopName":"백석동.요진와이시티(중)","StopID":"126667","Bus": [{"BusNo":"72","Type":"1","BlID":"5506","BusCityName":"고양"},{"BusNo":"66","Type":"1","BlID":"5516","BusCityName":"고양"},{"BusNo":"95","Type":"1","BlID":"5557","BusCityName":"고양"},{"BusNo":"96","Type":"1","BlID":"5559","BusCityName":"고양"},{"BusNo":"97","Type":"1","BlID":"5562","BusCityName":"고양"},{"BusNo":"56","Type":"1","BlID":"12129","BusCityName":"파주"},{"BusNo":"770","Type":"2","BlID":"5508","BusCityName":"고양"},{"BusNo":"871","Type":"2","BlID":"5510","BusCityName":"고양"},{"BusNo":"830","Type":"2","BlID":"5519","BusCityName":"고양"},{"BusNo":"108","Type":"2","BlID":"5536","BusCityName":"고양"},{"BusNo":"921","Type":"2","BlID":"5540","BusCityName":"고양"},{"BusNo":"1000","Type":"4","BlID":"5500","BusCityName":"고양"},{"BusNo":"1100","Type":"4","BlID":"5501","BusCityName":"고양"},{"BusNo":"1500","Type":"4","BlID":"5511","BusCityName":"고양"},{"BusNo":"1200","Type":"4","BlID":"5522","BusCityName":"고양"},{"BusNo":"1001","Type":"4","BlID":"5564","BusCityName":"고양"},{"BusNo":"9700","Type":"4","BlID":"10603","BusCityName":"광주"},{"BusNo":"200","Type":"4","BlID":"12036","BusCityName":"파주"},{"BusNo":"3300","Type":"5","BlID":"5544","BusCityName":"고양"},{"BusNo":"700","Type":"11","BlID":"1370","BusCityName":"서울"},{"BusNo":"706","Type":"11","BlID":"1501","BusCityName":"서울"},{"BusNo":"7727","Type":"12","BlID":"1299","BusCityName":"서울"},{"BusNo":"9701","Type":"14","BlID":"1365","BusCityName":"서울"}]}]},{"GateNo":"2","GateLink": ["증권예탁원"],"BUSSTOP": [{"StopName":"흰돌5단지.서안아파트","StopID":"100456","Bus": [{"BusNo":"88A","Type":"1","BlID":"5558","BusCityName":"고양"},{"BusNo":"150","Type":"1","BlID":"12018","BusCityName":"파주"},{"BusNo":"921","Type":"2","BlID":"5540","BusCityName":"고양"},{"BusNo":"068","Type":"3","BlID":"5527","BusCityName":"고양"},{"BusNo":"082","Type":"3","BlID":"5660","BusCityName":"고양"},{"BusNo":"9707","Type":"14","BlID":"1371","BusCityName":"서울"}]},{"StopName":"백석역2번출구","StopID":"180707","Bus": [{"BusNo":"921","Type":"2","BlID":"5540","BusCityName":"고양"},{"BusNo":"073","Type":"3","BlID":"5615","BusCityName":"고양"}]}]},{"GateNo":"3","GateLink": ["흰돌마을","주공아파트","서안아파트","백석2동주민센터","백석중학교","백신초등학교","백신고등학교"],"BUSSTOP": [{"StopName":"흰돌마을.서안아파트","StopID":"100452","Bus": [{"BusNo":"88B","Type":"1","BlID":"5524","BusCityName":"고양"},{"BusNo":"150","Type":"1","BlID":"12018","BusCityName":"파주"},{"BusNo":"921","Type":"2","BlID":"5540","BusCityName":"고양"},{"BusNo":"068","Type":"3","BlID":"5527","BusCityName":"고양"},{"BusNo":"082","Type":"3","BlID":"5660","BusCityName":"고양"},{"BusNo":"9707","Type":"14","BlID":"1371","BusCityName":"서울"}]},{"StopName":"백석역3번출구","StopID":"180706","Bus": [{"BusNo":"921","Type":"2","BlID":"5540","BusCityName":"고양"},{"BusNo":"068","Type":"3","BlID":"5527","BusCityName":"고양"},{"BusNo":"073","Type":"3","BlID":"5615","BusCityName":"고양"},{"BusNo":"082","Type":"3","BlID":"5660","BusCityName":"고양"}]}]},{"GateNo":"4","GateLink": ["백석소방파출소","청구아파트"],"BUSSTOP": [{"StopName":"백석역(중)","StopID":"165217","Bus": [{"BusNo":"66","Type":"1","BlID":"5516","BusCityName":"고양"},{"BusNo":"95","Type":"1","BlID":"5557","BusCityName":"고양"},{"BusNo":"96","Type":"1","BlID":"5559","BusCityName":"고양"},{"BusNo":"90","Type":"1","BlID":"12014","BusCityName":"파주"},{"BusNo":"150","Type":"1","BlID":"12018","BusCityName":"파주"},{"BusNo":"80","Type":"1","BlID":"12117","BusCityName":"파주"},{"BusNo":"56","Type":"1","BlID":"12129","BusCityName":"파주"},{"BusNo":"770","Type":"2","BlID":"5508","BusCityName":"고양"},{"BusNo":"871","Type":"2","BlID":"5510","BusCityName":"고양"},{"BusNo":"830","Type":"2","BlID":"5519","BusCityName":"고양"},{"BusNo":"068","Type":"3","BlID":"5527","BusCityName":"고양"},{"BusNo":"010","Type":"3","BlID":"5647","BusCityName":"고양"},{"BusNo":"089","Type":"3","BlID":"5649","BusCityName":"고양"},{"BusNo":"082","Type":"3","BlID":"5660","BusCityName":"고양"},{"BusNo":"1500","Type":"4","BlID":"5511","BusCityName":"고양"},{"BusNo":"9700","Type":"4","BlID":"10603","BusCityName":"광주"},{"BusNo":"200","Type":"4","BlID":"12036","BusCityName":"파주"},{"BusNo":"3300","Type":"5","BlID":"5544","BusCityName":"고양"},{"BusNo":"8407","Type":"6","BlID":"6566","BusCityName":"안산"},{"BusNo":"8109","Type":"6","BlID":"10199","BusCityName":"광주"},{"BusNo":"700","Type":"11","BlID":"1370","BusCityName":"서울"},{"BusNo":"7727","Type":"12","BlID":"1299","BusCityName":"서울"},{"BusNo":"9711A","Type":"14","BlID":"1375","BusCityName":"서울"},{"BusNo":"M7106","Type":"14","BlID":"5682","BusCityName":"고양"},{"BusNo":"M7412","Type":"14","BlID":"10491","BusCityName":"광주"},{"BusNo":"5000","Type":"22","BlID":"12040","BusCityName":"파주"},{"BusNo":"3000","Type":"22","BlID":"12041","BusCityName":"파주"}]}]},{"GateNo":"5","GateLink": ["백석동우체국"]},{"GateNo":"6","GateLink": ["금계초등학교","우성아파트","백송마을","한신아파트"],"BUSSTOP": [{"StopName":"백석역6번출구","StopID":"116699","Bus": [{"BusNo":"88B","Type":"1","BlID":"5524","BusCityName":"고양"},{"BusNo":"010","Type":"3","BlID":"5647","BusCityName":"고양"},{"BusNo":"082","Type":"3","BlID":"5660","BusCityName":"고양"},{"BusNo":"078","Type":"3","BlID":"5663","BusCityName":"고양"}]}]},{"GateNo":"7","GateLink": ["백석도서관","백석1동주민센터","국민건강보험공단 일산병원","흰돌마을"],"BUSSTOP": [{"StopName":"백석역.고양종합터미널","StopID":"100494","Bus": [{"BusNo":"72","Type":"1","BlID":"5506","BusCityName":"고양"},{"BusNo":"88A","Type":"1","BlID":"5558","BusCityName":"고양"},{"BusNo":"97","Type":"1","BlID":"5562","BusCityName":"고양"},{"BusNo":"108","Type":"2","BlID":"5536","BusCityName":"고양"},{"BusNo":"073","Type":"3","BlID":"5615","BusCityName":"고양"},{"BusNo":"010","Type":"3","BlID":"5647","BusCityName":"고양"},{"BusNo":"082","Type":"3","BlID":"5660","BusCityName":"고양"},{"BusNo":"1200","Type":"4","BlID":"5522","BusCityName":"고양"},{"BusNo":"1001","Type":"4","BlID":"5564","BusCityName":"고양"},{"BusNo":"706","Type":"11","BlID":"1501","BusCityName":"서울"},{"BusNo":"9707","Type":"14","BlID":"1371","BusCityName":"서울"}]}]},{"GateNo":"8","GateLink": ["고양종합터미널","어린이교통공원"]}]}}}