{"result": {"stationName":"화정","stationID":316,"type":3,"laneName":"수도권 3호선","laneCity":"수도권","x":126.8326687,"y":37.6346024,"prevOBJ": {"station": [{"stationName":"대곡","stationID":315,"type":3,"laneName":"수도권 3호선","laneCity":"수도권","x":126.811042,"y":37.6316385}]},"nextOBJ": {"station": [{"stationName":"원당","stationID":317,"type":3,"laneName":"수도권 3호선","laneCity":"수도권","x":126.8430284,"y":37.6533374}]},"defaultInfo": {"address":"경기도 고양시 덕양구 화정동 1098","new_address":"경기도 고양시 덕양구 화정로 60","tel":"1544-7788"},"useInfo": {"platform":2,"meetingPlace":0,"restroom":2,"offDoor":1,"crossOver":2,"publicPlace":0,"handicapCount":1,"parkingCount":1,"bicycleCount":1,"civilCount":0},"exitInfo": {"gate": [{"GateNo":"1","GateLink": ["화정버스터미널","가든아파트","건영아파트","백양초등학교","화정2동주민센터","백양중학교","햇빛마을","백양고등학교","주공아파트","국민건강보험 고양덕양지사"],"BUSSTOP": [{"StopName":"고양.화정터미널","StopID":"81727","Bus": [{"BusNo":"8433","Type":"22","BlID":"10600","BusCityName":"광주"},{"BusNo":"8439","Type":"22","BlID":"10636","BusCityName":"광주"},{"BusNo":"8455","Type":"22","BlID":"10642","BusCityName":"광주"}]},{"StopName":"고양.화정터미널","StopID":"81728","Bus": [{"BusNo":"8450","Type":"22","BlID":"9639","BusCityName":"수원"},{"BusNo":"8433","Type":"22","BlID":"10600","BusCityName":"광주"},{"BusNo":"8439","Type":"22","BlID":"10636","BusCityName":"광주"},{"BusNo":"8455","Type":"22","BlID":"10642","BusCityName":"광주"},{"BusNo":"8478","Type":"22","BlID":"11133","BusCityName":"용인"}]},{"StopName":"화정역3호선","StopID":"201803","Bus": [{"BusNo":"072","Type":"3","BlID":"5616","BusCityName":"고양"},{"BusNo":"023","Type":"3","BlID":"5618","BusCityName":"고양"},{"BusNo":"021(화정역)","Type":"3","BlID":"5619","BusCityName":"고양"},{"BusNo":"031","Type":"3","BlID":"5624","BusCityName":"고양"},{"BusNo":"032","Type":"3","BlID":"5631","BusCityName":"고양"},{"BusNo":"020","Type":"3","BlID":"5632","BusCityName":"고양"}]}]},{"GateNo":"2","GateLink": ["현대아파트","부영아파트","화정중학교","화정초등학교","옥빛마을","별빛마을","고양경찰서","외환은행 화정역지점"],"BUSSTOP": [{"StopName":"화정역.롯데마트","StopID":"100848","Bus": [{"BusNo":"771","Type":"11","BlID":"1377","BusCityName":"서울"}]}]},{"GateNo":"3","GateLink": ["부영아파트","덕양구청","고양어울림누리","용정초등학교","화정고등학교","명지병원"],"BUSSTOP": [{"StopName":"화정역.덕양구청","StopID":"100846","Bus": [{"BusNo":"11","Type":"1","BlID":"5529","BusCityName":"고양"},{"BusNo":"95","Type":"1","BlID":"5557","BusCityName":"고양"},{"BusNo":"850","Type":"1","BlID":"12055","BusCityName":"파주"},{"BusNo":"85-1","Type":"1","BlID":"12121","BusCityName":"파주"},{"BusNo":"800","Type":"2","BlID":"5539","BusCityName":"고양"},{"BusNo":"85","Type":"2","BlID":"12124","BusCityName":"파주"},{"BusNo":"1082","Type":"4","BlID":"5518","BusCityName":"고양"},{"BusNo":"1900","Type":"4","BlID":"5556","BusCityName":"고양"},{"BusNo":"9600","Type":"4","BlID":"10602","BusCityName":"광주"},{"BusNo":"3200","Type":"5","BlID":"10804","BusCityName":"광주"},{"BusNo":"3700","Type":"5","BlID":"12008","BusCityName":"파주"},{"BusNo":"771","Type":"11","BlID":"1377","BusCityName":"서울"},{"BusNo":"706","Type":"11","BlID":"1501","BusCityName":"서울"},{"BusNo":"7728","Type":"12","BlID":"1300","BusCityName":"서울"},{"BusNo":"9701","Type":"14","BlID":"1365","BusCityName":"서울"}]},{"StopName":"덕양구청","StopID":"100860","Bus": [{"BusNo":"11","Type":"1","BlID":"5529","BusCityName":"고양"},{"BusNo":"95","Type":"1","BlID":"5557","BusCityName":"고양"},{"BusNo":"850","Type":"1","BlID":"12055","BusCityName":"파주"},{"BusNo":"85-1","Type":"1","BlID":"12121","BusCityName":"파주"},{"BusNo":"800","Type":"2","BlID":"5539","BusCityName":"고양"},{"BusNo":"85","Type":"2","BlID":"12124","BusCityName":"파주"},{"BusNo":"045","Type":"3","BlID":"5625","BusCityName":"고양"},{"BusNo":"029","Type":"3","BlID":"5633","BusCityName":"고양"},{"BusNo":"028","Type":"3","BlID":"5634","BusCityName":"고양"},{"BusNo":"027","Type":"3","BlID":"5638","BusCityName":"고양"},{"BusNo":"038","Type":"3","BlID":"5646","BusCityName":"고양"},{"BusNo":"1082","Type":"4","BlID":"5518","BusCityName":"고양"},{"BusNo":"1900","Type":"4","BlID":"5556","BusCityName":"고양"},{"BusNo":"9600","Type":"4","BlID":"10602","BusCityName":"광주"},{"BusNo":"3200","Type":"5","BlID":"10804","BusCityName":"광주"},{"BusNo":"3700","Type":"5","BlID":"12008","BusCityName":"파주"},{"BusNo":"771","Type":"11","BlID":"1377","BusCityName":"서울"},{"BusNo":"706","Type":"11","BlID":"1501","BusCityName":"서울"},{"BusNo":"7728","Type":"12","BlID":"1300","BusCityName":"서울"},{"BusNo":"9701","Type":"14","BlID":"1365","BusCityName":"서울"}]},{"StopName":"덕양구청.동고양세무서","StopID":"201556","Bus": [{"BusNo":"012","Type":"3","BlID":"5563","BusCityName":"고양"},{"BusNo":"011","Type":"3","BlID":"5609","BusCityName":"고양"},{"BusNo":"060","Type":"3","BlID":"5621","BusCityName":"고양"},{"BusNo":"028","Type":"3","BlID":"5634","BusCityName":"고양"},{"BusNo":"030","Type":"3","BlID":"5636","BusCityName":"고양"},{"BusNo":"027","Type":"3","BlID":"5638","BusCityName":"고양"},{"BusNo":"065","Type":"3","BlID":"5639","BusCityName":"고양"},{"BusNo":"038","Type":"3","BlID":"5646","BusCityName":"고양"}]}]},{"GateNo":"4","GateLink": ["부영아파트","덕양우체국","화정지구대"],"BUSSTOP": [{"StopName":"은빛마을11단지.부영아파트앞","StopID":"201848","Bus": [{"BusNo":"072","Type":"3","BlID":"5616","BusCityName":"고양"},{"BusNo":"028","Type":"3","BlID":"5634","BusCityName":"고양"},{"BusNo":"027","Type":"3","BlID":"5638","BusCityName":"고양"}]},{"StopName":"화정역3호선","StopID":"201849","Bus": [{"BusNo":"012","Type":"3","BlID":"5563","BusCityName":"고양"},{"BusNo":"011","Type":"3","BlID":"5609","BusCityName":"고양"},{"BusNo":"016","Type":"3","BlID":"5611","BusCityName":"고양"},{"BusNo":"072","Type":"3","BlID":"5616","BusCityName":"고양"},{"BusNo":"060","Type":"3","BlID":"5621","BusCityName":"고양"},{"BusNo":"031","Type":"3","BlID":"5624","BusCityName":"고양"},{"BusNo":"029","Type":"3","BlID":"5633","BusCityName":"고양"},{"BusNo":"028","Type":"3","BlID":"5634","BusCityName":"고양"},{"BusNo":"030","Type":"3","BlID":"5636","BusCityName":"고양"},{"BusNo":"027","Type":"3","BlID":"5638","BusCityName":"고양"},{"BusNo":"065","Type":"3","BlID":"5639","BusCityName":"고양"},{"BusNo":"038","Type":"3","BlID":"5646","BusCityName":"고양"}]},{"StopName":"은빛마을11단지","StopID":"202308","Bus": [{"BusNo":"072","Type":"3","BlID":"5616","BusCityName":"고양"}]}]}]}}}