{"result": {"stationName":"원당","stationID":317,"type":3,"laneName":"수도권 3호선","laneCity":"수도권","x":126.8430284,"y":37.6533374,"prevOBJ": {"station": [{"stationName":"화정","stationID":316,"type":3,"laneName":"수도권 3호선","laneCity":"수도권","x":126.8326687,"y":37.6346024}]},"nextOBJ": {"station": [{"stationName":"원흥","stationID":370,"type":3,"laneName":"수도권 3호선","laneCity":"수도권","x":126.8732581,"y":37.6507194}]},"defaultInfo": {"address":"경기도 고양시 덕양구 성사동 410-7","new_address":"경기도 고양시 덕양구 고양대로 1429","tel":"1544-7788"},"useInfo": {"platform":2,"meetingPlace":0,"restroom":2,"offDoor":1,"crossOver":2,"publicPlace":0,"handicapCount":1,"parkingCount":1,"bicycleCount":1,"civilCount":0},"exitInfo": {"gate": [{"GateNo":"1","GateLink": ["원당농협성내지소"]},{"GateNo":"2","GateLink": ["원당농협성내지소"],"BUSSTOP": [{"StopName":"원당역","StopID":"101112","Bus": [{"BusNo":"95","Type":"1","BlID":"5557","BusCityName":"고양"},{"BusNo":"567","Type":"1","BlID":"12017","BusCityName":"파주"},{"BusNo":"05","Type":"1","BlID":"12118","BusCityName":"파주"},{"BusNo":"043","Type":"3","BlID":"5537","BusCityName":"고양"},{"BusNo":"045","Type":"3","BlID":"5625","BusCityName":"고양"},{"BusNo":"035","Type":"3","BlID":"5630","BusCityName":"고양"},{"BusNo":"706","Type":"11","BlID":"1501","BusCityName":"서울"},{"BusNo":"9701","Type":"14","BlID":"1365","BusCityName":"서울"},{"BusNo":"9703","Type":"14","BlID":"1367","BusCityName":"서울"}]}]},{"GateNo":"3","GateLink": ["약수터"],"BUSSTOP": [{"StopName":"원당역","StopID":"101077","Bus": [{"BusNo":"95","Type":"1","BlID":"5557","BusCityName":"고양"},{"BusNo":"567","Type":"1","BlID":"12017","BusCityName":"파주"},{"BusNo":"05","Type":"1","BlID":"12118","BusCityName":"파주"},{"BusNo":"043","Type":"3","BlID":"5537","BusCityName":"고양"},{"BusNo":"045","Type":"3","BlID":"5625","BusCityName":"고양"},{"BusNo":"035","Type":"3","BlID":"5630","BusCityName":"고양"},{"BusNo":"706","Type":"11","BlID":"1501","BusCityName":"서울"},{"BusNo":"9701","Type":"14","BlID":"1365","BusCityName":"서울"},{"BusNo":"9703","Type":"14","BlID":"1367","BusCityName":"서울"}]}]},{"GateNo":"4","GateLink": ["동신아파트","신원당아파트","대명아파트","태영아파트","성라초등학교","성사2동주민센터","고양소방서","고양어울림누리"]},{"GateNo":"5","GateLink": ["원당지구대","성사1동주민센터","주교동우체국","고양시청","동국대학교 일산한방병원","동국대학교일산병원"],"BUSSTOP": [{"StopName":"원당역","StopID":"116666","Bus": [{"BusNo":"015","Type":"3","BlID":"5525","BusCityName":"고양"},{"BusNo":"016","Type":"3","BlID":"5611","BusCityName":"고양"},{"BusNo":"038","Type":"3","BlID":"5646","BusCityName":"고양"}]},{"StopName":"원당역","StopID":"206147","Bus": [{"BusNo":"029","Type":"3","BlID":"5633","BusCityName":"고양"}]}]},{"GateNo":"6","GateLink": ["성사초등학교","미도아파트","래미안휴레스트","대림E편한세상","명지병원"]}]}}}