{"result": {"stationName":"삼송","stationID":318,"type":3,"laneName":"수도권 3호선","laneCity":"수도권","x":126.8955814,"y":37.6531017,"prevOBJ": {"station": [{"stationName":"원흥","stationID":370,"type":3,"laneName":"수도권 3호선","laneCity":"수도권","x":126.8732581,"y":37.6507194}]},"nextOBJ": {"station": [{"stationName":"지축","stationID":319,"type":3,"laneName":"수도권 3호선","laneCity":"수도권","x":126.9137634,"y":37.6481255}]},"defaultInfo": {"address":"경기도 고양시 덕양구 삼송동 18-5","new_address":"경기도 고양시 덕양구 삼송로 194","tel":"1544-7788"},"useInfo": {"platform":2,"meetingPlace":0,"restroom":2,"offDoor":1,"crossOver":1,"publicPlace":0,"handicapCount":1,"parkingCount":0,"bicycleCount":1,"civilCount":0},"exitInfo": {"gate": [{"GateNo":"1","GateLink": ["구파발검문소","덕수교","창릉동"]},{"GateNo":"2","GateLink": ["삼송동","창릉천"]},{"GateNo":"3","GateLink": ["농협농산물직판장"]},{"GateNo":"4","GateLink": ["신도지구대","신도동우우체국","신도동주민센터"],"BUSSTOP": [{"StopName":"삼송역","StopID":"102147","Bus": [{"BusNo":"567","Type":"1","BlID":"12017","BusCityName":"파주"},{"BusNo":"705","Type":"11","BlID":"1374","BusCityName":"서울"},{"BusNo":"7733","Type":"12","BlID":"1304","BusCityName":"서울"}]},{"StopName":"삼송역4번출구","StopID":"201698","Bus": [{"BusNo":"047","Type":"3","BlID":"5502","BusCityName":"고양"},{"BusNo":"048","Type":"3","BlID":"5514","BusCityName":"고양"},{"BusNo":"093","Type":"3","BlID":"5515","BusCityName":"고양"},{"BusNo":"075A","Type":"3","BlID":"5521","BusCityName":"고양"},{"BusNo":"046","Type":"3","BlID":"5523","BusCityName":"고양"},{"BusNo":"040","Type":"3","BlID":"5526","BusCityName":"고양"},{"BusNo":"094","Type":"3","BlID":"5533","BusCityName":"고양"},{"BusNo":"043","Type":"3","BlID":"5537","BusCityName":"고양"},{"BusNo":"041","Type":"3","BlID":"5610","BusCityName":"고양"},{"BusNo":"045","Type":"3","BlID":"5625","BusCityName":"고양"},{"BusNo":"076","Type":"3","BlID":"5628","BusCityName":"고양"},{"BusNo":"042","Type":"3","BlID":"5635","BusCityName":"고양"},{"BusNo":"077","Type":"3","BlID":"5637","BusCityName":"고양"}]}]},{"GateNo":"5","GateLink": ["고양종합고등학교","고양중학교","농협대학방면"],"BUSSTOP": [{"StopName":"삼송역","StopID":"102158","Bus": [{"BusNo":"567","Type":"1","BlID":"12017","BusCityName":"파주"},{"BusNo":"705","Type":"11","BlID":"1374","BusCityName":"서울"},{"BusNo":"7733","Type":"12","BlID":"1304","BusCityName":"서울"}]},{"StopName":"삼송역5번출구","StopID":"201697","Bus": [{"BusNo":"047","Type":"3","BlID":"5502","BusCityName":"고양"},{"BusNo":"048","Type":"3","BlID":"5514","BusCityName":"고양"},{"BusNo":"093","Type":"3","BlID":"5515","BusCityName":"고양"},{"BusNo":"075A","Type":"3","BlID":"5521","BusCityName":"고양"},{"BusNo":"046","Type":"3","BlID":"5523","BusCityName":"고양"},{"BusNo":"040","Type":"3","BlID":"5526","BusCityName":"고양"},{"BusNo":"094","Type":"3","BlID":"5533","BusCityName":"고양"},{"BusNo":"043","Type":"3","BlID":"5537","BusCityName":"고양"},{"BusNo":"041","Type":"3","BlID":"5610","BusCityName":"고양"},{"BusNo":"033","Type":"3","BlID":"5623","BusCityName":"고양"},{"BusNo":"045","Type":"3","BlID":"5625","BusCityName":"고양"},{"BusNo":"076","Type":"3","BlID":"5628","BusCityName":"고양"},{"BusNo":"042","Type":"3","BlID":"5635","BusCityName":"고양"}]}]},{"GateNo":"6","GateLink": ["신도동"]},{"GateNo":"7","GateLink": ["삼송시장"],"BUSSTOP": [{"StopName":"삼송역7번출구","StopID":"201897","Bus": [{"BusNo":"037","Type":"3","BlID":"5531","BusCityName":"고양"},{"BusNo":"025","Type":"3","BlID":"5620","BusCityName":"고양"},{"BusNo":"026","Type":"3","BlID":"5642","BusCityName":"고양"},{"BusNo":"053","Type":"3","BlID":"5644","BusCityName":"고양"}]}]},{"GateNo":"8","GateLink": ["삼송초등학교"],"BUSSTOP": [{"StopName":"삼송역사거리.지축차량기지입구","StopID":"102242","Bus": [{"BusNo":"99","Type":"1","BlID":"12001","BusCityName":"파주"},{"BusNo":"30","Type":"1","BlID":"12028","BusCityName":"파주"},{"BusNo":"31","Type":"1","BlID":"12030","BusCityName":"파주"},{"BusNo":"333","Type":"1","BlID":"12032","BusCityName":"파주"},{"BusNo":"100","Type":"1","BlID":"12037","BusCityName":"파주"},{"BusNo":"17","Type":"1","BlID":"12047","BusCityName":"파주"},{"BusNo":"55","Type":"1","BlID":"12069","BusCityName":"파주"},{"BusNo":"330","Type":"1","BlID":"12119","BusCityName":"파주"},{"BusNo":"047","Type":"3","BlID":"5502","BusCityName":"고양"},{"BusNo":"093","Type":"3","BlID":"5515","BusCityName":"고양"},{"BusNo":"040","Type":"3","BlID":"5526","BusCityName":"고양"},{"BusNo":"094","Type":"3","BlID":"5533","BusCityName":"고양"},{"BusNo":"041","Type":"3","BlID":"5610","BusCityName":"고양"},{"BusNo":"076","Type":"3","BlID":"5628","BusCityName":"고양"},{"BusNo":"026","Type":"3","BlID":"5642","BusCityName":"고양"},{"BusNo":"9710","Type":"4","BlID":"12038","BusCityName":"파주"},{"BusNo":"760","Type":"11","BlID":"1149","BusCityName":"서울"},{"BusNo":"703","Type":"11","BlID":"1257","BusCityName":"서울"},{"BusNo":"9709","Type":"14","BlID":"1373","BusCityName":"서울"}]},{"StopName":"삼송역사거리.지축차량기지입구","StopID":"102251","Bus": [{"BusNo":"99","Type":"1","BlID":"12001","BusCityName":"파주"},{"BusNo":"30","Type":"1","BlID":"12028","BusCityName":"파주"},{"BusNo":"31","Type":"1","BlID":"12030","BusCityName":"파주"},{"BusNo":"333","Type":"1","BlID":"12032","BusCityName":"파주"},{"BusNo":"100","Type":"1","BlID":"12037","BusCityName":"파주"},{"BusNo":"17","Type":"1","BlID":"12047","BusCityName":"파주"},{"BusNo":"55","Type":"1","BlID":"12069","BusCityName":"파주"},{"BusNo":"330","Type":"1","BlID":"12119","BusCityName":"파주"},{"BusNo":"047","Type":"3","BlID":"5502","BusCityName":"고양"},{"BusNo":"093","Type":"3","BlID":"5515","BusCityName":"고양"},{"BusNo":"040","Type":"3","BlID":"5526","BusCityName":"고양"},{"BusNo":"037","Type":"3","BlID":"5531","BusCityName":"고양"},{"BusNo":"094","Type":"3","BlID":"5533","BusCityName":"고양"},{"BusNo":"041","Type":"3","BlID":"5610","BusCityName":"고양"},{"BusNo":"025","Type":"3","BlID":"5620","BusCityName":"고양"},{"BusNo":"033","Type":"3","BlID":"5623","BusCityName":"고양"},{"BusNo":"076","Type":"3","BlID":"5628","BusCityName":"고양"},{"BusNo":"026","Type":"3","BlID":"5642","BusCityName":"고양"},{"BusNo":"053","Type":"3","BlID":"5644","BusCityName":"고양"},{"BusNo":"9710","Type":"4","BlID":"12038","BusCityName":"파주"},{"BusNo":"760","Type":"11","BlID":"1149","BusCityName":"서울"},{"BusNo":"703","Type":"11","BlID":"1257","BusCityName":"서울"},{"BusNo":"9709","Type":"14","BlID":"1373","BusCityName":"서울"}]}]}]}}}