{"result": {"stationName":"지축","stationID":319,"type":3,"laneName":"수도권 3호선","laneCity":"수도권","x":126.9137634,"y":37.6481255,"prevOBJ": {"station": [{"stationName":"삼송","stationID":318,"type":3,"laneName":"수도권 3호선","laneCity":"수도권","x":126.8955814,"y":37.6531017}]},"nextOBJ": {"station": [{"stationName":"구파발","stationID":320,"type":3,"laneName":"수도권 3호선","laneCity":"수도권","x":126.9188484,"y":37.6365939}]},"defaultInfo": {"address":"경기도 고양시 덕양구 지축동 818-64","new_address":"경기도 고양시 덕양구 삼송로 300","tel":"1544-7788"},"useInfo": {"platform":1,"meetingPlace":0,"restroom":1,"offDoor":0,"crossOver":2,"publicPlace":0,"handicapCount":1,"parkingCount":0,"bicycleCount":1,"civilCount":0},"exitInfo": {"gate": [{"GateNo":"1","GateLink": ["지축동","지축기지","지축초등학교"]},{"GateNo":"2","GateLink": ["지축동","지축기지","지축초등학교"]}]}}}