{"result": {"stationName":"구파발","stationID":320,"type":3,"laneName":"수도권 3호선","laneCity":"수도권","x":126.9188484,"y":37.6365939,"prevOBJ": {"station": [{"stationName":"지축","stationID":319,"type":3,"laneName":"수도권 3호선","laneCity":"수도권","x":126.9137634,"y":37.6481255}]},"nextOBJ": {"station": [{"stationName":"연신내","stationID":321,"type":3,"laneName":"수도권 3호선","laneCity":"수도권","x":126.9211977,"y":37.6190544}]},"defaultInfo": {"address":"서울특별시 은평구 진관동 67-26","new_address":"서울특별시 은평구 진관2로 15-25","tel":"02-6110-3201"},"useInfo": {"platform":1,"meetingPlace":1,"restroom":2,"offDoor":0,"crossOver":2,"publicPlace":0,"handicapCount":1,"parkingCount":1,"bicycleCount":1,"civilCount":0},"exitInfo": {"gate": [{"GateNo":"1","GateLink": ["북한산방면","구파발폭포","은평뉴타운홍보관및현장사무소","진관중학교","진관초등학교"],"BUSSTOP": [{"StopName":"구파발역2번출구","StopID":"195500","Bus": [{"BusNo":"99","Type":"1","BlID":"12001","BusCityName":"파주"},{"BusNo":"567","Type":"1","BlID":"12017","BusCityName":"파주"},{"BusNo":"360","Type":"1","BlID":"12024","BusCityName":"파주"},{"BusNo":"34","Type":"1","BlID":"12026","BusCityName":"파주"},{"BusNo":"30","Type":"1","BlID":"12028","BusCityName":"파주"},{"BusNo":"31","Type":"1","BlID":"12030","BusCityName":"파주"},{"BusNo":"333","Type":"1","BlID":"12032","BusCityName":"파주"},{"BusNo":"100","Type":"1","BlID":"12037","BusCityName":"파주"},{"BusNo":"17","Type":"1","BlID":"12047","BusCityName":"파주"},{"BusNo":"55","Type":"1","BlID":"12069","BusCityName":"파주"},{"BusNo":"330","Type":"1","BlID":"12119","BusCityName":"파주"},{"BusNo":"15-1(막차노선)","Type":"3","BlID":"17052","BusCityName":"양주"},{"BusNo":"N37","Type":"11","BlID":"524","BusCityName":"서울"},{"BusNo":"471","Type":"11","BlID":"1072","BusCityName":"서울"},{"BusNo":"704","Type":"11","BlID":"1258","BusCityName":"서울"},{"BusNo":"720","Type":"11","BlID":"1270","BusCityName":"서울"},{"BusNo":"705","Type":"11","BlID":"1374","BusCityName":"서울"},{"BusNo":"7211","Type":"12","BlID":"1271","BusCityName":"서울"},{"BusNo":"7722","Type":"12","BlID":"1294","BusCityName":"서울"},{"BusNo":"7723","Type":"12","BlID":"1295","BusCityName":"서울"},{"BusNo":"7733","Type":"12","BlID":"1304","BusCityName":"서울"},{"BusNo":"8772(맞춤버스)","Type":"12","BlID":"1717","BusCityName":"서울"}]}]},{"GateNo":"2","GateLink": ["신도중학교","기자촌방면","서울은진초등학교","신도초등학교","은평웹미디어고등학교","진관동주민센터"],"BUSSTOP": [{"StopName":"진관동주민센타","StopID":"194268","Bus": [{"BusNo":"720","Type":"11","BlID":"1270","BusCityName":"서울"},{"BusNo":"7723","Type":"12","BlID":"1295","BusCityName":"서울"}]},{"StopName":"진관동주민센터","StopID":"194269","Bus": [{"BusNo":"720","Type":"11","BlID":"1270","BusCityName":"서울"},{"BusNo":"7723","Type":"12","BlID":"1295","BusCityName":"서울"}]}]},{"GateNo":"3","GateLink": ["연신내방면","은평노인종합복지관"],"BUSSTOP": [{"StopName":"구파발역3번출구","StopID":"102977","Bus": [{"BusNo":"99","Type":"1","BlID":"12001","BusCityName":"파주"},{"BusNo":"567","Type":"1","BlID":"12017","BusCityName":"파주"},{"BusNo":"360","Type":"1","BlID":"12024","BusCityName":"파주"},{"BusNo":"34","Type":"1","BlID":"12026","BusCityName":"파주"},{"BusNo":"30","Type":"1","BlID":"12028","BusCityName":"파주"},{"BusNo":"31","Type":"1","BlID":"12030","BusCityName":"파주"},{"BusNo":"100","Type":"1","BlID":"12037","BusCityName":"파주"},{"BusNo":"17","Type":"1","BlID":"12047","BusCityName":"파주"},{"BusNo":"55","Type":"1","BlID":"12069","BusCityName":"파주"},{"BusNo":"330","Type":"1","BlID":"12119","BusCityName":"파주"},{"BusNo":"15-1(긴급)","Type":"3","BlID":"17030","BusCityName":"양주"},{"BusNo":"15-1(막차노선)","Type":"3","BlID":"17052","BusCityName":"양주"},{"BusNo":"N37","Type":"11","BlID":"524","BusCityName":"서울"},{"BusNo":"471","Type":"11","BlID":"1072","BusCityName":"서울"},{"BusNo":"704","Type":"11","BlID":"1258","BusCityName":"서울"},{"BusNo":"720","Type":"11","BlID":"1270","BusCityName":"서울"},{"BusNo":"705","Type":"11","BlID":"1374","BusCityName":"서울"},{"BusNo":"7211","Type":"12","BlID":"1271","BusCityName":"서울"},{"BusNo":"7722","Type":"12","BlID":"1294","BusCityName":"서울"},{"BusNo":"7723","Type":"12","BlID":"1295","BusCityName":"서울"},{"BusNo":"7733","Type":"12","BlID":"1304","BusCityName":"서울"},{"BusNo":"8772(맞춤버스)","Type":"12","BlID":"1717","BusCityName":"서울"}]}]},{"GateNo":"4","GateLink": ["통일로방면"],"BUSSTOP": [{"StopName":"구파발역","StopID":"194743","Bus": [{"BusNo":"6012","Type":"5","BlID":"1789","BusCityName":"서울"}]},{"StopName":"구파발역4번출구","StopID":"194914","Bus": [{"BusNo":"100","Type":"1","BlID":"12037","BusCityName":"파주"}]}]}]}}}