{"result": {"stationName":"연신내","stationID":321,"type":3,"laneName":"수도권 3호선","laneCity":"수도권","x":126.9211977,"y":37.6190544,"exOBJ": {"station": [{"stationName":"연신내","stationID":614,"type":6,"laneName":"수도권 6호선","laneCity":"수도권"}]},"prevOBJ": {"station": [{"stationName":"구파발","stationID":320,"type":3,"laneName":"수도권 3호선","laneCity":"수도권","x":126.9188484,"y":37.6365939}]},"nextOBJ": {"station": [{"stationName":"불광","stationID":322,"type":3,"laneName":"수도권 3호선","laneCity":"수도권","x":126.9302408,"y":37.6100812}]},"defaultInfo": {"address":"서울특별시 은평구 갈현동 397","new_address":"서울특별시 은평구 통일로 849","tel":"02-6110-3211"},"useInfo": {"platform":1,"meetingPlace":0,"restroom":2,"offDoor":0,"crossOver":2,"publicPlace":0,"handicapCount":1,"parkingCount":0,"bicycleCount":1,"civilCount":1},"exitInfo": {"gate": [{"GateNo":"1","GateLink": ["구파발방면","불광2동","연천중학교","세명컴퓨터고등학교","한국방송통신대학서부별관"],"BUSSTOP": [{"StopName":"연서시장","StopID":"85263","Bus": [{"BusNo":"은평09","Type":"3","BlID":"531","BusCityName":"서울"}]}]},{"GateNo":"2","GateLink": ["연신중학교","연신초등학교","연서시장","불광2동","서울연광초등학교"],"BUSSTOP": [{"StopName":"연서시장","StopID":"103117","Bus": [{"BusNo":"571","Type":"11","BlID":"1150","BusCityName":"서울"},{"BusNo":"701","Type":"11","BlID":"1241","BusCityName":"서울"},{"BusNo":"720","Type":"11","BlID":"1270","BusCityName":"서울"},{"BusNo":"7211","Type":"12","BlID":"1271","BusCityName":"서울"}]},{"StopName":"연서시장","StopID":"193531","Bus": [{"BusNo":"은평06","Type":"3","BlID":"504","BusCityName":"서울"}]},{"StopName":"연신내역.연서시장","StopID":"195021","Bus": [{"BusNo":"99","Type":"1","BlID":"12001","BusCityName":"파주"},{"BusNo":"567","Type":"1","BlID":"12017","BusCityName":"파주"},{"BusNo":"360","Type":"1","BlID":"12024","BusCityName":"파주"},{"BusNo":"34","Type":"1","BlID":"12026","BusCityName":"파주"},{"BusNo":"30","Type":"1","BlID":"12028","BusCityName":"파주"},{"BusNo":"31","Type":"1","BlID":"12030","BusCityName":"파주"},{"BusNo":"100","Type":"1","BlID":"12037","BusCityName":"파주"},{"BusNo":"17","Type":"1","BlID":"12047","BusCityName":"파주"},{"BusNo":"55","Type":"1","BlID":"12069","BusCityName":"파주"},{"BusNo":"330","Type":"1","BlID":"12119","BusCityName":"파주"},{"BusNo":"9710","Type":"4","BlID":"12038","BusCityName":"파주"},{"BusNo":"6012","Type":"5","BlID":"1789","BusCityName":"서울"},{"BusNo":"N37","Type":"11","BlID":"524","BusCityName":"서울"},{"BusNo":"471","Type":"11","BlID":"1072","BusCityName":"서울"},{"BusNo":"703","Type":"11","BlID":"1257","BusCityName":"서울"},{"BusNo":"704","Type":"11","BlID":"1258","BusCityName":"서울"},{"BusNo":"705","Type":"11","BlID":"1374","BusCityName":"서울"},{"BusNo":"706","Type":"11","BlID":"1501","BusCityName":"서울"},{"BusNo":"9703","Type":"14","BlID":"1367","BusCityName":"서울"},{"BusNo":"9709","Type":"14","BlID":"1373","BusCityName":"서울"}]}]},{"GateNo":"3","GateLink": ["불광1동","은혜초등학교","연천초등학교","불광중학교","은평경찰서","은평구립도서관","은평노인종합복지관"],"BUSSTOP": [{"StopName":"연신내역","StopID":"103115","Bus": [{"BusNo":"701","Type":"11","BlID":"1241","BusCityName":"서울"},{"BusNo":"720","Type":"11","BlID":"1270","BusCityName":"서울"},{"BusNo":"7211","Type":"12","BlID":"1271","BusCityName":"서울"}]},{"StopName":"연서시장","StopID":"103126","Bus": [{"BusNo":"571","Type":"11","BlID":"1150","BusCityName":"서울"},{"BusNo":"701","Type":"11","BlID":"1241","BusCityName":"서울"},{"BusNo":"720","Type":"11","BlID":"1270","BusCityName":"서울"},{"BusNo":"7211","Type":"12","BlID":"1271","BusCityName":"서울"}]},{"StopName":"연서시장","StopID":"193530","Bus": [{"BusNo":"은평06","Type":"3","BlID":"504","BusCityName":"서울"}]},{"StopName":"연신내역.연서시장","StopID":"195022","Bus": [{"BusNo":"99","Type":"1","BlID":"12001","BusCityName":"파주"},{"BusNo":"567","Type":"1","BlID":"12017","BusCityName":"파주"},{"BusNo":"360","Type":"1","BlID":"12024","BusCityName":"파주"},{"BusNo":"34","Type":"1","BlID":"12026","BusCityName":"파주"},{"BusNo":"30","Type":"1","BlID":"12028","BusCityName":"파주"},{"BusNo":"100","Type":"1","BlID":"12037","BusCityName":"파주"},{"BusNo":"17","Type":"1","BlID":"12047","BusCityName":"파주"},{"BusNo":"55","Type":"1","BlID":"12069","BusCityName":"파주"},{"BusNo":"330","Type":"1","BlID":"12119","BusCityName":"파주"},{"BusNo":"9710","Type":"4","BlID":"12038","BusCityName":"파주"},{"BusNo":"6012","Type":"5","BlID":"1789","BusCityName":"서울"},{"BusNo":"N37","Type":"11","BlID":"524","BusCityName":"서울"},{"BusNo":"471","Type":"11","BlID":"1072","BusCityName":"서울"},{"BusNo":"703","Type":"11","BlID":"1257","BusCityName":"서울"},{"BusNo":"704","Type":"11","BlID":"1258","BusCityName":"서울"},{"BusNo":"705","Type":"11","BlID":"1374","BusCityName":"서울"},{"BusNo":"706","Type":"11","BlID":"1501","BusCityName":"서울"},{"BusNo":"9703","Type":"14","BlID":"1367","BusCityName":"서울"},{"BusNo":"9709","Type":"14","BlID":"1373","BusCityName":"서울"}]}]},{"GateNo":"4","GateLink": ["대조동","동명여고","풀잎문화센터 연신내지부"],"BUSSTOP": [{"StopName":"연신내역","StopID":"162934","Bus": [{"BusNo":"701","Type":"11","BlID":"1241","BusCityName":"서울"},{"BusNo":"720","Type":"11","BlID":"1270","BusCityName":"서울"},{"BusNo":"7211","Type":"12","BlID":"1271","BusCityName":"서울"},{"BusNo":"7715","Type":"12","BlID":"1287","BusCityName":"서울"}]}]},{"GateNo":"5","GateLink": ["대조동 주민센터","대조초등학교","SC제일은행 연신내지점","한나대투증권 연신내지점"],"BUSSTOP": [{"StopName":"연신내역.로데오거리","StopID":"103040","Bus": [{"BusNo":"760","Type":"11","BlID":"1149","BusCityName":"서울"},{"BusNo":"571","Type":"11","BlID":"1150","BusCityName":"서울"},{"BusNo":"753","Type":"11","BlID":"1277","BusCityName":"서울"},{"BusNo":"7715","Type":"12","BlID":"1287","BusCityName":"서울"},{"BusNo":"7720","Type":"12","BlID":"1292","BusCityName":"서울"}]},{"StopName":"연신내역.물빛공원","StopID":"193528","Bus": [{"BusNo":"은평06","Type":"3","BlID":"504","BusCityName":"서울"},{"BusNo":"은평09","Type":"3","BlID":"531","BusCityName":"서울"}]}]},{"GateNo":"6","GateLink": ["예일여고방면","갈현2동","갈현2동 주민센터","갈현초등학교","선일여고","중앙성서교회"],"BUSSTOP": [{"StopName":"연신내역.로데오거리","StopID":"103028","Bus": [{"BusNo":"760","Type":"11","BlID":"1149","BusCityName":"서울"},{"BusNo":"571","Type":"11","BlID":"1150","BusCityName":"서울"},{"BusNo":"753","Type":"11","BlID":"1277","BusCityName":"서울"},{"BusNo":"7720","Type":"12","BlID":"1292","BusCityName":"서울"}]},{"StopName":"연신내역6번출구","StopID":"125903","Bus": [{"BusNo":"은평01","Type":"3","BlID":"1686","BusCityName":"서울"},{"BusNo":"은평03","Type":"3","BlID":"1688","BusCityName":"서울"}]},{"StopName":"연신내역.물빛공원","StopID":"193529","Bus": [{"BusNo":"은평06","Type":"3","BlID":"504","BusCityName":"서울"},{"BusNo":"은평09","Type":"3","BlID":"531","BusCityName":"서울"}]}]},{"GateNo":"7","GateLink": ["구파발방면"],"BUSSTOP": [{"StopName":"청구성심병원후문","StopID":"194383","Bus": [{"BusNo":"은평01","Type":"3","BlID":"1686","BusCityName":"서울"},{"BusNo":"은평03","Type":"3","BlID":"1688","BusCityName":"서울"}]}]}]}}}