{"result": {"stationName":"불광","stationID":322,"type":3,"laneName":"수도권 3호선","laneCity":"수도권","x":126.9302408,"y":37.6100812,"exOBJ": {"station": [{"stationName":"불광","stationID":612,"type":6,"laneName":"수도권 6호선","laneCity":"수도권"}]},"prevOBJ": {"station": [{"stationName":"연신내","stationID":321,"type":3,"laneName":"수도권 3호선","laneCity":"수도권","x":126.9211977,"y":37.6190544}]},"nextOBJ": {"station": [{"stationName":"녹번","stationID":323,"type":3,"laneName":"수도권 3호선","laneCity":"수도권","x":126.9357744,"y":37.6008776}]},"defaultInfo": {"address":"서울특별시 은평구 대조동 14-1","new_address":"서울특별시 은평구 통일로 723-1","tel":"02-6110-3221"},"useInfo": {"platform":2,"meetingPlace":0,"restroom":2,"offDoor":1,"crossOver":1,"publicPlace":0,"handicapCount":1,"parkingCount":0,"bicycleCount":1,"civilCount":0},"exitInfo": {"gate": [{"GateNo":"1","GateLink": ["구기터널방면","불광1동","불광제1동 주민센터"]},{"GateNo":"2","GateLink": ["구기터널방면","불광1동 사무소","한국여성정책연구원","한국보건사회연구원","한국환경산업기술원","한국환경정책.평가연구원","국립환경과학원 수도권대기오염집중측정소","은평구선거관리위원회","한국양성평등교육진흥원","한국보건복지인력개발원"],"BUSSTOP": [{"StopName":"불광역","StopID":"103450","Bus": [{"BusNo":"360","Type":"1","BlID":"12024","BusCityName":"파주"},{"BusNo":"7211","Type":"12","BlID":"1271","BusCityName":"서울"}]},{"StopName":"불광역.불광1동주민센터","StopID":"103528","Bus": [{"BusNo":"7212","Type":"12","BlID":"518","BusCityName":"서울"},{"BusNo":"7022","Type":"12","BlID":"1255","BusCityName":"서울"},{"BusNo":"7211","Type":"12","BlID":"1271","BusCityName":"서울"}]},{"StopName":"불광역.불광1동주민센터","StopID":"103530","Bus": [{"BusNo":"7212","Type":"12","BlID":"518","BusCityName":"서울"},{"BusNo":"7022","Type":"12","BlID":"1255","BusCityName":"서울"},{"BusNo":"7211","Type":"12","BlID":"1271","BusCityName":"서울"}]},{"StopName":"불광역","StopID":"162943","Bus": [{"BusNo":"6012","Type":"5","BlID":"1789","BusCityName":"서울"}]}]},{"GateNo":"3","GateLink": ["녹번동방면","현대아파트","한전","대한검정회"],"BUSSTOP": [{"StopName":"양광교회","StopID":"103416","Bus": [{"BusNo":"34","Type":"1","BlID":"12026","BusCityName":"파주"},{"BusNo":"30","Type":"1","BlID":"12028","BusCityName":"파주"},{"BusNo":"100","Type":"1","BlID":"12037","BusCityName":"파주"},{"BusNo":"55","Type":"1","BlID":"12069","BusCityName":"파주"},{"BusNo":"7212","Type":"12","BlID":"518","BusCityName":"서울"},{"BusNo":"7022","Type":"12","BlID":"1255","BusCityName":"서울"}]},{"StopName":"양광교회앞","StopID":"125921","Bus": [{"BusNo":"은평02","Type":"3","BlID":"1687","BusCityName":"서울"},{"BusNo":"은평04","Type":"3","BlID":"1689","BusCityName":"서울"}]},{"StopName":"불광전철역","StopID":"152751","Bus": [{"BusNo":"은평07","Type":"3","BlID":"535","BusCityName":"서울"},{"BusNo":"은평02","Type":"3","BlID":"1687","BusCityName":"서울"},{"BusNo":"은평04","Type":"3","BlID":"1689","BusCityName":"서울"}]},{"StopName":"불광역","StopID":"162944","Bus": [{"BusNo":"6012","Type":"5","BlID":"1789","BusCityName":"서울"}]},{"StopName":"불광역","StopID":"193368","Bus": [{"BusNo":"34","Type":"1","BlID":"12026","BusCityName":"파주"},{"BusNo":"100","Type":"1","BlID":"12037","BusCityName":"파주"},{"BusNo":"55","Type":"1","BlID":"12069","BusCityName":"파주"},{"BusNo":"330","Type":"1","BlID":"12119","BusCityName":"파주"}]}]},{"GateNo":"4","GateLink": ["녹번동방면"]},{"GateNo":"5","GateLink": ["불광시장","기업은행 불광동지점","서부시외버스터미널","불광우체국","대조동","대조치안센터","국민건강보험공단"]},{"GateNo":"6","GateLink": ["대조시장","불광시장"]},{"GateNo":"7","GateLink": ["대조동","서부시외버스터미널","불광우체국","대조치안센터","국민건강보험공단","대은초등학교","동명여자정보산업고교","대조초등학교"],"BUSSTOP": [{"StopName":"서부시외버스터미널","StopID":"103343","Bus": [{"BusNo":"7211","Type":"12","BlID":"1271","BusCityName":"서울"}]}]},{"GateNo":"8","GateLink": ["불광초등학교","국민연금서대문은평지사","은평여성인력센터","불광1치안센터"],"BUSSTOP": [{"StopName":"서부시외버스터미널","StopID":"103366","Bus": [{"BusNo":"7211","Type":"12","BlID":"1271","BusCityName":"서울"}]},{"StopName":"불광초등학교","StopID":"103457","Bus": [{"BusNo":"은평07","Type":"3","BlID":"535","BusCityName":"서울"},{"BusNo":"7720","Type":"12","BlID":"1292","BusCityName":"서울"}]}]},{"GateNo":"9","GateLink": ["불광1동"],"BUSSTOP": [{"StopName":"불광역9번출구.불광초등학교","StopID":"103460","Bus": [{"BusNo":"7720","Type":"12","BlID":"1292","BusCityName":"서울"}]}]}]}}}