{"result": {"stationName":"녹번","stationID":323,"type":3,"laneName":"수도권 3호선","laneCity":"수도권","x":126.9357744,"y":37.6008776,"prevOBJ": {"station": [{"stationName":"불광","stationID":322,"type":3,"laneName":"수도권 3호선","laneCity":"수도권","x":126.9302408,"y":37.6100812}]},"nextOBJ": {"station": [{"stationName":"홍제","stationID":324,"type":3,"laneName":"수도권 3호선","laneCity":"수도권","x":126.94411,"y":37.5887974}]},"defaultInfo": {"address":"서울특별시 은평구 녹번동 55","new_address":"서울특별시 은평구 통일로 602-1","tel":"02-6110-3231"},"useInfo": {"platform":1,"meetingPlace":0,"restroom":2,"offDoor":0,"crossOver":2,"publicPlace":0,"handicapCount":1,"parkingCount":0,"bicycleCount":1,"civilCount":0},"exitInfo": {"gate": [{"GateNo":"1","GateLink": ["녹번동방면","불광방면"]},{"GateNo":"2","GateLink": ["홍은동방면","대림아파트","녹번JR아파트"],"BUSSTOP": [{"StopName":"녹번동대림JR아파트앞","StopID":"151836","Bus": [{"BusNo":"567","Type":"1","BlID":"12017","BusCityName":"파주"},{"BusNo":"7714","Type":"12","BlID":"551","BusCityName":"서울"},{"BusNo":"7719","Type":"12","BlID":"1291","BusCityName":"서울"},{"BusNo":"7720","Type":"12","BlID":"1292","BusCityName":"서울"}]}]},{"GateNo":"3","GateLink": ["은평등기소","서울특별시 꿈나무 마을","녹번시장","기업은행 응암지점","응암1동"]},{"GateNo":"4","GateLink": ["은평구청","은평소방서","은평초등학교","녹번종합사회복지관","녹번종합사회복지관 은평외국인근로자센터","녹번동주민센터"],"BUSSTOP": [{"StopName":"녹번역","StopID":"103597","Bus": [{"BusNo":"702A(서오릉)","Type":"11","BlID":"1252","BusCityName":"서울"},{"BusNo":"752","Type":"11","BlID":"1276","BusCityName":"서울"},{"BusNo":"702B(용두초교)","Type":"11","BlID":"1404","BusCityName":"서울"},{"BusNo":"7714","Type":"12","BlID":"551","BusCityName":"서울"},{"BusNo":"7019","Type":"12","BlID":"1251","BusCityName":"서울"},{"BusNo":"7025","Type":"12","BlID":"1265","BusCityName":"서울"},{"BusNo":"7719","Type":"12","BlID":"1291","BusCityName":"서울"},{"BusNo":"7722","Type":"12","BlID":"1294","BusCityName":"서울"},{"BusNo":"7730","Type":"12","BlID":"1302","BusCityName":"서울"},{"BusNo":"9701","Type":"14","BlID":"1365","BusCityName":"서울"}]}]},{"GateNo":"5","GateLink": ["녹번동","불광방면","한국전력공사"],"BUSSTOP": [{"StopName":"녹번역","StopID":"103559","Bus": [{"BusNo":"702A(서오릉)","Type":"11","BlID":"1252","BusCityName":"서울"},{"BusNo":"752","Type":"11","BlID":"1276","BusCityName":"서울"},{"BusNo":"702B(용두초교)","Type":"11","BlID":"1404","BusCityName":"서울"},{"BusNo":"7722","Type":"12","BlID":"1294","BusCityName":"서울"},{"BusNo":"9701","Type":"14","BlID":"1365","BusCityName":"서울"}]},{"StopName":"녹번역","StopID":"193413","Bus": [{"BusNo":"은평05","Type":"3","BlID":"1690","BusCityName":"서울"},{"BusNo":"7714","Type":"12","BlID":"551","BusCityName":"서울"},{"BusNo":"7019","Type":"12","BlID":"1251","BusCityName":"서울"},{"BusNo":"7025","Type":"12","BlID":"1265","BusCityName":"서울"},{"BusNo":"7719","Type":"12","BlID":"1291","BusCityName":"서울"},{"BusNo":"7730","Type":"12","BlID":"1302","BusCityName":"서울"}]}]}]}}}