{"result": {"stationName":"홍제","stationID":324,"type":3,"laneName":"수도권 3호선","laneCity":"수도권","x":126.94411,"y":37.5887974,"prevOBJ": {"station": [{"stationName":"녹번","stationID":323,"type":3,"laneName":"수도권 3호선","laneCity":"수도권","x":126.9357744,"y":37.6008776}]},"nextOBJ": {"station": [{"stationName":"무악재","stationID":325,"type":3,"laneName":"수도권 3호선","laneCity":"수도권","x":126.9501858,"y":37.5826704}]},"defaultInfo": {"address":"서울특별시 서대문구 홍제동 161-1","new_address":"서울특별시 서대문구 통일로 440-1","tel":"02-6110-3241"},"useInfo": {"platform":1,"meetingPlace":0,"restroom":2,"offDoor":0,"crossOver":2,"publicPlace":0,"handicapCount":1,"parkingCount":0,"bicycleCount":1,"civilCount":0},"exitInfo": {"gate": [{"GateNo":"1","GateLink": ["세검정길","홍은1동 주민센터","홍제초등학교","서울여자간호대학","풍림벽산아파트","문화촌아파트","녹번방면"],"BUSSTOP": [{"StopName":"홍제역.1번출구","StopID":"123957","Bus": [{"BusNo":"서대문07","Type":"3","BlID":"1567","BusCityName":"서울"},{"BusNo":"서대문08","Type":"3","BlID":"1568","BusCityName":"서울"},{"BusNo":"서대문12","Type":"3","BlID":"1585","BusCityName":"서울"},{"BusNo":"서대문13","Type":"3","BlID":"1587","BusCityName":"서울"}]},{"StopName":"유진상가.원일시장","StopID":"152663","Bus": [{"BusNo":"서대문07","Type":"3","BlID":"1567","BusCityName":"서울"},{"BusNo":"서대문08","Type":"3","BlID":"1568","BusCityName":"서울"},{"BusNo":"서대문11","Type":"3","BlID":"1583","BusCityName":"서울"},{"BusNo":"서대문12","Type":"3","BlID":"1585","BusCityName":"서울"},{"BusNo":"서대문13","Type":"3","BlID":"1587","BusCityName":"서울"}]}]},{"GateNo":"2","GateLink": ["홍제동","서대문세무서","현대아파트","기업은행","그랜드 힐튼 서울","인왕초등학교"],"BUSSTOP": [{"StopName":"홍제역","StopID":"80505","Bus": [{"BusNo":"99","Type":"1","BlID":"12001","BusCityName":"파주"},{"BusNo":"서대문11","Type":"3","BlID":"1583","BusCityName":"서울"},{"BusNo":"9710","Type":"4","BlID":"12038","BusCityName":"파주"},{"BusNo":"6005","Type":"5","BlID":"1775","BusCityName":"서울"},{"BusNo":"N37","Type":"11","BlID":"524","BusCityName":"서울"},{"BusNo":"471","Type":"11","BlID":"1072","BusCityName":"서울"},{"BusNo":"701","Type":"11","BlID":"1241","BusCityName":"서울"},{"BusNo":"702A(서오릉)","Type":"11","BlID":"1252","BusCityName":"서울"},{"BusNo":"703","Type":"11","BlID":"1257","BusCityName":"서울"},{"BusNo":"704","Type":"11","BlID":"1258","BusCityName":"서울"},{"BusNo":"720","Type":"11","BlID":"1270","BusCityName":"서울"},{"BusNo":"752","Type":"11","BlID":"1276","BusCityName":"서울"},{"BusNo":"705","Type":"11","BlID":"1374","BusCityName":"서울"},{"BusNo":"702B(용두초교)","Type":"11","BlID":"1404","BusCityName":"서울"},{"BusNo":"706","Type":"11","BlID":"1501","BusCityName":"서울"},{"BusNo":"7019","Type":"12","BlID":"1251","BusCityName":"서울"},{"BusNo":"7021","Type":"12","BlID":"1254","BusCityName":"서울"},{"BusNo":"7025","Type":"12","BlID":"1265","BusCityName":"서울"},{"BusNo":"9701","Type":"14","BlID":"1365","BusCityName":"서울"},{"BusNo":"9703","Type":"14","BlID":"1367","BusCityName":"서울"},{"BusNo":"9709","Type":"14","BlID":"1373","BusCityName":"서울"}]}]},{"GateNo":"3","GateLink": ["홍제1동","홍제1동 주민센터","서대문구청","홍제치안센터","홍제우체국","고은초등학교","서대문도서관","서부노인복지센터","서대문등기소","무악재방면","건강보험서대문지사","서울예술전문학교","디지털서울문화예술대학교"],"BUSSTOP": [{"StopName":"홍제역","StopID":"80504","Bus": [{"BusNo":"99","Type":"1","BlID":"12001","BusCityName":"파주"},{"BusNo":"서대문11","Type":"3","BlID":"1583","BusCityName":"서울"},{"BusNo":"9710","Type":"4","BlID":"12038","BusCityName":"파주"},{"BusNo":"6005","Type":"5","BlID":"1775","BusCityName":"서울"},{"BusNo":"N37","Type":"11","BlID":"524","BusCityName":"서울"},{"BusNo":"471","Type":"11","BlID":"1072","BusCityName":"서울"},{"BusNo":"701","Type":"11","BlID":"1241","BusCityName":"서울"},{"BusNo":"702A(서오릉)","Type":"11","BlID":"1252","BusCityName":"서울"},{"BusNo":"703","Type":"11","BlID":"1257","BusCityName":"서울"},{"BusNo":"704","Type":"11","BlID":"1258","BusCityName":"서울"},{"BusNo":"720","Type":"11","BlID":"1270","BusCityName":"서울"},{"BusNo":"752","Type":"11","BlID":"1276","BusCityName":"서울"},{"BusNo":"705","Type":"11","BlID":"1374","BusCityName":"서울"},{"BusNo":"702B(용두초교)","Type":"11","BlID":"1404","BusCityName":"서울"},{"BusNo":"706","Type":"11","BlID":"1501","BusCityName":"서울"},{"BusNo":"7019","Type":"12","BlID":"1251","BusCityName":"서울"},{"BusNo":"7021","Type":"12","BlID":"1254","BusCityName":"서울"},{"BusNo":"7025","Type":"12","BlID":"1265","BusCityName":"서울"},{"BusNo":"9701","Type":"14","BlID":"1365","BusCityName":"서울"},{"BusNo":"9703","Type":"14","BlID":"1367","BusCityName":"서울"},{"BusNo":"9709","Type":"14","BlID":"1373","BusCityName":"서울"}]},{"StopName":"홍제역.3번출구","StopID":"196263","Bus": [{"BusNo":"서대문09(홍제역순환)","Type":"3","BlID":"533","BusCityName":"서울"},{"BusNo":"서대문01","Type":"3","BlID":"1550","BusCityName":"서울"},{"BusNo":"서대문09(동남슈퍼)","Type":"3","BlID":"1571","BusCityName":"서울"},{"BusNo":"서대문10","Type":"3","BlID":"1574","BusCityName":"서울"},{"BusNo":"서대문14","Type":"3","BlID":"1586","BusCityName":"서울"},{"BusNo":"서대문13","Type":"3","BlID":"1587","BusCityName":"서울"}]}]},{"GateNo":"4","GateLink": ["홍은동사거리","연희로","홍제현대아파트","홍은현대아파트","홍제남양아파트"],"BUSSTOP": [{"StopName":"홍제역4번출구","StopID":"84302","Bus": [{"BusNo":"7713","Type":"12","BlID":"1285","BusCityName":"서울"},{"BusNo":"7738","Type":"12","BlID":"1489","BusCityName":"서울"}]},{"StopName":"유진상가","StopID":"196262","Bus": [{"BusNo":"서대문09(홍제역순환)","Type":"3","BlID":"533","BusCityName":"서울"},{"BusNo":"서대문01","Type":"3","BlID":"1550","BusCityName":"서울"},{"BusNo":"서대문09(동남슈퍼)","Type":"3","BlID":"1571","BusCityName":"서울"},{"BusNo":"서대문10","Type":"3","BlID":"1574","BusCityName":"서울"},{"BusNo":"서대문14","Type":"3","BlID":"1586","BusCityName":"서울"},{"BusNo":"서대문13","Type":"3","BlID":"1587","BusCityName":"서울"}]}]}]}}}