{"result": {"stationName":"무악재","stationID":325,"type":3,"laneName":"수도권 3호선","laneCity":"수도권","x":126.9501858,"y":37.5826704,"prevOBJ": {"station": [{"stationName":"홍제","stationID":324,"type":3,"laneName":"수도권 3호선","laneCity":"수도권","x":126.94411,"y":37.5887974}]},"nextOBJ": {"station": [{"stationName":"독립문","stationID":326,"type":3,"laneName":"수도권 3호선","laneCity":"수도권","x":126.9579311,"y":37.5744584}]},"defaultInfo": {"address":"서울특별시 서대문구 홍제동 26-1","new_address":"서울특별시 서대문구 통일로 361","tel":"02-6110-3251"},"useInfo": {"platform":2,"meetingPlace":1,"restroom":1,"offDoor":1,"crossOver":2,"publicPlace":0,"handicapCount":1,"parkingCount":0,"bicycleCount":1,"civilCount":0},"exitInfo": {"gate": [{"GateNo":"1","GateLink": ["홍제2동","홍제2동 주민센터","안산치안센터","서부수도사업소","인왕아파트","안산맨션아파트","인왕궁맨션아파트","인왕산현대아파트","홍제원현대아파트","인왕산 어울림아파트"]},{"GateNo":"2","GateLink": ["무악재방면","독립문방면","청구아파트"]},{"GateNo":"3","GateLink": ["독립문방면","무악재방면","안산초등학교","홍제삼성래미안아파트"]},{"GateNo":"4","GateLink": ["홍제1동","한양아파트","고은맨션아파트","무악재한화아파트","우리은행 무악재지점"]}]}}}