{"result": {"stationName":"독립문","stationID":326,"type":3,"laneName":"수도권 3호선","laneCity":"수도권","x":126.9579311,"y":37.5744584,"prevOBJ": {"station": [{"stationName":"무악재","stationID":325,"type":3,"laneName":"수도권 3호선","laneCity":"수도권","x":126.9501858,"y":37.5826704}]},"nextOBJ": {"station": [{"stationName":"경복궁","stationID":327,"type":3,"laneName":"수도권 3호선","laneCity":"수도권","x":126.9736027,"y":37.575848}]},"defaultInfo": {"address":"서울특별시 서대문구 현저동 101","new_address":"서울특별시 서대문구 통일로 247","tel":"02-6110-3261"},"useInfo": {"platform":1,"meetingPlace":0,"restroom":1,"offDoor":0,"crossOver":2,"publicPlace":0,"handicapCount":1,"parkingCount":0,"bicycleCount":1,"civilCount":0},"exitInfo": {"gate": [{"GateNo":"1","GateLink": ["무악재","무악주민센터","세란병원","선바위","인왕산 국사당","인왕산 아이파크아파트"]},{"GateNo":"2","GateLink": ["무악주민센터","중소기업은행","무악현대아파트","무악주민센터"]},{"GateNo":"3","GateLink": ["행촌동","독립문로터리","사직터널","독립문초등학교","대신중.고교","대성맨션아파트","아름다운가게","종로문화체육센터"],"BUSSTOP": [{"StopName":"독립문역","StopID":"104314","Bus": [{"BusNo":"706","Type":"11","BlID":"1501","BusCityName":"서울"},{"BusNo":"7025","Type":"12","BlID":"1265","BusCityName":"서울"},{"BusNo":"7737","Type":"12","BlID":"1412","BusCityName":"서울"}]},{"StopName":"독립문역3번출구","StopID":"126020","Bus": [{"BusNo":"종로05","Type":"3","BlID":"1694","BusCityName":"서울"}]}]},{"GateNo":"4","GateLink": ["독립문","독립문지구대","천연동사무소","서대문독립공원","금화터널","영천시장","삼호아파트","독립문극동아파트","서대문노인종합복지관"],"BUSSTOP": [{"StopName":"3호선독립문역","StopID":"104240","Bus": [{"BusNo":"서대문02(독립문)","Type":"3","BlID":"1552","BusCityName":"서울"}]},{"StopName":"3호선독립문역","StopID":"104251","Bus": [{"BusNo":"서대문02(독립문)","Type":"3","BlID":"1552","BusCityName":"서울"}]}]},{"GateNo":"5","GateLink": ["현저동","무악재","서대문형무소역사관","한성과학고교","서대문구의회","대한노인회서대문구지회","서대문독립공원"],"BUSSTOP": [{"StopName":"독립문역","StopID":"111625","Bus": [{"BusNo":"7737","Type":"12","BlID":"1412","BusCityName":"서울"}]}]}]}}}