{"result": {"stationName":"경복궁","stationID":327,"type":3,"laneName":"수도권 3호선","laneCity":"수도권","x":126.9736027,"y":37.575848,"prevOBJ": {"station": [{"stationName":"독립문","stationID":326,"type":3,"laneName":"수도권 3호선","laneCity":"수도권","x":126.9579311,"y":37.5744584}]},"nextOBJ": {"station": [{"stationName":"안국","stationID":328,"type":3,"laneName":"수도권 3호선","laneCity":"수도권","x":126.9854913,"y":37.5765633}]},"defaultInfo": {"address":"서울특별시 종로구 적선동 81-1","new_address":"서울특별시 종로구 사직로 130","tel":"02-6110-3271"},"useInfo": {"platform":1,"meetingPlace":1,"restroom":1,"offDoor":0,"crossOver":2,"publicPlace":0,"handicapCount":1,"parkingCount":0,"bicycleCount":1,"civilCount":0},"exitInfo": {"gate": [{"GateNo":"1","GateLink": ["체부동","서울특별시유아교육진흥원","사직동주민센터","사직치안센터","배화여자대학","배화여중.고교","종로도서관","어린이도서관","종로문화체육센터"],"BUSSTOP": [{"StopName":"사직동주민센터","StopID":"104615","Bus": [{"BusNo":"171","Type":"11","BlID":"907","BusCityName":"서울"},{"BusNo":"272","Type":"11","BlID":"990","BusCityName":"서울"},{"BusNo":"706","Type":"11","BlID":"1501","BusCityName":"서울"},{"BusNo":"606","Type":"11","BlID":"1738","BusCityName":"서울"},{"BusNo":"7025","Type":"12","BlID":"1265","BusCityName":"서울"}]},{"StopName":"경복궁역","StopID":"126055","Bus": [{"BusNo":"6011","Type":"5","BlID":"1787","BusCityName":"서울"}]}]},{"GateNo":"2","GateLink": ["효자동주민센터","국립서울맹학교","국립서울농학교","토속촌 삼계탕","옥인시장","종로구보건소","참여연대"],"BUSSTOP": [{"StopName":"경복궁역","StopID":"104657","Bus": [{"BusNo":"7212","Type":"12","BlID":"518","BusCityName":"서울"},{"BusNo":"1020","Type":"12","BlID":"769","BusCityName":"서울"},{"BusNo":"1711","Type":"12","BlID":"908","BusCityName":"서울"},{"BusNo":"7016","Type":"12","BlID":"1247","BusCityName":"서울"},{"BusNo":"7018","Type":"12","BlID":"1249","BusCityName":"서울"},{"BusNo":"7022","Type":"12","BlID":"1255","BusCityName":"서울"}]}]},{"GateNo":"3","GateLink": ["통의동","세검정방면","자하문방면","통의동우체국","경기상업고교","경복고교","상명대학교","주한교황청대사관"],"BUSSTOP": [{"StopName":"경복궁역","StopID":"104665","Bus": [{"BusNo":"7212","Type":"12","BlID":"518","BusCityName":"서울"},{"BusNo":"1020","Type":"12","BlID":"769","BusCityName":"서울"},{"BusNo":"1711","Type":"12","BlID":"908","BusCityName":"서울"},{"BusNo":"7016","Type":"12","BlID":"1247","BusCityName":"서울"},{"BusNo":"7018","Type":"12","BlID":"1249","BusCityName":"서울"},{"BusNo":"7022","Type":"12","BlID":"1255","BusCityName":"서울"}]}]},{"GateNo":"3-1","GateLink": ["통의파출소","금융감독원연수원","세종마을음식문화거리","경복궁"]},{"GateNo":"4","GateLink": ["효자동주민센터","청와대","경복궁","국립민속박물관","(재)무지개청소년센터","청와대 사랑채","시네마서비스","해외문화홍보원","삼청동길","동십자각","서울시티투어버스 타는 곳"]},{"GateNo":"5","GateLink": ["경복궁","국립고궁박물관"]},{"GateNo":"6","GateLink": ["적선동","정부중앙청사","광화문광장","세종문화회관","미국대사관","한국생산성본부","한국일보사","행정안전부 정보화교육센터","국가기록원 서울기록정보센터","KB국민카드 본사"]},{"GateNo":"7","GateLink": ["내자동","사직터널방면","서울지방경찰청","구세군회관","한국기독교음악대학"],"BUSSTOP": [{"StopName":"서울지방경찰청.경복궁역","StopID":"104621","Bus": [{"BusNo":"171","Type":"11","BlID":"907","BusCityName":"서울"},{"BusNo":"272","Type":"11","BlID":"990","BusCityName":"서울"},{"BusNo":"700","Type":"11","BlID":"1370","BusCityName":"서울"},{"BusNo":"707","Type":"11","BlID":"1372","BusCityName":"서울"},{"BusNo":"601","Type":"11","BlID":"1498","BusCityName":"서울"},{"BusNo":"606","Type":"11","BlID":"1738","BusCityName":"서울"},{"BusNo":"7025","Type":"12","BlID":"1265","BusCityName":"서울"},{"BusNo":"9703","Type":"14","BlID":"1367","BusCityName":"서울"}]},{"StopName":"경복궁역","StopID":"166179","Bus": [{"BusNo":"6011","Type":"5","BlID":"1787","BusCityName":"서울"},{"BusNo":"M7129","Type":"14","BlID":"5535","BusCityName":"고양"}]}]}]}}}