{"result": {"stationName":"안국","stationID":328,"type":3,"laneName":"수도권 3호선","laneCity":"수도권","x":126.9854913,"y":37.5765633,"prevOBJ": {"station": [{"stationName":"경복궁","stationID":327,"type":3,"laneName":"수도권 3호선","laneCity":"수도권","x":126.9736027,"y":37.575848}]},"nextOBJ": {"station": [{"stationName":"종로3가","stationID":329,"type":3,"laneName":"수도권 3호선","laneCity":"수도권","x":126.9918408,"y":37.5716439}]},"defaultInfo": {"address":"서울특별시 종로구 안국동 155-2","new_address":"서울특별시 종로구 율곡로 62","tel":"02-6110-3281"},"useInfo": {"platform":1,"meetingPlace":1,"restroom":2,"offDoor":0,"crossOver":2,"publicPlace":0,"handicapCount":1,"parkingCount":0,"bicycleCount":0,"civilCount":0},"exitInfo": {"gate": [{"GateNo":"1","GateLink": ["안국동","경복궁방면","안국우체국","서울시티투어버스 타는 곳","덕성여중고교","정독도서관","풍문여자고등학교","한국걸스카우트연맹","국립민속박물관","참여연대","세계장신구박물관"],"BUSSTOP": [{"StopName":"안국역.종로경찰서.인사동","StopID":"104921","Bus": [{"BusNo":"171","Type":"11","BlID":"907","BusCityName":"서울"},{"BusNo":"272","Type":"11","BlID":"990","BusCityName":"서울"},{"BusNo":"7025","Type":"12","BlID":"1265","BusCityName":"서울"},{"BusNo":"90S투어","Type":"13","BlID":"546","BusCityName":"서울"},{"BusNo":"91S투어","Type":"13","BlID":"547","BusCityName":"서울"}]},{"StopName":"안국역","StopID":"193856","Bus": [{"BusNo":"6011","Type":"5","BlID":"1787","BusCityName":"서울"}]}]},{"GateNo":"2","GateLink": ["가회동","가회동주민센터","감사원방면","헌법재판소","재동초등학교","북촌미술관","고려사이버대학교","서울무형문화재 교육전시장","우리은행 재동지점"],"BUSSTOP": [{"StopName":"헌법재판소.안국역","StopID":"104961","Bus": [{"BusNo":"종로01","Type":"3","BlID":"1691","BusCityName":"서울"},{"BusNo":"종로02","Type":"3","BlID":"1692","BusCityName":"서울"}]},{"StopName":"재동초등학교","StopID":"125977","Bus": [{"BusNo":"종로01","Type":"3","BlID":"1691","BusCityName":"서울"},{"BusNo":"종로02","Type":"3","BlID":"1692","BusCityName":"서울"}]}]},{"GateNo":"3","GateLink": ["재동","소청심사위원회","원서공원","창덕궁","중앙중.고교","대동세무고등학교","2012여수세계박람회조직위원회","현대건설","외환은행 재동","한국미술박물관","서울시티투어버스 타는 곳","감사연구원","보건복지부","북촌문화센터"],"BUSSTOP": [{"StopName":"안국역2번출구앞","StopID":"104963","Bus": [{"BusNo":"종로01","Type":"3","BlID":"1691","BusCityName":"서울"},{"BusNo":"종로02","Type":"3","BlID":"1692","BusCityName":"서울"}]},{"StopName":"창덕궁","StopID":"105006","Bus": [{"BusNo":"151","Type":"11","BlID":"879","BusCityName":"서울"},{"BusNo":"171","Type":"11","BlID":"907","BusCityName":"서울"},{"BusNo":"172","Type":"11","BlID":"909","BusCityName":"서울"},{"BusNo":"272","Type":"11","BlID":"990","BusCityName":"서울"},{"BusNo":"109","Type":"11","BlID":"1403","BusCityName":"서울"},{"BusNo":"162","Type":"11","BlID":"1437","BusCityName":"서울"},{"BusNo":"7025","Type":"12","BlID":"1265","BusCityName":"서울"}]},{"StopName":"창덕궁","StopID":"193855","Bus": [{"BusNo":"6011","Type":"5","BlID":"1787","BusCityName":"서울"}]}]},{"GateNo":"4","GateLink": ["운니동","일본문화원","덕성여자대학교 교육대학원.문화.산업대학원","교동초등학교","운현초등학교","운현궁","한국싸이버대학교","SC제일은행 안국역지점"],"BUSSTOP": [{"StopName":"운현궁","StopID":"104981","Bus": [{"BusNo":"종로01","Type":"3","BlID":"1691","BusCityName":"서울"}]},{"StopName":"창덕궁","StopID":"104999","Bus": [{"BusNo":"151","Type":"11","BlID":"879","BusCityName":"서울"},{"BusNo":"171","Type":"11","BlID":"907","BusCityName":"서울"},{"BusNo":"172","Type":"11","BlID":"909","BusCityName":"서울"},{"BusNo":"272","Type":"11","BlID":"990","BusCityName":"서울"},{"BusNo":"109","Type":"11","BlID":"1403","BusCityName":"서울"},{"BusNo":"162","Type":"11","BlID":"1437","BusCityName":"서울"},{"BusNo":"601","Type":"11","BlID":"1498","BusCityName":"서울"},{"BusNo":"7025","Type":"12","BlID":"1265","BusCityName":"서울"}]}]},{"GateNo":"5","GateLink": ["경운동","한국-아랍 친선협회","낙원상가","서울 노인복지센터","열린사이버대학교","천도교중앙대교당","서울시 어르신상담센터","한국여성인권진흥원"],"BUSSTOP": [{"StopName":"수운회관","StopID":"104971","Bus": [{"BusNo":"종로01","Type":"3","BlID":"1691","BusCityName":"서울"},{"BusNo":"종로02","Type":"3","BlID":"1692","BusCityName":"서울"}]},{"StopName":"안국역","StopID":"166180","Bus": [{"BusNo":"6011","Type":"5","BlID":"1787","BusCityName":"서울"}]}]},{"GateNo":"6","GateLink": ["인사동","서울시티투어버스 타는 곳","관훈동","종로경찰서","일본대사관","국세청","세종로출입국","조계사(템플 스테이)","노동부서울종합고용안정센터","골동품상가","종로구청","체신기념관","외교통산부 여권.이주.영사과","한국장애인고용공단"],"BUSSTOP": [{"StopName":"안국역.종로경찰서.인사동","StopID":"104920","Bus": [{"BusNo":"151","Type":"11","BlID":"879","BusCityName":"서울"},{"BusNo":"171","Type":"11","BlID":"907","BusCityName":"서울"},{"BusNo":"172","Type":"11","BlID":"909","BusCityName":"서울"},{"BusNo":"272","Type":"11","BlID":"990","BusCityName":"서울"},{"BusNo":"109","Type":"11","BlID":"1403","BusCityName":"서울"},{"BusNo":"162","Type":"11","BlID":"1437","BusCityName":"서울"}]}]}]}}}