{"result": {"stationName":"종로3가","stationID":329,"type":3,"laneName":"수도권 3호선","laneCity":"수도권","x":126.9918408,"y":37.5716439,"exOBJ": {"station": [{"stationName":"종로3가","stationID":534,"type":5,"laneName":"수도권 5호선","laneCity":"수도권"},{"stationName":"종로3가","stationID":130,"type":1,"laneName":"수도권 1호선","laneCity":"수도권"}]},"prevOBJ": {"station": [{"stationName":"안국","stationID":328,"type":3,"laneName":"수도권 3호선","laneCity":"수도권","x":126.9854913,"y":37.5765633}]},"nextOBJ": {"station": [{"stationName":"을지로3가","stationID":330,"type":3,"laneName":"수도권 3호선","laneCity":"수도권","x":126.9926372,"y":37.5662985}]},"defaultInfo": {"address":"서울특별시 종로구 묘동 20-5","new_address":"서울특별시 종로구 돈화문로 30","tel":"02-6110-3291"},"useInfo": {"platform":1,"meetingPlace":1,"restroom":1,"offDoor":0,"crossOver":2,"publicPlace":0,"handicapCount":1,"parkingCount":0,"bicycleCount":1,"civilCount":0},"exitInfo": {"gate": [{"GateNo":"1","GateLink": ["탑골공원","종로지구대","종로2가 우체국","종로1.2.3.4가동 주민센터","낙원상가","장애인공단서울지사"],"BUSSTOP": [{"StopName":"종로3가","StopID":"105026","Bus": [{"BusNo":"111","Type":"1","BlID":"9053","BusCityName":"의정부"},{"BusNo":"9301","Type":"4","BlID":"10594","BusCityName":"광주"},{"BusNo":"N26","Type":"11","BlID":"510","BusCityName":"서울"},{"BusNo":"N15","Type":"11","BlID":"558","BusCityName":"서울"},{"BusNo":"N62","Type":"11","BlID":"576","BusCityName":"서울"},{"BusNo":"101","Type":"11","BlID":"755","BusCityName":"서울"},{"BusNo":"103","Type":"11","BlID":"763","BusCityName":"서울"},{"BusNo":"143","Type":"11","BlID":"872","BusCityName":"서울"},{"BusNo":"150","Type":"11","BlID":"878","BusCityName":"서울"},{"BusNo":"710","Type":"11","BlID":"895","BusCityName":"서울"},{"BusNo":"273","Type":"11","BlID":"941","BusCityName":"서울"},{"BusNo":"201","Type":"11","BlID":"942","BusCityName":"서울"},{"BusNo":"270","Type":"11","BlID":"988","BusCityName":"서울"},{"BusNo":"271","Type":"11","BlID":"989","BusCityName":"서울"},{"BusNo":"370","Type":"11","BlID":"1044","BusCityName":"서울"},{"BusNo":"721","Type":"11","BlID":"1259","BusCityName":"서울"},{"BusNo":"720","Type":"11","BlID":"1270","BusCityName":"서울"},{"BusNo":"262","Type":"11","BlID":"1439","BusCityName":"서울"},{"BusNo":"260","Type":"11","BlID":"1447","BusCityName":"서울"},{"BusNo":"160","Type":"11","BlID":"1449","BusCityName":"서울"},{"BusNo":"601","Type":"11","BlID":"1498","BusCityName":"서울"},{"BusNo":"7212","Type":"12","BlID":"518","BusCityName":"서울"}]},{"StopName":"종로3가","StopID":"156169","Bus": [{"BusNo":"6002","Type":"5","BlID":"1803","BusCityName":"서울"}]}]},{"GateNo":"2","GateLink": ["창덕궁"]},{"GateNo":"2-1","GateLink": ["돈의동"]},{"GateNo":"3","GateLink": ["돈의동","종로3가 방면"]},{"GateNo":"4","GateLink": ["낙원동"]},{"GateNo":"5","GateLink": ["인사동 방면","탑골공원(후문)방면","낙원상가","(재)한국공예문화진흥원","장애인공단서울지사","종로1.2.3.4가동 주민센터","목인박물관","보나장신구박물관","서울노인복지센터","종로세무서"]},{"GateNo":"6","GateLink": ["한국사이버대학교","창덕궁 방면","떡박물관","운현궁"]},{"GateNo":"7","GateLink": ["안국동","창덕궁","한국 싸이버대학교"]},{"GateNo":"8","GateLink": ["종묘","묘동","종묘시민공원"]},{"GateNo":"9","GateLink": ["종로3가치안센터","종로3가 119안전센터"],"BUSSTOP": [{"StopName":"종로3가.1.3.5호선","StopID":"126079","Bus": [{"BusNo":"종로12","Type":"3","BlID":"1700","BusCityName":"서울"}]}]},{"GateNo":"10","GateLink": ["창덕궁","종로3가치안센터","종로3가 119안전센터"]},{"GateNo":"11","GateLink": ["종묘","종묘시민공원"],"BUSSTOP": [{"StopName":"종로4가.종묘","StopID":"105098","Bus": [{"BusNo":"111","Type":"1","BlID":"9053","BusCityName":"의정부"},{"BusNo":"9301","Type":"4","BlID":"10594","BusCityName":"광주"},{"BusNo":"N26","Type":"11","BlID":"510","BusCityName":"서울"},{"BusNo":"N15","Type":"11","BlID":"558","BusCityName":"서울"},{"BusNo":"N62","Type":"11","BlID":"576","BusCityName":"서울"},{"BusNo":"201","Type":"11","BlID":"942","BusCityName":"서울"},{"BusNo":"270","Type":"11","BlID":"988","BusCityName":"서울"},{"BusNo":"271","Type":"11","BlID":"989","BusCityName":"서울"},{"BusNo":"370","Type":"11","BlID":"1044","BusCityName":"서울"},{"BusNo":"721","Type":"11","BlID":"1259","BusCityName":"서울"},{"BusNo":"720","Type":"11","BlID":"1270","BusCityName":"서울"},{"BusNo":"262","Type":"11","BlID":"1439","BusCityName":"서울"},{"BusNo":"260","Type":"11","BlID":"1447","BusCityName":"서울"}]},{"StopName":"종로4가","StopID":"105113","Bus": [{"BusNo":"101","Type":"11","BlID":"755","BusCityName":"서울"},{"BusNo":"103","Type":"11","BlID":"763","BusCityName":"서울"},{"BusNo":"143","Type":"11","BlID":"872","BusCityName":"서울"},{"BusNo":"150","Type":"11","BlID":"878","BusCityName":"서울"},{"BusNo":"710","Type":"11","BlID":"895","BusCityName":"서울"},{"BusNo":"273","Type":"11","BlID":"941","BusCityName":"서울"},{"BusNo":"160","Type":"11","BlID":"1449","BusCityName":"서울"},{"BusNo":"601","Type":"11","BlID":"1498","BusCityName":"서울"},{"BusNo":"7212","Type":"12","BlID":"518","BusCityName":"서울"}]}]},{"GateNo":"12","GateLink": ["종로4가","세운초록띠공원","대림상가","세운상가"],"BUSSTOP": [{"StopName":"종로4가.종묘","StopID":"105092","Bus": [{"BusNo":"111","Type":"1","BlID":"9053","BusCityName":"의정부"},{"BusNo":"N26","Type":"11","BlID":"510","BusCityName":"서울"},{"BusNo":"N15","Type":"11","BlID":"558","BusCityName":"서울"},{"BusNo":"143","Type":"11","BlID":"872","BusCityName":"서울"},{"BusNo":"270","Type":"11","BlID":"988","BusCityName":"서울"},{"BusNo":"370","Type":"11","BlID":"1044","BusCityName":"서울"},{"BusNo":"720","Type":"11","BlID":"1270","BusCityName":"서울"},{"BusNo":"262","Type":"11","BlID":"1439","BusCityName":"서울"},{"BusNo":"260","Type":"11","BlID":"1447","BusCityName":"서울"}]},{"StopName":"종로4가.종묘","StopID":"105133","Bus": [{"BusNo":"N62","Type":"11","BlID":"576","BusCityName":"서울"},{"BusNo":"101","Type":"11","BlID":"755","BusCityName":"서울"},{"BusNo":"103","Type":"11","BlID":"763","BusCityName":"서울"},{"BusNo":"140","Type":"11","BlID":"868","BusCityName":"서울"},{"BusNo":"150","Type":"11","BlID":"878","BusCityName":"서울"},{"BusNo":"710","Type":"11","BlID":"895","BusCityName":"서울"},{"BusNo":"273","Type":"11","BlID":"941","BusCityName":"서울"},{"BusNo":"201","Type":"11","BlID":"942","BusCityName":"서울"},{"BusNo":"271","Type":"11","BlID":"989","BusCityName":"서울"},{"BusNo":"721","Type":"11","BlID":"1259","BusCityName":"서울"},{"BusNo":"160","Type":"11","BlID":"1449","BusCityName":"서울"},{"BusNo":"7212","Type":"12","BlID":"518","BusCityName":"서울"}]},{"StopName":"종로4가","StopID":"166256","Bus": [{"BusNo":"6002","Type":"5","BlID":"1803","BusCityName":"서울"}]}]},{"GateNo":"13","GateLink": ["청계천3가","장사동","기계공구상가","청계창작스튜디오"]},{"GateNo":"14","GateLink": ["청계천3가","서울청소년수련관"]},{"GateNo":"15","GateLink": ["관수동","종로2가","기업은행종로지점","서울지방노동청","서울종합고용지원센터"],"BUSSTOP": [{"StopName":"종로3가역15번출구","StopID":"112082","Bus": [{"BusNo":"111","Type":"1","BlID":"9053","BusCityName":"의정부"},{"BusNo":"9301","Type":"4","BlID":"10594","BusCityName":"광주"},{"BusNo":"101","Type":"11","BlID":"755","BusCityName":"서울"},{"BusNo":"103","Type":"11","BlID":"763","BusCityName":"서울"},{"BusNo":"140","Type":"11","BlID":"868","BusCityName":"서울"},{"BusNo":"201","Type":"11","BlID":"942","BusCityName":"서울"},{"BusNo":"7212","Type":"12","BlID":"518","BusCityName":"서울"}]}]}]}}}