{"result": {"stationName":"충무로","stationID":331,"type":3,"laneName":"수도권 3호선","laneCity":"수도권","x":126.9936849,"y":37.561613,"exOBJ": {"station": [{"stationName":"충무로","stationID":423,"type":4,"laneName":"수도권 4호선","laneCity":"수도권"}]},"prevOBJ": {"station": [{"stationName":"을지로3가","stationID":330,"type":3,"laneName":"수도권 3호선","laneCity":"수도권","x":126.9926372,"y":37.5662985}]},"nextOBJ": {"station": [{"stationName":"동대입구","stationID":332,"type":3,"laneName":"수도권 3호선","laneCity":"수도권","x":127.005049,"y":37.5590601}]},"defaultInfo": {"address":"서울특별시 중구 필동2가 16-2","new_address":"서울특별시 중구 퇴계로 199","tel":"02-6110-4231"},"useInfo": {"platform":1,"meetingPlace":0,"restroom":1,"offDoor":0,"crossOver":2,"publicPlace":0,"handicapCount":1,"parkingCount":0,"bicycleCount":0,"civilCount":0},"exitInfo": {"gate": [{"GateNo":"1","GateLink": ["퇴계로5가방면","필동주민센터","동국대학교","제일병원"]},{"GateNo":"2","GateLink": ["남산방면","필동주민센터","한국의집","남산한옥마을","서울남산국악당"],"BUSSTOP": [{"StopName":"충무로역2번출구.대한극장앞","StopID":"105107","Bus": [{"BusNo":"6001","Type":"5","BlID":"1801","BusCityName":"서울"},{"BusNo":"N16","Type":"11","BlID":"572","BusCityName":"서울"},{"BusNo":"104","Type":"11","BlID":"771","BusCityName":"서울"},{"BusNo":"463","Type":"11","BlID":"987","BusCityName":"서울"},{"BusNo":"507","Type":"11","BlID":"1406","BusCityName":"서울"},{"BusNo":"421","Type":"11","BlID":"1808","BusCityName":"서울"},{"BusNo":"05","Type":"13","BlID":"508","BusCityName":"서울"},{"BusNo":"02","Type":"13","BlID":"715","BusCityName":"서울"}]}]},{"GateNo":"3","GateLink": ["퇴계로 2.3.4가 방면","필동주민센터","한국의집","남산한옥마을","서울남산국악당"]},{"GateNo":"4","GateLink": ["남산 필동1가 방면","남산골한옥마을/서울남산국악당","진실.화해를 위한 과거사정리위원회","충무파출소","중부세무서","서울특별시 소방재난본부","도시철도공사연수원","서울 종합방재센타","서울유스호스텔","남사케이블카","문학의집.서울"],"BUSSTOP": [{"StopName":"퇴계로3가.한옥마을.한국의집","StopID":"105060","Bus": [{"BusNo":"6001","Type":"5","BlID":"1801","BusCityName":"서울"},{"BusNo":"N16","Type":"11","BlID":"572","BusCityName":"서울"},{"BusNo":"104","Type":"11","BlID":"771","BusCityName":"서울"},{"BusNo":"463","Type":"11","BlID":"987","BusCityName":"서울"},{"BusNo":"507","Type":"11","BlID":"1406","BusCityName":"서울"},{"BusNo":"421","Type":"11","BlID":"1808","BusCityName":"서울"},{"BusNo":"05","Type":"13","BlID":"508","BusCityName":"서울"},{"BusNo":"90S투어","Type":"13","BlID":"546","BusCityName":"서울"},{"BusNo":"02","Type":"13","BlID":"715","BusCityName":"서울"}]}]},{"GateNo":"5","GateLink": ["명동방면","중부경찰서","국민연금 종로중구지사","근로복지공단 서울지역본부"],"BUSSTOP": [{"StopName":"퇴계로3가.한옥마을.한국의집","StopID":"105055","Bus": [{"BusNo":"6021","Type":"5","BlID":"596","BusCityName":"서울"},{"BusNo":"6015","Type":"5","BlID":"1774","BusCityName":"서울"},{"BusNo":"6001","Type":"5","BlID":"1801","BusCityName":"서울"},{"BusNo":"N16","Type":"11","BlID":"572","BusCityName":"서울"},{"BusNo":"104","Type":"11","BlID":"771","BusCityName":"서울"},{"BusNo":"105","Type":"11","BlID":"772","BusCityName":"서울"},{"BusNo":"140","Type":"11","BlID":"868","BusCityName":"서울"},{"BusNo":"463","Type":"11","BlID":"987","BusCityName":"서울"},{"BusNo":"604","Type":"11","BlID":"1169","BusCityName":"서울"},{"BusNo":"507","Type":"11","BlID":"1406","BusCityName":"서울"},{"BusNo":"421","Type":"11","BlID":"1808","BusCityName":"서울"},{"BusNo":"7011","Type":"12","BlID":"1242","BusCityName":"서울"}]}]},{"GateNo":"6","GateLink": ["을지로방면","중부소방서 충무로 119안전센터"]},{"GateNo":"7","GateLink": ["을지로방면","인현동 1가"],"BUSSTOP": [{"StopName":"초동","StopID":"105075","Bus": [{"BusNo":"604","Type":"11","BlID":"1169","BusCityName":"서울"},{"BusNo":"7011","Type":"12","BlID":"1242","BusCityName":"서울"}]},{"StopName":"충무로역.매일경제","StopID":"193692","Bus": [{"BusNo":"604","Type":"11","BlID":"1169","BusCityName":"서울"},{"BusNo":"7011","Type":"12","BlID":"1242","BusCityName":"서울"}]}]},{"GateNo":"8","GateLink": ["을지로방면","인현동 1가"],"BUSSTOP": [{"StopName":"충무로역.호텔피제이","StopID":"193306","Bus": [{"BusNo":"6021","Type":"5","BlID":"596","BusCityName":"서울"},{"BusNo":"6015","Type":"5","BlID":"1774","BusCityName":"서울"},{"BusNo":"6001","Type":"5","BlID":"1801","BusCityName":"서울"}]}]}]}}}