{"result": {"stationName":"동대입구","stationID":332,"type":3,"laneName":"수도권 3호선","laneCity":"수도권","x":127.005049,"y":37.5590601,"prevOBJ": {"station": [{"stationName":"충무로","stationID":331,"type":3,"laneName":"수도권 3호선","laneCity":"수도권","x":126.9936849,"y":37.561613}]},"nextOBJ": {"station": [{"stationName":"약수","stationID":333,"type":3,"laneName":"수도권 3호선","laneCity":"수도권","x":127.0106518,"y":37.5547641}]},"defaultInfo": {"address":"서울특별시 중구 장충동2가 199-3","new_address":"서울특별시 중구 동호로 256","tel":"02-6110-3321"},"useInfo": {"platform":1,"meetingPlace":1,"restroom":1,"offDoor":0,"crossOver":2,"publicPlace":0,"handicapCount":1,"parkingCount":0,"bicycleCount":1,"civilCount":0},"exitInfo": {"gate": [{"GateNo":"1","GateLink": ["장충동2가","퇴계로 방면","충무초등학교","서울시티투어버스 타는 곳","그랜드 앰배서더 서울 호텔","사)산몽교류진흥협회"]},{"GateNo":"2","GateLink": ["쌍림동","동대문운동장 방면","남산자유센터웨딩홀"],"BUSSTOP": [{"StopName":"장충동.동국대입구","StopID":"105304","Bus": [{"BusNo":"N13","Type":"11","BlID":"571","BusCityName":"서울"},{"BusNo":"144","Type":"11","BlID":"873","BusCityName":"서울"},{"BusNo":"301","Type":"11","BlID":"1006","BusCityName":"서울"},{"BusNo":"420","Type":"11","BlID":"1054","BusCityName":"서울"},{"BusNo":"407","Type":"11","BlID":"1355","BusCityName":"서울"},{"BusNo":"7212","Type":"12","BlID":"518","BusCityName":"서울"}]}]},{"GateNo":"3","GateLink": ["장충동1가","광희문방면","장충동주민센터","종이나라박물관","종이나라문화재단"],"BUSSTOP": [{"StopName":"장충동.동국대입구","StopID":"105313","Bus": [{"BusNo":"N13","Type":"11","BlID":"571","BusCityName":"서울"},{"BusNo":"144","Type":"11","BlID":"873","BusCityName":"서울"},{"BusNo":"301","Type":"11","BlID":"1006","BusCityName":"서울"},{"BusNo":"420","Type":"11","BlID":"1054","BusCityName":"서울"},{"BusNo":"407","Type":"11","BlID":"1355","BusCityName":"서울"},{"BusNo":"7212","Type":"12","BlID":"518","BusCityName":"서울"}]}]},{"GateNo":"4","GateLink": ["신당2동","약수방면","장충초등학교"],"BUSSTOP": [{"StopName":"장충체육관앞","StopID":"105362","Bus": [{"BusNo":"N13","Type":"11","BlID":"571","BusCityName":"서울"},{"BusNo":"144","Type":"11","BlID":"873","BusCityName":"서울"},{"BusNo":"301","Type":"11","BlID":"1006","BusCityName":"서울"},{"BusNo":"407","Type":"11","BlID":"1355","BusCityName":"서울"},{"BusNo":"7212","Type":"12","BlID":"518","BusCityName":"서울"}]}]},{"GateNo":"5","GateLink": ["장충체육관","한국자유총연맹","신라면세점","신라호텔"],"BUSSTOP": [{"StopName":"장충체육관앞","StopID":"105361","Bus": [{"BusNo":"N13","Type":"11","BlID":"571","BusCityName":"서울"},{"BusNo":"144","Type":"11","BlID":"873","BusCityName":"서울"},{"BusNo":"301","Type":"11","BlID":"1006","BusCityName":"서울"},{"BusNo":"407","Type":"11","BlID":"1355","BusCityName":"서울"},{"BusNo":"7212","Type":"12","BlID":"518","BusCityName":"서울"}]}]},{"GateNo":"6","GateLink": ["N 서울타워","국립극장","공연예술박물관","남산공원","장충단공원","동국대학교","장충파출소","중부수도사업소","민주평화통일자문회의"],"BUSSTOP": [{"StopName":"동대입구역.장충동","StopID":"112442","Bus": [{"BusNo":"05","Type":"13","BlID":"508","BusCityName":"서울"},{"BusNo":"02","Type":"13","BlID":"715","BusCityName":"서울"},{"BusNo":"03","Type":"13","BlID":"1715","BusCityName":"서울"}]}]}]}}}