{"result": {"stationName":"약수","stationID":333,"type":3,"laneName":"수도권 3호선","laneCity":"수도권","x":127.0106518,"y":37.5547641,"exOBJ": {"station": [{"stationName":"약수","stationID":633,"type":6,"laneName":"수도권 6호선","laneCity":"수도권"}]},"prevOBJ": {"station": [{"stationName":"동대입구","stationID":332,"type":3,"laneName":"수도권 3호선","laneCity":"수도권","x":127.005049,"y":37.5590601}]},"nextOBJ": {"station": [{"stationName":"금호","stationID":334,"type":3,"laneName":"수도권 3호선","laneCity":"수도권","x":127.0158075,"y":37.5482655}]},"defaultInfo": {"address":"서울특별시 중구 신당동 369-44","new_address":"서울특별시 중구 다산로 122","tel":"02-6110-3331"},"useInfo": {"platform":1,"meetingPlace":0,"restroom":1,"offDoor":0,"crossOver":2,"publicPlace":0,"handicapCount":1,"parkingCount":0,"bicycleCount":1,"civilCount":0},"exitInfo": {"gate": [{"GateNo":"1","GateLink": ["장충초등학교"]},{"GateNo":"2","GateLink": ["다산치안센터"],"BUSSTOP": [{"StopName":"약수역2번출구.중구구립도서관","StopID":"105469","Bus": [{"BusNo":"142","Type":"11","BlID":"871","BusCityName":"서울"},{"BusNo":"147","Type":"11","BlID":"876","BusCityName":"서울"},{"BusNo":"7212","Type":"12","BlID":"518","BusCityName":"서울"},{"BusNo":"6211","Type":"12","BlID":"1185","BusCityName":"서울"},{"BusNo":"05","Type":"13","BlID":"508","BusCityName":"서울"}]}]},{"GateNo":"3","GateLink": ["청구동주민센터","청구초등학교","신당우체국"],"BUSSTOP": [{"StopName":"약수역3번출구.약수하이츠","StopID":"105482","Bus": [{"BusNo":"142","Type":"11","BlID":"871","BusCityName":"서울"},{"BusNo":"147","Type":"11","BlID":"876","BusCityName":"서울"},{"BusNo":"7212","Type":"12","BlID":"518","BusCityName":"서울"},{"BusNo":"6211","Type":"12","BlID":"1185","BusCityName":"서울"}]}]},{"GateNo":"4","GateLink": ["금호터널","중구정신보건센터","중구시설관리공단"],"BUSSTOP": [{"StopName":"약수역4번출구.금호터널입구","StopID":"105500","Bus": [{"BusNo":"147","Type":"11","BlID":"876","BusCityName":"서울"},{"BusNo":"301","Type":"11","BlID":"1006","BusCityName":"서울"}]}]},{"GateNo":"5","GateLink": ["약수시장","서울방송고등학교","남산타운아파트","약수지구대","중구청소년수련관"],"BUSSTOP": [{"StopName":"약수역5번출구.금호터널입구","StopID":"105487","Bus": [{"BusNo":"147","Type":"11","BlID":"876","BusCityName":"서울"},{"BusNo":"301","Type":"11","BlID":"1006","BusCityName":"서울"}]}]},{"GateNo":"6","GateLink": ["신당3동","금호터널"]},{"GateNo":"7","GateLink": ["약수동주민센터","약수시장","약수노인종합복지관","서울방송고등학교","서울송도병원"],"BUSSTOP": [{"StopName":"약수역7번출구.약수동주민센터","StopID":"105406","Bus": [{"BusNo":"N13","Type":"11","BlID":"571","BusCityName":"서울"},{"BusNo":"142","Type":"11","BlID":"871","BusCityName":"서울"},{"BusNo":"144","Type":"11","BlID":"873","BusCityName":"서울"},{"BusNo":"407","Type":"11","BlID":"1355","BusCityName":"서울"},{"BusNo":"6211","Type":"12","BlID":"1185","BusCityName":"서울"},{"BusNo":"03","Type":"13","BlID":"1715","BusCityName":"서울"}]}]},{"GateNo":"8","GateLink": ["버티고개방면","다산동주민센터","장충중고등학교"],"BUSSTOP": [{"StopName":"약수역","StopID":"206300","Bus": [{"BusNo":"6702","Type":"5","BlID":"1786","BusCityName":"서울"}]}]},{"GateNo":"9","GateLink": ["신당종합사회복지관","장충중고등학교","장원중학교","신당3동주민센터","신당2동주민센터"],"BUSSTOP": [{"StopName":"약수역8번출구.신당사회복지관","StopID":"105422","Bus": [{"BusNo":"N13","Type":"11","BlID":"571","BusCityName":"서울"},{"BusNo":"142","Type":"11","BlID":"871","BusCityName":"서울"},{"BusNo":"144","Type":"11","BlID":"873","BusCityName":"서울"},{"BusNo":"407","Type":"11","BlID":"1355","BusCityName":"서울"},{"BusNo":"6211","Type":"12","BlID":"1185","BusCityName":"서울"}]}]},{"GateNo":"10","GateLink": ["외환은행약수역지점","장충체육관","신당2동주민센터"]}]}}}