{"result": {"stationName":"금호","stationID":334,"type":3,"laneName":"수도권 3호선","laneCity":"수도권","x":127.0158075,"y":37.5482655,"prevOBJ": {"station": [{"stationName":"약수","stationID":333,"type":3,"laneName":"수도권 3호선","laneCity":"수도권","x":127.0106518,"y":37.5547641}]},"nextOBJ": {"station": [{"stationName":"옥수","stationID":335,"type":3,"laneName":"수도권 3호선","laneCity":"수도권","x":127.0173425,"y":37.5416736}]},"defaultInfo": {"address":"서울특별시 성동구 금호동4가 1470","new_address":"서울특별시 성동구 동호로 104","tel":"02-6110-3341"},"useInfo": {"platform":1,"meetingPlace":0,"restroom":1,"offDoor":0,"crossOver":2,"publicPlace":0,"handicapCount":1,"parkingCount":0,"bicycleCount":1,"civilCount":0},"exitInfo": {"gate": [{"GateNo":"1","GateLink": ["금호터널","금호로터리","금호2.3가동주민센터","금호시장","금호초등학교","두산아파트","금호1차푸르지오아파트","금호한신휴플러스아파트","금호공원"],"BUSSTOP": [{"StopName":"금호역","StopID":"105725","Bus": [{"BusNo":"성동08","Type":"3","BlID":"1526","BusCityName":"서울"}]},{"StopName":"두산아파트정문.금호역","StopID":"105747","Bus": [{"BusNo":"성동06","Type":"3","BlID":"1522","BusCityName":"서울"}]},{"StopName":"두산아파트정문.금호역","StopID":"105748","Bus": [{"BusNo":"성동06","Type":"3","BlID":"1522","BusCityName":"서울"}]},{"StopName":"금호역","StopID":"105755","Bus": [{"BusNo":"성동07","Type":"3","BlID":"534","BusCityName":"서울"},{"BusNo":"성동05","Type":"3","BlID":"1520","BusCityName":"서울"},{"BusNo":"성동08","Type":"3","BlID":"1526","BusCityName":"서울"}]}]},{"GateNo":"2","GateLink": ["마을버스정류장","금남시장"],"BUSSTOP": [{"StopName":"금호역.3호선","StopID":"105754","Bus": [{"BusNo":"성동07","Type":"3","BlID":"534","BusCityName":"서울"},{"BusNo":"성동05","Type":"3","BlID":"1520","BusCityName":"서울"}]},{"StopName":"금호역","StopID":"111684","Bus": [{"BusNo":"147","Type":"11","BlID":"876","BusCityName":"서울"},{"BusNo":"301","Type":"11","BlID":"1006","BusCityName":"서울"}]}]},{"GateNo":"3","GateLink": ["옥수터널","독서당길","옥수동주민센터","서울방송고등학교","브라운스톤 금호아파트"]},{"GateNo":"4","GateLink": ["옥수동","약수방면","금호터널","서울방송고등학교"],"BUSSTOP": [{"StopName":"금호역","StopID":"111683","Bus": [{"BusNo":"147","Type":"11","BlID":"876","BusCityName":"서울"},{"BusNo":"301","Type":"11","BlID":"1006","BusCityName":"서울"}]}]}]}}}