{"result": {"stationName":"옥수","stationID":335,"type":3,"laneName":"수도권 3호선","laneCity":"수도권","x":127.0173425,"y":37.5416736,"exOBJ": {"station": [{"stationName":"옥수","stationID":195,"type":104,"laneName":"경의중앙선","laneCity":"수도권"}]},"prevOBJ": {"station": [{"stationName":"금호","stationID":334,"type":3,"laneName":"수도권 3호선","laneCity":"수도권","x":127.0158075,"y":37.5482655}]},"nextOBJ": {"station": [{"stationName":"압구정","stationID":336,"type":3,"laneName":"수도권 3호선","laneCity":"수도권","x":127.0285087,"y":37.5261507}]},"defaultInfo": {"address":"서울특별시 성동구 옥수동 168-1","new_address":"서울특별시 성동구 동호로 21","tel":"02-6110-3351"},"useInfo": {"platform":2,"meetingPlace":1,"restroom":4,"offDoor":1,"crossOver":2,"publicPlace":0,"handicapCount":1,"parkingCount":1,"bicycleCount":1,"civilCount":0},"exitInfo": {"gate": [{"GateNo":"1","GateLink": ["옥수동","빙고골","옥수동강변풍림아파트"]},{"GateNo":"2","GateLink": ["동호대교"]},{"GateNo":"3","GateLink": ["옥수동","빙고골","옥수동강변풍림아파트"]},{"GateNo":"4","GateLink": ["옥수1동주민센터","옥수파출소","옥정중학교","옥정초등학교","극동아파트","한남하이츠아파트","삼성아파트","옥수종합사회복지관","옥수하이츠아파트","한강시민공원"],"BUSSTOP": [{"StopName":"옥수역","StopID":"105756","Bus": [{"BusNo":"성동12","Type":"3","BlID":"530","BusCityName":"서울"},{"BusNo":"성동09","Type":"3","BlID":"1530","BusCityName":"서울"},{"BusNo":"성동01","Type":"3","BlID":"1658","BusCityName":"서울"}]}]},{"GateNo":"5","GateLink": ["동호대교"]},{"GateNo":"6","GateLink": ["옥수1동주민센터","옥수파출소","옥정중학교","옥정초등학교","극동아파트","한남하이츠아파트","삼성아파트","옥수종합사회복지관","옥수하이츠아파트"]},{"GateNo":"7","GateLink": ["금옥초등학교","미타사","옥수1동주민센터","옥수파출소"]}]}}}