{"result": {"stationName":"압구정","stationID":336,"type":3,"laneName":"수도권 3호선","laneCity":"수도권","x":127.0285087,"y":37.5261507,"prevOBJ": {"station": [{"stationName":"옥수","stationID":335,"type":3,"laneName":"수도권 3호선","laneCity":"수도권","x":127.0173425,"y":37.5416736}]},"nextOBJ": {"station": [{"stationName":"신사","stationID":337,"type":3,"laneName":"수도권 3호선","laneCity":"수도권","x":127.02059,"y":37.5165612}]},"defaultInfo": {"address":"서울특별시 강남구 신사동 668","new_address":"서울특별시 강남구 압구정로 172","tel":"02-6110-3361"},"useInfo": {"platform":2,"meetingPlace":1,"restroom":2,"offDoor":1,"crossOver":1,"publicPlace":0,"handicapCount":1,"parkingCount":1,"bicycleCount":1,"civilCount":1},"exitInfo": {"gate": [{"GateNo":"1","GateLink": ["압구정동주민센터","압구정파출소","압구정중고등학교","압구정초등학교","구현대아파트","현대아파트우체국"],"BUSSTOP": [{"StopName":"현대아파트","StopID":"106354","Bus": [{"BusNo":"148","Type":"11","BlID":"870","BusCityName":"서울"},{"BusNo":"143","Type":"11","BlID":"872","BusCityName":"서울"},{"BusNo":"463","Type":"11","BlID":"987","BusCityName":"서울"},{"BusNo":"301","Type":"11","BlID":"1006","BusCityName":"서울"},{"BusNo":"351","Type":"11","BlID":"1041","BusCityName":"서울"},{"BusNo":"440","Type":"11","BlID":"1065","BusCityName":"서울"},{"BusNo":"472","Type":"11","BlID":"1073","BusCityName":"서울"},{"BusNo":"362","Type":"11","BlID":"1454","BusCityName":"서울"},{"BusNo":"240","Type":"11","BlID":"1495","BusCityName":"서울"},{"BusNo":"3011","Type":"12","BlID":"507","BusCityName":"서울"},{"BusNo":"4412","Type":"12","BlID":"1057","BusCityName":"서울"},{"BusNo":"4419","Type":"12","BlID":"1062","BusCityName":"서울"},{"BusNo":"4318","Type":"12","BlID":"1711","BusCityName":"서울"}]},{"StopName":"압구정역","StopID":"157278","Bus": [{"BusNo":"6006","Type":"5","BlID":"1778","BusCityName":"서울"}]}]},{"GateNo":"2","GateLink": ["로데오거리방면","신구중학교","국민건강보험공단강남북부지사","기업은행 압구정동지점","하나은행 압구정중앙지점","씨티은행 압구정중앙지점","둥부저축은행 압구정지점","외환은행 압구정"],"BUSSTOP": [{"StopName":"현대아파트","StopID":"106377","Bus": [{"BusNo":"6006","Type":"5","BlID":"1778","BusCityName":"서울"},{"BusNo":"148","Type":"11","BlID":"870","BusCityName":"서울"},{"BusNo":"143","Type":"11","BlID":"872","BusCityName":"서울"},{"BusNo":"463","Type":"11","BlID":"987","BusCityName":"서울"},{"BusNo":"301","Type":"11","BlID":"1006","BusCityName":"서울"},{"BusNo":"351","Type":"11","BlID":"1041","BusCityName":"서울"},{"BusNo":"472","Type":"11","BlID":"1073","BusCityName":"서울"},{"BusNo":"362","Type":"11","BlID":"1454","BusCityName":"서울"},{"BusNo":"240","Type":"11","BlID":"1495","BusCityName":"서울"},{"BusNo":"3011","Type":"12","BlID":"507","BusCityName":"서울"},{"BusNo":"4412","Type":"12","BlID":"1057","BusCityName":"서울"},{"BusNo":"4419","Type":"12","BlID":"1062","BusCityName":"서울"},{"BusNo":"4318","Type":"12","BlID":"1711","BusCityName":"서울"}]}]},{"GateNo":"3","GateLink": ["압구정동","현대맨션","기업은행 압구정동지점"],"BUSSTOP": [{"StopName":"압구정역3번출구","StopID":"106294","Bus": [{"BusNo":"6800","Type":"4","BlID":"10063","BusCityName":"광주"},{"BusNo":"148","Type":"11","BlID":"870","BusCityName":"서울"},{"BusNo":"147","Type":"11","BlID":"876","BusCityName":"서울"},{"BusNo":"463","Type":"11","BlID":"987","BusCityName":"서울"},{"BusNo":"4211","Type":"12","BlID":"980","BusCityName":"서울"}]}]},{"GateNo":"4","GateLink": ["신사동","논현동방면","역삼동방면"],"BUSSTOP": [{"StopName":"압구정역4번출구","StopID":"106277","Bus": [{"BusNo":"148","Type":"11","BlID":"870","BusCityName":"서울"},{"BusNo":"147","Type":"11","BlID":"876","BusCityName":"서울"},{"BusNo":"463","Type":"11","BlID":"987","BusCityName":"서울"},{"BusNo":"240","Type":"11","BlID":"1495","BusCityName":"서울"},{"BusNo":"4211","Type":"12","BlID":"980","BusCityName":"서울"}]}]},{"GateNo":"5","GateLink": ["신사동주민센터","신구초등학교"],"BUSSTOP": [{"StopName":"광림교회.현대고등학교","StopID":"106132","Bus": [{"BusNo":"143","Type":"11","BlID":"872","BusCityName":"서울"},{"BusNo":"351","Type":"11","BlID":"1041","BusCityName":"서울"},{"BusNo":"472","Type":"11","BlID":"1073","BusCityName":"서울"},{"BusNo":"362","Type":"11","BlID":"1454","BusCityName":"서울"},{"BusNo":"240","Type":"11","BlID":"1495","BusCityName":"서울"},{"BusNo":"3011","Type":"12","BlID":"507","BusCityName":"서울"},{"BusNo":"4412","Type":"12","BlID":"1057","BusCityName":"서울"},{"BusNo":"4419","Type":"12","BlID":"1062","BusCityName":"서울"},{"BusNo":"4318","Type":"12","BlID":"1711","BusCityName":"서울"}]}]},{"GateNo":"6","GateLink": ["동호대교방면","현대고등학교","신사중학교","신현대아파트","미성아파트","현대백화점압구정본점"],"BUSSTOP": [{"StopName":"광림교회.현대고등학교","StopID":"106111","Bus": [{"BusNo":"6800","Type":"4","BlID":"10063","BusCityName":"광주"},{"BusNo":"143","Type":"11","BlID":"872","BusCityName":"서울"},{"BusNo":"351","Type":"11","BlID":"1041","BusCityName":"서울"},{"BusNo":"440","Type":"11","BlID":"1065","BusCityName":"서울"},{"BusNo":"472","Type":"11","BlID":"1073","BusCityName":"서울"},{"BusNo":"362","Type":"11","BlID":"1454","BusCityName":"서울"},{"BusNo":"3011","Type":"12","BlID":"507","BusCityName":"서울"},{"BusNo":"4412","Type":"12","BlID":"1057","BusCityName":"서울"},{"BusNo":"4419","Type":"12","BlID":"1062","BusCityName":"서울"},{"BusNo":"4318","Type":"12","BlID":"1711","BusCityName":"서울"}]}]}]}}}