{"result": {"stationName":"신사","stationID":337,"type":3,"laneName":"수도권 3호선","laneCity":"수도권","x":127.02059,"y":37.5165612,"prevOBJ": {"station": [{"stationName":"압구정","stationID":336,"type":3,"laneName":"수도권 3호선","laneCity":"수도권","x":127.0285087,"y":37.5261507}]},"nextOBJ": {"station": [{"stationName":"잠원","stationID":338,"type":3,"laneName":"수도권 3호선","laneCity":"수도권","x":127.0116328,"y":37.5129726}]},"defaultInfo": {"address":"서울특별시 강남구 신사동 667","new_address":"서울특별시 강남구 도산대로 102","tel":"02-6110-3371"},"useInfo": {"platform":2,"meetingPlace":1,"restroom":2,"offDoor":1,"crossOver":1,"publicPlace":0,"handicapCount":1,"parkingCount":0,"bicycleCount":1,"civilCount":1},"exitInfo": {"gate": [{"GateNo":"1","GateLink": ["논현1동","서울세관방면","국민연금강남신사지사","학동공원","논현아파트"],"BUSSTOP": [{"StopName":"신사사거리","StopID":"105945","Bus": [{"BusNo":"강남08","Type":"3","BlID":"1457","BusCityName":"서울"},{"BusNo":"6800","Type":"4","BlID":"10063","BusCityName":"광주"},{"BusNo":"1100","Type":"4","BlID":"18507","BusCityName":"남양주"},{"BusNo":"8001","Type":"6","BlID":"18591","BusCityName":"남양주"},{"BusNo":"148","Type":"11","BlID":"870","BusCityName":"서울"},{"BusNo":"145","Type":"11","BlID":"874","BusCityName":"서울"},{"BusNo":"440","Type":"11","BlID":"1065","BusCityName":"서울"},{"BusNo":"4212","Type":"12","BlID":"1055","BusCityName":"서울"}]}]},{"GateNo":"2","GateLink": ["논현1동"]},{"GateNo":"3","GateLink": ["영동시장"],"BUSSTOP": [{"StopName":"신사동사거리.신사역","StopID":"105885","Bus": [{"BusNo":"1100","Type":"4","BlID":"18507","BusCityName":"남양주"},{"BusNo":"8001","Type":"6","BlID":"18591","BusCityName":"남양주"},{"BusNo":"148","Type":"11","BlID":"870","BusCityName":"서울"},{"BusNo":"145","Type":"11","BlID":"874","BusCityName":"서울"},{"BusNo":"440","Type":"11","BlID":"1065","BusCityName":"서울"},{"BusNo":"441","Type":"11","BlID":"1067","BusCityName":"서울"},{"BusNo":"240","Type":"11","BlID":"1495","BusCityName":"서울"},{"BusNo":"4212","Type":"12","BlID":"1055","BusCityName":"서울"},{"BusNo":"4412","Type":"12","BlID":"1057","BusCityName":"서울"}]}]},{"GateNo":"4","GateLink": ["잠원동","강남대로","외환은행 신사역"],"BUSSTOP": [{"StopName":"신사역사거리","StopID":"105855","Bus": [{"BusNo":"148","Type":"11","BlID":"870","BusCityName":"서울"},{"BusNo":"142","Type":"11","BlID":"871","BusCityName":"서울"},{"BusNo":"4212","Type":"12","BlID":"1055","BusCityName":"서울"},{"BusNo":"4412","Type":"12","BlID":"1057","BusCityName":"서울"}]},{"StopName":"신사역.푸른저축은행","StopID":"105872","Bus": [{"BusNo":"3030","Type":"4","BlID":"6052","BusCityName":"안양"},{"BusNo":"1005-1","Type":"4","BlID":"10053","BusCityName":"광주"},{"BusNo":"6800","Type":"4","BlID":"10063","BusCityName":"광주"},{"BusNo":"9600","Type":"4","BlID":"10602","BusCityName":"광주"},{"BusNo":"9700","Type":"4","BlID":"10603","BusCityName":"광주"},{"BusNo":"3100-1","Type":"4","BlID":"17540","BusCityName":"포천"},{"BusNo":"3100","Type":"4","BlID":"17573","BusCityName":"포천"},{"BusNo":"1100","Type":"4","BlID":"18507","BusCityName":"남양주"},{"BusNo":"6500","Type":"5","BlID":"590","BusCityName":"서울"},{"BusNo":"6009","Type":"5","BlID":"1785","BusCityName":"서울"},{"BusNo":"8001","Type":"6","BlID":"18591","BusCityName":"남양주"},{"BusNo":"400","Type":"11","BlID":"500","BusCityName":"서울"},{"BusNo":"N37","Type":"11","BlID":"524","BusCityName":"서울"},{"BusNo":"N13","Type":"11","BlID":"571","BusCityName":"서울"},{"BusNo":"140","Type":"11","BlID":"868","BusCityName":"서울"},{"BusNo":"144","Type":"11","BlID":"873","BusCityName":"서울"},{"BusNo":"145","Type":"11","BlID":"874","BusCityName":"서울"},{"BusNo":"402","Type":"11","BlID":"1050","BusCityName":"서울"},{"BusNo":"420","Type":"11","BlID":"1054","BusCityName":"서울"},{"BusNo":"440","Type":"11","BlID":"1065","BusCityName":"서울"},{"BusNo":"441","Type":"11","BlID":"1067","BusCityName":"서울"},{"BusNo":"470","Type":"11","BlID":"1071","BusCityName":"서울"},{"BusNo":"471","Type":"11","BlID":"1072","BusCityName":"서울"},{"BusNo":"407","Type":"11","BlID":"1355","BusCityName":"서울"},{"BusNo":"542","Type":"11","BlID":"1359","BusCityName":"서울"},{"BusNo":"241","Type":"11","BlID":"1710","BusCityName":"서울"},{"BusNo":"421","Type":"11","BlID":"1808","BusCityName":"서울"},{"BusNo":"9711B","Type":"14","BlID":"544","BusCityName":"서울"},{"BusNo":"9404","Type":"14","BlID":"1349","BusCityName":"서울"},{"BusNo":"9711A","Type":"14","BlID":"1375","BusCityName":"서울"},{"BusNo":"M7412","Type":"14","BlID":"10491","BusCityName":"광주"},{"BusNo":"M7426","Type":"14","BlID":"12010","BusCityName":"파주"}]}]},{"GateNo":"5","GateLink": ["잠원동","한신신반포아파트","롯데캐슬갤럭시아파트"],"BUSSTOP": [{"StopName":"신사역사거리","StopID":"111642","Bus": [{"BusNo":"142","Type":"11","BlID":"871","BusCityName":"서울"},{"BusNo":"4412","Type":"12","BlID":"1057","BusCityName":"서울"}]},{"StopName":"신사동.더리버사이드호텔","StopID":"193622","Bus": [{"BusNo":"6500","Type":"5","BlID":"590","BusCityName":"서울"},{"BusNo":"6009","Type":"5","BlID":"1785","BusCityName":"서울"}]}]},{"GateNo":"6","GateLink": ["신사동","한남대교","한국지역진흥재단"],"BUSSTOP": [{"StopName":"신사역사거리","StopID":"105854","Bus": [{"BusNo":"240","Type":"11","BlID":"1495","BusCityName":"서울"},{"BusNo":"4412","Type":"12","BlID":"1057","BusCityName":"서울"},{"BusNo":"9404","Type":"14","BlID":"1349","BusCityName":"서울"}]},{"StopName":"신사동","StopID":"193623","Bus": [{"BusNo":"6500","Type":"5","BlID":"590","BusCityName":"서울"},{"BusNo":"6009","Type":"5","BlID":"1785","BusCityName":"서울"}]}]},{"GateNo":"7","GateLink": ["신사동"]},{"GateNo":"8","GateLink": ["신사동","압구정방면","신사파출소","기업은행 신사동지점","서울모드패션전문학교","서울디자인마케팅지원센터.강남디자인지원센터","가로수길"],"BUSSTOP": [{"StopName":"신사사거리.가로수길","StopID":"105957","Bus": [{"BusNo":"강남08","Type":"3","BlID":"1457","BusCityName":"서울"},{"BusNo":"서초03","Type":"3","BlID":"1605","BusCityName":"서울"},{"BusNo":"3030","Type":"4","BlID":"6052","BusCityName":"안양"},{"BusNo":"148","Type":"11","BlID":"870","BusCityName":"서울"},{"BusNo":"145","Type":"11","BlID":"874","BusCityName":"서울"},{"BusNo":"441","Type":"11","BlID":"1067","BusCityName":"서울"},{"BusNo":"542","Type":"11","BlID":"1359","BusCityName":"서울"},{"BusNo":"4212","Type":"12","BlID":"1055","BusCityName":"서울"}]}]}]}}}