{"result": {"stationName":"잠원","stationID":338,"type":3,"laneName":"수도권 3호선","laneCity":"수도권","x":127.0116328,"y":37.5129726,"prevOBJ": {"station": [{"stationName":"신사","stationID":337,"type":3,"laneName":"수도권 3호선","laneCity":"수도권","x":127.02059,"y":37.5165612}]},"nextOBJ": {"station": [{"stationName":"고속터미널","stationID":339,"type":3,"laneName":"수도권 3호선","laneCity":"수도권","x":127.0050103,"y":37.5048347}]},"defaultInfo": {"address":"서울특별시 서초구 잠원동 100-1","new_address":"서울특별시 서초구 잠원로4길 46","tel":"02-6110-3381"},"useInfo": {"platform":2,"meetingPlace":1,"restroom":1,"offDoor":1,"crossOver":2,"publicPlace":0,"handicapCount":1,"parkingCount":0,"bicycleCount":1,"civilCount":0},"exitInfo": {"gate": [{"GateNo":"1","GateLink": ["잠원동","신사동방면","한신아파트(315동~319동)","잠원치안센터","잠원동 주민센터","잠원금호베스트빌아파트"],"BUSSTOP": [{"StopName":"잠원역","StopID":"150803","Bus": [{"BusNo":"서초01","Type":"3","BlID":"1597","BusCityName":"서울"}]}]},{"GateNo":"2","GateLink": ["잠원동","반포종합사회복지관","경원중학교","반포한양아파트","녹원아파트","한신아파트(312~314동.329동)"],"BUSSTOP": [{"StopName":"경원중학교","StopID":"105409","Bus": [{"BusNo":"서초01","Type":"3","BlID":"1597","BusCityName":"서울"}]}]},{"GateNo":"3","GateLink": ["반포동","반포3동 주민센터","한신신반포아파트","청구아파트","로얄아파트","그린아파트","한강시민공원(잠원)"],"BUSSTOP": [{"StopName":"경원중학교","StopID":"105404","Bus": [{"BusNo":"서초01","Type":"3","BlID":"1597","BusCityName":"서울"}]}]},{"GateNo":"4","GateLink": ["신동초중학교","신동중학교","신화아파트","미주파스텔아파트","대림아파트","잠원한신아파트","신동초등학교"],"BUSSTOP": [{"StopName":"잠원역","StopID":"194183","Bus": [{"BusNo":"서초01","Type":"3","BlID":"1597","BusCityName":"서울"}]}]}]}}}