{"result": {"stationName":"고속터미널","stationID":339,"type":3,"laneName":"수도권 3호선","laneCity":"수도권","x":127.0050103,"y":37.5048347,"exOBJ": {"station": [{"stationName":"고속터미널","stationID":734,"type":7,"laneName":"수도권 7호선","laneCity":"수도권"},{"stationName":"고속터미널","stationID":923,"type":9,"laneName":"수도권 9호선","laneCity":"수도권"}]},"prevOBJ": {"station": [{"stationName":"잠원","stationID":338,"type":3,"laneName":"수도권 3호선","laneCity":"수도권","x":127.0116328,"y":37.5129726}]},"nextOBJ": {"station": [{"stationName":"교대","stationID":340,"type":3,"laneName":"수도권 3호선","laneCity":"수도권","x":127.0138296,"y":37.4929876}]},"defaultInfo": {"address":"서울특별시 서초구 반포동 19-11","new_address":"서울특별시 서초구 신반포로 188","tel":"02-6110-3391"},"useInfo": {"platform":2,"meetingPlace":0,"restroom":2,"offDoor":1,"crossOver":2,"publicPlace":0,"handicapCount":1,"parkingCount":0,"bicycleCount":0,"civilCount":0},"exitInfo": {"gate": [{"GateNo":"1","GateLink": ["경부선.영동선","가톨릭대학교서울성모병원"],"BUSSTOP": [{"StopName":"고속터미널경부선","StopID":"105370","Bus": [{"BusNo":"3414","Type":"12","BlID":"1030","BusCityName":"서울"},{"BusNo":"3422","Type":"12","BlID":"1036","BusCityName":"서울"}]},{"StopName":"고속터미널","StopID":"111637","Bus": [{"BusNo":"142","Type":"11","BlID":"871","BusCityName":"서울"},{"BusNo":"3414","Type":"12","BlID":"1030","BusCityName":"서울"},{"BusNo":"5413","Type":"12","BlID":"1101","BusCityName":"서울"}]},{"StopName":"반포자이아파트","StopID":"194182","Bus": [{"BusNo":"서초01","Type":"3","BlID":"1597","BusCityName":"서울"},{"BusNo":"서초10","Type":"3","BlID":"1620","BusCityName":"서울"},{"BusNo":"6020","Type":"5","BlID":"503","BusCityName":"서울"}]},{"StopName":"경부고속터미널","StopID":"195698","Bus": [{"BusNo":"서초10","Type":"3","BlID":"1620","BusCityName":"서울"}]}]},{"GateNo":"2","GateLink": ["반포미도아파트"]},{"GateNo":"3","GateLink": ["사평로","고속버스터미널(호남선)","고속버스터미널(경부선.영동선)","반포미도아파트"],"BUSSTOP": [{"StopName":"서울성모병원","StopID":"105306","Bus": [{"BusNo":"540","Type":"11","BlID":"1360","BusCityName":"서울"}]},{"StopName":"센트럴시티","StopID":"105311","Bus": [{"BusNo":"3414","Type":"12","BlID":"1030","BusCityName":"서울"},{"BusNo":"3422","Type":"12","BlID":"1036","BusCityName":"서울"},{"BusNo":"5413","Type":"12","BlID":"1101","BusCityName":"서울"}]}]},{"GateNo":"4","GateLink": ["가톨릭대학교(성의교정)","가톨릭대학교 서울성모병원","센트럴시티우편취급국"]},{"GateNo":"5","GateLink": ["국립중앙도서관","서울지방조달청","공정거래위원회"],"BUSSTOP": [{"StopName":"팔래스호텔","StopID":"206306","Bus": [{"BusNo":"6703","Type":"5","BlID":"1790","BusCityName":"서울"}]}]},{"GateNo":"6","GateLink": ["반포2동","래미안퍼스티지"],"BUSSTOP": [{"StopName":"삼성래미안.이수역방향","StopID":"105235","Bus": [{"BusNo":"서초13","Type":"3","BlID":"1634","BusCityName":"서울"},{"BusNo":"서초21","Type":"3","BlID":"1657","BusCityName":"서울"}]}]},{"GateNo":"7","GateLink": ["공정거래위원회","기획예산처","조달청","반포4동","가톨릭대학교의과대학.간호대학","가톨릭대학교 서울성모병원","영풍문고"]},{"GateNo":"8","GateLink": ["반포대교방면","호남선 고속버스터미널","강남터미널지하상가","반포2동","한신아파트","신반포주공아파트"],"BUSSTOP": [{"StopName":"고속터미널","StopID":"105267","Bus": [{"BusNo":"9007","Type":"4","BlID":"5009","BusCityName":"성남"},{"BusNo":"6427","Type":"4","BlID":"13030","BusCityName":"김포"},{"BusNo":"6020","Type":"5","BlID":"503","BusCityName":"서울"},{"BusNo":"6000","Type":"5","BlID":"1799","BusCityName":"서울"},{"BusNo":"148","Type":"11","BlID":"870","BusCityName":"서울"},{"BusNo":"142","Type":"11","BlID":"871","BusCityName":"서울"},{"BusNo":"143","Type":"11","BlID":"872","BusCityName":"서울"},{"BusNo":"351","Type":"11","BlID":"1041","BusCityName":"서울"},{"BusNo":"401","Type":"11","BlID":"1048","BusCityName":"서울"},{"BusNo":"640","Type":"11","BlID":"1186","BusCityName":"서울"},{"BusNo":"642","Type":"11","BlID":"1189","BusCityName":"서울"},{"BusNo":"462","Type":"11","BlID":"1357","BusCityName":"서울"},{"BusNo":"540","Type":"11","BlID":"1360","BusCityName":"서울"},{"BusNo":"360","Type":"11","BlID":"1440","BusCityName":"서울"},{"BusNo":"362","Type":"11","BlID":"1454","BusCityName":"서울"},{"BusNo":"643","Type":"11","BlID":"1729","BusCityName":"서울"},{"BusNo":"4212","Type":"12","BlID":"1055","BusCityName":"서울"},{"BusNo":"6411","Type":"12","BlID":"1188","BusCityName":"서울"},{"BusNo":"3012","Type":"12","BlID":"1709","BusCityName":"서울"},{"BusNo":"4318","Type":"12","BlID":"1711","BusCityName":"서울"},{"BusNo":"8541(맞춤버스)","Type":"12","BlID":"1731","BusCityName":"서울"},{"BusNo":"9408","Type":"14","BlID":"1353","BusCityName":"서울"},{"BusNo":"M6427","Type":"14","BlID":"13010","BusCityName":"김포"},{"BusNo":"9500","Type":"14","BlID":"21152","BusCityName":"인천"},{"BusNo":"9802","Type":"14","BlID":"21181","BusCityName":"인천"},{"BusNo":"9501","Type":"14","BlID":"21219","BusCityName":"인천"}]},{"StopName":"고속터미널호남선","StopID":"124621","Bus": [{"BusNo":"3414","Type":"12","BlID":"1030","BusCityName":"서울"},{"BusNo":"3422","Type":"12","BlID":"1036","BusCityName":"서울"},{"BusNo":"5413","Type":"12","BlID":"1101","BusCityName":"서울"}]},{"StopName":"호남고속터미널","StopID":"196646","Bus": [{"BusNo":"서초10","Type":"3","BlID":"1620","BusCityName":"서울"},{"BusNo":"서초14","Type":"3","BlID":"1639","BusCityName":"서울"}]}]},{"GateNo":"8-1","GateLink": ["반포한강공원"],"BUSSTOP": [{"StopName":"강남고속버스터미널","StopID":"166175","Bus": [{"BusNo":"9007","Type":"4","BlID":"5009","BusCityName":"성남"},{"BusNo":"6020","Type":"5","BlID":"503","BusCityName":"서울"}]},{"StopName":"호남고속.신세계","StopID":"195699","Bus": [{"BusNo":"서초10","Type":"3","BlID":"1620","BusCityName":"서울"},{"BusNo":"서초14","Type":"3","BlID":"1639","BusCityName":"서울"}]}]},{"GateNo":"8-2","GateLink": ["반원초등학교"],"BUSSTOP": [{"StopName":"고속터미널","StopID":"105257","Bus": [{"BusNo":"6427","Type":"4","BlID":"13030","BusCityName":"김포"},{"BusNo":"6000","Type":"5","BlID":"1799","BusCityName":"서울"},{"BusNo":"148","Type":"11","BlID":"870","BusCityName":"서울"},{"BusNo":"143","Type":"11","BlID":"872","BusCityName":"서울"},{"BusNo":"351","Type":"11","BlID":"1041","BusCityName":"서울"},{"BusNo":"401","Type":"11","BlID":"1048","BusCityName":"서울"},{"BusNo":"640","Type":"11","BlID":"1186","BusCityName":"서울"},{"BusNo":"642","Type":"11","BlID":"1189","BusCityName":"서울"},{"BusNo":"462","Type":"11","BlID":"1357","BusCityName":"서울"},{"BusNo":"540","Type":"11","BlID":"1360","BusCityName":"서울"},{"BusNo":"360","Type":"11","BlID":"1440","BusCityName":"서울"},{"BusNo":"362","Type":"11","BlID":"1454","BusCityName":"서울"},{"BusNo":"643","Type":"11","BlID":"1729","BusCityName":"서울"},{"BusNo":"4212","Type":"12","BlID":"1055","BusCityName":"서울"},{"BusNo":"6411","Type":"12","BlID":"1188","BusCityName":"서울"},{"BusNo":"3012","Type":"12","BlID":"1709","BusCityName":"서울"},{"BusNo":"4318","Type":"12","BlID":"1711","BusCityName":"서울"},{"BusNo":"8541(맞춤버스)","Type":"12","BlID":"1731","BusCityName":"서울"},{"BusNo":"9408","Type":"14","BlID":"1353","BusCityName":"서울"},{"BusNo":"M6427","Type":"14","BlID":"13010","BusCityName":"김포"},{"BusNo":"9500","Type":"14","BlID":"21152","BusCityName":"인천"},{"BusNo":"9802","Type":"14","BlID":"21181","BusCityName":"인천"},{"BusNo":"9501","Type":"14","BlID":"21219","BusCityName":"인천"}]}]}]}}}