{"result": {"stationName":"남부터미널","stationID":341,"type":3,"laneName":"수도권 3호선","laneCity":"수도권","x":127.0162875,"y":37.4849165,"prevOBJ": {"station": [{"stationName":"교대","stationID":340,"type":3,"laneName":"수도권 3호선","laneCity":"수도권","x":127.0138296,"y":37.4929876}]},"nextOBJ": {"station": [{"stationName":"양재","stationID":342,"type":3,"laneName":"수도권 3호선","laneCity":"수도권","x":127.0339542,"y":37.4845485}]},"defaultInfo": {"address":"서울특별시 서초구 서초동 1748-30","new_address":"서울특별시 서초구 서초중앙로 31","tel":"02-6110-3411"},"useInfo": {"platform":2,"meetingPlace":1,"restroom":1,"offDoor":1,"crossOver":2,"publicPlace":0,"handicapCount":1,"parkingCount":0,"bicycleCount":1,"civilCount":0},"exitInfo": {"gate": [{"GateNo":"1","GateLink": ["서초1동주민센터","서울교육대학교"]},{"GateNo":"2","GateLink": ["서초지구대","뱅뱅사거리","서초여성인력개발센타"],"BUSSTOP": [{"StopName":"국제전자센터","StopID":"124976","Bus": [{"BusNo":"641","Type":"11","BlID":"1187","BusCityName":"서울"},{"BusNo":"461","Type":"11","BlID":"1441","BusCityName":"서울"},{"BusNo":"3012","Type":"12","BlID":"1709","BusCityName":"서울"},{"BusNo":"4319","Type":"12","BlID":"1810","BusCityName":"서울"}]},{"StopName":"국제전자센터","StopID":"152753","Bus": [{"BusNo":"서초11","Type":"3","BlID":"1624","BusCityName":"서울"}]}]},{"GateNo":"3","GateLink": ["서초1동우체국","서일초등학교","국제전자센터","근로복지공단(국제전자센터 16)","외환은행국제전자센터"],"BUSSTOP": [{"StopName":"국제전자센터","StopID":"124978","Bus": [{"BusNo":"641","Type":"11","BlID":"1187","BusCityName":"서울"},{"BusNo":"461","Type":"11","BlID":"1441","BusCityName":"서울"},{"BusNo":"3012","Type":"12","BlID":"1709","BusCityName":"서울"},{"BusNo":"4319","Type":"12","BlID":"1810","BusCityName":"서울"}]},{"StopName":"국제전자센터","StopID":"152754","Bus": [{"BusNo":"서초11","Type":"3","BlID":"1624","BusCityName":"서울"}]}]},{"GateNo":"4","GateLink": ["서초1동","서울시소방학교","서초구립 한우리정보문화센터(장애인복지관)"]},{"GateNo":"4-1","GateLink": ["공무원교육원","소방교육원","노블레스웨딩홀"],"BUSSTOP": [{"StopName":"남부터미널","StopID":"105777","Bus": [{"BusNo":"500-5","Type":"1","BlID":"10002","BusCityName":"광주"},{"BusNo":"5300-1","Type":"4","BlID":"9532","BusCityName":"수원"},{"BusNo":"500-2","Type":"4","BlID":"10017","BusCityName":"광주"},{"BusNo":"1553","Type":"4","BlID":"10506","BusCityName":"광주"}]}]},{"GateNo":"4-2","GateLink": ["현대슈퍼빌","예술의전당"],"BUSSTOP": [{"StopName":"서울남부터미널","StopID":"81761","Bus": [{"BusNo":"1307","Type":"22","BlID":"10652","BusCityName":"광주"},{"BusNo":"8118","Type":"22","BlID":"10709","BusCityName":"광주"},{"BusNo":"8131","Type":"22","BlID":"10710","BusCityName":"광주"},{"BusNo":"8146","Type":"22","BlID":"10715","BusCityName":"광주"},{"BusNo":"8154","Type":"22","BlID":"10718","BusCityName":"광주"},{"BusNo":"9101","Type":"22","BlID":"10727","BusCityName":"광주"}]},{"StopName":"서울남부터미널","StopID":"81762","Bus": [{"BusNo":"1307","Type":"22","BlID":"10652","BusCityName":"광주"},{"BusNo":"8118","Type":"22","BlID":"10709","BusCityName":"광주"},{"BusNo":"8131","Type":"22","BlID":"10710","BusCityName":"광주"},{"BusNo":"8146","Type":"22","BlID":"10715","BusCityName":"광주"},{"BusNo":"8154","Type":"22","BlID":"10718","BusCityName":"광주"},{"BusNo":"9101","Type":"22","BlID":"10727","BusCityName":"광주"}]}]},{"GateNo":"5","GateLink": ["서초3동주민센터","예술의전당","국립국악원","남부시외버스터미널","한국예술종합학교","서울특별시인재개발원","국악박물관"],"BUSSTOP": [{"StopName":"남부터미널","StopID":"105662","Bus": [{"BusNo":"서초22","Type":"3","BlID":"1472","BusCityName":"서울"},{"BusNo":"N61","Type":"11","BlID":"575","BusCityName":"서울"},{"BusNo":"641","Type":"11","BlID":"1187","BusCityName":"서울"},{"BusNo":"461","Type":"11","BlID":"1441","BusCityName":"서울"},{"BusNo":"4319","Type":"12","BlID":"1810","BusCityName":"서울"}]},{"StopName":"남부터미널","StopID":"105703","Bus": [{"BusNo":"서초11","Type":"3","BlID":"1624","BusCityName":"서울"}]}]},{"GateNo":"6","GateLink": ["서초3동","서울고교","기업은행","구립서초유스센타","건강보험심사평가원","한국투자증권 서초동지점","국민건강보험공단 서초남부지사"],"BUSSTOP": [{"StopName":"BC카드.남부터미널","StopID":"105660","Bus": [{"BusNo":"N61","Type":"11","BlID":"575","BusCityName":"서울"},{"BusNo":"641","Type":"11","BlID":"1187","BusCityName":"서울"},{"BusNo":"461","Type":"11","BlID":"1441","BusCityName":"서울"},{"BusNo":"4319","Type":"12","BlID":"1810","BusCityName":"서울"}]},{"StopName":"남부터미널.BC카드앞","StopID":"105698","Bus": [{"BusNo":"서초11","Type":"3","BlID":"1624","BusCityName":"서울"}]},{"StopName":"남부터미널","StopID":"166128","Bus": [{"BusNo":"6016","Type":"5","BlID":"1773","BusCityName":"서울"}]}]}]}}}