{"result": {"stationName":"양재","stationID":342,"type":3,"laneName":"수도권 3호선","laneCity":"수도권","x":127.0339542,"y":37.4845485,"exOBJ": {"station": [{"stationName":"양재","stationID":1911,"type":109,"laneName":"신분당선","laneCity":"수도권"}]},"prevOBJ": {"station": [{"stationName":"남부터미널","stationID":341,"type":3,"laneName":"수도권 3호선","laneCity":"수도권","x":127.0162875,"y":37.4849165}]},"nextOBJ": {"station": [{"stationName":"매봉","stationID":343,"type":3,"laneName":"수도권 3호선","laneCity":"수도권","x":127.0469373,"y":37.4870416}]},"defaultInfo": {"address":"서울특별시 서초구 서초동 1366-9","new_address":"서울특별시 서초구 남부순환로 2585","tel":"02-6110-3421"},"useInfo": {"platform":2,"meetingPlace":0,"restroom":1,"offDoor":1,"crossOver":2,"publicPlace":0,"handicapCount":1,"parkingCount":0,"bicycleCount":1,"civilCount":0},"exitInfo": {"gate": [{"GateNo":"1","GateLink": ["서초동","남부순환도로","영동중학교","한전강남지점","한전KDN(주)","한국산업기술보호협회","대한성서공회","서초여성인력개발센터"],"BUSSTOP": [{"StopName":"서초구청","StopID":"106372","Bus": [{"BusNo":"19","Type":"1","BlID":"6018","BusCityName":"안양"},{"BusNo":"500-5","Type":"1","BlID":"10002","BusCityName":"광주"},{"BusNo":"1241","Type":"4","BlID":"5061","BusCityName":"성남"},{"BusNo":"500-2","Type":"4","BlID":"10017","BusCityName":"광주"},{"BusNo":"406","Type":"11","BlID":"1052","BusCityName":"서울"},{"BusNo":"405","Type":"11","BlID":"1809","BusCityName":"서울"}]},{"StopName":"서초구청맞은편","StopID":"196675","Bus": [{"BusNo":"서초17","Type":"3","BlID":"1650","BusCityName":"서울"},{"BusNo":"서초21","Type":"3","BlID":"1657","BusCityName":"서울"}]}]},{"GateNo":"2","GateLink": ["강남대로","뱅뱅사거리","기업은행 강남대로지점","SC제일은행양재동지점"],"BUSSTOP": [{"StopName":"뱅뱅사거리","StopID":"106382","Bus": [{"BusNo":"500-5","Type":"1","BlID":"10002","BusCityName":"광주"},{"BusNo":"1151","Type":"4","BlID":"5024","BusCityName":"성남"},{"BusNo":"1241","Type":"4","BlID":"5061","BusCityName":"성남"},{"BusNo":"1251","Type":"4","BlID":"5089","BusCityName":"성남"},{"BusNo":"9004","Type":"4","BlID":"5096","BusCityName":"성남"},{"BusNo":"3030","Type":"4","BlID":"6052","BusCityName":"안양"},{"BusNo":"5100","Type":"4","BlID":"9564","BusCityName":"수원"},{"BusNo":"500-2","Type":"4","BlID":"10017","BusCityName":"광주"},{"BusNo":"1551","Type":"4","BlID":"10040","BusCityName":"광주"},{"BusNo":"1550-1","Type":"4","BlID":"10049","BusCityName":"광주"},{"BusNo":"1005-1","Type":"4","BlID":"10053","BusCityName":"광주"},{"BusNo":"1560","Type":"4","BlID":"10060","BusCityName":"광주"},{"BusNo":"6501","Type":"4","BlID":"10505","BusCityName":"광주"},{"BusNo":"1005","Type":"4","BlID":"10597","BusCityName":"광주"},{"BusNo":"5006","Type":"4","BlID":"10610","BusCityName":"광주"},{"BusNo":"1551B","Type":"4","BlID":"10696","BusCityName":"광주"},{"BusNo":"5001","Type":"4","BlID":"11196","BusCityName":"용인"},{"BusNo":"5001-1","Type":"4","BlID":"11197","BusCityName":"용인"},{"BusNo":"5002","Type":"4","BlID":"11203","BusCityName":"용인"},{"BusNo":"5003","Type":"4","BlID":"11204","BusCityName":"용인"},{"BusNo":"3200","Type":"4","BlID":"11514","BusCityName":"시흥"},{"BusNo":"6001","Type":"4","BlID":"16017","BusCityName":"화성"},{"BusNo":"6002","Type":"4","BlID":"16042","BusCityName":"화성"},{"BusNo":"8501","Type":"4","BlID":"16043","BusCityName":"화성"},{"BusNo":"6002-1","Type":"4","BlID":"16100","BusCityName":"화성"},{"BusNo":"3100-1","Type":"4","BlID":"17540","BusCityName":"포천"},{"BusNo":"3100","Type":"4","BlID":"17573","BusCityName":"포천"},{"BusNo":"6500","Type":"5","BlID":"590","BusCityName":"서울"},{"BusNo":"6009","Type":"5","BlID":"1785","BusCityName":"서울"},{"BusNo":"8101","Type":"6","BlID":"10101","BusCityName":"광주"},{"BusNo":"400","Type":"11","BlID":"500","BusCityName":"서울"},{"BusNo":"N37","Type":"11","BlID":"524","BusCityName":"서울"},{"BusNo":"140","Type":"11","BlID":"868","BusCityName":"서울"},{"BusNo":"402","Type":"11","BlID":"1050","BusCityName":"서울"},{"BusNo":"440","Type":"11","BlID":"1065","BusCityName":"서울"},{"BusNo":"441","Type":"11","BlID":"1067","BusCityName":"서울"},{"BusNo":"541","Type":"11","BlID":"1068","BusCityName":"서울"},{"BusNo":"470","Type":"11","BlID":"1071","BusCityName":"서울"},{"BusNo":"471","Type":"11","BlID":"1072","BusCityName":"서울"},{"BusNo":"641","Type":"11","BlID":"1187","BusCityName":"서울"},{"BusNo":"407","Type":"11","BlID":"1355","BusCityName":"서울"},{"BusNo":"462","Type":"11","BlID":"1357","BusCityName":"서울"},{"BusNo":"542","Type":"11","BlID":"1359","BusCityName":"서울"},{"BusNo":"421","Type":"11","BlID":"1808","BusCityName":"서울"},{"BusNo":"9711B","Type":"14","BlID":"544","BusCityName":"서울"},{"BusNo":"9404","Type":"14","BlID":"1349","BusCityName":"서울"},{"BusNo":"9408","Type":"14","BlID":"1353","BusCityName":"서울"},{"BusNo":"9711A","Type":"14","BlID":"1375","BusCityName":"서울"},{"BusNo":"M4403","Type":"14","BlID":"10057","BusCityName":"광주"},{"BusNo":"M7426","Type":"14","BlID":"12010","BusCityName":"파주"},{"BusNo":"9500","Type":"14","BlID":"21152","BusCityName":"인천"},{"BusNo":"9802","Type":"14","BlID":"21181","BusCityName":"인천"},{"BusNo":"9501","Type":"14","BlID":"21219","BusCityName":"인천"}]},{"StopName":"구영동중학교","StopID":"156842","Bus": [{"BusNo":"3412","Type":"12","BlID":"1028","BusCityName":"서울"},{"BusNo":"4412","Type":"12","BlID":"1057","BusCityName":"서울"},{"BusNo":"4432","Type":"12","BlID":"1416","BusCityName":"서울"},{"BusNo":"3012","Type":"12","BlID":"1709","BusCityName":"서울"},{"BusNo":"4319","Type":"12","BlID":"1810","BusCityName":"서울"}]},{"StopName":"구.영동중학교.강남연세샘치과앞","StopID":"196639","Bus": [{"BusNo":"서초09","Type":"3","BlID":"1619","BusCityName":"서울"}]},{"StopName":"뱅뱅사거리","StopID":"197837","Bus": [{"BusNo":"3100","Type":"4","BlID":"6542","BusCityName":"안산"},{"BusNo":"3101","Type":"4","BlID":"6561","BusCityName":"안산"},{"BusNo":"5300-1","Type":"4","BlID":"9532","BusCityName":"수원"},{"BusNo":"5300","Type":"4","BlID":"9546","BusCityName":"수원"},{"BusNo":"3007","Type":"4","BlID":"9565","BusCityName":"수원"},{"BusNo":"3900(출근형)","Type":"4","BlID":"9566","BusCityName":"수원"},{"BusNo":"3003","Type":"4","BlID":"9581","BusCityName":"수원"},{"BusNo":"3000","Type":"4","BlID":"9582","BusCityName":"수원"},{"BusNo":"3002","Type":"4","BlID":"9610","BusCityName":"수원"},{"BusNo":"6800","Type":"4","BlID":"10063","BusCityName":"광주"},{"BusNo":"1311","Type":"4","BlID":"10508","BusCityName":"광주"},{"BusNo":"9700","Type":"4","BlID":"10603","BusCityName":"광주"},{"BusNo":"8201","Type":"6","BlID":"10608","BusCityName":"광주"},{"BusNo":"M5414","Type":"14","BlID":"10535","BusCityName":"광주"},{"BusNo":"M5422","Type":"14","BlID":"10729","BusCityName":"광주"}]}]},{"GateNo":"3","GateLink": ["뱅뱅사거리","아름다운가게","푸르덴셜타워(푸르덴셜 생명보험)"],"BUSSTOP": [{"StopName":"뱅뱅사거리","StopID":"106410","Bus": [{"BusNo":"3030","Type":"4","BlID":"6052","BusCityName":"안양"},{"BusNo":"3007","Type":"4","BlID":"9565","BusCityName":"수원"},{"BusNo":"3002","Type":"4","BlID":"9610","BusCityName":"수원"},{"BusNo":"1005-1","Type":"4","BlID":"10053","BusCityName":"광주"},{"BusNo":"6800","Type":"4","BlID":"10063","BusCityName":"광주"},{"BusNo":"1550","Type":"4","BlID":"10065","BusCityName":"광주"},{"BusNo":"1570","Type":"4","BlID":"10440","BusCityName":"광주"},{"BusNo":"9700","Type":"4","BlID":"10603","BusCityName":"광주"},{"BusNo":"3100-1","Type":"4","BlID":"17540","BusCityName":"포천"},{"BusNo":"3100","Type":"4","BlID":"17573","BusCityName":"포천"},{"BusNo":"6500","Type":"5","BlID":"590","BusCityName":"서울"},{"BusNo":"6009","Type":"5","BlID":"1785","BusCityName":"서울"},{"BusNo":"400","Type":"11","BlID":"500","BusCityName":"서울"},{"BusNo":"N37","Type":"11","BlID":"524","BusCityName":"서울"},{"BusNo":"140","Type":"11","BlID":"868","BusCityName":"서울"},{"BusNo":"402","Type":"11","BlID":"1050","BusCityName":"서울"},{"BusNo":"440","Type":"11","BlID":"1065","BusCityName":"서울"},{"BusNo":"441","Type":"11","BlID":"1067","BusCityName":"서울"},{"BusNo":"470","Type":"11","BlID":"1071","BusCityName":"서울"},{"BusNo":"471","Type":"11","BlID":"1072","BusCityName":"서울"},{"BusNo":"641","Type":"11","BlID":"1187","BusCityName":"서울"},{"BusNo":"407","Type":"11","BlID":"1355","BusCityName":"서울"},{"BusNo":"462","Type":"11","BlID":"1357","BusCityName":"서울"},{"BusNo":"542","Type":"11","BlID":"1359","BusCityName":"서울"},{"BusNo":"421","Type":"11","BlID":"1808","BusCityName":"서울"},{"BusNo":"9711B","Type":"14","BlID":"544","BusCityName":"서울"},{"BusNo":"9404","Type":"14","BlID":"1349","BusCityName":"서울"},{"BusNo":"9408","Type":"14","BlID":"1353","BusCityName":"서울"},{"BusNo":"9711A","Type":"14","BlID":"1375","BusCityName":"서울"},{"BusNo":"9500","Type":"14","BlID":"21152","BusCityName":"인천"},{"BusNo":"9802","Type":"14","BlID":"21181","BusCityName":"인천"},{"BusNo":"9501","Type":"14","BlID":"21219","BusCityName":"인천"}]},{"StopName":"뱅뱅사거리.구영동중학교","StopID":"106447","Bus": [{"BusNo":"강남07","Type":"3","BlID":"1471","BusCityName":"서울"},{"BusNo":"서초09","Type":"3","BlID":"1619","BusCityName":"서울"},{"BusNo":"3412","Type":"12","BlID":"1028","BusCityName":"서울"},{"BusNo":"4412","Type":"12","BlID":"1057","BusCityName":"서울"},{"BusNo":"4432","Type":"12","BlID":"1416","BusCityName":"서울"},{"BusNo":"3012","Type":"12","BlID":"1709","BusCityName":"서울"},{"BusNo":"4319","Type":"12","BlID":"1810","BusCityName":"서울"}]}]},{"GateNo":"4","GateLink": ["도곡동","은광여고","은성중학교","(재)건설산업교육원"],"BUSSTOP": [{"StopName":"양재역말죽거리.강남베드로병원","StopID":"106616","Bus": [{"BusNo":"917","Type":"1","BlID":"6025","BusCityName":"안양"},{"BusNo":"11-3","Type":"1","BlID":"6028","BusCityName":"안양"},{"BusNo":"6","Type":"1","BlID":"7518","BusCityName":"과천"},{"BusNo":"N37","Type":"11","BlID":"524","BusCityName":"서울"},{"BusNo":"402","Type":"11","BlID":"1050","BusCityName":"서울"},{"BusNo":"406","Type":"11","BlID":"1052","BusCityName":"서울"},{"BusNo":"4435","Type":"12","BlID":"595","BusCityName":"서울"},{"BusNo":"4412","Type":"12","BlID":"1057","BusCityName":"서울"},{"BusNo":"4433","Type":"12","BlID":"1427","BusCityName":"서울"},{"BusNo":"3012","Type":"12","BlID":"1709","BusCityName":"서울"},{"BusNo":"4319","Type":"12","BlID":"1810","BusCityName":"서울"}]},{"StopName":"양재역4번출구","StopID":"123330","Bus": [{"BusNo":"서초18-1","Type":"3","BlID":"582","BusCityName":"서울"},{"BusNo":"강남10","Type":"3","BlID":"1429","BusCityName":"서울"},{"BusNo":"강남07","Type":"3","BlID":"1471","BusCityName":"서울"},{"BusNo":"강남02","Type":"3","BlID":"1505","BusCityName":"서울"},{"BusNo":"서초08","Type":"3","BlID":"1614","BusCityName":"서울"},{"BusNo":"서초18","Type":"3","BlID":"1652","BusCityName":"서울"},{"BusNo":"서초20","Type":"3","BlID":"1656","BusCityName":"서울"},{"BusNo":"서초21","Type":"3","BlID":"1657","BusCityName":"서울"}]},{"StopName":"양재역","StopID":"193634","Bus": [{"BusNo":"6009","Type":"5","BlID":"1785","BusCityName":"서울"}]}]},{"GateNo":"5","GateLink": ["양재1동주민센터","양재지구대","양재우체국","양재종합사회복지관","서초구선거관리위원회","외환은행 양재역"],"BUSSTOP": [{"StopName":"양재역.양재1동민원분소","StopID":"106635","Bus": [{"BusNo":"917","Type":"1","BlID":"6025","BusCityName":"안양"},{"BusNo":"11-3","Type":"1","BlID":"6028","BusCityName":"안양"},{"BusNo":"6","Type":"1","BlID":"7518","BusCityName":"과천"},{"BusNo":"N37","Type":"11","BlID":"524","BusCityName":"서울"},{"BusNo":"402","Type":"11","BlID":"1050","BusCityName":"서울"},{"BusNo":"406","Type":"11","BlID":"1052","BusCityName":"서울"},{"BusNo":"641","Type":"11","BlID":"1187","BusCityName":"서울"},{"BusNo":"4435","Type":"12","BlID":"595","BusCityName":"서울"},{"BusNo":"4412","Type":"12","BlID":"1057","BusCityName":"서울"},{"BusNo":"4433","Type":"12","BlID":"1427","BusCityName":"서울"},{"BusNo":"3012","Type":"12","BlID":"1709","BusCityName":"서울"},{"BusNo":"4319","Type":"12","BlID":"1810","BusCityName":"서울"},{"BusNo":"M7426","Type":"14","BlID":"12010","BusCityName":"파주"}]},{"StopName":"양재역","StopID":"193635","Bus": [{"BusNo":"6009","Type":"5","BlID":"1785","BusCityName":"서울"}]},{"StopName":"양재역.종합복지관","StopID":"195669","Bus": [{"BusNo":"서초18-1","Type":"3","BlID":"582","BusCityName":"서울"},{"BusNo":"강남02","Type":"3","BlID":"1505","BusCityName":"서울"},{"BusNo":"서초08","Type":"3","BlID":"1614","BusCityName":"서울"},{"BusNo":"서초18","Type":"3","BlID":"1652","BusCityName":"서울"}]},{"StopName":"양재역5번출구","StopID":"196600","Bus": [{"BusNo":"강남10","Type":"3","BlID":"1429","BusCityName":"서울"},{"BusNo":"서초21","Type":"3","BlID":"1657","BusCityName":"서울"}]}]},{"GateNo":"6","GateLink": ["양재동","서울외국어대학원대학교(서울외대)","서초구립양재노인종합복지관","기업은행양재역지점","한국산업기술진흥협회"]},{"GateNo":"7","GateLink": ["양재1동주민센터"],"BUSSTOP": [{"StopName":"양재역","StopID":"106560","Bus": [{"BusNo":"6","Type":"1","BlID":"7518","BusCityName":"과천"},{"BusNo":"405","Type":"11","BlID":"1809","BusCityName":"서울"},{"BusNo":"4435","Type":"12","BlID":"595","BusCityName":"서울"},{"BusNo":"3412","Type":"12","BlID":"1028","BusCityName":"서울"},{"BusNo":"4432","Type":"12","BlID":"1416","BusCityName":"서울"}]},{"StopName":"양재역7번출구.프라자약국","StopID":"196610","Bus": [{"BusNo":"서초18-1","Type":"3","BlID":"582","BusCityName":"서울"},{"BusNo":"서초09","Type":"3","BlID":"1619","BusCityName":"서울"},{"BusNo":"서초18","Type":"3","BlID":"1652","BusCityName":"서울"},{"BusNo":"서초20","Type":"3","BlID":"1656","BusCityName":"서울"}]}]},{"GateNo":"8","GateLink": ["양재천방면"],"BUSSTOP": [{"StopName":"양재역","StopID":"106587","Bus": [{"BusNo":"500-5","Type":"1","BlID":"10002","BusCityName":"광주"},{"BusNo":"3030","Type":"4","BlID":"6052","BusCityName":"안양"},{"BusNo":"3007","Type":"4","BlID":"9565","BusCityName":"수원"},{"BusNo":"3002","Type":"4","BlID":"9610","BusCityName":"수원"},{"BusNo":"500-2","Type":"4","BlID":"10017","BusCityName":"광주"},{"BusNo":"1005-1","Type":"4","BlID":"10053","BusCityName":"광주"},{"BusNo":"6800","Type":"4","BlID":"10063","BusCityName":"광주"},{"BusNo":"1550","Type":"4","BlID":"10065","BusCityName":"광주"},{"BusNo":"1570","Type":"4","BlID":"10440","BusCityName":"광주"},{"BusNo":"9700","Type":"4","BlID":"10603","BusCityName":"광주"},{"BusNo":"3100-1","Type":"4","BlID":"17540","BusCityName":"포천"},{"BusNo":"3100","Type":"4","BlID":"17573","BusCityName":"포천"},{"BusNo":"400","Type":"11","BlID":"500","BusCityName":"서울"},{"BusNo":"140","Type":"11","BlID":"868","BusCityName":"서울"},{"BusNo":"440","Type":"11","BlID":"1065","BusCityName":"서울"},{"BusNo":"441","Type":"11","BlID":"1067","BusCityName":"서울"},{"BusNo":"470","Type":"11","BlID":"1071","BusCityName":"서울"},{"BusNo":"471","Type":"11","BlID":"1072","BusCityName":"서울"},{"BusNo":"641","Type":"11","BlID":"1187","BusCityName":"서울"},{"BusNo":"407","Type":"11","BlID":"1355","BusCityName":"서울"},{"BusNo":"462","Type":"11","BlID":"1357","BusCityName":"서울"},{"BusNo":"542","Type":"11","BlID":"1359","BusCityName":"서울"},{"BusNo":"421","Type":"11","BlID":"1808","BusCityName":"서울"},{"BusNo":"9711B","Type":"14","BlID":"544","BusCityName":"서울"},{"BusNo":"9404","Type":"14","BlID":"1349","BusCityName":"서울"},{"BusNo":"9408","Type":"14","BlID":"1353","BusCityName":"서울"},{"BusNo":"9711A","Type":"14","BlID":"1375","BusCityName":"서울"},{"BusNo":"9500","Type":"14","BlID":"21152","BusCityName":"인천"},{"BusNo":"9802","Type":"14","BlID":"21181","BusCityName":"인천"},{"BusNo":"9501","Type":"14","BlID":"21219","BusCityName":"인천"}]},{"StopName":"양재역","StopID":"156844","Bus": [{"BusNo":"19","Type":"1","BlID":"6018","BusCityName":"안양"},{"BusNo":"917","Type":"1","BlID":"6025","BusCityName":"안양"},{"BusNo":"11-3","Type":"1","BlID":"6028","BusCityName":"안양"}]}]},{"GateNo":"9","GateLink": ["서초구민회관","서울행정법원"],"BUSSTOP": [{"StopName":"양재역9번출구","StopID":"83656","Bus": [{"BusNo":"3100","Type":"4","BlID":"6542","BusCityName":"안산"},{"BusNo":"3101","Type":"4","BlID":"6561","BusCityName":"안산"},{"BusNo":"3200","Type":"4","BlID":"11514","BusCityName":"시흥"},{"BusNo":"M6410","Type":"14","BlID":"6565","BusCityName":"안산"},{"BusNo":"700","Type":"22","BlID":"6582","BusCityName":"안산"}]},{"StopName":"양재역커피빈앞","StopID":"84689","Bus": [{"BusNo":"3007","Type":"4","BlID":"9565","BusCityName":"수원"},{"BusNo":"3900(출근형)","Type":"4","BlID":"9566","BusCityName":"수원"},{"BusNo":"3003","Type":"4","BlID":"9581","BusCityName":"수원"},{"BusNo":"3000","Type":"4","BlID":"9582","BusCityName":"수원"},{"BusNo":"3002","Type":"4","BlID":"9610","BusCityName":"수원"},{"BusNo":"M5414","Type":"14","BlID":"10535","BusCityName":"광주"},{"BusNo":"M5422","Type":"14","BlID":"10729","BusCityName":"광주"}]},{"StopName":"양재역엘타워빌딩","StopID":"84699","Bus": [{"BusNo":"5300-1","Type":"4","BlID":"9532","BusCityName":"수원"},{"BusNo":"5300","Type":"4","BlID":"9546","BusCityName":"수원"},{"BusNo":"6800","Type":"4","BlID":"10063","BusCityName":"광주"},{"BusNo":"1311","Type":"4","BlID":"10508","BusCityName":"광주"},{"BusNo":"8201","Type":"6","BlID":"10608","BusCityName":"광주"}]},{"StopName":"양재역","StopID":"106556","Bus": [{"BusNo":"500-5","Type":"1","BlID":"10002","BusCityName":"광주"},{"BusNo":"1151","Type":"4","BlID":"5024","BusCityName":"성남"},{"BusNo":"1251","Type":"4","BlID":"5089","BusCityName":"성남"},{"BusNo":"9004","Type":"4","BlID":"5096","BusCityName":"성남"},{"BusNo":"3030","Type":"4","BlID":"6052","BusCityName":"안양"},{"BusNo":"5100","Type":"4","BlID":"9564","BusCityName":"수원"},{"BusNo":"500-2","Type":"4","BlID":"10017","BusCityName":"광주"},{"BusNo":"1551","Type":"4","BlID":"10040","BusCityName":"광주"},{"BusNo":"1550-1","Type":"4","BlID":"10049","BusCityName":"광주"},{"BusNo":"1005-1","Type":"4","BlID":"10053","BusCityName":"광주"},{"BusNo":"1560","Type":"4","BlID":"10060","BusCityName":"광주"},{"BusNo":"6501","Type":"4","BlID":"10505","BusCityName":"광주"},{"BusNo":"1005","Type":"4","BlID":"10597","BusCityName":"광주"},{"BusNo":"9700","Type":"4","BlID":"10603","BusCityName":"광주"},{"BusNo":"5006","Type":"4","BlID":"10610","BusCityName":"광주"},{"BusNo":"1551B","Type":"4","BlID":"10696","BusCityName":"광주"},{"BusNo":"5001","Type":"4","BlID":"11196","BusCityName":"용인"},{"BusNo":"5001-1","Type":"4","BlID":"11197","BusCityName":"용인"},{"BusNo":"5002","Type":"4","BlID":"11203","BusCityName":"용인"},{"BusNo":"5003","Type":"4","BlID":"11204","BusCityName":"용인"},{"BusNo":"6001","Type":"4","BlID":"16017","BusCityName":"화성"},{"BusNo":"6002","Type":"4","BlID":"16042","BusCityName":"화성"},{"BusNo":"8501","Type":"4","BlID":"16043","BusCityName":"화성"},{"BusNo":"6002-1","Type":"4","BlID":"16100","BusCityName":"화성"},{"BusNo":"3100-1","Type":"4","BlID":"17540","BusCityName":"포천"},{"BusNo":"3100","Type":"4","BlID":"17573","BusCityName":"포천"},{"BusNo":"8101","Type":"6","BlID":"10101","BusCityName":"광주"},{"BusNo":"140","Type":"11","BlID":"868","BusCityName":"서울"},{"BusNo":"440","Type":"11","BlID":"1065","BusCityName":"서울"},{"BusNo":"441","Type":"11","BlID":"1067","BusCityName":"서울"},{"BusNo":"541","Type":"11","BlID":"1068","BusCityName":"서울"},{"BusNo":"470","Type":"11","BlID":"1071","BusCityName":"서울"},{"BusNo":"471","Type":"11","BlID":"1072","BusCityName":"서울"},{"BusNo":"407","Type":"11","BlID":"1355","BusCityName":"서울"},{"BusNo":"462","Type":"11","BlID":"1357","BusCityName":"서울"},{"BusNo":"542","Type":"11","BlID":"1359","BusCityName":"서울"},{"BusNo":"421","Type":"11","BlID":"1808","BusCityName":"서울"},{"BusNo":"9711B","Type":"14","BlID":"544","BusCityName":"서울"},{"BusNo":"9404","Type":"14","BlID":"1349","BusCityName":"서울"},{"BusNo":"9408","Type":"14","BlID":"1353","BusCityName":"서울"},{"BusNo":"9711A","Type":"14","BlID":"1375","BusCityName":"서울"},{"BusNo":"M4403","Type":"14","BlID":"10057","BusCityName":"광주"},{"BusNo":"9500","Type":"14","BlID":"21152","BusCityName":"인천"},{"BusNo":"9802","Type":"14","BlID":"21181","BusCityName":"인천"},{"BusNo":"9501","Type":"14","BlID":"21219","BusCityName":"인천"}]},{"StopName":"양재역신한은행앞","StopID":"156845","Bus": [{"BusNo":"19","Type":"1","BlID":"6018","BusCityName":"안양"},{"BusNo":"917","Type":"1","BlID":"6025","BusCityName":"안양"},{"BusNo":"11-3","Type":"1","BlID":"6028","BusCityName":"안양"},{"BusNo":"6","Type":"1","BlID":"7518","BusCityName":"과천"}]}]},{"GateNo":"10","GateLink": ["서초구청"],"BUSSTOP": [{"StopName":"양재역","StopID":"106519","Bus": [{"BusNo":"서초18-1","Type":"3","BlID":"582","BusCityName":"서울"},{"BusNo":"서초18","Type":"3","BlID":"1652","BusCityName":"서울"},{"BusNo":"400","Type":"11","BlID":"500","BusCityName":"서울"},{"BusNo":"405","Type":"11","BlID":"1809","BusCityName":"서울"},{"BusNo":"4435","Type":"12","BlID":"595","BusCityName":"서울"},{"BusNo":"3412","Type":"12","BlID":"1028","BusCityName":"서울"},{"BusNo":"4432","Type":"12","BlID":"1416","BusCityName":"서울"},{"BusNo":"M6405","Type":"14","BlID":"21005","BusCityName":"인천"},{"BusNo":"9100","Type":"14","BlID":"21132","BusCityName":"인천"},{"BusNo":"9200","Type":"14","BlID":"21133","BusCityName":"인천"},{"BusNo":"9300","Type":"14","BlID":"21151","BusCityName":"인천"},{"BusNo":"9201","Type":"14","BlID":"21165","BusCityName":"인천"},{"BusNo":"9301","Type":"14","BlID":"21253","BusCityName":"인천"}]},{"StopName":"양재역.환승주차장","StopID":"124777","Bus": [{"BusNo":"서초08","Type":"3","BlID":"1614","BusCityName":"서울"},{"BusNo":"서초09","Type":"3","BlID":"1619","BusCityName":"서울"},{"BusNo":"서초20","Type":"3","BlID":"1656","BusCityName":"서울"}]}]},{"GateNo":"11","GateLink": ["성남.분당방면","서초구민회관","서울시농업기술센터","양재동꽃시장","대한무역투자진흥공사","At센터(농수산물유통공사)","한국IT전문학교","횃불트리니티 신학대학원대학교","국민연급서초지사/엘타워3층","농협하나로클럽","서울교육문화회관","일동제약"]},{"GateNo":"12","GateLink": ["남부순환로","서초구청","외교안보연구원","양재고교","외교센터","주한 우즈베키스탄 대사관"],"BUSSTOP": [{"StopName":"서초구청","StopID":"106378","Bus": [{"BusNo":"19","Type":"1","BlID":"6018","BusCityName":"안양"},{"BusNo":"406","Type":"11","BlID":"1052","BusCityName":"서울"},{"BusNo":"405","Type":"11","BlID":"1809","BusCityName":"서울"}]},{"StopName":"외교안보연구원.서초구청","StopID":"195735","Bus": [{"BusNo":"서초17","Type":"3","BlID":"1650","BusCityName":"서울"},{"BusNo":"서초21","Type":"3","BlID":"1657","BusCityName":"서울"}]},{"StopName":"서초구청","StopID":"195736","Bus": [{"BusNo":"서초17","Type":"3","BlID":"1650","BusCityName":"서울"}]}]}]}}}