{"result": {"stationName":"매봉","stationID":343,"type":3,"laneName":"수도권 3호선","laneCity":"수도권","x":127.0469373,"y":37.4870416,"prevOBJ": {"station": [{"stationName":"양재","stationID":342,"type":3,"laneName":"수도권 3호선","laneCity":"수도권","x":127.0339542,"y":37.4845485}]},"nextOBJ": {"station": [{"stationName":"도곡","stationID":344,"type":3,"laneName":"수도권 3호선","laneCity":"수도권","x":127.0560101,"y":37.4912142}]},"defaultInfo": {"address":"서울특별시 강남구 도곡동 179-2","new_address":"서울특별시 강남구 남부순환로 2744","tel":"02-6110-3431"},"useInfo": {"platform":2,"meetingPlace":1,"restroom":2,"offDoor":1,"crossOver":2,"publicPlace":0,"handicapCount":1,"parkingCount":0,"bicycleCount":1,"civilCount":1},"exitInfo": {"gate": [{"GateNo":"1","GateLink": ["도곡1동","대림아파트"],"BUSSTOP": [{"StopName":"매봉역","StopID":"107032","Bus": [{"BusNo":"917","Type":"1","BlID":"6025","BusCityName":"안양"},{"BusNo":"11-3","Type":"1","BlID":"6028","BusCityName":"안양"}]},{"StopName":"매봉역양재최의원","StopID":"193747","Bus": [{"BusNo":"강남02","Type":"3","BlID":"1505","BusCityName":"서울"},{"BusNo":"N37","Type":"11","BlID":"524","BusCityName":"서울"},{"BusNo":"402","Type":"11","BlID":"1050","BusCityName":"서울"},{"BusNo":"406","Type":"11","BlID":"1052","BusCityName":"서울"},{"BusNo":"4435","Type":"12","BlID":"595","BusCityName":"서울"},{"BusNo":"4433","Type":"12","BlID":"1427","BusCityName":"서울"},{"BusNo":"3012","Type":"12","BlID":"1709","BusCityName":"서울"},{"BusNo":"4319","Type":"12","BlID":"1810","BusCityName":"서울"}]}]},{"GateNo":"2","GateLink": ["매봉터널","삼성아파트","도곡삼성래미안아파트","연세대학교 강남세브란스병원"],"BUSSTOP": [{"StopName":"매봉삼성아파트SK리더스뷰","StopID":"107230","Bus": [{"BusNo":"917","Type":"1","BlID":"6025","BusCityName":"안양"},{"BusNo":"11-3","Type":"1","BlID":"6028","BusCityName":"안양"},{"BusNo":"6009","Type":"5","BlID":"1785","BusCityName":"서울"},{"BusNo":"N37","Type":"11","BlID":"524","BusCityName":"서울"},{"BusNo":"402","Type":"11","BlID":"1050","BusCityName":"서울"},{"BusNo":"406","Type":"11","BlID":"1052","BusCityName":"서울"},{"BusNo":"4435","Type":"12","BlID":"595","BusCityName":"서울"},{"BusNo":"3012","Type":"12","BlID":"1709","BusCityName":"서울"},{"BusNo":"4319","Type":"12","BlID":"1810","BusCityName":"서울"}]}]},{"GateNo":"3","GateLink": ["개포한신아파트","한국교육방송공사"],"BUSSTOP": [{"StopName":"도곡개포한신아파트","StopID":"107227","Bus": [{"BusNo":"917","Type":"1","BlID":"6025","BusCityName":"안양"},{"BusNo":"11-3","Type":"1","BlID":"6028","BusCityName":"안양"},{"BusNo":"N37","Type":"11","BlID":"524","BusCityName":"서울"},{"BusNo":"402","Type":"11","BlID":"1050","BusCityName":"서울"},{"BusNo":"406","Type":"11","BlID":"1052","BusCityName":"서울"},{"BusNo":"4435","Type":"12","BlID":"595","BusCityName":"서울"},{"BusNo":"3012","Type":"12","BlID":"1709","BusCityName":"서울"},{"BusNo":"4319","Type":"12","BlID":"1810","BusCityName":"서울"}]},{"StopName":"도곡동","StopID":"193637","Bus": [{"BusNo":"6009","Type":"5","BlID":"1785","BusCityName":"서울"}]}]},{"GateNo":"4","GateLink": ["도곡2동주민센터","도곡치안센터","강남수도사업소","대치중학교","럭키아파트","개포4차우성아파트","개포5차우성아파트","한국과학기술원 도곡동연구소"],"BUSSTOP": [{"StopName":"매봉역","StopID":"107037","Bus": [{"BusNo":"917","Type":"1","BlID":"6025","BusCityName":"안양"},{"BusNo":"11-3","Type":"1","BlID":"6028","BusCityName":"안양"},{"BusNo":"N37","Type":"11","BlID":"524","BusCityName":"서울"},{"BusNo":"402","Type":"11","BlID":"1050","BusCityName":"서울"},{"BusNo":"406","Type":"11","BlID":"1052","BusCityName":"서울"},{"BusNo":"4435","Type":"12","BlID":"595","BusCityName":"서울"},{"BusNo":"4433","Type":"12","BlID":"1427","BusCityName":"서울"},{"BusNo":"3012","Type":"12","BlID":"1709","BusCityName":"서울"},{"BusNo":"4319","Type":"12","BlID":"1810","BusCityName":"서울"}]},{"StopName":"매봉역입구","StopID":"121709","Bus": [{"BusNo":"강남02","Type":"3","BlID":"1505","BusCityName":"서울"},{"BusNo":"4433","Type":"12","BlID":"1427","BusCityName":"서울"}]}]}]}}}