{"result": {"stationName":"도곡","stationID":344,"type":3,"laneName":"수도권 3호선","laneCity":"수도권","x":127.0560101,"y":37.4912142,"exOBJ": {"station": [{"stationName":"도곡","stationID":1517,"type":100,"laneName":"분당선","laneCity":"수도권"}]},"prevOBJ": {"station": [{"stationName":"매봉","stationID":343,"type":3,"laneName":"수도권 3호선","laneCity":"수도권","x":127.0469373,"y":37.4870416}]},"nextOBJ": {"station": [{"stationName":"대치","stationID":345,"type":3,"laneName":"수도권 3호선","laneCity":"수도권","x":127.0634655,"y":37.4945803}]},"defaultInfo": {"address":"서울특별시 강남구 도곡동 339-2","new_address":"서울특별시 강남구 남부순환로 2814","tel":"02-6110-3441"},"useInfo": {"platform":2,"meetingPlace":1,"restroom":2,"offDoor":1,"crossOver":2,"publicPlace":0,"handicapCount":1,"parkingCount":0,"bicycleCount":1,"civilCount":1},"exitInfo": {"gate": [{"GateNo":"1","GateLink": ["숙명여중고교","중앙대부속고등학교","대도초등학교","도곡공원","도곡렉슬아파트"],"BUSSTOP": [{"StopName":"숙명여고","StopID":"107363","Bus": [{"BusNo":"917","Type":"1","BlID":"6025","BusCityName":"안양"},{"BusNo":"11-3","Type":"1","BlID":"6028","BusCityName":"안양"},{"BusNo":"9414","Type":"4","BlID":"5076","BusCityName":"성남"},{"BusNo":"N37","Type":"11","BlID":"524","BusCityName":"서울"},{"BusNo":"402","Type":"11","BlID":"1050","BusCityName":"서울"},{"BusNo":"3012","Type":"12","BlID":"1709","BusCityName":"서울"},{"BusNo":"4319","Type":"12","BlID":"1810","BusCityName":"서울"}]},{"StopName":"중대부고앞","StopID":"107478","Bus": [{"BusNo":"9414","Type":"4","BlID":"5076","BusCityName":"성남"},{"BusNo":"242","Type":"11","BlID":"585","BusCityName":"서울"},{"BusNo":"472","Type":"11","BlID":"1073","BusCityName":"서울"},{"BusNo":"3426","Type":"12","BlID":"1020","BusCityName":"서울"},{"BusNo":"6411","Type":"12","BlID":"1188","BusCityName":"서울"},{"BusNo":"4432","Type":"12","BlID":"1416","BusCityName":"서울"}]},{"StopName":"타워펠리스","StopID":"193639","Bus": [{"BusNo":"6009","Type":"5","BlID":"1785","BusCityName":"서울"}]}]},{"GateNo":"2","GateLink": ["대치1파출소","대치1주민센터","대치우성우편취급소","단국공고교","단대부속중.고교","대치 IPARK"],"BUSSTOP": [{"StopName":"중대부고","StopID":"107504","Bus": [{"BusNo":"9414","Type":"4","BlID":"5076","BusCityName":"성남"},{"BusNo":"242","Type":"11","BlID":"585","BusCityName":"서울"},{"BusNo":"472","Type":"11","BlID":"1073","BusCityName":"서울"},{"BusNo":"2415","Type":"12","BlID":"970","BusCityName":"서울"},{"BusNo":"3426","Type":"12","BlID":"1020","BusCityName":"서울"},{"BusNo":"6411","Type":"12","BlID":"1188","BusCityName":"서울"},{"BusNo":"4432","Type":"12","BlID":"1416","BusCityName":"서울"}]},{"StopName":"도곡역","StopID":"107569","Bus": [{"BusNo":"917","Type":"1","BlID":"6025","BusCityName":"안양"},{"BusNo":"11-3","Type":"1","BlID":"6028","BusCityName":"안양"},{"BusNo":"N37","Type":"11","BlID":"524","BusCityName":"서울"},{"BusNo":"402","Type":"11","BlID":"1050","BusCityName":"서울"},{"BusNo":"2415","Type":"12","BlID":"970","BusCityName":"서울"},{"BusNo":"3012","Type":"12","BlID":"1709","BusCityName":"서울"},{"BusNo":"4319","Type":"12","BlID":"1810","BusCityName":"서울"}]}]},{"GateNo":"3","GateLink": ["개포5공원","대청중학교","대치초등학교","개일초등학교","달터근린공원"],"BUSSTOP": [{"StopName":"그랑프리백화점","StopID":"107534","Bus": [{"BusNo":"강남10","Type":"3","BlID":"1429","BusCityName":"서울"},{"BusNo":"242","Type":"11","BlID":"585","BusCityName":"서울"},{"BusNo":"472","Type":"11","BlID":"1073","BusCityName":"서울"},{"BusNo":"4432","Type":"12","BlID":"1416","BusCityName":"서울"}]},{"StopName":"도곡역","StopID":"107557","Bus": [{"BusNo":"917","Type":"1","BlID":"6025","BusCityName":"안양"},{"BusNo":"11-3","Type":"1","BlID":"6028","BusCityName":"안양"},{"BusNo":"강남10","Type":"3","BlID":"1429","BusCityName":"서울"},{"BusNo":"N37","Type":"11","BlID":"524","BusCityName":"서울"},{"BusNo":"402","Type":"11","BlID":"1050","BusCityName":"서울"},{"BusNo":"2413","Type":"12","BlID":"982","BusCityName":"서울"},{"BusNo":"3012","Type":"12","BlID":"1709","BusCityName":"서울"},{"BusNo":"4319","Type":"12","BlID":"1810","BusCityName":"서울"}]}]},{"GateNo":"4","GateLink": ["군인공제회","도곡제2동","군인공제회우편취급소","구룡중학교"],"BUSSTOP": [{"StopName":"군인공제회관","StopID":"107395","Bus": [{"BusNo":"917","Type":"1","BlID":"6025","BusCityName":"안양"},{"BusNo":"11-3","Type":"1","BlID":"6028","BusCityName":"안양"},{"BusNo":"9414","Type":"4","BlID":"5076","BusCityName":"성남"},{"BusNo":"N37","Type":"11","BlID":"524","BusCityName":"서울"},{"BusNo":"402","Type":"11","BlID":"1050","BusCityName":"서울"},{"BusNo":"2413","Type":"12","BlID":"982","BusCityName":"서울"},{"BusNo":"6411","Type":"12","BlID":"1188","BusCityName":"서울"},{"BusNo":"3012","Type":"12","BlID":"1709","BusCityName":"서울"},{"BusNo":"4319","Type":"12","BlID":"1810","BusCityName":"서울"}]},{"StopName":"그랑프리백화점","StopID":"107522","Bus": [{"BusNo":"강남10","Type":"3","BlID":"1429","BusCityName":"서울"},{"BusNo":"242","Type":"11","BlID":"585","BusCityName":"서울"},{"BusNo":"472","Type":"11","BlID":"1073","BusCityName":"서울"},{"BusNo":"2413","Type":"12","BlID":"982","BusCityName":"서울"},{"BusNo":"6411","Type":"12","BlID":"1188","BusCityName":"서울"},{"BusNo":"4432","Type":"12","BlID":"1416","BusCityName":"서울"}]},{"StopName":"타워펠리스","StopID":"193638","Bus": [{"BusNo":"6009","Type":"5","BlID":"1785","BusCityName":"서울"}]}]}]}}}