{"result": {"stationName":"대치","stationID":345,"type":3,"laneName":"수도권 3호선","laneCity":"수도권","x":127.0634655,"y":37.4945803,"prevOBJ": {"station": [{"stationName":"도곡","stationID":344,"type":3,"laneName":"수도권 3호선","laneCity":"수도권","x":127.0560101,"y":37.4912142}]},"nextOBJ": {"station": [{"stationName":"학여울","stationID":346,"type":3,"laneName":"수도권 3호선","laneCity":"수도권","x":127.0705639,"y":37.4966907}]},"defaultInfo": {"address":"서울특별시 강남구 대치동 317-3","new_address":"서울특별시 강남구 남부순환로 2952","tel":"02-6110-3451"},"useInfo": {"platform":1,"meetingPlace":0,"restroom":1,"offDoor":0,"crossOver":2,"publicPlace":0,"handicapCount":1,"parkingCount":0,"bicycleCount":1,"civilCount":1},"exitInfo": {"gate": [{"GateNo":"1","GateLink": ["대치1주민센터","남서울종합시장","청실아파트","외환은행 대치역"],"BUSSTOP": [{"StopName":"대치역","StopID":"107769","Bus": [{"BusNo":"917","Type":"1","BlID":"6025","BusCityName":"안양"},{"BusNo":"11-3","Type":"1","BlID":"6028","BusCityName":"안양"},{"BusNo":"강남10","Type":"3","BlID":"1429","BusCityName":"서울"},{"BusNo":"N37","Type":"11","BlID":"524","BusCityName":"서울"},{"BusNo":"402","Type":"11","BlID":"1050","BusCityName":"서울"},{"BusNo":"2415","Type":"12","BlID":"970","BusCityName":"서울"},{"BusNo":"2413","Type":"12","BlID":"982","BusCityName":"서울"},{"BusNo":"3426","Type":"12","BlID":"1020","BusCityName":"서울"},{"BusNo":"3012","Type":"12","BlID":"1709","BusCityName":"서울"},{"BusNo":"4319","Type":"12","BlID":"1810","BusCityName":"서울"}]},{"StopName":"대치동","StopID":"193640","Bus": [{"BusNo":"6009","Type":"5","BlID":"1785","BusCityName":"서울"}]}]},{"GateNo":"2","GateLink": ["국제아파트","대치삼성아파트"],"BUSSTOP": [{"StopName":"대치동국제아파트.서울교회","StopID":"107794","Bus": [{"BusNo":"333","Type":"11","BlID":"517","BusCityName":"서울"},{"BusNo":"143","Type":"11","BlID":"872","BusCityName":"서울"},{"BusNo":"420","Type":"11","BlID":"1054","BusCityName":"서울"},{"BusNo":"461","Type":"11","BlID":"1441","BusCityName":"서울"},{"BusNo":"3011","Type":"12","BlID":"507","BusCityName":"서울"},{"BusNo":"3425","Type":"12","BlID":"581","BusCityName":"서울"},{"BusNo":"2415","Type":"12","BlID":"970","BusCityName":"서울"},{"BusNo":"2413","Type":"12","BlID":"982","BusCityName":"서울"},{"BusNo":"4412","Type":"12","BlID":"1057","BusCityName":"서울"}]}]},{"GateNo":"3","GateLink": ["대치2동","은마아파트","은마치안센터","은마아파트우체국"],"BUSSTOP": [{"StopName":"은마아파트","StopID":"107823","Bus": [{"BusNo":"333","Type":"11","BlID":"517","BusCityName":"서울"},{"BusNo":"143","Type":"11","BlID":"872","BusCityName":"서울"},{"BusNo":"420","Type":"11","BlID":"1054","BusCityName":"서울"},{"BusNo":"461","Type":"11","BlID":"1441","BusCityName":"서울"},{"BusNo":"3011","Type":"12","BlID":"507","BusCityName":"서울"},{"BusNo":"3425","Type":"12","BlID":"581","BusCityName":"서울"},{"BusNo":"2413","Type":"12","BlID":"982","BusCityName":"서울"},{"BusNo":"4412","Type":"12","BlID":"1057","BusCityName":"서울"}]}]},{"GateNo":"4","GateLink": ["남부순환로","은마아파트"],"BUSSTOP": [{"StopName":"은마아파트","StopID":"107965","Bus": [{"BusNo":"917","Type":"1","BlID":"6025","BusCityName":"안양"},{"BusNo":"11-3","Type":"1","BlID":"6028","BusCityName":"안양"},{"BusNo":"333","Type":"11","BlID":"517","BusCityName":"서울"},{"BusNo":"N37","Type":"11","BlID":"524","BusCityName":"서울"},{"BusNo":"402","Type":"11","BlID":"1050","BusCityName":"서울"},{"BusNo":"4412","Type":"12","BlID":"1057","BusCityName":"서울"},{"BusNo":"3012","Type":"12","BlID":"1709","BusCityName":"서울"},{"BusNo":"4319","Type":"12","BlID":"1810","BusCityName":"서울"}]}]},{"GateNo":"5","GateLink": ["대치2동","대곡초등학교","미도아파트","우리은행 대치남지점"],"BUSSTOP": [{"StopName":"대치동미도아파트","StopID":"107970","Bus": [{"BusNo":"917","Type":"1","BlID":"6025","BusCityName":"안양"},{"BusNo":"11-3","Type":"1","BlID":"6028","BusCityName":"안양"},{"BusNo":"333","Type":"11","BlID":"517","BusCityName":"서울"},{"BusNo":"N37","Type":"11","BlID":"524","BusCityName":"서울"},{"BusNo":"402","Type":"11","BlID":"1050","BusCityName":"서울"},{"BusNo":"4412","Type":"12","BlID":"1057","BusCityName":"서울"},{"BusNo":"3012","Type":"12","BlID":"1709","BusCityName":"서울"},{"BusNo":"4319","Type":"12","BlID":"1810","BusCityName":"서울"}]}]},{"GateNo":"6","GateLink": ["개포동","강남구민회관","강남구의회"],"BUSSTOP": [{"StopName":"대치역강남구민회관","StopID":"107873","Bus": [{"BusNo":"강남10","Type":"3","BlID":"1429","BusCityName":"서울"},{"BusNo":"143","Type":"11","BlID":"872","BusCityName":"서울"},{"BusNo":"420","Type":"11","BlID":"1054","BusCityName":"서울"},{"BusNo":"461","Type":"11","BlID":"1441","BusCityName":"서울"},{"BusNo":"3011","Type":"12","BlID":"507","BusCityName":"서울"},{"BusNo":"3425","Type":"12","BlID":"581","BusCityName":"서울"},{"BusNo":"3426","Type":"12","BlID":"1020","BusCityName":"서울"},{"BusNo":"4433","Type":"12","BlID":"1427","BusCityName":"서울"}]}]},{"GateNo":"7","GateLink": ["개포동","강남구민회관","선경아파트"],"BUSSTOP": [{"StopName":"대치역","StopID":"107856","Bus": [{"BusNo":"강남10","Type":"3","BlID":"1429","BusCityName":"서울"},{"BusNo":"143","Type":"11","BlID":"872","BusCityName":"서울"},{"BusNo":"420","Type":"11","BlID":"1054","BusCityName":"서울"},{"BusNo":"461","Type":"11","BlID":"1441","BusCityName":"서울"},{"BusNo":"3011","Type":"12","BlID":"507","BusCityName":"서울"},{"BusNo":"3425","Type":"12","BlID":"581","BusCityName":"서울"},{"BusNo":"3426","Type":"12","BlID":"1020","BusCityName":"서울"},{"BusNo":"4433","Type":"12","BlID":"1427","BusCityName":"서울"}]}]},{"GateNo":"8","GateLink": ["대치1주민센터","대치초등학교","우성아파트","선경아파트","기업은행","현대스위스3저축은행","하나은행대치동지점"],"BUSSTOP": [{"StopName":"대치역","StopID":"107798","Bus": [{"BusNo":"917","Type":"1","BlID":"6025","BusCityName":"안양"},{"BusNo":"11-3","Type":"1","BlID":"6028","BusCityName":"안양"},{"BusNo":"강남10","Type":"3","BlID":"1429","BusCityName":"서울"},{"BusNo":"N37","Type":"11","BlID":"524","BusCityName":"서울"},{"BusNo":"402","Type":"11","BlID":"1050","BusCityName":"서울"},{"BusNo":"3426","Type":"12","BlID":"1020","BusCityName":"서울"},{"BusNo":"3012","Type":"12","BlID":"1709","BusCityName":"서울"},{"BusNo":"4319","Type":"12","BlID":"1810","BusCityName":"서울"}]},{"StopName":"대치동","StopID":"193641","Bus": [{"BusNo":"6009","Type":"5","BlID":"1785","BusCityName":"서울"}]}]}]}}}