{"result": {"stationName":"학여울","stationID":346,"type":3,"laneName":"수도권 3호선","laneCity":"수도권","x":127.0705639,"y":37.4966907,"prevOBJ": {"station": [{"stationName":"대치","stationID":345,"type":3,"laneName":"수도권 3호선","laneCity":"수도권","x":127.0634655,"y":37.4945803}]},"nextOBJ": {"station": [{"stationName":"대청","stationID":347,"type":3,"laneName":"수도권 3호선","laneCity":"수도권","x":127.0795472,"y":37.4936072}]},"defaultInfo": {"address":"서울특별시 강남구 대치동 514-3","new_address":"서울특별시 강남구 남부순환로 3104","tel":"02-6110-3461"},"useInfo": {"platform":2,"meetingPlace":1,"restroom":2,"offDoor":1,"crossOver":2,"publicPlace":0,"handicapCount":1,"parkingCount":1,"bicycleCount":1,"civilCount":1},"exitInfo": {"gate": [{"GateNo":"1","GateLink": ["미도아파트","쌍용아파트","은마아파트","우성아파트","서울산업통상진흥원/세텍","한국가스안전공사","경희대 강남경희한방병원","새마을운동중앙회","한국토지공사서울지사"],"BUSSTOP": [{"StopName":"쌍용아파트","StopID":"108077","Bus": [{"BusNo":"917","Type":"1","BlID":"6025","BusCityName":"안양"},{"BusNo":"11-3","Type":"1","BlID":"6028","BusCityName":"안양"},{"BusNo":"강남01","Type":"3","BlID":"1504","BusCityName":"서울"},{"BusNo":"강남06","Type":"3","BlID":"1515","BusCityName":"서울"},{"BusNo":"9407","Type":"4","BlID":"5037","BusCityName":"성남"},{"BusNo":"9507","Type":"4","BlID":"5065","BusCityName":"성남"},{"BusNo":"9607","Type":"4","BlID":"5072","BusCityName":"성남"},{"BusNo":"6900","Type":"4","BlID":"10064","BusCityName":"광주"},{"BusNo":"401","Type":"11","BlID":"1048","BusCityName":"서울"},{"BusNo":"4419","Type":"12","BlID":"1062","BusCityName":"서울"},{"BusNo":"4319","Type":"12","BlID":"1810","BusCityName":"서울"}]},{"StopName":"학여울역","StopID":"120576","Bus": [{"BusNo":"3012","Type":"12","BlID":"1709","BusCityName":"서울"}]}]}]}}}