{"result": {"stationName":"대청","stationID":347,"type":3,"laneName":"수도권 3호선","laneCity":"수도권","x":127.0795472,"y":37.4936072,"prevOBJ": {"station": [{"stationName":"학여울","stationID":346,"type":3,"laneName":"수도권 3호선","laneCity":"수도권","x":127.0705639,"y":37.4966907}]},"nextOBJ": {"station": [{"stationName":"일원","stationID":348,"type":3,"laneName":"수도권 3호선","laneCity":"수도권","x":127.0840537,"y":37.4838747}]},"defaultInfo": {"address":"서울특별시 강남구 일원동 700-9","new_address":"서울특별시 강남구 일원로 2","tel":"02-6110-3471"},"useInfo": {"platform":2,"meetingPlace":1,"restroom":1,"offDoor":1,"crossOver":1,"publicPlace":0,"handicapCount":1,"parkingCount":1,"bicycleCount":1,"civilCount":1},"exitInfo": {"gate": [{"GateNo":"1","GateLink": ["일원2동","대진초등학교","강남지역자활센터"]},{"GateNo":"2","GateLink": ["탄천재생센터"]},{"GateNo":"3","GateLink": ["일원치안센터","삼성아파트","대청공원","일원1동","대청초등학교"]},{"GateNo":"4","GateLink": ["중동고교","영희초등학교"],"BUSSTOP": [{"StopName":"중동고등학교","StopID":"108451","Bus": [{"BusNo":"강남01","Type":"3","BlID":"1504","BusCityName":"서울"},{"BusNo":"강남05","Type":"3","BlID":"1508","BusCityName":"서울"}]}]},{"GateNo":"5","GateLink": ["일원초등학교","현대아파트우체국","우성아파트","대우아파트","한신아파트","중동중학교"],"BUSSTOP": [{"StopName":"대청역","StopID":"108440","Bus": [{"BusNo":"강남01","Type":"3","BlID":"1504","BusCityName":"서울"},{"BusNo":"강남05","Type":"3","BlID":"1508","BusCityName":"서울"}]}]},{"GateNo":"6","GateLink": ["개포동방면","우성아파트","공무원아파트"],"BUSSTOP": [{"StopName":"대청역","StopID":"108403","Bus": [{"BusNo":"3413","Type":"12","BlID":"1029","BusCityName":"서울"},{"BusNo":"4412","Type":"12","BlID":"1057","BusCityName":"서울"}]}]},{"GateNo":"7","GateLink": ["수서경찰서","일원2동 주민센터","하상장애인종합복지관","개원중학교","강남종합사회복지관","서울강남우체국","컴퓨터프로그램보호위원회","일원동하나은행","강남구건강가정지원센터","한국저작권위원회","강남장애인복지관"],"BUSSTOP": [{"StopName":"강남우체국","StopID":"206274","Bus": [{"BusNo":"강남01","Type":"3","BlID":"1504","BusCityName":"서울"},{"BusNo":"강남05","Type":"3","BlID":"1508","BusCityName":"서울"}]}]},{"GateNo":"8","GateLink": ["SH공사","대청아파트","대치아파트","LG개포자이아파트","우리은행SH공사지점"]}]}}}