{"result": {"stationName":"일원","stationID":348,"type":3,"laneName":"수도권 3호선","laneCity":"수도권","x":127.0840537,"y":37.4838747,"prevOBJ": {"station": [{"stationName":"대청","stationID":347,"type":3,"laneName":"수도권 3호선","laneCity":"수도권","x":127.0795472,"y":37.4936072}]},"nextOBJ": {"station": [{"stationName":"수서","stationID":349,"type":3,"laneName":"수도권 3호선","laneCity":"수도권","x":127.1015501,"y":37.4873067}]},"defaultInfo": {"address":"서울특별시 강남구 일원동 717","new_address":"서울특별시 강남구 일원로 121","tel":"02-6110-3481"},"useInfo": {"platform":2,"meetingPlace":1,"restroom":2,"offDoor":1,"crossOver":1,"publicPlace":0,"handicapCount":1,"parkingCount":1,"bicycleCount":1,"civilCount":1},"exitInfo": {"gate": [{"GateNo":"1","GateLink": ["목련타운","환승주차장","왕북초등학교","삼성서울병원"]},{"GateNo":"2","GateLink": ["목련타운","까치마을","광평대군묘역","수서삼성아파트","태화기독교사회복지관","외환은행 일원역"]},{"GateNo":"3","GateLink": ["광평로"],"BUSSTOP": [{"StopName":"일원본동주민센터","StopID":"108577","Bus": [{"BusNo":"16","Type":"1","BlID":"10024","BusCityName":"광주"},{"BusNo":"333","Type":"11","BlID":"517","BusCityName":"서울"},{"BusNo":"N37","Type":"11","BlID":"524","BusCityName":"서울"},{"BusNo":"401","Type":"11","BlID":"1048","BusCityName":"서울"},{"BusNo":"402","Type":"11","BlID":"1050","BusCityName":"서울"},{"BusNo":"461","Type":"11","BlID":"1441","BusCityName":"서울"},{"BusNo":"3425","Type":"12","BlID":"581","BusCityName":"서울"},{"BusNo":"3426","Type":"12","BlID":"1020","BusCityName":"서울"},{"BusNo":"3413","Type":"12","BlID":"1029","BusCityName":"서울"},{"BusNo":"4419","Type":"12","BlID":"1062","BusCityName":"서울"}]}]},{"GateNo":"4","GateLink": ["일원본동주민센터","일원본동우체국","대왕중학교","대모초등학교","수서청소년수련관","서울특별시아동복지센터","서울특별시여성보호센터"],"BUSSTOP": [{"StopName":"일원본동주민센터","StopID":"108594","Bus": [{"BusNo":"16","Type":"1","BlID":"10024","BusCityName":"광주"},{"BusNo":"333","Type":"11","BlID":"517","BusCityName":"서울"},{"BusNo":"N37","Type":"11","BlID":"524","BusCityName":"서울"},{"BusNo":"401","Type":"11","BlID":"1048","BusCityName":"서울"},{"BusNo":"402","Type":"11","BlID":"1050","BusCityName":"서울"},{"BusNo":"461","Type":"11","BlID":"1441","BusCityName":"서울"},{"BusNo":"3425","Type":"12","BlID":"581","BusCityName":"서울"},{"BusNo":"3426","Type":"12","BlID":"1020","BusCityName":"서울"},{"BusNo":"3413","Type":"12","BlID":"1029","BusCityName":"서울"},{"BusNo":"4419","Type":"12","BlID":"1062","BusCityName":"서울"}]}]},{"GateNo":"5","GateLink": ["서울로봇고등학교","상록수아파트","가람아파트","청솔빌리지","한솔아파트"]},{"GateNo":"6","GateLink": ["샘터마을","푸른마을","일원로"],"BUSSTOP": [{"StopName":"상록수아파트앞","StopID":"108525","Bus": [{"BusNo":"333","Type":"11","BlID":"517","BusCityName":"서울"},{"BusNo":"N37","Type":"11","BlID":"524","BusCityName":"서울"},{"BusNo":"401","Type":"11","BlID":"1048","BusCityName":"서울"},{"BusNo":"402","Type":"11","BlID":"1050","BusCityName":"서울"},{"BusNo":"461","Type":"11","BlID":"1441","BusCityName":"서울"},{"BusNo":"3425","Type":"12","BlID":"581","BusCityName":"서울"},{"BusNo":"4419","Type":"12","BlID":"1062","BusCityName":"서울"}]}]},{"GateNo":"7","GateLink": ["중산고교","밀알학교"],"BUSSTOP": [{"StopName":"일원역","StopID":"111904","Bus": [{"BusNo":"16","Type":"1","BlID":"10024","BusCityName":"광주"},{"BusNo":"3426","Type":"12","BlID":"1020","BusCityName":"서울"},{"BusNo":"3413","Type":"12","BlID":"1029","BusCityName":"서울"}]}]}]}}}