{"result": {"stationName":"수서","stationID":349,"type":3,"laneName":"수도권 3호선","laneCity":"수도권","x":127.1015501,"y":37.4873067,"exOBJ": {"station": [{"stationName":"수서","stationID":1521,"type":100,"laneName":"분당선","laneCity":"수도권"}]},"prevOBJ": {"station": [{"stationName":"일원","stationID":348,"type":3,"laneName":"수도권 3호선","laneCity":"수도권","x":127.0840537,"y":37.4838747}]},"nextOBJ": {"station": [{"stationName":"가락시장","stationID":350,"type":3,"laneName":"수도권 3호선","laneCity":"수도권","x":127.11764,"y":37.4922034}]},"defaultInfo": {"address":"서울특별시 강남구 수서동 728","new_address":"서울특별시 강남구 광평로 270","tel":"02-6110-3491"},"useInfo": {"platform":2,"meetingPlace":1,"restroom":1,"offDoor":1,"crossOver":2,"publicPlace":0,"handicapCount":1,"parkingCount":1,"bicycleCount":1,"civilCount":1},"exitInfo": {"gate": [{"GateNo":"1","GateLink": ["북주차장","한국지역난방공사","동익아파트","신동아아파트","대진디자인고등학교","서울특별시아동복지센터","서울특별시여성보호센터","태화기독교사회복지관","광평대군묘역"],"BUSSTOP": [{"StopName":"수서역KT수서지점","StopID":"108946","Bus": [{"BusNo":"강남03","Type":"3","BlID":"1506","BusCityName":"서울"},{"BusNo":"333","Type":"11","BlID":"517","BusCityName":"서울"},{"BusNo":"N37","Type":"11","BlID":"524","BusCityName":"서울"},{"BusNo":"401","Type":"11","BlID":"1048","BusCityName":"서울"},{"BusNo":"402","Type":"11","BlID":"1050","BusCityName":"서울"},{"BusNo":"461","Type":"11","BlID":"1441","BusCityName":"서울"},{"BusNo":"3425","Type":"12","BlID":"581","BusCityName":"서울"},{"BusNo":"3426","Type":"12","BlID":"1020","BusCityName":"서울"},{"BusNo":"3413","Type":"12","BlID":"1029","BusCityName":"서울"},{"BusNo":"4419","Type":"12","BlID":"1062","BusCityName":"서울"}]}]},{"GateNo":"1-1","GateLink": ["공영주차장"],"BUSSTOP": [{"StopName":"수서역KT수서지점","StopID":"108943","Bus": [{"BusNo":"3011","Type":"12","BlID":"507","BusCityName":"서울"},{"BusNo":"2412","Type":"12","BlID":"981","BusCityName":"서울"}]},{"StopName":"수서역","StopID":"195608","Bus": [{"BusNo":"강남06","Type":"3","BlID":"1515","BusCityName":"서울"}]}]},{"GateNo":"2","GateLink": ["세종고교","수서중학교","수서초등학교","명화종합사회복지관","주공.삼익.한아름아파트"],"BUSSTOP": [{"StopName":"수서역","StopID":"108949","Bus": [{"BusNo":"강남06","Type":"3","BlID":"1515","BusCityName":"서울"},{"BusNo":"3011","Type":"12","BlID":"507","BusCityName":"서울"},{"BusNo":"2412","Type":"12","BlID":"981","BusCityName":"서울"}]}]},{"GateNo":"3","GateLink": ["수서주민센터","수서파출소","수서우체국"],"BUSSTOP": [{"StopName":"수서역현대벤쳐빌","StopID":"108996","Bus": [{"BusNo":"16","Type":"1","BlID":"10024","BusCityName":"광주"},{"BusNo":"6300","Type":"5","BlID":"519","BusCityName":"서울"},{"BusNo":"3011","Type":"12","BlID":"507","BusCityName":"서울"}]}]},{"GateNo":"4","GateLink": ["도시개발아파트","농수산물도매시장","수서종합사회복지관"],"BUSSTOP": [{"StopName":"수서역.로즈데일빌딩","StopID":"109016","Bus": [{"BusNo":"101","Type":"1","BlID":"5114","BusCityName":"성남"},{"BusNo":"16","Type":"1","BlID":"10024","BusCityName":"광주"},{"BusNo":"6300","Type":"5","BlID":"519","BusCityName":"서울"},{"BusNo":"333","Type":"11","BlID":"517","BusCityName":"서울"},{"BusNo":"N37","Type":"11","BlID":"524","BusCityName":"서울"},{"BusNo":"401","Type":"11","BlID":"1048","BusCityName":"서울"},{"BusNo":"461","Type":"11","BlID":"1441","BusCityName":"서울"},{"BusNo":"3011","Type":"12","BlID":"507","BusCityName":"서울"},{"BusNo":"3413","Type":"12","BlID":"1029","BusCityName":"서울"},{"BusNo":"3416","Type":"12","BlID":"1032","BusCityName":"서울"}]}]},{"GateNo":"5","GateLink": ["거여동방면","농수산물도매시장","수서종합사회복지관"],"BUSSTOP": [{"StopName":"수서역5번.출구","StopID":"109006","Bus": [{"BusNo":"101","Type":"1","BlID":"5114","BusCityName":"성남"},{"BusNo":"1007","Type":"4","BlID":"10005","BusCityName":"광주"},{"BusNo":"1007-1","Type":"4","BlID":"10051","BusCityName":"광주"},{"BusNo":"6900","Type":"4","BlID":"10064","BusCityName":"광주"},{"BusNo":"5600","Type":"4","BlID":"11024","BusCityName":"용인"},{"BusNo":"5700","Type":"4","BlID":"11036","BusCityName":"용인"},{"BusNo":"2412","Type":"12","BlID":"981","BusCityName":"서울"},{"BusNo":"3416","Type":"12","BlID":"1032","BusCityName":"서울"}]}]},{"GateNo":"6","GateLink": ["궁마을","세곡동방면","성남.분당방면","남주차장"],"BUSSTOP": [{"StopName":"수서역","StopID":"108992","Bus": [{"BusNo":"101","Type":"1","BlID":"5114","BusCityName":"성남"},{"BusNo":"강남06-1","Type":"3","BlID":"567","BusCityName":"서울"},{"BusNo":"강남03","Type":"3","BlID":"1506","BusCityName":"서울"},{"BusNo":"강남06","Type":"3","BlID":"1515","BusCityName":"서울"},{"BusNo":"1007","Type":"4","BlID":"10005","BusCityName":"광주"},{"BusNo":"1007-1","Type":"4","BlID":"10051","BusCityName":"광주"},{"BusNo":"6900","Type":"4","BlID":"10064","BusCityName":"광주"},{"BusNo":"5600","Type":"4","BlID":"11024","BusCityName":"용인"},{"BusNo":"5700","Type":"4","BlID":"11036","BusCityName":"용인"},{"BusNo":"402","Type":"11","BlID":"1050","BusCityName":"서울"},{"BusNo":"3425","Type":"12","BlID":"581","BusCityName":"서울"},{"BusNo":"2412","Type":"12","BlID":"981","BusCityName":"서울"},{"BusNo":"3426","Type":"12","BlID":"1020","BusCityName":"서울"},{"BusNo":"3416","Type":"12","BlID":"1032","BusCityName":"서울"},{"BusNo":"4419","Type":"12","BlID":"1062","BusCityName":"서울"}]}]}]}}}