{"result": {"stationName":"가락시장","stationID":350,"type":3,"laneName":"수도권 3호선","laneCity":"수도권","x":127.11764,"y":37.4922034,"exOBJ": {"station": [{"stationName":"가락시장","stationID":817,"type":8,"laneName":"수도권 8호선","laneCity":"수도권"}]},"prevOBJ": {"station": [{"stationName":"수서","stationID":349,"type":3,"laneName":"수도권 3호선","laneCity":"수도권","x":127.1015501,"y":37.4873067}]},"nextOBJ": {"station": [{"stationName":"경찰병원","stationID":351,"type":3,"laneName":"수도권 3호선","laneCity":"수도권","x":127.1242034,"y":37.4957033}]},"defaultInfo": {"address":"서울특별시 송파구 가락동 184-23","new_address":"서울특별시 송파구 송파대로 257","tel":"02-6311-8171"},"useInfo": {"platform":2,"meetingPlace":0,"restroom":4,"offDoor":1,"crossOver":2,"publicPlace":0,"handicapCount":1,"parkingCount":0,"bicycleCount":1,"civilCount":0},"exitInfo": {"gate": [{"GateNo":"1","GateLink": ["가락시장남문"],"BUSSTOP": [{"StopName":"가락시장.가락몰","StopID":"109227","Bus": [{"BusNo":"101","Type":"1","BlID":"5114","BusCityName":"성남"},{"BusNo":"16","Type":"1","BlID":"10024","BusCityName":"광주"},{"BusNo":"1007","Type":"4","BlID":"10005","BusCityName":"광주"},{"BusNo":"333","Type":"11","BlID":"517","BusCityName":"서울"},{"BusNo":"N37","Type":"11","BlID":"524","BusCityName":"서울"},{"BusNo":"401","Type":"11","BlID":"1048","BusCityName":"서울"},{"BusNo":"461","Type":"11","BlID":"1441","BusCityName":"서울"},{"BusNo":"3011","Type":"12","BlID":"507","BusCityName":"서울"},{"BusNo":"3413","Type":"12","BlID":"1029","BusCityName":"서울"},{"BusNo":"3416","Type":"12","BlID":"1032","BusCityName":"서울"}]},{"StopName":"가락시장.가락시장역","StopID":"109248","Bus": [{"BusNo":"100","Type":"1","BlID":"5011","BusCityName":"성남"},{"BusNo":"60","Type":"1","BlID":"5045","BusCityName":"성남"},{"BusNo":"101","Type":"1","BlID":"5114","BusCityName":"성남"},{"BusNo":"31","Type":"1","BlID":"8010","BusCityName":"하남"},{"BusNo":"16","Type":"1","BlID":"10024","BusCityName":"광주"},{"BusNo":"1007","Type":"4","BlID":"10005","BusCityName":"광주"},{"BusNo":"5600","Type":"4","BlID":"11024","BusCityName":"용인"},{"BusNo":"5700","Type":"4","BlID":"11036","BusCityName":"용인"},{"BusNo":"3413","Type":"12","BlID":"1029","BusCityName":"서울"}]},{"StopName":"가락시장.가락시장역","StopID":"127330","Bus": [{"BusNo":"70","Type":"1","BlID":"5029","BusCityName":"성남"},{"BusNo":"30","Type":"1","BlID":"8000","BusCityName":"하남"},{"BusNo":"30-1","Type":"1","BlID":"8001","BusCityName":"하남"},{"BusNo":"32","Type":"1","BlID":"10015","BusCityName":"광주"},{"BusNo":"116","Type":"1","BlID":"10074","BusCityName":"광주"},{"BusNo":"119","Type":"1","BlID":"10078","BusCityName":"광주"},{"BusNo":"1650","Type":"4","BlID":"10023","BusCityName":"광주"},{"BusNo":"500-1","Type":"4","BlID":"10033","BusCityName":"광주"},{"BusNo":"1009","Type":"4","BlID":"10035","BusCityName":"광주"},{"BusNo":"1112","Type":"4","BlID":"10052","BusCityName":"광주"},{"BusNo":"1117","Type":"4","BlID":"10089","BusCityName":"광주"},{"BusNo":"N13","Type":"11","BlID":"571","BusCityName":"서울"},{"BusNo":"301","Type":"11","BlID":"1006","BusCityName":"서울"},{"BusNo":"302","Type":"11","BlID":"1007","BusCityName":"서울"},{"BusNo":"303","Type":"11","BlID":"1008","BusCityName":"서울"},{"BusNo":"360","Type":"11","BlID":"1440","BusCityName":"서울"},{"BusNo":"350","Type":"11","BlID":"1448","BusCityName":"서울"},{"BusNo":"362","Type":"11","BlID":"1454","BusCityName":"서울"},{"BusNo":"320","Type":"11","BlID":"1455","BusCityName":"서울"},{"BusNo":"3217","Type":"12","BlID":"1018","BusCityName":"서울"},{"BusNo":"3317","Type":"12","BlID":"1031","BusCityName":"서울"},{"BusNo":"3422","Type":"12","BlID":"1036","BusCityName":"서울"},{"BusNo":"3012","Type":"12","BlID":"1709","BusCityName":"서울"},{"BusNo":"9403","Type":"14","BlID":"1348","BusCityName":"서울"},{"BusNo":"3300","Type":"22","BlID":"10000","BusCityName":"광주"},{"BusNo":"1310","Type":"22","BlID":"10663","BusCityName":"광주"},{"BusNo":"1801","Type":"22","BlID":"10666","BusCityName":"광주"},{"BusNo":"8142","Type":"22","BlID":"10712","BusCityName":"광주"},{"BusNo":"8147","Type":"22","BlID":"10716","BusCityName":"광주"},{"BusNo":"8153","Type":"22","BlID":"10717","BusCityName":"광주"}]}]},{"GateNo":"2","GateLink": ["임시폐쇄"]},{"GateNo":"3","GateLink": ["가락본동","가락본동우체국","동부센트레빌","금호아파트","우성아파트","제일저축은행","한국씨티은행 가락중앙지점","대한소방공제회","송파여성인력개발센터"],"BUSSTOP": [{"StopName":"가락시장.가락시장역","StopID":"127329","Bus": [{"BusNo":"70","Type":"1","BlID":"5029","BusCityName":"성남"},{"BusNo":"101","Type":"1","BlID":"5114","BusCityName":"성남"},{"BusNo":"30","Type":"1","BlID":"8000","BusCityName":"하남"},{"BusNo":"30-1","Type":"1","BlID":"8001","BusCityName":"하남"},{"BusNo":"32","Type":"1","BlID":"10015","BusCityName":"광주"},{"BusNo":"16","Type":"1","BlID":"10024","BusCityName":"광주"},{"BusNo":"116","Type":"1","BlID":"10074","BusCityName":"광주"},{"BusNo":"119","Type":"1","BlID":"10078","BusCityName":"광주"},{"BusNo":"1007","Type":"4","BlID":"10005","BusCityName":"광주"},{"BusNo":"1650","Type":"4","BlID":"10023","BusCityName":"광주"},{"BusNo":"500-1","Type":"4","BlID":"10033","BusCityName":"광주"},{"BusNo":"1009","Type":"4","BlID":"10035","BusCityName":"광주"},{"BusNo":"1112","Type":"4","BlID":"10052","BusCityName":"광주"},{"BusNo":"1117","Type":"4","BlID":"10089","BusCityName":"광주"},{"BusNo":"5600","Type":"4","BlID":"11024","BusCityName":"용인"},{"BusNo":"5700","Type":"4","BlID":"11036","BusCityName":"용인"},{"BusNo":"N13","Type":"11","BlID":"571","BusCityName":"서울"},{"BusNo":"302","Type":"11","BlID":"1007","BusCityName":"서울"},{"BusNo":"303","Type":"11","BlID":"1008","BusCityName":"서울"},{"BusNo":"360","Type":"11","BlID":"1440","BusCityName":"서울"},{"BusNo":"350","Type":"11","BlID":"1448","BusCityName":"서울"},{"BusNo":"362","Type":"11","BlID":"1454","BusCityName":"서울"},{"BusNo":"320","Type":"11","BlID":"1455","BusCityName":"서울"},{"BusNo":"3217","Type":"12","BlID":"1018","BusCityName":"서울"},{"BusNo":"3413","Type":"12","BlID":"1029","BusCityName":"서울"},{"BusNo":"3317","Type":"12","BlID":"1031","BusCityName":"서울"},{"BusNo":"3422","Type":"12","BlID":"1036","BusCityName":"서울"},{"BusNo":"3012","Type":"12","BlID":"1709","BusCityName":"서울"},{"BusNo":"9403","Type":"14","BlID":"1348","BusCityName":"서울"},{"BusNo":"3300","Type":"22","BlID":"10000","BusCityName":"광주"},{"BusNo":"1310","Type":"22","BlID":"10663","BusCityName":"광주"},{"BusNo":"1801","Type":"22","BlID":"10666","BusCityName":"광주"},{"BusNo":"8142","Type":"22","BlID":"10712","BusCityName":"광주"},{"BusNo":"8147","Type":"22","BlID":"10716","BusCityName":"광주"},{"BusNo":"8153","Type":"22","BlID":"10717","BusCityName":"광주"}]}]},{"GateNo":"4","GateLink": ["국립경찰병원","가락본동주민센터","서울동부고용센터","외환은행 가락","대영저축은행 송파지점","IBK기업은행 가락동","한국인터넷진흥원(대동청시).(118청사)","한국조세연구원"],"BUSSTOP": [{"StopName":"제일오피스텔","StopID":"111749","Bus": [{"BusNo":"301","Type":"11","BlID":"1006","BusCityName":"서울"},{"BusNo":"401","Type":"11","BlID":"1048","BusCityName":"서울"},{"BusNo":"3416","Type":"12","BlID":"1032","BusCityName":"서울"},{"BusNo":"3319","Type":"12","BlID":"1056","BusCityName":"서울"}]}]},{"GateNo":"5","GateLink": ["건너말공원"],"BUSSTOP": [{"StopName":"가락시장역","StopID":"111795","Bus": [{"BusNo":"301","Type":"11","BlID":"1006","BusCityName":"서울"},{"BusNo":"401","Type":"11","BlID":"1048","BusCityName":"서울"},{"BusNo":"3416","Type":"12","BlID":"1032","BusCityName":"서울"},{"BusNo":"3319","Type":"12","BlID":"1056","BusCityName":"서울"}]}]},{"GateNo":"6","GateLink": ["평화초등학교","가원중학교","중앙전파관리소"],"BUSSTOP": [{"StopName":"문정로데오거리입구","StopID":"109300","Bus": [{"BusNo":"461","Type":"11","BlID":"1441","BusCityName":"서울"},{"BusNo":"3011","Type":"12","BlID":"507","BusCityName":"서울"},{"BusNo":"3217","Type":"12","BlID":"1018","BusCityName":"서울"},{"BusNo":"3317","Type":"12","BlID":"1031","BusCityName":"서울"},{"BusNo":"3422","Type":"12","BlID":"1036","BusCityName":"서울"}]}]},{"GateNo":"7","GateLink": ["문정역 방면","문정2동 주민센터"],"BUSSTOP": [{"StopName":"문정로데오거리입구","StopID":"178688","Bus": [{"BusNo":"461","Type":"11","BlID":"1441","BusCityName":"서울"},{"BusNo":"3011","Type":"12","BlID":"507","BusCityName":"서울"}]}]},{"GateNo":"8","GateLink": ["올림픽훼미리아파트 1차"],"BUSSTOP": [{"StopName":"훼미리근린공원","StopID":"109213","Bus": [{"BusNo":"101","Type":"1","BlID":"5114","BusCityName":"성남"},{"BusNo":"16","Type":"1","BlID":"10024","BusCityName":"광주"},{"BusNo":"1007","Type":"4","BlID":"10005","BusCityName":"광주"},{"BusNo":"333","Type":"11","BlID":"517","BusCityName":"서울"},{"BusNo":"N37","Type":"11","BlID":"524","BusCityName":"서울"},{"BusNo":"401","Type":"11","BlID":"1048","BusCityName":"서울"},{"BusNo":"461","Type":"11","BlID":"1441","BusCityName":"서울"},{"BusNo":"3011","Type":"12","BlID":"507","BusCityName":"서울"},{"BusNo":"3413","Type":"12","BlID":"1029","BusCityName":"서울"},{"BusNo":"3416","Type":"12","BlID":"1032","BusCityName":"서울"}]}]}]}}}