{"result": {"stationName":"경찰병원","stationID":351,"type":3,"laneName":"수도권 3호선","laneCity":"수도권","x":127.1242034,"y":37.4957033,"prevOBJ": {"station": [{"stationName":"가락시장","stationID":350,"type":3,"laneName":"수도권 3호선","laneCity":"수도권","x":127.11764,"y":37.4922034}]},"nextOBJ": {"station": [{"stationName":"오금","stationID":352,"type":3,"laneName":"수도권 3호선","laneCity":"수도권","x":127.1286257,"y":37.5024849}]},"defaultInfo": {"address":"서울특별시 송파구 가락동 10-15","new_address":"서울특별시 송파구 중대로 149","tel":"02-6110-3511"},"useInfo": {"platform":2,"meetingPlace":0,"restroom":4,"offDoor":1,"crossOver":2,"publicPlace":0,"handicapCount":1,"parkingCount":0,"bicycleCount":1,"civilCount":0},"exitInfo": {"gate": [{"GateNo":"1","GateLink": ["경찰병원","서울동부고용노동지청","서울동부고용센터","가락본동주민센터","가락본동우체국","한국인터넷진흥원","한국전파진흥원"],"BUSSTOP": [{"StopName":"경찰병원.서울동부고용노동지청","StopID":"109328","Bus": [{"BusNo":"301","Type":"11","BlID":"1006","BusCityName":"서울"},{"BusNo":"401","Type":"11","BlID":"1048","BusCityName":"서울"},{"BusNo":"3416","Type":"12","BlID":"1032","BusCityName":"서울"},{"BusNo":"3319","Type":"12","BlID":"1056","BusCityName":"서울"}]},{"StopName":"경찰병원.KT가락지사","StopID":"109329","Bus": [{"BusNo":"3322","Type":"12","BlID":"1019","BusCityName":"서울"},{"BusNo":"3416","Type":"12","BlID":"1032","BusCityName":"서울"}]},{"StopName":"경찰병원.KT가락지사","StopID":"109331","Bus": [{"BusNo":"3322","Type":"12","BlID":"1019","BusCityName":"서울"},{"BusNo":"3416","Type":"12","BlID":"1032","BusCityName":"서울"}]}]},{"GateNo":"2","GateLink": ["가락근린공원","신가초등학교","석촌중학교"]},{"GateNo":"3","GateLink": ["가락2동주민센터","성동구치소"]},{"GateNo":"4","GateLink": ["로데오거리방면","건너말공원"],"BUSSTOP": [{"StopName":"경찰병원.서울동부고용노동지청","StopID":"109327","Bus": [{"BusNo":"301","Type":"11","BlID":"1006","BusCityName":"서울"},{"BusNo":"401","Type":"11","BlID":"1048","BusCityName":"서울"},{"BusNo":"3319","Type":"12","BlID":"1056","BusCityName":"서울"}]},{"StopName":"건너말공원입구","StopID":"109377","Bus": [{"BusNo":"301","Type":"11","BlID":"1006","BusCityName":"서울"},{"BusNo":"401","Type":"11","BlID":"1048","BusCityName":"서울"},{"BusNo":"3322","Type":"12","BlID":"1019","BusCityName":"서울"},{"BusNo":"3319","Type":"12","BlID":"1056","BusCityName":"서울"}]},{"StopName":"가윤예식장","StopID":"109378","Bus": [{"BusNo":"301","Type":"11","BlID":"1006","BusCityName":"서울"},{"BusNo":"401","Type":"11","BlID":"1048","BusCityName":"서울"},{"BusNo":"3322","Type":"12","BlID":"1019","BusCityName":"서울"},{"BusNo":"3319","Type":"12","BlID":"1056","BusCityName":"서울"}]}]}]}}}