{"result": {"stationName":"오금","stationID":352,"type":3,"laneName":"수도권 3호선","laneCity":"수도권","x":127.1286257,"y":37.5024849,"exOBJ": {"station": [{"stationName":"오금","stationID":572,"type":5,"laneName":"수도권 5호선","laneCity":"수도권"}]},"prevOBJ": {"station": [{"stationName":"경찰병원","stationID":351,"type":3,"laneName":"수도권 3호선","laneCity":"수도권","x":127.1242034,"y":37.4957033}]},"defaultInfo": {"address":"서울특별시 송파구 오금동 44-2","new_address":"서울특별시 송파구 오금로 321","tel":"02-6110-3521"},"useInfo": {"platform":2,"meetingPlace":0,"restroom":4,"offDoor":1,"crossOver":2,"publicPlace":0,"handicapCount":1,"parkingCount":0,"bicycleCount":1,"civilCount":0},"exitInfo": {"gate": [{"GateNo":"1","GateLink": ["오금중학교","오금고등학교","오금동주민센터","송파어린이문화회관"]},{"GateNo":"2","GateLink": ["오금공원"],"BUSSTOP": [{"StopName":"오금공원앞","StopID":"109576","Bus": [{"BusNo":"3318","Type":"12","BlID":"516","BusCityName":"서울"},{"BusNo":"2311","Type":"12","BlID":"1016","BusCityName":"서울"},{"BusNo":"3313","Type":"12","BlID":"1023","BusCityName":"서울"},{"BusNo":"3314","Type":"12","BlID":"1024","BusCityName":"서울"},{"BusNo":"3315","Type":"12","BlID":"1025","BusCityName":"서울"},{"BusNo":"3417","Type":"12","BlID":"1033","BusCityName":"서울"}]}]},{"GateNo":"3","GateLink": ["서울지방경찰청 제2기동단","가동초등학교"],"BUSSTOP": [{"StopName":"가락래미안앞","StopID":"109571","Bus": [{"BusNo":"3318","Type":"12","BlID":"516","BusCityName":"서울"},{"BusNo":"2311","Type":"12","BlID":"1016","BusCityName":"서울"},{"BusNo":"3313","Type":"12","BlID":"1023","BusCityName":"서울"},{"BusNo":"3315","Type":"12","BlID":"1025","BusCityName":"서울"},{"BusNo":"3417","Type":"12","BlID":"1033","BusCityName":"서울"}]}]},{"GateNo":"4","GateLink": ["성동구치소","가락2동주민센터"]},{"GateNo":"5","GateLink": ["송파경찰서","가락근린공원","국립경찰병원 방면"]},{"GateNo":"6","GateLink": ["석촌중학교","신가초등학교","웃말공원"],"BUSSTOP": [{"StopName":"송파경찰서","StopID":"109412","Bus": [{"BusNo":"3318","Type":"12","BlID":"516","BusCityName":"서울"},{"BusNo":"2311","Type":"12","BlID":"1016","BusCityName":"서울"},{"BusNo":"3313","Type":"12","BlID":"1023","BusCityName":"서울"},{"BusNo":"3314","Type":"12","BlID":"1024","BusCityName":"서울"},{"BusNo":"3315","Type":"12","BlID":"1025","BusCityName":"서울"},{"BusNo":"3417","Type":"12","BlID":"1033","BusCityName":"서울"}]}]},{"GateNo":"7","GateLink": ["송파우체국","오금동주민센터","현대 2.3.4차 아파트"],"BUSSTOP": [{"StopName":"오금동현대아파트","StopID":"109416","Bus": [{"BusNo":"3318","Type":"12","BlID":"516","BusCityName":"서울"},{"BusNo":"2311","Type":"12","BlID":"1016","BusCityName":"서울"},{"BusNo":"3313","Type":"12","BlID":"1023","BusCityName":"서울"},{"BusNo":"3314","Type":"12","BlID":"1024","BusCityName":"서울"},{"BusNo":"3315","Type":"12","BlID":"1025","BusCityName":"서울"},{"BusNo":"3417","Type":"12","BlID":"1033","BusCityName":"서울"}]}]}]}}}