{"result": {"stationName":"원흥","stationID":370,"type":3,"laneName":"수도권 3호선","laneCity":"수도권","x":126.8732581,"y":37.6507194,"prevOBJ": {"station": [{"stationName":"원당","stationID":317,"type":3,"laneName":"수도권 3호선","laneCity":"수도권","x":126.8430284,"y":37.6533374}]},"nextOBJ": {"station": [{"stationName":"삼송","stationID":318,"type":3,"laneName":"수도권 3호선","laneCity":"수도권","x":126.8955814,"y":37.6531017}]},"defaultInfo": {"address":"경기도 고양시 덕양구 원흥동 569-15","new_address":"경기도 고양시 덕양구 권율대로 681","tel":"1544-7788"},"useInfo": {"platform":2,"meetingPlace":0,"restroom":2,"offDoor":1,"crossOver":2,"publicPlace":0,"handicapCount":1,"parkingCount":1,"bicycleCount":1,"civilCount":0},"exitInfo": {"gate": [{"GateNo":"1","GateLink": ["고양중학교"],"BUSSTOP": [{"StopName":"삼송마을18.19단지","StopID":"101774","Bus": [{"BusNo":"567","Type":"1","BlID":"12017","BusCityName":"파주"},{"BusNo":"05","Type":"1","BlID":"12118","BusCityName":"파주"},{"BusNo":"7733","Type":"12","BlID":"1304","BusCityName":"서울"}]}]},{"GateNo":"2","GateLink": ["원흥삼거리방면"],"BUSSTOP": [{"StopName":"원흥동","StopID":"101683","Bus": [{"BusNo":"567","Type":"1","BlID":"12017","BusCityName":"파주"},{"BusNo":"05","Type":"1","BlID":"12118","BusCityName":"파주"},{"BusNo":"046","Type":"3","BlID":"5523","BusCityName":"고양"},{"BusNo":"045","Type":"3","BlID":"5625","BusCityName":"고양"},{"BusNo":"706","Type":"11","BlID":"1501","BusCityName":"서울"},{"BusNo":"9703","Type":"14","BlID":"1367","BusCityName":"서울"}]},{"StopName":"원흥동","StopID":"101687","Bus": [{"BusNo":"567","Type":"1","BlID":"12017","BusCityName":"파주"},{"BusNo":"05","Type":"1","BlID":"12118","BusCityName":"파주"},{"BusNo":"046","Type":"3","BlID":"5523","BusCityName":"고양"},{"BusNo":"045","Type":"3","BlID":"5625","BusCityName":"고양"},{"BusNo":"706","Type":"11","BlID":"1501","BusCityName":"서울"},{"BusNo":"9703","Type":"14","BlID":"1367","BusCityName":"서울"}]}]},{"GateNo":"3","GateLink": ["고양시농업기술센터"]},{"GateNo":"4","GateLink": ["가시골입구사거리"],"BUSSTOP": [{"StopName":"가시골","StopID":"101542","Bus": [{"BusNo":"95","Type":"1","BlID":"5557","BusCityName":"고양"},{"BusNo":"567","Type":"1","BlID":"12017","BusCityName":"파주"},{"BusNo":"05","Type":"1","BlID":"12118","BusCityName":"파주"},{"BusNo":"706","Type":"11","BlID":"1501","BusCityName":"서울"},{"BusNo":"9703","Type":"14","BlID":"1367","BusCityName":"서울"}]},{"StopName":"가시골","StopID":"101564","Bus": [{"BusNo":"95","Type":"1","BlID":"5557","BusCityName":"고양"},{"BusNo":"567","Type":"1","BlID":"12017","BusCityName":"파주"},{"BusNo":"05","Type":"1","BlID":"12118","BusCityName":"파주"},{"BusNo":"706","Type":"11","BlID":"1501","BusCityName":"서울"},{"BusNo":"9703","Type":"14","BlID":"1367","BusCityName":"서울"}]}]},{"GateNo":"5","GateLink": ["농협대학교방면"]},{"GateNo":"6","GateLink": ["주차장"],"BUSSTOP": [{"StopName":"삼송마을14단지.농협대입구","StopID":"83379","Bus": [{"BusNo":"047","Type":"3","BlID":"5502","BusCityName":"고양"},{"BusNo":"075B","Type":"3","BlID":"5530","BusCityName":"고양"},{"BusNo":"041","Type":"3","BlID":"5610","BusCityName":"고양"}]},{"StopName":"솔개마을입구","StopID":"83380","Bus": [{"BusNo":"041","Type":"3","BlID":"5610","BusCityName":"고양"}]},{"StopName":"솔개마을입구","StopID":"83381","Bus": [{"BusNo":"041","Type":"3","BlID":"5610","BusCityName":"고양"}]}]},{"GateNo":"7","GateLink": ["명현학교"],"BUSSTOP": [{"StopName":"원흥역7번출구","StopID":"83382","Bus": [{"BusNo":"047","Type":"3","BlID":"5502","BusCityName":"고양"},{"BusNo":"075B","Type":"3","BlID":"5530","BusCityName":"고양"}]}]},{"GateNo":"8","GateLink": ["삼송초등학교방면"],"BUSSTOP": [{"StopName":"삼송마을14.15단지","StopID":"101764","Bus": [{"BusNo":"567","Type":"1","BlID":"12017","BusCityName":"파주"},{"BusNo":"05","Type":"1","BlID":"12118","BusCityName":"파주"},{"BusNo":"7733","Type":"12","BlID":"1304","BusCityName":"서울"}]}]}]}}}