{"result": {"stationName":"홍대입구","stationID":4003,"type":101,"laneName":"공항철도","laneCity":"수도권","x":126.9265751,"y":37.5576978,"exOBJ": {"station": [{"stationName":"홍대입구","stationID":239,"type":2,"laneName":"수도권 2호선","laneCity":"수도권"},{"stationName":"홍대입구","stationID":1609,"type":104,"laneName":"경의중앙선","laneCity":"수도권"}]},"prevOBJ": {"station": [{"stationName":"공덕","stationID":4002,"type":101,"laneName":"공항철도","laneCity":"수도권","x":126.9520612,"y":37.5425007}]},"nextOBJ": {"station": [{"stationName":"디지털미디어시티","stationID":4004,"type":101,"laneName":"공항철도","laneCity":"수도권","x":126.898674,"y":37.5770657}]},"defaultInfo": {"address":"서울특별시 마포구 동교동 190-1","new_address":"서울특별시 마포구 양화로 188","tel":"1599-7788"},"useInfo": {"platform":2,"meetingPlace":0,"restroom":4,"offDoor":0,"crossOver":2,"publicPlace":0,"handicapCount":1,"parkingCount":0,"bicycleCount":1,"civilCount":0},"exitInfo": {"gate": [{"GateNo":"1","GateLink": ["서교동 주민센터","성산동방면","한국산업은행","외환은행 홍대역"],"BUSSTOP": [{"StopName":"동교로사거리","StopID":"103080","Bus": [{"BusNo":"7016","Type":"12","BlID":"1247","BusCityName":"서울"},{"BusNo":"7711","Type":"12","BlID":"1282","BusCityName":"서울"},{"BusNo":"7737","Type":"12","BlID":"1412","BusCityName":"서울"}]},{"StopName":"동교로사거리","StopID":"123373","Bus": [{"BusNo":"마포06","Type":"3","BlID":"1513","BusCityName":"서울"},{"BusNo":"마포09","Type":"3","BlID":"1523","BusCityName":"서울"}]},{"StopName":"동교로사거리","StopID":"123886","Bus": [{"BusNo":"마포06","Type":"3","BlID":"1513","BusCityName":"서울"}]}]},{"GateNo":"2","GateLink": ["서교동 자치회관","연남동","동교동","경성중고등학교","홍익디자인고등학교"],"BUSSTOP": [{"StopName":"홍대입구역","StopID":"103160","Bus": [{"BusNo":"7016","Type":"12","BlID":"1247","BusCityName":"서울"},{"BusNo":"7711","Type":"12","BlID":"1282","BusCityName":"서울"},{"BusNo":"7737","Type":"12","BlID":"1412","BusCityName":"서울"}]},{"StopName":"홍대입구역","StopID":"193777","Bus": [{"BusNo":"921","Type":"2","BlID":"5540","BusCityName":"고양"},{"BusNo":"1004","Type":"4","BlID":"13003","BusCityName":"김포"},{"BusNo":"3000","Type":"4","BlID":"13059","BusCityName":"김포"},{"BusNo":"6002","Type":"5","BlID":"1803","BusCityName":"서울"},{"BusNo":"N26","Type":"11","BlID":"510","BusCityName":"서울"},{"BusNo":"N62","Type":"11","BlID":"576","BusCityName":"서울"},{"BusNo":"271","Type":"11","BlID":"989","BusCityName":"서울"},{"BusNo":"760","Type":"11","BlID":"1149","BusCityName":"서울"},{"BusNo":"602","Type":"11","BlID":"1166","BusCityName":"서울"},{"BusNo":"603","Type":"11","BlID":"1168","BusCityName":"서울"},{"BusNo":"604","Type":"11","BlID":"1169","BusCityName":"서울"},{"BusNo":"7739","Type":"12","BlID":"550","BusCityName":"서울"},{"BusNo":"5712","Type":"12","BlID":"1152","BusCityName":"서울"},{"BusNo":"5714","Type":"12","BlID":"1154","BusCityName":"서울"},{"BusNo":"6716","Type":"12","BlID":"1197","BusCityName":"서울"},{"BusNo":"6712","Type":"12","BlID":"1228","BusCityName":"서울"},{"BusNo":"7612","Type":"12","BlID":"1279","BusCityName":"서울"},{"BusNo":"7733","Type":"12","BlID":"1304","BusCityName":"서울"},{"BusNo":"M6117","Type":"14","BlID":"13009","BusCityName":"김포"},{"BusNo":"M6724","Type":"14","BlID":"21041","BusCityName":"인천"},{"BusNo":"1100","Type":"14","BlID":"21129","BusCityName":"인천"},{"BusNo":"1000","Type":"14","BlID":"21130","BusCityName":"인천"},{"BusNo":"1200","Type":"14","BlID":"21131","BusCityName":"인천"},{"BusNo":"1300","Type":"14","BlID":"21149","BusCityName":"인천"},{"BusNo":"M6628","Type":"14","BlID":"21160","BusCityName":"인천"},{"BusNo":"1400","Type":"14","BlID":"21170","BusCityName":"인천"},{"BusNo":"1101","Type":"14","BlID":"21207","BusCityName":"인천"},{"BusNo":"1601","Type":"14","BlID":"21210","BusCityName":"인천"},{"BusNo":"1301","Type":"14","BlID":"21213","BusCityName":"인천"},{"BusNo":"M6118","Type":"14","BlID":"21214","BusCityName":"인천"},{"BusNo":"1302","Type":"14","BlID":"21240","BusCityName":"인천"},{"BusNo":"1500","Type":"14","BlID":"21257","BusCityName":"인천"}]},{"StopName":"홍대입구역","StopID":"194450","Bus": [{"BusNo":"마포15","Type":"3","BlID":"1546","BusCityName":"서울"}]}]},{"GateNo":"3","GateLink": ["연남치안센터","한국특허정보원","동방사회복지회"]},{"GateNo":"4","GateLink": ["동교동삼거리"]},{"GateNo":"5","GateLink": ["동교동"],"BUSSTOP": [{"StopName":"동교동삼거리연희동방면","StopID":"103353","Bus": [{"BusNo":"72","Type":"1","BlID":"5506","BusCityName":"고양"},{"BusNo":"110A","Type":"11","BlID":"789","BusCityName":"서울"},{"BusNo":"153","Type":"11","BlID":"906","BusCityName":"서울"},{"BusNo":"740","Type":"11","BlID":"1273","BusCityName":"서울"},{"BusNo":"753","Type":"11","BlID":"1277","BusCityName":"서울"},{"BusNo":"7613","Type":"12","BlID":"1280","BusCityName":"서울"},{"BusNo":"7720","Type":"12","BlID":"1292","BusCityName":"서울"},{"BusNo":"7727","Type":"12","BlID":"1299","BusCityName":"서울"},{"BusNo":"7728","Type":"12","BlID":"1300","BusCityName":"서울"}]},{"StopName":"동교동삼거리","StopID":"193780","Bus": [{"BusNo":"921","Type":"2","BlID":"5540","BusCityName":"고양"},{"BusNo":"마포09","Type":"3","BlID":"1523","BusCityName":"서울"},{"BusNo":"3000","Type":"4","BlID":"13059","BusCityName":"김포"},{"BusNo":"N26","Type":"11","BlID":"510","BusCityName":"서울"},{"BusNo":"N62","Type":"11","BlID":"576","BusCityName":"서울"},{"BusNo":"110B","Type":"11","BlID":"790","BusCityName":"서울"},{"BusNo":"273","Type":"11","BlID":"941","BusCityName":"서울"},{"BusNo":"270","Type":"11","BlID":"988","BusCityName":"서울"},{"BusNo":"271","Type":"11","BlID":"989","BusCityName":"서울"},{"BusNo":"602","Type":"11","BlID":"1166","BusCityName":"서울"},{"BusNo":"603","Type":"11","BlID":"1168","BusCityName":"서울"},{"BusNo":"604","Type":"11","BlID":"1169","BusCityName":"서울"},{"BusNo":"721","Type":"11","BlID":"1259","BusCityName":"서울"},{"BusNo":"740","Type":"11","BlID":"1273","BusCityName":"서울"},{"BusNo":"753","Type":"11","BlID":"1277","BusCityName":"서울"},{"BusNo":"5712","Type":"12","BlID":"1152","BusCityName":"서울"},{"BusNo":"5714","Type":"12","BlID":"1154","BusCityName":"서울"},{"BusNo":"6716","Type":"12","BlID":"1197","BusCityName":"서울"},{"BusNo":"6712","Type":"12","BlID":"1228","BusCityName":"서울"},{"BusNo":"7016","Type":"12","BlID":"1247","BusCityName":"서울"},{"BusNo":"7611","Type":"12","BlID":"1278","BusCityName":"서울"},{"BusNo":"7613","Type":"12","BlID":"1280","BusCityName":"서울"},{"BusNo":"1100","Type":"14","BlID":"21129","BusCityName":"인천"},{"BusNo":"1000","Type":"14","BlID":"21130","BusCityName":"인천"},{"BusNo":"1200","Type":"14","BlID":"21131","BusCityName":"인천"},{"BusNo":"1300","Type":"14","BlID":"21149","BusCityName":"인천"},{"BusNo":"1400","Type":"14","BlID":"21170","BusCityName":"인천"},{"BusNo":"1101","Type":"14","BlID":"21207","BusCityName":"인천"},{"BusNo":"1601","Type":"14","BlID":"21210","BusCityName":"인천"},{"BusNo":"1301","Type":"14","BlID":"21213","BusCityName":"인천"},{"BusNo":"1302","Type":"14","BlID":"21240","BusCityName":"인천"},{"BusNo":"1500","Type":"14","BlID":"21257","BusCityName":"인천"}]}]},{"GateNo":"6","GateLink": ["창천동삼거리방면"],"BUSSTOP": [{"StopName":"동교동삼거리","StopID":"193779","Bus": [{"BusNo":"800","Type":"2","BlID":"5539","BusCityName":"고양"},{"BusNo":"921","Type":"2","BlID":"5540","BusCityName":"고양"},{"BusNo":"3000","Type":"4","BlID":"13059","BusCityName":"김포"},{"BusNo":"N26","Type":"11","BlID":"510","BusCityName":"서울"},{"BusNo":"N62","Type":"11","BlID":"576","BusCityName":"서울"},{"BusNo":"270","Type":"11","BlID":"988","BusCityName":"서울"},{"BusNo":"271","Type":"11","BlID":"989","BusCityName":"서울"},{"BusNo":"602","Type":"11","BlID":"1166","BusCityName":"서울"},{"BusNo":"603","Type":"11","BlID":"1168","BusCityName":"서울"},{"BusNo":"604","Type":"11","BlID":"1169","BusCityName":"서울"},{"BusNo":"721","Type":"11","BlID":"1259","BusCityName":"서울"},{"BusNo":"707","Type":"11","BlID":"1372","BusCityName":"서울"},{"BusNo":"5712","Type":"12","BlID":"1152","BusCityName":"서울"},{"BusNo":"5714","Type":"12","BlID":"1154","BusCityName":"서울"},{"BusNo":"6716","Type":"12","BlID":"1197","BusCityName":"서울"},{"BusNo":"6712","Type":"12","BlID":"1228","BusCityName":"서울"},{"BusNo":"7016","Type":"12","BlID":"1247","BusCityName":"서울"},{"BusNo":"7611","Type":"12","BlID":"1278","BusCityName":"서울"},{"BusNo":"7713","Type":"12","BlID":"1285","BusCityName":"서울"},{"BusNo":"7737","Type":"12","BlID":"1412","BusCityName":"서울"},{"BusNo":"1100","Type":"14","BlID":"21129","BusCityName":"인천"},{"BusNo":"1000","Type":"14","BlID":"21130","BusCityName":"인천"},{"BusNo":"1200","Type":"14","BlID":"21131","BusCityName":"인천"},{"BusNo":"1300","Type":"14","BlID":"21149","BusCityName":"인천"},{"BusNo":"1400","Type":"14","BlID":"21170","BusCityName":"인천"},{"BusNo":"1101","Type":"14","BlID":"21207","BusCityName":"인천"},{"BusNo":"1601","Type":"14","BlID":"21210","BusCityName":"인천"},{"BusNo":"1301","Type":"14","BlID":"21213","BusCityName":"인천"},{"BusNo":"1302","Type":"14","BlID":"21240","BusCityName":"인천"},{"BusNo":"1500","Type":"14","BlID":"21257","BusCityName":"인천"}]}]},{"GateNo":"7","GateLink": ["윗잔다리어린이공원","동교 치안센터"]},{"GateNo":"8","GateLink": ["서교초등학교","아름다운가게","동교동","마포디자인지원센터"],"BUSSTOP": [{"StopName":"홍대입구역","StopID":"176506","Bus": [{"BusNo":"7711","Type":"12","BlID":"1282","BusCityName":"서울"},{"BusNo":"1400","Type":"14","BlID":"21170","BusCityName":"인천"},{"BusNo":"1500","Type":"14","BlID":"21257","BusCityName":"인천"}]},{"StopName":"홍대입구역","StopID":"193778","Bus": [{"BusNo":"921","Type":"2","BlID":"5540","BusCityName":"고양"},{"BusNo":"마포09","Type":"3","BlID":"1523","BusCityName":"서울"},{"BusNo":"1004","Type":"4","BlID":"13003","BusCityName":"김포"},{"BusNo":"3000","Type":"4","BlID":"13059","BusCityName":"김포"},{"BusNo":"6002","Type":"5","BlID":"1803","BusCityName":"서울"},{"BusNo":"N26","Type":"11","BlID":"510","BusCityName":"서울"},{"BusNo":"N62","Type":"11","BlID":"576","BusCityName":"서울"},{"BusNo":"273","Type":"11","BlID":"941","BusCityName":"서울"},{"BusNo":"271","Type":"11","BlID":"989","BusCityName":"서울"},{"BusNo":"760","Type":"11","BlID":"1149","BusCityName":"서울"},{"BusNo":"602","Type":"11","BlID":"1166","BusCityName":"서울"},{"BusNo":"603","Type":"11","BlID":"1168","BusCityName":"서울"},{"BusNo":"604","Type":"11","BlID":"1169","BusCityName":"서울"},{"BusNo":"7739","Type":"12","BlID":"550","BusCityName":"서울"},{"BusNo":"5712","Type":"12","BlID":"1152","BusCityName":"서울"},{"BusNo":"5714","Type":"12","BlID":"1154","BusCityName":"서울"},{"BusNo":"6716","Type":"12","BlID":"1197","BusCityName":"서울"},{"BusNo":"6712","Type":"12","BlID":"1228","BusCityName":"서울"},{"BusNo":"7016","Type":"12","BlID":"1247","BusCityName":"서울"},{"BusNo":"7612","Type":"12","BlID":"1279","BusCityName":"서울"},{"BusNo":"7733","Type":"12","BlID":"1304","BusCityName":"서울"},{"BusNo":"7737","Type":"12","BlID":"1412","BusCityName":"서울"},{"BusNo":"M6117","Type":"14","BlID":"13009","BusCityName":"김포"},{"BusNo":"M6724","Type":"14","BlID":"21041","BusCityName":"인천"},{"BusNo":"1100","Type":"14","BlID":"21129","BusCityName":"인천"},{"BusNo":"1000","Type":"14","BlID":"21130","BusCityName":"인천"},{"BusNo":"1200","Type":"14","BlID":"21131","BusCityName":"인천"},{"BusNo":"1300","Type":"14","BlID":"21149","BusCityName":"인천"},{"BusNo":"M6628","Type":"14","BlID":"21160","BusCityName":"인천"},{"BusNo":"1101","Type":"14","BlID":"21207","BusCityName":"인천"},{"BusNo":"1601","Type":"14","BlID":"21210","BusCityName":"인천"},{"BusNo":"1301","Type":"14","BlID":"21213","BusCityName":"인천"},{"BusNo":"M6118","Type":"14","BlID":"21214","BusCityName":"인천"},{"BusNo":"1302","Type":"14","BlID":"21240","BusCityName":"인천"}]}]},{"GateNo":"9","GateLink": ["홍익대학교","마포평생학습관","홍익지구대","서교시장","서교예술실험센터","서교아파트","기업은행","트릭아이미술관"],"BUSSTOP": [{"StopName":"서교호텔","StopID":"103090","Bus": [{"BusNo":"마포16","Type":"3","BlID":"1549","BusCityName":"서울"}]},{"StopName":"서교호텔","StopID":"123526","Bus": [{"BusNo":"273","Type":"11","BlID":"941","BusCityName":"서울"}]},{"StopName":"홍대입구역","StopID":"196397","Bus": [{"BusNo":"마포09","Type":"3","BlID":"1523","BusCityName":"서울"}]}]}]}}}