{"result": {"stationName":"계양","stationID":4006,"type":101,"laneName":"공항철도","laneCity":"수도권","x":126.7363861,"y":37.5717567,"exOBJ": {"station": [{"stationName":"계양","stationID":20110,"type":21,"laneName":"인천 1호선","laneCity":"인천"}]},"prevOBJ": {"station": [{"stationName":"김포공항","stationID":4005,"type":101,"laneName":"공항철도","laneCity":"수도권","x":126.8020326,"y":37.5617993}]},"nextOBJ": {"station": [{"stationName":"검암","stationID":4007,"type":101,"laneName":"공항철도","laneCity":"수도권","x":126.673638,"y":37.569249}]},"defaultInfo": {"address":"인천광역시 계양구 귤현동 451-264","new_address":"인천광역시 계양구 다남로 24","tel":"1599-7788"},"useInfo": {"platform":2,"meetingPlace":0,"restroom":1,"offDoor":0,"crossOver":2,"publicPlace":0,"handicapCount":1,"parkingCount":0,"bicycleCount":1,"civilCount":0},"exitInfo": {"gate": [{"GateNo":"1","GateLink": ["계양중학교","계양초등학교","계양1동 주민센터","장기치안센터"],"BUSSTOP": [{"StopName":"계양역","StopID":"151973","Bus": [{"BusNo":"841","Type":"1","BlID":"13005","BusCityName":"김포"},{"BusNo":"81","Type":"1","BlID":"13007","BusCityName":"김포"},{"BusNo":"81-1","Type":"1","BlID":"13024","BusCityName":"김포"},{"BusNo":"30","Type":"11","BlID":"21025","BusCityName":"인천"},{"BusNo":"76","Type":"11","BlID":"21114","BusCityName":"인천"},{"BusNo":"75","Type":"11","BlID":"21148","BusCityName":"인천"},{"BusNo":"87","Type":"11","BlID":"21255","BusCityName":"인천"},{"BusNo":"82","Type":"12","BlID":"21117","BusCityName":"인천"},{"BusNo":"1(계양)","Type":"12","BlID":"21205","BusCityName":"인천"},{"BusNo":"2(계양)","Type":"12","BlID":"21211","BusCityName":"인천"},{"BusNo":"589","Type":"12","BlID":"21247","BusCityName":"인천"},{"BusNo":"905","Type":"26","BlID":"21243","BusCityName":"인천"}]},{"StopName":"계양역","StopID":"174044","Bus": [{"BusNo":"841","Type":"1","BlID":"13005","BusCityName":"김포"},{"BusNo":"81","Type":"1","BlID":"13007","BusCityName":"김포"},{"BusNo":"81-1","Type":"1","BlID":"13024","BusCityName":"김포"},{"BusNo":"30","Type":"11","BlID":"21025","BusCityName":"인천"},{"BusNo":"76","Type":"11","BlID":"21114","BusCityName":"인천"},{"BusNo":"75","Type":"11","BlID":"21148","BusCityName":"인천"},{"BusNo":"87","Type":"11","BlID":"21255","BusCityName":"인천"},{"BusNo":"82","Type":"12","BlID":"21117","BusCityName":"인천"},{"BusNo":"1(계양)","Type":"12","BlID":"21205","BusCityName":"인천"},{"BusNo":"2(계양)","Type":"12","BlID":"21211","BusCityName":"인천"},{"BusNo":"589","Type":"12","BlID":"21247","BusCityName":"인천"}]}]}]}}}