{"result": {"stationName":"검암","stationID":4007,"type":101,"laneName":"공항철도","laneCity":"수도권","x":126.673638,"y":37.569249,"prevOBJ": {"station": [{"stationName":"계양","stationID":4006,"type":101,"laneName":"공항철도","laneCity":"수도권","x":126.7363861,"y":37.5717567}]},"nextOBJ": {"station": [{"stationName":"청라국제도시","stationID":4011,"type":101,"laneName":"공항철도","laneCity":"수도권","x":126.6246898,"y":37.5564177}]},"defaultInfo": {"address":"인천광역시 서구 검암동 414-204","new_address":"인천광역시 서구 검바위로 26","tel":"1599-7788"},"useInfo": {"platform":2,"meetingPlace":0,"restroom":4,"offDoor":2,"crossOver":2,"publicPlace":0,"handicapCount":1,"parkingCount":0,"bicycleCount":1,"civilCount":0},"exitInfo": {"gate": [{"GateNo":"1","GateLink": ["코레일공항철도 본사","검암초등학교","인천광역시서부교육청","검암중학교"],"BUSSTOP": [{"StopName":"검암역(원당방면)","StopID":"151019","Bus": [{"BusNo":"28","Type":"11","BlID":"21024","BusCityName":"인천"},{"BusNo":"42","Type":"11","BlID":"21035","BusCityName":"인천"},{"BusNo":"42-1","Type":"11","BlID":"21036","BusCityName":"인천"},{"BusNo":"40","Type":"11","BlID":"21139","BusCityName":"인천"},{"BusNo":"591","Type":"12","BlID":"21106","BusCityName":"인천"},{"BusNo":"595","Type":"12","BlID":"21196","BusCityName":"인천"}]},{"StopName":"검암역(시내방면)","StopID":"152095","Bus": [{"BusNo":"28","Type":"11","BlID":"21024","BusCityName":"인천"},{"BusNo":"42","Type":"11","BlID":"21035","BusCityName":"인천"},{"BusNo":"42-1","Type":"11","BlID":"21036","BusCityName":"인천"},{"BusNo":"40","Type":"11","BlID":"21139","BusCityName":"인천"},{"BusNo":"591","Type":"12","BlID":"21106","BusCityName":"인천"},{"BusNo":"595","Type":"12","BlID":"21196","BusCityName":"인천"}]},{"StopName":"검암역입구","StopID":"206419","Bus": [{"BusNo":"800","Type":"2","BlID":"21188","BusCityName":"인천"},{"BusNo":"308","Type":"2","BlID":"21222","BusCityName":"인천"},{"BusNo":"1","Type":"11","BlID":"21001","BusCityName":"인천"},{"BusNo":"7","Type":"11","BlID":"21002","BusCityName":"인천"},{"BusNo":"13","Type":"11","BlID":"21012","BusCityName":"인천"},{"BusNo":"17","Type":"11","BlID":"21017","BusCityName":"인천"},{"BusNo":"77","Type":"11","BlID":"21044","BusCityName":"인천"},{"BusNo":"70","Type":"11","BlID":"21157","BusCityName":"인천"},{"BusNo":"222A","Type":"11","BlID":"21192","BusCityName":"인천"},{"BusNo":"221A","Type":"11","BlID":"21199","BusCityName":"인천"},{"BusNo":"700-1","Type":"11","BlID":"21203","BusCityName":"인천"},{"BusNo":"17-1","Type":"11","BlID":"21251","BusCityName":"인천"},{"BusNo":"700","Type":"11","BlID":"21258","BusCityName":"인천"},{"BusNo":"66","Type":"11","BlID":"21262","BusCityName":"인천"},{"BusNo":"81","Type":"12","BlID":"21237","BusCityName":"인천"},{"BusNo":"903","Type":"26","BlID":"21238","BusCityName":"인천"}]},{"StopName":"검암역입구","StopID":"211950","Bus": [{"BusNo":"90","Type":"1","BlID":"13026","BusCityName":"김포"},{"BusNo":"800","Type":"2","BlID":"21188","BusCityName":"인천"},{"BusNo":"308","Type":"2","BlID":"21222","BusCityName":"인천"},{"BusNo":"1","Type":"11","BlID":"21001","BusCityName":"인천"},{"BusNo":"7","Type":"11","BlID":"21002","BusCityName":"인천"},{"BusNo":"13","Type":"11","BlID":"21012","BusCityName":"인천"},{"BusNo":"17","Type":"11","BlID":"21017","BusCityName":"인천"},{"BusNo":"77","Type":"11","BlID":"21044","BusCityName":"인천"},{"BusNo":"70","Type":"11","BlID":"21157","BusCityName":"인천"},{"BusNo":"79","Type":"11","BlID":"21167","BusCityName":"인천"},{"BusNo":"700-1","Type":"11","BlID":"21203","BusCityName":"인천"},{"BusNo":"17-1","Type":"11","BlID":"21251","BusCityName":"인천"},{"BusNo":"700","Type":"11","BlID":"21258","BusCityName":"인천"},{"BusNo":"66","Type":"11","BlID":"21262","BusCityName":"인천"},{"BusNo":"81","Type":"12","BlID":"21237","BusCityName":"인천"},{"BusNo":"903","Type":"26","BlID":"21238","BusCityName":"인천"}]}]}]}}}