{"result": {"stationName":"운서","stationID":4008,"type":101,"laneName":"공항철도","laneCity":"수도권","x":126.4938585,"y":37.4927794,"prevOBJ": {"station": [{"stationName":"영종","stationID":4012,"type":101,"laneName":"공항철도","laneCity":"수도권","x":126.5242606,"y":37.5120029}]},"nextOBJ": {"station": [{"stationName":"공항화물청사","stationID":4009,"type":101,"laneName":"공항철도","laneCity":"수도권","x":126.4775125,"y":37.4590615}]},"defaultInfo": {"address":"인천광역시 중구 운서동 1427-27","new_address":"인천광역시 중구 흰바위로 59번길 26","tel":"1599-7788"},"useInfo": {"platform":2,"meetingPlace":0,"restroom":2,"offDoor":0,"crossOver":2,"publicPlace":0,"handicapCount":1,"parkingCount":0,"bicycleCount":1,"civilCount":0},"exitInfo": {"gate": [{"GateNo":"1","GateLink": ["공항지구대","공항초등학교"],"BUSSTOP": [{"StopName":"KT인천공항지사","StopID":"122480","Bus": [{"BusNo":"307","Type":"2","BlID":"21221","BusCityName":"인천"},{"BusNo":"202","Type":"11","BlID":"21045","BusCityName":"인천"},{"BusNo":"223","Type":"11","BlID":"21104","BusCityName":"인천"},{"BusNo":"221","Type":"11","BlID":"21155","BusCityName":"인천"},{"BusNo":"201","Type":"11","BlID":"21161","BusCityName":"인천"},{"BusNo":"1(중구)","Type":"12","BlID":"21218","BusCityName":"인천"},{"BusNo":"2(중구)","Type":"12","BlID":"21220","BusCityName":"인천"},{"BusNo":"3(중구)","Type":"12","BlID":"21230","BusCityName":"인천"},{"BusNo":"4(중구)","Type":"12","BlID":"21236","BusCityName":"인천"},{"BusNo":"5-1(중구)","Type":"12","BlID":"21248","BusCityName":"인천"}]},{"StopName":"롯데마트","StopID":"193277","Bus": [{"BusNo":"304","Type":"2","BlID":"21124","BusCityName":"인천"},{"BusNo":"307","Type":"2","BlID":"21221","BusCityName":"인천"},{"BusNo":"202","Type":"11","BlID":"21045","BusCityName":"인천"},{"BusNo":"223","Type":"11","BlID":"21104","BusCityName":"인천"},{"BusNo":"221","Type":"11","BlID":"21155","BusCityName":"인천"}]},{"StopName":"운서역","StopID":"193278","Bus": [{"BusNo":"307","Type":"2","BlID":"21221","BusCityName":"인천"},{"BusNo":"202","Type":"11","BlID":"21045","BusCityName":"인천"},{"BusNo":"223","Type":"11","BlID":"21104","BusCityName":"인천"},{"BusNo":"221","Type":"11","BlID":"21155","BusCityName":"인천"},{"BusNo":"201","Type":"11","BlID":"21161","BusCityName":"인천"},{"BusNo":"1(중구)","Type":"12","BlID":"21218","BusCityName":"인천"},{"BusNo":"2(중구)","Type":"12","BlID":"21220","BusCityName":"인천"},{"BusNo":"3(중구)","Type":"12","BlID":"21230","BusCityName":"인천"},{"BusNo":"4(중구)","Type":"12","BlID":"21236","BusCityName":"인천"},{"BusNo":"5-1(중구)","Type":"12","BlID":"21248","BusCityName":"인천"}]},{"StopName":"운서역","StopID":"193280","Bus": [{"BusNo":"304","Type":"2","BlID":"21124","BusCityName":"인천"},{"BusNo":"320","Type":"2","BlID":"21153","BusCityName":"인천"},{"BusNo":"307","Type":"2","BlID":"21221","BusCityName":"인천"},{"BusNo":"202","Type":"11","BlID":"21045","BusCityName":"인천"},{"BusNo":"223","Type":"11","BlID":"21104","BusCityName":"인천"},{"BusNo":"221","Type":"11","BlID":"21155","BusCityName":"인천"},{"BusNo":"1(중구)","Type":"12","BlID":"21218","BusCityName":"인천"},{"BusNo":"3(중구)","Type":"12","BlID":"21230","BusCityName":"인천"},{"BusNo":"4(중구)","Type":"12","BlID":"21236","BusCityName":"인천"},{"BusNo":"5-1(중구)","Type":"12","BlID":"21248","BusCityName":"인천"}]}]}]}}}