{"result": {"stationName":"공항화물청사","stationID":4009,"type":101,"laneName":"공항철도","laneCity":"수도권","x":126.4775125,"y":37.4590615,"prevOBJ": {"station": [{"stationName":"운서","stationID":4008,"type":101,"laneName":"공항철도","laneCity":"수도권","x":126.4938585,"y":37.4927794}]},"nextOBJ": {"station": [{"stationName":"인천국제공항","stationID":4010,"type":101,"laneName":"공항철도","laneCity":"수도권","x":126.4524779,"y":37.4474829}]},"defaultInfo": {"address":"인천광역시 중구 운서동 2844-7","new_address":"인천광역시 중구 공항동로 135번길 86","tel":"1599-7788"},"useInfo": {"platform":2,"meetingPlace":0,"restroom":4,"offDoor":0,"crossOver":2,"publicPlace":0,"handicapCount":1,"parkingCount":0,"bicycleCount":1,"civilCount":0},"exitInfo": {"gate": [{"GateNo":"1","GateLink": ["공항화물터미널","주차장"]},{"GateNo":"2","GateLink": ["공항화물터미널","버스정류장"]}]}}}