{"result": {"stationName":"인천국제공항","stationID":4010,"type":101,"laneName":"공항철도","laneCity":"수도권","x":126.4524779,"y":37.4474829,"exOBJ": {"station": [{"stationName":"인천국제공항","stationID":4101,"type":102,"laneName":"자기부상철도","laneCity":"수도권"}]},"prevOBJ": {"station": [{"stationName":"공항화물청사","stationID":4009,"type":101,"laneName":"공항철도","laneCity":"수도권","x":126.4775125,"y":37.4590615}]},"defaultInfo": {"address":"인천광역시 중구 운서동 2851","new_address":"인천광역시 중구 공항로 271","tel":"1599-7788"},"useInfo": {"platform":1,"meetingPlace":1,"restroom":2,"offDoor":1,"crossOver":2,"publicPlace":0,"handicapCount":1,"parkingCount":0,"bicycleCount":0,"civilCount":0},"exitInfo": {"gate": [{"GateNo":"1","GateLink": ["여객터미널"],"BUSSTOP": [{"StopName":"인천공항2B","StopID":"122138","Bus": [{"BusNo":"111","Type":"2","BlID":"21046","BusCityName":"인천"},{"BusNo":"302","Type":"2","BlID":"21118","BusCityName":"인천"},{"BusNo":"306","Type":"2","BlID":"21120","BusCityName":"인천"},{"BusNo":"308","Type":"2","BlID":"21222","BusCityName":"인천"}]},{"StopName":"인천공항7A","StopID":"150957","Bus": [{"BusNo":"111","Type":"2","BlID":"21046","BusCityName":"인천"},{"BusNo":"302","Type":"2","BlID":"21118","BusCityName":"인천"},{"BusNo":"306","Type":"2","BlID":"21120","BusCityName":"인천"},{"BusNo":"303","Type":"2","BlID":"21135","BusCityName":"인천"},{"BusNo":"201A","Type":"2","BlID":"21166","BusCityName":"인천"},{"BusNo":"308","Type":"2","BlID":"21222","BusCityName":"인천"},{"BusNo":"303-1","Type":"2","BlID":"21263","BusCityName":"인천"},{"BusNo":"222A","Type":"11","BlID":"21192","BusCityName":"인천"},{"BusNo":"221A","Type":"11","BlID":"21199","BusCityName":"인천"},{"BusNo":"221B","Type":"11","BlID":"21215","BusCityName":"인천"}]},{"StopName":"인천국제공항1층입국장","StopID":"153242","Bus": [{"BusNo":"5000","Type":"5","BlID":"10027","BusCityName":"광주"},{"BusNo":"8822","Type":"5","BlID":"10459","BusCityName":"광주"},{"BusNo":"8834","Type":"5","BlID":"10468","BusCityName":"광주"},{"BusNo":"8842","Type":"5","BlID":"10478","BusCityName":"광주"},{"BusNo":"5300","Type":"5","BlID":"10591","BusCityName":"광주"},{"BusNo":"5400","Type":"5","BlID":"10593","BusCityName":"광주"},{"BusNo":"8849","Type":"22","BlID":"10662","BusCityName":"광주"}]},{"StopName":"인천국제공항","StopID":"166241","Bus": [{"BusNo":"111","Type":"2","BlID":"21046","BusCityName":"인천"},{"BusNo":"303","Type":"2","BlID":"21135","BusCityName":"인천"},{"BusNo":"223A","Type":"2","BlID":"21158","BusCityName":"인천"},{"BusNo":"303-1","Type":"2","BlID":"21263","BusCityName":"인천"},{"BusNo":"202","Type":"11","BlID":"21045","BusCityName":"인천"},{"BusNo":"222","Type":"11","BlID":"21097","BusCityName":"인천"},{"BusNo":"223","Type":"11","BlID":"21104","BusCityName":"인천"},{"BusNo":"221","Type":"11","BlID":"21155","BusCityName":"인천"},{"BusNo":"222B","Type":"11","BlID":"21193","BusCityName":"인천"}]},{"StopName":"인천공항8B","StopID":"193302","Bus": [{"BusNo":"3300","Type":"5","BlID":"5544","BusCityName":"고양"},{"BusNo":"7400","Type":"5","BlID":"10454","BusCityName":"광주"},{"BusNo":"3200","Type":"5","BlID":"10804","BusCityName":"광주"},{"BusNo":"5600","Type":"5","BlID":"10805","BusCityName":"광주"}]},{"StopName":"인천공항7B","StopID":"193416","Bus": [{"BusNo":"7000","Type":"5","BlID":"6557","BusCityName":"안산"},{"BusNo":"7001","Type":"5","BlID":"6558","BusCityName":"안산"},{"BusNo":"4100","Type":"5","BlID":"9544","BusCityName":"수원"},{"BusNo":"4000","Type":"5","BlID":"9656","BusCityName":"수원"},{"BusNo":"4200","Type":"5","BlID":"9657","BusCityName":"수원"},{"BusNo":"8837","Type":"5","BlID":"10476","BusCityName":"광주"}]},{"StopName":"인천공항3B","StopID":"193420","Bus": [{"BusNo":"6100","Type":"5","BlID":"513","BusCityName":"서울"},{"BusNo":"6101","Type":"5","BlID":"1781","BusCityName":"서울"},{"BusNo":"6103","Type":"5","BlID":"1800","BusCityName":"서울"}]},{"StopName":"인천공항4B","StopID":"193428","Bus": [{"BusNo":"6300","Type":"5","BlID":"519","BusCityName":"서울"},{"BusNo":"6200","Type":"5","BlID":"586","BusCityName":"서울"},{"BusNo":"6500","Type":"5","BlID":"590","BusCityName":"서울"},{"BusNo":"6006","Type":"5","BlID":"1778","BusCityName":"서울"},{"BusNo":"6009","Type":"5","BlID":"1785","BusCityName":"서울"}]}]},{"GateNo":"2","GateLink": ["주차장"]},{"GateNo":"3","GateLink": ["여객터미널"],"BUSSTOP": [{"StopName":"인천공항13A","StopID":"118281","Bus": [{"BusNo":"308","Type":"2","BlID":"21222","BusCityName":"인천"}]},{"StopName":"인천공항12B","StopID":"193415","Bus": [{"BusNo":"6008","Type":"5","BlID":"1784","BusCityName":"서울"},{"BusNo":"6014","Type":"5","BlID":"1794","BusCityName":"서울"},{"BusNo":"6003","Type":"5","BlID":"1804","BusCityName":"서울"},{"BusNo":"6004","Type":"5","BlID":"1805","BusCityName":"서울"}]},{"StopName":"인천공항11A","StopID":"193429","Bus": [{"BusNo":"6020","Type":"5","BlID":"503","BusCityName":"서울"},{"BusNo":"6300","Type":"5","BlID":"519","BusCityName":"서울"},{"BusNo":"6200","Type":"5","BlID":"586","BusCityName":"서울"},{"BusNo":"6500","Type":"5","BlID":"590","BusCityName":"서울"},{"BusNo":"6006","Type":"5","BlID":"1778","BusCityName":"서울"},{"BusNo":"6009","Type":"5","BlID":"1785","BusCityName":"서울"}]}]}]}}}