{"result": {"stationName":"청라국제도시","stationID":4011,"type":101,"laneName":"공항철도","laneCity":"수도권","x":126.6246898,"y":37.5564177,"prevOBJ": {"station": [{"stationName":"검암","stationID":4007,"type":101,"laneName":"공항철도","laneCity":"수도권","x":126.673638,"y":37.569249}]},"nextOBJ": {"station": [{"stationName":"영종","stationID":4012,"type":101,"laneName":"공항철도","laneCity":"수도권","x":126.5242606,"y":37.5120029}]},"defaultInfo": {"address":"인천광역시 서구 경서동 519-2","new_address":"인천광역시 서구 에코로 163","tel":"1599-7788"},"useInfo": {"platform":1,"meetingPlace":0,"restroom":2,"offDoor":1,"crossOver":2,"publicPlace":0,"handicapCount":1,"parkingCount":0,"bicycleCount":1,"civilCount":0},"exitInfo": {"gate": [{"GateNo":"1","GateLink": ["청라국제도시","서부산업도시"],"BUSSTOP": [{"StopName":"청라국제도시역","StopID":"85432","Bus": [{"BusNo":"46","Type":"11","BlID":"21038","BusCityName":"인천"},{"BusNo":"202","Type":"11","BlID":"21045","BusCityName":"인천"},{"BusNo":"111-2","Type":"11","BlID":"21116","BusCityName":"인천"},{"BusNo":"41-1","Type":"11","BlID":"21140","BusCityName":"인천"},{"BusNo":"77-1","Type":"11","BlID":"21164","BusCityName":"인천"},{"BusNo":"77-2","Type":"11","BlID":"21208","BusCityName":"인천"},{"BusNo":"904-1","Type":"26","BlID":"21000","BusCityName":"인천"},{"BusNo":"904","Type":"26","BlID":"21241","BusCityName":"인천"}]}]},{"GateNo":"2","GateLink": ["주차장"]}]}}}