{"result": {"stationName":"영종","stationID":4012,"type":101,"laneName":"공항철도","laneCity":"수도권","x":126.5242606,"y":37.5120029,"prevOBJ": {"station": [{"stationName":"청라국제도시","stationID":4011,"type":101,"laneName":"공항철도","laneCity":"수도권","x":126.6246898,"y":37.5564177}]},"nextOBJ": {"station": [{"stationName":"운서","stationID":4008,"type":101,"laneName":"공항철도","laneCity":"수도권","x":126.4938585,"y":37.4927794}]},"defaultInfo": {"address":"인천광역시 중구 운북동 465-37","new_address":null,"tel":"032-745-7570"},"useInfo": {"platform":1,"meetingPlace":1,"restroom":2,"offDoor":0,"crossOver":2,"publicPlace":0,"handicapCount":1,"parkingCount":1,"bicycleCount":1,"civilCount":0},"exitInfo": {"gate": [{"GateNo":"1","GateLink": ["인천영종초등학교 금산분교"]}]}}}