{"result": {"stationName":"당고개","stationID":409,"type":4,"laneName":"수도권 4호선","laneCity":"수도권","x":127.0790278,"y":37.6702713,"nextOBJ": {"station": [{"stationName":"상계","stationID":410,"type":4,"laneName":"수도권 4호선","laneCity":"수도권","x":127.0732198,"y":37.6605758}]},"defaultInfo": {"address":"서울특별시 노원구 상계동 111","new_address":"서울특별시 노원구 상계로 305","tel":"02-6110-4091"},"useInfo": {"platform":2,"meetingPlace":0,"restroom":2,"offDoor":1,"crossOver":1,"publicPlace":0,"handicapCount":1,"parkingCount":1,"bicycleCount":1,"civilCount":0},"exitInfo": {"gate": [{"GateNo":"1","GateLink": ["상계4동","상계3.4동주민센터로","삼락시장","기업은행"],"BUSSTOP": [{"StopName":"흥안운수종점","StopID":"108471","Bus": [{"BusNo":"1138","Type":"12","BlID":"821","BusCityName":"서울"},{"BusNo":"1139","Type":"12","BlID":"822","BusCityName":"서울"},{"BusNo":"1224","Type":"12","BlID":"860","BusCityName":"서울"}]},{"StopName":"흥안운수종점","StopID":"108479","Bus": [{"BusNo":"1138","Type":"12","BlID":"821","BusCityName":"서울"},{"BusNo":"1139","Type":"12","BlID":"822","BusCityName":"서울"},{"BusNo":"1224","Type":"12","BlID":"860","BusCityName":"서울"}]}]},{"GateNo":"2","GateLink": ["상계3동우체국","상계종합사회복지관"]},{"GateNo":"3","GateLink": ["신상계초등학교"]},{"GateNo":"4","GateLink": ["상계4치안센터"],"BUSSTOP": [{"StopName":"당고개역","StopID":"108382","Bus": [{"BusNo":"10-5","Type":"1","BlID":"10604","BusCityName":"광주"},{"BusNo":"10","Type":"1","BlID":"18570","BusCityName":"남양주"},{"BusNo":"80","Type":"3","BlID":"18515","BusCityName":"남양주"},{"BusNo":"85","Type":"3","BlID":"18571","BusCityName":"남양주"},{"BusNo":"33","Type":"3","BlID":"18614","BusCityName":"남양주"},{"BusNo":"33-1","Type":"3","BlID":"18617","BusCityName":"남양주"}]}]}]}}}