{"result": {"stationName":"상계","stationID":410,"type":4,"laneName":"수도권 4호선","laneCity":"수도권","x":127.0732198,"y":37.6605758,"prevOBJ": {"station": [{"stationName":"당고개","stationID":409,"type":4,"laneName":"수도권 4호선","laneCity":"수도권","x":127.0790278,"y":37.6702713}]},"nextOBJ": {"station": [{"stationName":"노원","stationID":411,"type":4,"laneName":"수도권 4호선","laneCity":"수도권","x":127.0633782,"y":37.6563535}]},"defaultInfo": {"address":"서울특별시 노원구 상계동 156-203","new_address":"서울특별시 노원구 상계로 182","tel":"02-6110-4101"},"useInfo": {"platform":2,"meetingPlace":0,"restroom":1,"offDoor":1,"crossOver":2,"publicPlace":0,"handicapCount":1,"parkingCount":1,"bicycleCount":1,"civilCount":0},"exitInfo": {"gate": [{"GateNo":"1","GateLink": ["중계동","중계4동주민센터","상계제일중학교","재현중.고등학교","미래산업과학고등학교","중계주공아파트3-5단지","중계중앙하이츠아파트","현대.염광아파트","성원아파트","청암중고등학교","청암아파트1.2.3 단지","노원구선거관리위원회","불암산"],"BUSSTOP": [{"StopName":"상계역","StopID":"152606","Bus": [{"BusNo":"노원01","Type":"3","BlID":"1551","BusCityName":"서울"},{"BusNo":"노원11","Type":"3","BlID":"1602","BusCityName":"서울"}]}]},{"GateNo":"2","GateLink": ["상계동","상계2.3.4.5동주민센터","상계3치안센터","상계중앙시장","상계대림.벽산아파트"],"BUSSTOP": [{"StopName":"벽산아파트103동","StopID":"111672","Bus": [{"BusNo":"노원05","Type":"3","BlID":"1566","BusCityName":"서울"},{"BusNo":"1137","Type":"12","BlID":"820","BusCityName":"서울"},{"BusNo":"1143","Type":"12","BlID":"826","BusCityName":"서울"}]}]},{"GateNo":"3","GateLink": ["상계동","상계2.3.4.5동주민센터","상계3치안센터","상계중앙시장","상계대림.벽산아파트"],"BUSSTOP": [{"StopName":"상계벽산아파트","StopID":"108223","Bus": [{"BusNo":"1138","Type":"12","BlID":"821","BusCityName":"서울"},{"BusNo":"1139","Type":"12","BlID":"822","BusCityName":"서울"},{"BusNo":"1224","Type":"12","BlID":"860","BusCityName":"서울"}]},{"StopName":"상계역","StopID":"108259","Bus": [{"BusNo":"1138","Type":"12","BlID":"821","BusCityName":"서울"},{"BusNo":"1139","Type":"12","BlID":"822","BusCityName":"서울"},{"BusNo":"1224","Type":"12","BlID":"860","BusCityName":"서울"}]}]},{"GateNo":"4","GateLink": ["중계종합사회복지관","중계중학교"],"BUSSTOP": [{"StopName":"상계역","StopID":"108219","Bus": [{"BusNo":"1140","Type":"12","BlID":"823","BusCityName":"서울"},{"BusNo":"1142","Type":"12","BlID":"825","BusCityName":"서울"},{"BusNo":"1224","Type":"12","BlID":"860","BusCityName":"서울"}]}]}]}}}