{"result": {"stationName":"장기주차장","stationID":4102,"type":102,"laneName":"자기부상철도","laneCity":"수도권","x":126.4555799,"y":37.4439104,"prevOBJ": {"station": [{"stationName":"인천국제공항","stationID":4101,"type":102,"laneName":"자기부상철도","laneCity":"수도권","x":126.4521778,"y":37.4477854}]},"nextOBJ": {"station": [{"stationName":"합동청사","stationID":4103,"type":102,"laneName":"자기부상철도","laneCity":"수도권","x":126.4586439,"y":37.4405266}]},"defaultInfo": {"address":"인천광역시 중구 운서동 2851","new_address":null,"tel":"032-741-2254"},"useInfo": {"platform":2,"meetingPlace":0,"restroom":1,"offDoor":1,"crossOver":2,"publicPlace":0,"handicapCount":1,"parkingCount":0,"bicycleCount":1,"civilCount":0},"exitInfo": {"gate": [{"GateNo":"1","GateLink": ["장기주차장(동편):1~10","여객터미널","교통센터","단기주차장","무료순환버스정류장3"]},{"GateNo":"2","GateLink": ["장기주차장(동편):택시","주차대행전용구역(동편)"]},{"GateNo":"3","GateLink": ["장기주차장(서편):버스","주차대행전용구역(서편)","주차관리소"]},{"GateNo":"4","GateLink": ["장기주차장(서편):51~60","여객터미널","교통센터","단기주차장","무료순환버스정류장4"]}]}}}