{"result": {"stationName":"합동청사","stationID":4103,"type":102,"laneName":"자기부상철도","laneCity":"수도권","x":126.4586439,"y":37.4405266,"prevOBJ": {"station": [{"stationName":"장기주차장","stationID":4102,"type":102,"laneName":"자기부상철도","laneCity":"수도권","x":126.4555799,"y":37.4439104}]},"nextOBJ": {"station": [{"stationName":"국제업무단지","stationID":4104,"type":102,"laneName":"자기부상철도","laneCity":"수도권","x":126.4598306,"y":37.4372083}]},"defaultInfo": {"address":"인천광역시 중구 운서동 2850-10","new_address":null,"tel":"032-741-2254"},"useInfo": {"platform":2,"meetingPlace":0,"restroom":1,"offDoor":1,"crossOver":2,"publicPlace":0,"handicapCount":1,"parkingCount":0,"bicycleCount":1,"civilCount":0},"exitInfo": {"gate": [{"GateNo":"1","GateLink": ["인천국제공항공사","정부합동청사","인천공항잔디광장"]},{"GateNo":"2","GateLink": ["이마트인천공항점","하얏트리젠시호텔","그랜트하얏트호텔"],"BUSSTOP": [{"StopName":"하얏트호텔","StopID":"150958","Bus": [{"BusNo":"302","Type":"2","BlID":"21118","BusCityName":"인천"},{"BusNo":"306","Type":"2","BlID":"21120","BusCityName":"인천"},{"BusNo":"222","Type":"11","BlID":"21097","BusCityName":"인천"},{"BusNo":"221","Type":"11","BlID":"21155","BusCityName":"인천"},{"BusNo":"222B","Type":"11","BlID":"21193","BusCityName":"인천"},{"BusNo":"2-1(중구)","Type":"12","BlID":"21229","BusCityName":"인천"}]},{"StopName":"이마트","StopID":"150971","Bus": [{"BusNo":"111","Type":"2","BlID":"21046","BusCityName":"인천"},{"BusNo":"302","Type":"2","BlID":"21118","BusCityName":"인천"},{"BusNo":"306","Type":"2","BlID":"21120","BusCityName":"인천"},{"BusNo":"303","Type":"2","BlID":"21135","BusCityName":"인천"},{"BusNo":"308","Type":"2","BlID":"21222","BusCityName":"인천"},{"BusNo":"303-1","Type":"2","BlID":"21263","BusCityName":"인천"},{"BusNo":"3300","Type":"5","BlID":"5544","BusCityName":"고양"},{"BusNo":"3200","Type":"5","BlID":"10804","BusCityName":"광주"},{"BusNo":"202","Type":"11","BlID":"21045","BusCityName":"인천"},{"BusNo":"223","Type":"11","BlID":"21104","BusCityName":"인천"},{"BusNo":"221","Type":"11","BlID":"21155","BusCityName":"인천"}]},{"StopName":"하얏트호텔","StopID":"150979","Bus": [{"BusNo":"302","Type":"2","BlID":"21118","BusCityName":"인천"},{"BusNo":"306","Type":"2","BlID":"21120","BusCityName":"인천"},{"BusNo":"222","Type":"11","BlID":"21097","BusCityName":"인천"},{"BusNo":"221","Type":"11","BlID":"21155","BusCityName":"인천"},{"BusNo":"222B","Type":"11","BlID":"21193","BusCityName":"인천"},{"BusNo":"2-1(중구)","Type":"12","BlID":"21229","BusCityName":"인천"}]},{"StopName":"하얏트리젠시호텔","StopID":"206326","Bus": [{"BusNo":"6707A","Type":"5","BlID":"541","BusCityName":"서울"},{"BusNo":"6707B","Type":"5","BlID":"565","BusCityName":"서울"}]}]}]}}}