{"result": {"stationName":"국제업무단지","stationID":4104,"type":102,"laneName":"자기부상철도","laneCity":"수도권","x":126.4598306,"y":37.4372083,"prevOBJ": {"station": [{"stationName":"합동청사","stationID":4103,"type":102,"laneName":"자기부상철도","laneCity":"수도권","x":126.4586439,"y":37.4405266}]},"nextOBJ": {"station": [{"stationName":"워터파크","stationID":4105,"type":102,"laneName":"자기부상철도","laneCity":"수도권","x":126.4341781,"y":37.4291949}]},"defaultInfo": {"address":"인천광역시 중구 운서동 2851-47","new_address":null,"tel":"032-741-2254"},"useInfo": {"platform":2,"meetingPlace":0,"restroom":1,"offDoor":1,"crossOver":2,"publicPlace":0,"handicapCount":1,"parkingCount":0,"bicycleCount":1,"civilCount":0},"exitInfo": {"gate": [{"GateNo":"1","GateLink": ["에어포트호텔","월드게이트"]},{"GateNo":"2","GateLink": ["현재 공사중"]}]}}}