{"result": {"stationName":"워터파크","stationID":4105,"type":102,"laneName":"자기부상철도","laneCity":"수도권","x":126.4341781,"y":37.4291949,"prevOBJ": {"station": [{"stationName":"국제업무단지","stationID":4104,"type":102,"laneName":"자기부상철도","laneCity":"수도권","x":126.4598306,"y":37.4372083}]},"nextOBJ": {"station": [{"stationName":"용유","stationID":4106,"type":102,"laneName":"자기부상철도","laneCity":"수도권","x":126.4236621,"y":37.4247574}]},"defaultInfo": {"address":"인천광역시 중구 운서동 2877-2","new_address":null,"tel":"032-741-2254"},"useInfo": {"platform":2,"meetingPlace":0,"restroom":1,"offDoor":1,"crossOver":2,"publicPlace":0,"handicapCount":1,"parkingCount":0,"bicycleCount":1,"civilCount":0},"exitInfo": {"gate": [{"GateNo":"1","GateLink": ["국민체육진흥공단경정훈련원"]}]}}}