{"result": {"stationName":"용유","stationID":4106,"type":102,"laneName":"자기부상철도","laneCity":"수도권","x":126.4236621,"y":37.4247574,"prevOBJ": {"station": [{"stationName":"워터파크","stationID":4105,"type":102,"laneName":"자기부상철도","laneCity":"수도권","x":126.4341781,"y":37.4291949}]},"defaultInfo": {"address":"인천광역시 중구 운서동 2866","new_address":null,"tel":"032-741-2254"},"useInfo": {"platform":2,"meetingPlace":0,"restroom":1,"offDoor":1,"crossOver":2,"publicPlace":0,"handicapCount":1,"parkingCount":1,"bicycleCount":1,"civilCount":0},"exitInfo": {"gate": [{"GateNo":"1","GateLink": ["공항철도차량기지","용유역주차장","네스트호텔"],"BUSSTOP": [{"StopName":"덕교동입구","StopID":"81054","Bus": [{"BusNo":"222B","Type":"11","BlID":"21193","BusCityName":"인천"}]},{"StopName":"무의도입구","StopID":"122478","Bus": [{"BusNo":"302","Type":"2","BlID":"21118","BusCityName":"인천"},{"BusNo":"306","Type":"2","BlID":"21120","BusCityName":"인천"},{"BusNo":"221","Type":"11","BlID":"21155","BusCityName":"인천"},{"BusNo":"2-1(중구)","Type":"12","BlID":"21229","BusCityName":"인천"}]}]},{"GateNo":"2","GateLink": ["덕교동.잠진도.무의도"],"BUSSTOP": [{"StopName":"무의도입구","StopID":"122477","Bus": [{"BusNo":"302","Type":"2","BlID":"21118","BusCityName":"인천"},{"BusNo":"306","Type":"2","BlID":"21120","BusCityName":"인천"},{"BusNo":"221","Type":"11","BlID":"21155","BusCityName":"인천"},{"BusNo":"2(중구)","Type":"12","BlID":"21220","BusCityName":"인천"},{"BusNo":"2-1(중구)","Type":"12","BlID":"21229","BusCityName":"인천"}]},{"StopName":"덕교동","StopID":"150959","Bus": [{"BusNo":"221","Type":"11","BlID":"21155","BusCityName":"인천"},{"BusNo":"222B","Type":"11","BlID":"21193","BusCityName":"인천"}]}]}]}}}