{"result": {"stationName":"노원","stationID":411,"type":4,"laneName":"수도권 4호선","laneCity":"수도권","x":127.0633782,"y":37.6563535,"exOBJ": {"station": [{"stationName":"노원","stationID":713,"type":7,"laneName":"수도권 7호선","laneCity":"수도권"}]},"prevOBJ": {"station": [{"stationName":"상계","stationID":410,"type":4,"laneName":"수도권 4호선","laneCity":"수도권","x":127.0732198,"y":37.6605758}]},"nextOBJ": {"station": [{"stationName":"창동","stationID":412,"type":4,"laneName":"수도권 4호선","laneCity":"수도권","x":127.047688,"y":37.6531915}]},"defaultInfo": {"address":"서울특별시 노원구 상계동 602-5","new_address":"서울특별시 노원구 상계로 69-1","tel":"02-6110-4111"},"useInfo": {"platform":2,"meetingPlace":0,"restroom":1,"offDoor":1,"crossOver":2,"publicPlace":0,"handicapCount":1,"parkingCount":0,"bicycleCount":1,"civilCount":0},"exitInfo": {"gate": [{"GateNo":"1","GateLink": ["상계방면","상계7동주민센터","상계7동파출소","상계중학교","상계119안전센터","성민복지관"],"BUSSTOP": [{"StopName":"노원역1번출구","StopID":"107838","Bus": [{"BusNo":"102","Type":"11","BlID":"767","BusCityName":"서울"},{"BusNo":"1129","Type":"12","BlID":"812","BusCityName":"서울"},{"BusNo":"1132","Type":"12","BlID":"815","BusCityName":"서울"},{"BusNo":"1138","Type":"12","BlID":"821","BusCityName":"서울"},{"BusNo":"1142","Type":"12","BlID":"825","BusCityName":"서울"},{"BusNo":"1154","Type":"12","BlID":"835","BusCityName":"서울"}]}]},{"GateNo":"2","GateLink": ["노원구청","신상중학교","상수초등학교","한국성서대학교","상계주공아파트1~6단지","기업은행노원역지점","한국산업은행노원지점","한국전력공사북부지점","노원 헌혈의집"],"BUSSTOP": [{"StopName":"노원역2번출구","StopID":"107801","Bus": [{"BusNo":"노원02","Type":"3","BlID":"1553","BusCityName":"서울"},{"BusNo":"노원08","Type":"3","BlID":"1582","BusCityName":"서울"}]}]},{"GateNo":"3","GateLink": ["노원역 사거리"],"BUSSTOP": [{"StopName":"도봉면허시험장","StopID":"107695","Bus": [{"BusNo":"72-1","Type":"1","BlID":"9030","BusCityName":"의정부"},{"BusNo":"7","Type":"1","BlID":"9041","BusCityName":"의정부"},{"BusNo":"12-3","Type":"1","BlID":"9045","BusCityName":"의정부"},{"BusNo":"111","Type":"1","BlID":"9053","BusCityName":"의정부"},{"BusNo":"3500","Type":"4","BlID":"17501","BusCityName":"포천"},{"BusNo":"3600","Type":"4","BlID":"17506","BusCityName":"포천"},{"BusNo":"3200","Type":"4","BlID":"17516","BusCityName":"포천"},{"BusNo":"3100-1","Type":"4","BlID":"17540","BusCityName":"포천"},{"BusNo":"3100","Type":"4","BlID":"17573","BusCityName":"포천"},{"BusNo":"N13","Type":"11","BlID":"571","BusCityName":"서울"},{"BusNo":"N61","Type":"11","BlID":"575","BusCityName":"서울"},{"BusNo":"105","Type":"11","BlID":"772","BusCityName":"서울"},{"BusNo":"146","Type":"11","BlID":"875","BusCityName":"서울"},{"BusNo":"1137","Type":"12","BlID":"820","BusCityName":"서울"},{"BusNo":"1139","Type":"12","BlID":"822","BusCityName":"서울"},{"BusNo":"1144","Type":"12","BlID":"827","BusCityName":"서울"},{"BusNo":"1154","Type":"12","BlID":"835","BusCityName":"서울"},{"BusNo":"3001","Type":"22","BlID":"10667","BusCityName":"광주"}]}]},{"GateNo":"4","GateLink": ["상계2동","성민복지관"],"BUSSTOP": [{"StopName":"롯데백화점노원점","StopID":"107827","Bus": [{"BusNo":"1132","Type":"12","BlID":"815","BusCityName":"서울"}]},{"StopName":"롯데백화점","StopID":"124185","Bus": [{"BusNo":"노원05","Type":"3","BlID":"1566","BusCityName":"서울"}]}]},{"GateNo":"5","GateLink": ["상계6.7동주민센터","상계주공4.5.6단지","인제대학교 상계백병원","외환은행 상계동"],"BUSSTOP": [{"StopName":"상계주공6단지","StopID":"107745","Bus": [{"BusNo":"3500","Type":"4","BlID":"17501","BusCityName":"포천"},{"BusNo":"3600","Type":"4","BlID":"17506","BusCityName":"포천"},{"BusNo":"3200","Type":"4","BlID":"17516","BusCityName":"포천"},{"BusNo":"3100-1","Type":"4","BlID":"17540","BusCityName":"포천"},{"BusNo":"3100","Type":"4","BlID":"17573","BusCityName":"포천"},{"BusNo":"N13","Type":"11","BlID":"571","BusCityName":"서울"},{"BusNo":"N61","Type":"11","BlID":"575","BusCityName":"서울"},{"BusNo":"102","Type":"11","BlID":"767","BusCityName":"서울"},{"BusNo":"105","Type":"11","BlID":"772","BusCityName":"서울"},{"BusNo":"146","Type":"11","BlID":"875","BusCityName":"서울"},{"BusNo":"1137","Type":"12","BlID":"820","BusCityName":"서울"},{"BusNo":"1139","Type":"12","BlID":"822","BusCityName":"서울"},{"BusNo":"1144","Type":"12","BlID":"827","BusCityName":"서울"}]},{"StopName":"7호선노원역","StopID":"124157","Bus": [{"BusNo":"노원05","Type":"3","BlID":"1566","BusCityName":"서울"}]},{"StopName":"노원역","StopID":"166215","Bus": [{"BusNo":"6100","Type":"5","BlID":"513","BusCityName":"서울"}]}]},{"GateNo":"6","GateLink": ["상계주공1.2.3단지","상계6동우체국","상계고등학교","서울북부종합고용지원센터"],"BUSSTOP": [{"StopName":"상계주공3단지","StopID":"107727","Bus": [{"BusNo":"111","Type":"1","BlID":"9053","BusCityName":"의정부"},{"BusNo":"노원15","Type":"3","BlID":"1463","BusCityName":"서울"},{"BusNo":"3500","Type":"4","BlID":"17501","BusCityName":"포천"},{"BusNo":"3600","Type":"4","BlID":"17506","BusCityName":"포천"},{"BusNo":"3200","Type":"4","BlID":"17516","BusCityName":"포천"},{"BusNo":"3100-1","Type":"4","BlID":"17540","BusCityName":"포천"},{"BusNo":"3100","Type":"4","BlID":"17573","BusCityName":"포천"},{"BusNo":"N13","Type":"11","BlID":"571","BusCityName":"서울"},{"BusNo":"N61","Type":"11","BlID":"575","BusCityName":"서울"},{"BusNo":"102","Type":"11","BlID":"767","BusCityName":"서울"},{"BusNo":"105","Type":"11","BlID":"772","BusCityName":"서울"},{"BusNo":"146","Type":"11","BlID":"875","BusCityName":"서울"},{"BusNo":"1137","Type":"12","BlID":"820","BusCityName":"서울"},{"BusNo":"1139","Type":"12","BlID":"822","BusCityName":"서울"},{"BusNo":"1144","Type":"12","BlID":"827","BusCityName":"서울"}]},{"StopName":"상계6동우체국","StopID":"124156","Bus": [{"BusNo":"노원05","Type":"3","BlID":"1566","BusCityName":"서울"}]},{"StopName":"노원역","StopID":"166216","Bus": [{"BusNo":"6100","Type":"5","BlID":"513","BusCityName":"서울"}]}]},{"GateNo":"7","GateLink": ["노원구청","노원구의회.노원구보건소","노원세무서","한국전력공사북부지점","국민건강보험공단노원지사"],"BUSSTOP": [{"StopName":"노원구청","StopID":"107639","Bus": [{"BusNo":"7","Type":"1","BlID":"9041","BusCityName":"의정부"},{"BusNo":"6101","Type":"5","BlID":"1781","BusCityName":"서울"}]}]},{"GateNo":"8","GateLink": ["도봉운전면허시험장"],"BUSSTOP": [{"StopName":"도봉면허시험장","StopID":"107682","Bus": [{"BusNo":"7","Type":"1","BlID":"9041","BusCityName":"의정부"},{"BusNo":"111","Type":"1","BlID":"9053","BusCityName":"의정부"},{"BusNo":"3500","Type":"4","BlID":"17501","BusCityName":"포천"},{"BusNo":"3600","Type":"4","BlID":"17506","BusCityName":"포천"},{"BusNo":"3200","Type":"4","BlID":"17516","BusCityName":"포천"},{"BusNo":"3100-1","Type":"4","BlID":"17540","BusCityName":"포천"},{"BusNo":"3100","Type":"4","BlID":"17573","BusCityName":"포천"},{"BusNo":"105","Type":"11","BlID":"772","BusCityName":"서울"},{"BusNo":"146","Type":"11","BlID":"875","BusCityName":"서울"},{"BusNo":"1137","Type":"12","BlID":"820","BusCityName":"서울"},{"BusNo":"1139","Type":"12","BlID":"822","BusCityName":"서울"},{"BusNo":"1144","Type":"12","BlID":"827","BusCityName":"서울"},{"BusNo":"1154","Type":"12","BlID":"835","BusCityName":"서울"},{"BusNo":"3001","Type":"22","BlID":"10667","BusCityName":"광주"}]}]},{"GateNo":"9","GateLink": ["상계동","창동지하철차량기지","도봉운전면허시험장","용화여고","상월초등학교","대림.현대아파트","상계주공아파트7~15단지"],"BUSSTOP": [{"StopName":"노원역9번출구","StopID":"107785","Bus": [{"BusNo":"노원02","Type":"3","BlID":"1553","BusCityName":"서울"},{"BusNo":"노원08","Type":"3","BlID":"1582","BusCityName":"서울"},{"BusNo":"N13","Type":"11","BlID":"571","BusCityName":"서울"},{"BusNo":"N61","Type":"11","BlID":"575","BusCityName":"서울"},{"BusNo":"102","Type":"11","BlID":"767","BusCityName":"서울"},{"BusNo":"1129","Type":"12","BlID":"812","BusCityName":"서울"},{"BusNo":"1138","Type":"12","BlID":"821","BusCityName":"서울"},{"BusNo":"1142","Type":"12","BlID":"825","BusCityName":"서울"},{"BusNo":"1154","Type":"12","BlID":"835","BusCityName":"서울"}]}]},{"GateNo":"10","GateLink": ["상계2동주민센터","상계10동우체국","상계초등학교","온곡중학교","우성아파트","동양메이저아파트"],"BUSSTOP": [{"StopName":"노원역10번출구","StopID":"124410","Bus": [{"BusNo":"노원02","Type":"3","BlID":"1553","BusCityName":"서울"},{"BusNo":"노원08","Type":"3","BlID":"1582","BusCityName":"서울"}]},{"StopName":"노원역.롯데백화점","StopID":"156262","Bus": [{"BusNo":"72-1","Type":"1","BlID":"9030","BusCityName":"의정부"},{"BusNo":"12-3","Type":"1","BlID":"9045","BusCityName":"의정부"}]}]}]}}}