{"result": {"stationName":"창동","stationID":412,"type":4,"laneName":"수도권 4호선","laneCity":"수도권","x":127.047688,"y":37.6531915,"exOBJ": {"station": [{"stationName":"창동","stationID":117,"type":1,"laneName":"수도권 1호선","laneCity":"수도권"}]},"prevOBJ": {"station": [{"stationName":"노원","stationID":411,"type":4,"laneName":"수도권 4호선","laneCity":"수도권","x":127.0633782,"y":37.6563535}]},"nextOBJ": {"station": [{"stationName":"쌍문","stationID":413,"type":4,"laneName":"수도권 4호선","laneCity":"수도권","x":127.0346918,"y":37.6486079}]},"defaultInfo": {"address":"서울특별시 도봉구 창동 135-1","new_address":"서울특별시 도봉구 마들로 11길 77","tel":"02-6110-4121"},"useInfo": {"platform":2,"meetingPlace":0,"restroom":1,"offDoor":1,"crossOver":2,"publicPlace":0,"handicapCount":1,"parkingCount":1,"bicycleCount":1,"civilCount":0},"exitInfo": {"gate": [{"GateNo":"1","GateLink": ["서울특별시립창동청소년수련관","도봉경찰서","상계주공아파트17-19단지","창동주차장","한국전기안전공사 서울북부지사","창4동주민센터","창동지구대","동아아파트","상계주공아파트17","노원세무서","국민연금도봉노원지사","서울열린극장 창동","창동문화마당","시립창동문화체육센터","노곡중학교"],"BUSSTOP": [{"StopName":"창동농협물류센터","StopID":"83568","Bus": [{"BusNo":"노원15","Type":"3","BlID":"1463","BusCityName":"서울"},{"BusNo":"1119","Type":"12","BlID":"801","BusCityName":"서울"}]},{"StopName":"창동역동측","StopID":"107243","Bus": [{"BusNo":"1119","Type":"12","BlID":"801","BusCityName":"서울"},{"BusNo":"1120","Type":"12","BlID":"802","BusCityName":"서울"},{"BusNo":"1129","Type":"12","BlID":"812","BusCityName":"서울"},{"BusNo":"1142","Type":"12","BlID":"825","BusCityName":"서울"}]},{"StopName":"창동역동측도봉방면","StopID":"107246","Bus": [{"BusNo":"노원15","Type":"3","BlID":"1463","BusCityName":"서울"},{"BusNo":"도봉08","Type":"3","BlID":"1625","BusCityName":"서울"},{"BusNo":"1119","Type":"12","BlID":"801","BusCityName":"서울"}]},{"StopName":"창동역","StopID":"107258","Bus": [{"BusNo":"노원15","Type":"3","BlID":"1463","BusCityName":"서울"},{"BusNo":"노원05","Type":"3","BlID":"1566","BusCityName":"서울"},{"BusNo":"노원08","Type":"3","BlID":"1582","BusCityName":"서울"}]},{"StopName":"창동역동측","StopID":"107294","Bus": [{"BusNo":"1119","Type":"12","BlID":"801","BusCityName":"서울"},{"BusNo":"1120","Type":"12","BlID":"802","BusCityName":"서울"},{"BusNo":"1144","Type":"12","BlID":"827","BusCityName":"서울"}]},{"StopName":"세무서앞","StopID":"107311","Bus": [{"BusNo":"노원05","Type":"3","BlID":"1566","BusCityName":"서울"}]},{"StopName":"창동하나로마트","StopID":"124890","Bus": [{"BusNo":"도봉08","Type":"3","BlID":"1625","BusCityName":"서울"},{"BusNo":"도봉09","Type":"3","BlID":"1631","BusCityName":"서울"}]},{"StopName":"창동농협물류센터","StopID":"162985","Bus": [{"BusNo":"노원15","Type":"3","BlID":"1463","BusCityName":"서울"},{"BusNo":"1119","Type":"12","BlID":"801","BusCityName":"서울"}]},{"StopName":"창동역","StopID":"195832","Bus": [{"BusNo":"도봉01","Type":"3","BlID":"1607","BusCityName":"서울"},{"BusNo":"도봉09","Type":"3","BlID":"1631","BusCityName":"서울"}]}]},{"GateNo":"2","GateLink": ["도봉등기소","도봉구시설관리공단","창5동우체국","창5동주민센터","창동초등학교","창일중학교","창동아파트3단지","상아아파트","동아그린아파트","북부교육지원청","삼성아파트","신도브래뉴아파트","북한산 Ipark"],"BUSSTOP": [{"StopName":"도봉등기소","StopID":"106971","Bus": [{"BusNo":"도봉01","Type":"3","BlID":"1607","BusCityName":"서울"},{"BusNo":"6101","Type":"5","BlID":"1781","BusCityName":"서울"},{"BusNo":"1120","Type":"12","BlID":"802","BusCityName":"서울"},{"BusNo":"1138","Type":"12","BlID":"821","BusCityName":"서울"}]},{"StopName":"도봉등기소","StopID":"106980","Bus": [{"BusNo":"6101","Type":"5","BlID":"1781","BusCityName":"서울"},{"BusNo":"1120","Type":"12","BlID":"802","BusCityName":"서울"},{"BusNo":"1138","Type":"12","BlID":"821","BusCityName":"서울"}]},{"StopName":"창동역서측","StopID":"107075","Bus": [{"BusNo":"노원14","Type":"3","BlID":"1459","BusCityName":"서울"},{"BusNo":"1120","Type":"12","BlID":"802","BusCityName":"서울"}]},{"StopName":"창동역서측","StopID":"107088","Bus": [{"BusNo":"노원14","Type":"3","BlID":"1459","BusCityName":"서울"}]},{"StopName":"창동이마트","StopID":"195852","Bus": [{"BusNo":"도봉01","Type":"3","BlID":"1607","BusCityName":"서울"}]}]}]}}}