{"result": {"stationName":"쌍문","stationID":413,"type":4,"laneName":"수도권 4호선","laneCity":"수도권","x":127.0346918,"y":37.6486079,"prevOBJ": {"station": [{"stationName":"창동","stationID":412,"type":4,"laneName":"수도권 4호선","laneCity":"수도권","x":127.047688,"y":37.6531915}]},"nextOBJ": {"station": [{"stationName":"수유(강북구청)","stationID":414,"type":4,"laneName":"수도권 4호선","laneCity":"수도권","x":127.02564,"y":37.6379915}]},"defaultInfo": {"address":"서울특별시 도봉구 창동 703-4","new_address":"서울특별시 도봉구 도봉로 486-1","tel":"02-6110-4131"},"useInfo": {"platform":2,"meetingPlace":1,"restroom":2,"offDoor":1,"crossOver":1,"publicPlace":0,"handicapCount":1,"parkingCount":0,"bicycleCount":1,"civilCount":1},"exitInfo": {"gate": [{"GateNo":"1","GateLink": ["창동방면","쌍문사거리","창북중학교","도봉구민회관","창동고등학교"]},{"GateNo":"2","GateLink": ["창동시장","기업은행쌍문역지점"],"BUSSTOP": [{"StopName":"쌍문역","StopID":"106492","Bus": [{"BusNo":"101","Type":"11","BlID":"755","BusCityName":"서울"},{"BusNo":"1126","Type":"12","BlID":"809","BusCityName":"서울"},{"BusNo":"1127","Type":"12","BlID":"1414","BusCityName":"서울"}]},{"StopName":"쌍문역","StopID":"106530","Bus": [{"BusNo":"36","Type":"1","BlID":"9031","BusCityName":"의정부"},{"BusNo":"133","Type":"1","BlID":"9035","BusCityName":"의정부"},{"BusNo":"10-1","Type":"1","BlID":"9042","BusCityName":"의정부"},{"BusNo":"36(심야)","Type":"1","BlID":"9055","BusCityName":"의정부"},{"BusNo":"118","Type":"1","BlID":"17047","BusCityName":"양주"},{"BusNo":"72","Type":"1","BlID":"17503","BusCityName":"포천"},{"BusNo":"6101","Type":"5","BlID":"1781","BusCityName":"서울"},{"BusNo":"N15","Type":"11","BlID":"558","BusCityName":"서울"},{"BusNo":"N16","Type":"11","BlID":"572","BusCityName":"서울"},{"BusNo":"106","Type":"11","BlID":"773","BusCityName":"서울"},{"BusNo":"107","Type":"11","BlID":"774","BusCityName":"서울"},{"BusNo":"130","Type":"11","BlID":"865","BusCityName":"서울"},{"BusNo":"140","Type":"11","BlID":"868","BusCityName":"서울"},{"BusNo":"141","Type":"11","BlID":"869","BusCityName":"서울"},{"BusNo":"142","Type":"11","BlID":"871","BusCityName":"서울"},{"BusNo":"150","Type":"11","BlID":"878","BusCityName":"서울"},{"BusNo":"160","Type":"11","BlID":"1449","BusCityName":"서울"},{"BusNo":"108(TS아파트)","Type":"11","BlID":"1736","BusCityName":"서울"}]},{"StopName":"쌍문역","StopID":"195867","Bus": [{"BusNo":"도봉05","Type":"3","BlID":"1615","BusCityName":"서울"},{"BusNo":"도봉06","Type":"3","BlID":"1616","BusCityName":"서울"},{"BusNo":"도봉07","Type":"3","BlID":"1618","BusCityName":"서울"}]}]},{"GateNo":"3","GateLink": ["쌍문동","쌍문3동주민센터","한양아파트","쌍문삼성래미안아파트"],"BUSSTOP": [{"StopName":"쌍문역.쌍문역골목시장","StopID":"106487","Bus": [{"BusNo":"도봉05","Type":"3","BlID":"1615","BusCityName":"서울"},{"BusNo":"도봉06","Type":"3","BlID":"1616","BusCityName":"서울"},{"BusNo":"도봉07","Type":"3","BlID":"1618","BusCityName":"서울"},{"BusNo":"1126","Type":"12","BlID":"809","BusCityName":"서울"},{"BusNo":"1127","Type":"12","BlID":"1414","BusCityName":"서울"}]}]},{"GateNo":"4","GateLink": ["쌍문3동주민센터","신도봉중학교","정의여중고교","동명아파트","금호아파트"],"BUSSTOP": [{"StopName":"쌍문역","StopID":"106522","Bus": [{"BusNo":"36","Type":"1","BlID":"9031","BusCityName":"의정부"},{"BusNo":"133","Type":"1","BlID":"9035","BusCityName":"의정부"},{"BusNo":"10-1","Type":"1","BlID":"9042","BusCityName":"의정부"},{"BusNo":"36(심야)","Type":"1","BlID":"9055","BusCityName":"의정부"},{"BusNo":"118","Type":"1","BlID":"17047","BusCityName":"양주"},{"BusNo":"72","Type":"1","BlID":"17503","BusCityName":"포천"},{"BusNo":"6101","Type":"5","BlID":"1781","BusCityName":"서울"},{"BusNo":"N15","Type":"11","BlID":"558","BusCityName":"서울"},{"BusNo":"N16","Type":"11","BlID":"572","BusCityName":"서울"},{"BusNo":"101","Type":"11","BlID":"755","BusCityName":"서울"},{"BusNo":"106","Type":"11","BlID":"773","BusCityName":"서울"},{"BusNo":"107","Type":"11","BlID":"774","BusCityName":"서울"},{"BusNo":"130","Type":"11","BlID":"865","BusCityName":"서울"},{"BusNo":"140","Type":"11","BlID":"868","BusCityName":"서울"},{"BusNo":"141","Type":"11","BlID":"869","BusCityName":"서울"},{"BusNo":"142","Type":"11","BlID":"871","BusCityName":"서울"},{"BusNo":"150","Type":"11","BlID":"878","BusCityName":"서울"},{"BusNo":"160","Type":"11","BlID":"1449","BusCityName":"서울"},{"BusNo":"108(TS아파트)","Type":"11","BlID":"1736","BusCityName":"서울"}]}]}]}}}