{"result": {"stationName":"수유(강북구청)","stationID":414,"type":4,"laneName":"수도권 4호선","laneCity":"수도권","x":127.02564,"y":37.6379915,"prevOBJ": {"station": [{"stationName":"쌍문","stationID":413,"type":4,"laneName":"수도권 4호선","laneCity":"수도권","x":127.0346918,"y":37.6486079}]},"nextOBJ": {"station": [{"stationName":"미아","stationID":415,"type":4,"laneName":"수도권 4호선","laneCity":"수도권","x":127.0261537,"y":37.6263994}]},"defaultInfo": {"address":"서울특별시 강북구 수유동 140","new_address":"서울특별시 강북구 도봉로 338","tel":"02-6110-4141"},"useInfo": {"platform":2,"meetingPlace":0,"restroom":2,"offDoor":1,"crossOver":1,"publicPlace":0,"handicapCount":1,"parkingCount":0,"bicycleCount":1,"civilCount":1},"exitInfo": {"gate": [{"GateNo":"1","GateLink": ["번동방면","강북구청사거리","한천로","번1동주민센터","강북소상공인지원센터","국립4.19민주묘지방면"],"BUSSTOP": [{"StopName":"수유역.노스페이스문화센터","StopID":"106212","Bus": [{"BusNo":"148","Type":"11","BlID":"870","BusCityName":"서울"},{"BusNo":"1124","Type":"12","BlID":"807","BusCityName":"서울"},{"BusNo":"1133","Type":"12","BlID":"816","BusCityName":"서울"},{"BusNo":"1138","Type":"12","BlID":"821","BusCityName":"서울"},{"BusNo":"1218","Type":"12","BlID":"1410","BusCityName":"서울"},{"BusNo":"1127","Type":"12","BlID":"1414","BusCityName":"서울"}]}]},{"GateNo":"2","GateLink": ["번동방면","강북경찰서","번동북부시장","수유헌혈의집"],"BUSSTOP": [{"StopName":"수유역","StopID":"123805","Bus": [{"BusNo":"강북01","Type":"3","BlID":"1537","BusCityName":"서울"}]}]},{"GateNo":"3","GateLink": ["번동방면","강북경찰서","서울지방고용노동청 서울북부지청"],"BUSSTOP": [{"StopName":"수유역.강북구청","StopID":"106078","Bus": [{"BusNo":"36","Type":"1","BlID":"9031","BusCityName":"의정부"},{"BusNo":"133","Type":"1","BlID":"9035","BusCityName":"의정부"},{"BusNo":"10-1","Type":"1","BlID":"9042","BusCityName":"의정부"},{"BusNo":"36(심야)","Type":"1","BlID":"9055","BusCityName":"의정부"},{"BusNo":"118","Type":"1","BlID":"17047","BusCityName":"양주"},{"BusNo":"72","Type":"1","BlID":"17503","BusCityName":"포천"},{"BusNo":"6101","Type":"5","BlID":"1781","BusCityName":"서울"},{"BusNo":"N15","Type":"11","BlID":"558","BusCityName":"서울"},{"BusNo":"N16","Type":"11","BlID":"572","BusCityName":"서울"},{"BusNo":"101","Type":"11","BlID":"755","BusCityName":"서울"},{"BusNo":"106","Type":"11","BlID":"773","BusCityName":"서울"},{"BusNo":"107","Type":"11","BlID":"774","BusCityName":"서울"},{"BusNo":"130","Type":"11","BlID":"865","BusCityName":"서울"},{"BusNo":"140","Type":"11","BlID":"868","BusCityName":"서울"},{"BusNo":"141","Type":"11","BlID":"869","BusCityName":"서울"},{"BusNo":"148","Type":"11","BlID":"870","BusCityName":"서울"},{"BusNo":"142","Type":"11","BlID":"871","BusCityName":"서울"},{"BusNo":"150","Type":"11","BlID":"878","BusCityName":"서울"},{"BusNo":"710","Type":"11","BlID":"895","BusCityName":"서울"},{"BusNo":"153","Type":"11","BlID":"906","BusCityName":"서울"},{"BusNo":"160","Type":"11","BlID":"1449","BusCityName":"서울"},{"BusNo":"120","Type":"11","BlID":"1500","BusCityName":"서울"},{"BusNo":"108(TS아파트)","Type":"11","BlID":"1736","BusCityName":"서울"},{"BusNo":"1165","Type":"12","BlID":"803","BusCityName":"서울"},{"BusNo":"1218","Type":"12","BlID":"1410","BusCityName":"서울"},{"BusNo":"1128","Type":"12","BlID":"1415","BusCityName":"서울"}]},{"StopName":"수유역.강북구청","StopID":"152333","Bus": [{"BusNo":"강북09","Type":"3","BlID":"1559","BusCityName":"서울"},{"BusNo":"강북11","Type":"3","BlID":"1565","BusCityName":"서울"}]},{"StopName":"수유역","StopID":"195620","Bus": [{"BusNo":"강북02","Type":"3","BlID":"1538","BusCityName":"서울"},{"BusNo":"강북03","Type":"3","BlID":"1544","BusCityName":"서울"}]}]},{"GateNo":"4","GateLink": ["미아방면","수유시외버스정류장","강북구선거관리위원회","국민연금 성북강북지사","성신여자대학교미아캠퍼스"]},{"GateNo":"5","GateLink": ["수유3동주민센터","강북노인종합복지관","외환은행 수유역"],"BUSSTOP": [{"StopName":"수유역","StopID":"106077","Bus": [{"BusNo":"36","Type":"1","BlID":"9031","BusCityName":"의정부"},{"BusNo":"133","Type":"1","BlID":"9035","BusCityName":"의정부"},{"BusNo":"10-1","Type":"1","BlID":"9042","BusCityName":"의정부"},{"BusNo":"36(심야)","Type":"1","BlID":"9055","BusCityName":"의정부"},{"BusNo":"118","Type":"1","BlID":"17047","BusCityName":"양주"},{"BusNo":"72","Type":"1","BlID":"17503","BusCityName":"포천"},{"BusNo":"N15","Type":"11","BlID":"558","BusCityName":"서울"},{"BusNo":"N16","Type":"11","BlID":"572","BusCityName":"서울"},{"BusNo":"101","Type":"11","BlID":"755","BusCityName":"서울"},{"BusNo":"106","Type":"11","BlID":"773","BusCityName":"서울"},{"BusNo":"107","Type":"11","BlID":"774","BusCityName":"서울"},{"BusNo":"130","Type":"11","BlID":"865","BusCityName":"서울"},{"BusNo":"140","Type":"11","BlID":"868","BusCityName":"서울"},{"BusNo":"141","Type":"11","BlID":"869","BusCityName":"서울"},{"BusNo":"148","Type":"11","BlID":"870","BusCityName":"서울"},{"BusNo":"142","Type":"11","BlID":"871","BusCityName":"서울"},{"BusNo":"150","Type":"11","BlID":"878","BusCityName":"서울"},{"BusNo":"153","Type":"11","BlID":"906","BusCityName":"서울"},{"BusNo":"160","Type":"11","BlID":"1449","BusCityName":"서울"},{"BusNo":"120","Type":"11","BlID":"1500","BusCityName":"서울"},{"BusNo":"108(TS아파트)","Type":"11","BlID":"1736","BusCityName":"서울"},{"BusNo":"1165","Type":"12","BlID":"803","BusCityName":"서울"},{"BusNo":"1138","Type":"12","BlID":"821","BusCityName":"서울"},{"BusNo":"1218","Type":"12","BlID":"1410","BusCityName":"서울"},{"BusNo":"3005","Type":"22","BlID":"10496","BusCityName":"광주"},{"BusNo":"3003","Type":"22","BlID":"10669","BusCityName":"광주"}]}]},{"GateNo":"6","GateLink": ["덕성여자대학교방면","수유중앙시장","화계사"],"BUSSTOP": [{"StopName":"수유역","StopID":"195859","Bus": [{"BusNo":"도봉02","Type":"3","BlID":"1608","BusCityName":"서울"},{"BusNo":"도봉03","Type":"3","BlID":"1609","BusCityName":"서울"},{"BusNo":"도봉04","Type":"3","BlID":"1611","BusCityName":"서울"}]},{"StopName":"수유역.강북구청","StopID":"206232","Bus": [{"BusNo":"1119","Type":"12","BlID":"801","BusCityName":"서울"}]}]},{"GateNo":"7","GateLink": ["수유동","수유중앙시장"]},{"GateNo":"8","GateLink": ["서울신용보증재단강북출장소","강북구청사거리","수유3동우체국","법무부서울북부보호관찰소","신용보증기금강북지점","강북종합시장(구 쌍문시장)"],"BUSSTOP": [{"StopName":"수유역.강북구청","StopID":"106113","Bus": [{"BusNo":"1218","Type":"12","BlID":"1410","BusCityName":"서울"},{"BusNo":"1127","Type":"12","BlID":"1414","BusCityName":"서울"},{"BusNo":"1128","Type":"12","BlID":"1415","BusCityName":"서울"}]}]}]}}}