{"result": {"stationName":"미아","stationID":415,"type":4,"laneName":"수도권 4호선","laneCity":"수도권","x":127.0261537,"y":37.6263994,"prevOBJ": {"station": [{"stationName":"수유(강북구청)","stationID":414,"type":4,"laneName":"수도권 4호선","laneCity":"수도권","x":127.02564,"y":37.6379915}]},"nextOBJ": {"station": [{"stationName":"미아사거리","stationID":416,"type":4,"laneName":"수도권 4호선","laneCity":"수도권","x":127.0301079,"y":37.6132588}]},"defaultInfo": {"address":"서울특별시 강북구 미아동 194-1","new_address":"서울특별시 강북구 도봉로 198","tel":"02-6110-4151"},"useInfo": {"platform":2,"meetingPlace":1,"restroom":2,"offDoor":1,"crossOver":1,"publicPlace":0,"handicapCount":1,"parkingCount":0,"bicycleCount":1,"civilCount":1},"exitInfo": {"gate": [{"GateNo":"1","GateLink": ["수유방면","성신여자대학교 미아캠퍼스","현대아파트우체국"]},{"GateNo":"2","GateLink": ["신일중.고등학교 서울사이버대학교","미아동주민센터","동화치안센터"]},{"GateNo":"3","GateLink": ["미아동","강북구청 교통지도과"]},{"GateNo":"4","GateLink": ["서울화계초등학교","상북우체국","국민건강보험공단강북지사","서울애화학교","성북교육청","한국방송통신대학교 북부학습센터"],"BUSSTOP": [{"StopName":"미아역.신일중고","StopID":"106211","Bus": [{"BusNo":"6101","Type":"5","BlID":"1781","BusCityName":"서울"},{"BusNo":"N15","Type":"11","BlID":"558","BusCityName":"서울"},{"BusNo":"N16","Type":"11","BlID":"572","BusCityName":"서울"},{"BusNo":"101","Type":"11","BlID":"755","BusCityName":"서울"},{"BusNo":"102","Type":"11","BlID":"767","BusCityName":"서울"},{"BusNo":"106","Type":"11","BlID":"773","BusCityName":"서울"},{"BusNo":"107","Type":"11","BlID":"774","BusCityName":"서울"},{"BusNo":"130","Type":"11","BlID":"865","BusCityName":"서울"},{"BusNo":"140","Type":"11","BlID":"868","BusCityName":"서울"},{"BusNo":"141","Type":"11","BlID":"869","BusCityName":"서울"},{"BusNo":"148","Type":"11","BlID":"870","BusCityName":"서울"},{"BusNo":"142","Type":"11","BlID":"871","BusCityName":"서울"},{"BusNo":"150","Type":"11","BlID":"878","BusCityName":"서울"},{"BusNo":"151","Type":"11","BlID":"879","BusCityName":"서울"},{"BusNo":"710","Type":"11","BlID":"895","BusCityName":"서울"},{"BusNo":"153","Type":"11","BlID":"906","BusCityName":"서울"},{"BusNo":"160","Type":"11","BlID":"1449","BusCityName":"서울"},{"BusNo":"120","Type":"11","BlID":"1500","BusCityName":"서울"},{"BusNo":"108(TS아파트)","Type":"11","BlID":"1736","BusCityName":"서울"},{"BusNo":"1144","Type":"12","BlID":"827","BusCityName":"서울"}]}]},{"GateNo":"5","GateLink": ["도봉세무서","성암여중.정보산업고교","성북시장","아름다운가게"],"BUSSTOP": [{"StopName":"미아역6번출구","StopID":"106146","Bus": [{"BusNo":"강북10-1","Type":"3","BlID":"583","BusCityName":"서울"},{"BusNo":"강북10","Type":"3","BlID":"1561","BusCityName":"서울"}]},{"StopName":"미아역.신일중고","StopID":"106208","Bus": [{"BusNo":"6101","Type":"5","BlID":"1781","BusCityName":"서울"},{"BusNo":"N15","Type":"11","BlID":"558","BusCityName":"서울"},{"BusNo":"N16","Type":"11","BlID":"572","BusCityName":"서울"},{"BusNo":"101","Type":"11","BlID":"755","BusCityName":"서울"},{"BusNo":"102","Type":"11","BlID":"767","BusCityName":"서울"},{"BusNo":"106","Type":"11","BlID":"773","BusCityName":"서울"},{"BusNo":"107","Type":"11","BlID":"774","BusCityName":"서울"},{"BusNo":"130","Type":"11","BlID":"865","BusCityName":"서울"},{"BusNo":"140","Type":"11","BlID":"868","BusCityName":"서울"},{"BusNo":"141","Type":"11","BlID":"869","BusCityName":"서울"},{"BusNo":"148","Type":"11","BlID":"870","BusCityName":"서울"},{"BusNo":"142","Type":"11","BlID":"871","BusCityName":"서울"},{"BusNo":"150","Type":"11","BlID":"878","BusCityName":"서울"},{"BusNo":"151","Type":"11","BlID":"879","BusCityName":"서울"},{"BusNo":"710","Type":"11","BlID":"895","BusCityName":"서울"},{"BusNo":"153","Type":"11","BlID":"906","BusCityName":"서울"},{"BusNo":"160","Type":"11","BlID":"1449","BusCityName":"서울"},{"BusNo":"120","Type":"11","BlID":"1500","BusCityName":"서울"},{"BusNo":"108(TS아파트)","Type":"11","BlID":"1736","BusCityName":"서울"},{"BusNo":"1144","Type":"12","BlID":"827","BusCityName":"서울"}]}]},{"GateNo":"6","GateLink": ["미아동"]},{"GateNo":"7","GateLink": ["미아동","구세군강북종합사회복지관"]},{"GateNo":"8","GateLink": ["수유시장","수유초등학교","강북여성인력개발센터"],"BUSSTOP": [{"StopName":"미아역신일중고","StopID":"106134","Bus": [{"BusNo":"1144","Type":"12","BlID":"827","BusCityName":"서울"}]}]}]}}}