{"result": {"stationName":"미아사거리","stationID":416,"type":4,"laneName":"수도권 4호선","laneCity":"수도권","x":127.0301079,"y":37.6132588,"prevOBJ": {"station": [{"stationName":"미아","stationID":415,"type":4,"laneName":"수도권 4호선","laneCity":"수도권","x":127.0261537,"y":37.6263994}]},"nextOBJ": {"station": [{"stationName":"길음","stationID":417,"type":4,"laneName":"수도권 4호선","laneCity":"수도권","x":127.0249269,"y":37.6031966}]},"defaultInfo": {"address":"서울특별시 강북구 미아동 66-1","new_address":"서울특별시 강북구 도봉로 50","tel":"02-6110-4161"},"useInfo": {"platform":2,"meetingPlace":1,"restroom":2,"offDoor":1,"crossOver":1,"publicPlace":0,"handicapCount":1,"parkingCount":0,"bicycleCount":1,"civilCount":1},"exitInfo": {"gate": [{"GateNo":"1","GateLink": ["송중동 주민센터","솔샘지구대","송중초등학교","성바오로딸수도회"],"BUSSTOP": [{"StopName":"미아사거리역.롯데백화점","StopID":"124210","Bus": [{"BusNo":"강북08","Type":"3","BlID":"1558","BusCityName":"서울"},{"BusNo":"강북09","Type":"3","BlID":"1559","BusCityName":"서울"},{"BusNo":"강북11","Type":"3","BlID":"1565","BusCityName":"서울"},{"BusNo":"강북12","Type":"3","BlID":"1569","BusCityName":"서울"}]}]},{"GateNo":"2","GateLink": ["송중동주민센터","창문여중고교","방천시장","월곡종합사회복지관 성북외국인근로자센터"],"BUSSTOP": [{"StopName":"미아사거리전철역","StopID":"123925","Bus": [{"BusNo":"강북05","Type":"3","BlID":"1555","BusCityName":"서울"},{"BusNo":"강북06","Type":"3","BlID":"1556","BusCityName":"서울"},{"BusNo":"성북10","Type":"3","BlID":"1593","BusCityName":"서울"}]},{"StopName":"미아사거리","StopID":"124012","Bus": [{"BusNo":"120","Type":"11","BlID":"1500","BusCityName":"서울"},{"BusNo":"1124","Type":"12","BlID":"807","BusCityName":"서울"}]}]},{"GateNo":"3","GateLink": ["서울북공업고교","하월곡시장","외환은행미아동지점"],"BUSSTOP": [{"StopName":"미아사거리역","StopID":"111470","Bus": [{"BusNo":"6101","Type":"5","BlID":"1781","BusCityName":"서울"},{"BusNo":"N15","Type":"11","BlID":"558","BusCityName":"서울"},{"BusNo":"N16","Type":"11","BlID":"572","BusCityName":"서울"},{"BusNo":"101","Type":"11","BlID":"755","BusCityName":"서울"},{"BusNo":"102","Type":"11","BlID":"767","BusCityName":"서울"},{"BusNo":"106","Type":"11","BlID":"773","BusCityName":"서울"},{"BusNo":"107","Type":"11","BlID":"774","BusCityName":"서울"},{"BusNo":"130","Type":"11","BlID":"865","BusCityName":"서울"},{"BusNo":"140","Type":"11","BlID":"868","BusCityName":"서울"},{"BusNo":"141","Type":"11","BlID":"869","BusCityName":"서울"},{"BusNo":"148","Type":"11","BlID":"870","BusCityName":"서울"},{"BusNo":"142","Type":"11","BlID":"871","BusCityName":"서울"},{"BusNo":"144","Type":"11","BlID":"873","BusCityName":"서울"},{"BusNo":"150","Type":"11","BlID":"878","BusCityName":"서울"},{"BusNo":"151","Type":"11","BlID":"879","BusCityName":"서울"},{"BusNo":"710","Type":"11","BlID":"895","BusCityName":"서울"},{"BusNo":"153","Type":"11","BlID":"906","BusCityName":"서울"},{"BusNo":"160","Type":"11","BlID":"1449","BusCityName":"서울"},{"BusNo":"120","Type":"11","BlID":"1500","BusCityName":"서울"},{"BusNo":"108(TS아파트)","Type":"11","BlID":"1736","BusCityName":"서울"},{"BusNo":"1165","Type":"12","BlID":"803","BusCityName":"서울"},{"BusNo":"1128","Type":"12","BlID":"1415","BusCityName":"서울"},{"BusNo":"8111(맞춤버스)","Type":"12","BlID":"1749","BusCityName":"서울"}]},{"StopName":"현대백화점.E마트.빅토리아호텔","StopID":"124181","Bus": [{"BusNo":"강북09","Type":"3","BlID":"1559","BusCityName":"서울"},{"BusNo":"강북11","Type":"3","BlID":"1565","BusCityName":"서울"}]},{"StopName":"미아사거리역","StopID":"174864","Bus": [{"BusNo":"1124","Type":"12","BlID":"807","BusCityName":"서울"},{"BusNo":"1137","Type":"12","BlID":"820","BusCityName":"서울"}]}]},{"GateNo":"4","GateLink": ["길음2동","숭인치안센터","현대백화점 미아점","풀잎문화센터 미아리지부"],"BUSSTOP": [{"StopName":"미아사거리전철역","StopID":"124525","Bus": [{"BusNo":"성북09","Type":"3","BlID":"1590","BusCityName":"서울"}]}]},{"GateNo":"5","GateLink": ["송천동","영훈초등학교","숭인시장","기업은행"]},{"GateNo":"6","GateLink": ["도봉세무서","도봉119안전센터","서울 송천동우체국","영훈초.영훈국제중.영훈고등학교"],"BUSSTOP": [{"StopName":"미아사거리역","StopID":"111469","Bus": [{"BusNo":"6101","Type":"5","BlID":"1781","BusCityName":"서울"},{"BusNo":"N15","Type":"11","BlID":"558","BusCityName":"서울"},{"BusNo":"N16","Type":"11","BlID":"572","BusCityName":"서울"},{"BusNo":"101","Type":"11","BlID":"755","BusCityName":"서울"},{"BusNo":"102","Type":"11","BlID":"767","BusCityName":"서울"},{"BusNo":"106","Type":"11","BlID":"773","BusCityName":"서울"},{"BusNo":"107","Type":"11","BlID":"774","BusCityName":"서울"},{"BusNo":"130","Type":"11","BlID":"865","BusCityName":"서울"},{"BusNo":"140","Type":"11","BlID":"868","BusCityName":"서울"},{"BusNo":"141","Type":"11","BlID":"869","BusCityName":"서울"},{"BusNo":"148","Type":"11","BlID":"870","BusCityName":"서울"},{"BusNo":"142","Type":"11","BlID":"871","BusCityName":"서울"},{"BusNo":"144","Type":"11","BlID":"873","BusCityName":"서울"},{"BusNo":"150","Type":"11","BlID":"878","BusCityName":"서울"},{"BusNo":"151","Type":"11","BlID":"879","BusCityName":"서울"},{"BusNo":"710","Type":"11","BlID":"895","BusCityName":"서울"},{"BusNo":"153","Type":"11","BlID":"906","BusCityName":"서울"},{"BusNo":"160","Type":"11","BlID":"1449","BusCityName":"서울"},{"BusNo":"108(TS아파트)","Type":"11","BlID":"1736","BusCityName":"서울"},{"BusNo":"1165","Type":"12","BlID":"803","BusCityName":"서울"},{"BusNo":"8111(맞춤버스)","Type":"12","BlID":"1749","BusCityName":"서울"}]},{"StopName":"미아사거리역","StopID":"124060","Bus": [{"BusNo":"강북08","Type":"3","BlID":"1558","BusCityName":"서울"},{"BusNo":"강북12","Type":"3","BlID":"1569","BusCityName":"서울"}]}]}]}}}