{"result": {"stationName":"길음","stationID":417,"type":4,"laneName":"수도권 4호선","laneCity":"수도권","x":127.0249269,"y":37.6031966,"prevOBJ": {"station": [{"stationName":"미아사거리","stationID":416,"type":4,"laneName":"수도권 4호선","laneCity":"수도권","x":127.0301079,"y":37.6132588}]},"nextOBJ": {"station": [{"stationName":"성신여대입구","stationID":418,"type":4,"laneName":"수도권 4호선","laneCity":"수도권","x":127.0165593,"y":37.5927293}]},"defaultInfo": {"address":"서울특별시 성북구 길음동 877-66","new_address":"서울특별시 성북구 동소문로 248","tel":"02-6110-4171"},"useInfo": {"platform":1,"meetingPlace":1,"restroom":2,"offDoor":0,"crossOver":2,"publicPlace":0,"handicapCount":1,"parkingCount":1,"bicycleCount":1,"civilCount":0},"exitInfo": {"gate": [{"GateNo":"1","GateLink": ["삼부아파트","종암삼성래미안아파트"]},{"GateNo":"2","GateLink": ["종암경찰서","성북소방서","삼성아파트","돈암현대아파트","돈암동부센트레빌아파트","서울개운초등학교"],"BUSSTOP": [{"StopName":"돈암동삼성아파트입구","StopID":"106098","Bus": [{"BusNo":"6101","Type":"5","BlID":"1781","BusCityName":"서울"},{"BusNo":"104","Type":"11","BlID":"771","BusCityName":"서울"},{"BusNo":"110A","Type":"11","BlID":"789","BusCityName":"서울"},{"BusNo":"152","Type":"11","BlID":"884","BusCityName":"서울"},{"BusNo":"153","Type":"11","BlID":"906","BusCityName":"서울"},{"BusNo":"109","Type":"11","BlID":"1403","BusCityName":"서울"},{"BusNo":"1213","Type":"12","BlID":"849","BusCityName":"서울"},{"BusNo":"7211","Type":"12","BlID":"1271","BusCityName":"서울"}]}]},{"GateNo":"3","GateLink": ["정릉길","서경대학교방면","국민대학교방면","고려대학교 보건과학대학방면","길음119안전센터","우성아파트","삼부아파트","대일외국어고등학교"],"BUSSTOP": [{"StopName":"길음역","StopID":"106080","Bus": [{"BusNo":"1114","Type":"12","BlID":"796","BusCityName":"서울"},{"BusNo":"1164","Type":"12","BlID":"1465","BusCityName":"서울"}]},{"StopName":"길음역","StopID":"193393","Bus": [{"BusNo":"6101","Type":"5","BlID":"1781","BusCityName":"서울"},{"BusNo":"110B","Type":"11","BlID":"790","BusCityName":"서울"},{"BusNo":"143","Type":"11","BlID":"872","BusCityName":"서울"},{"BusNo":"171","Type":"11","BlID":"907","BusCityName":"서울"},{"BusNo":"1213","Type":"12","BlID":"849","BusCityName":"서울"},{"BusNo":"7211","Type":"12","BlID":"1271","BusCityName":"서울"}]}]},{"GateNo":"4","GateLink": ["길음시장","삼부아파트"]},{"GateNo":"5","GateLink": ["길음1치안센터"]},{"GateNo":"6","GateLink": ["길음1치안센터"],"BUSSTOP": [{"StopName":"길음시장","StopID":"106011","Bus": [{"BusNo":"1113","Type":"12","BlID":"795","BusCityName":"서울"},{"BusNo":"1114","Type":"12","BlID":"796","BusCityName":"서울"},{"BusNo":"1164","Type":"12","BlID":"1465","BusCityName":"서울"}]},{"StopName":"길음뉴타운","StopID":"111471","Bus": [{"BusNo":"6011","Type":"5","BlID":"1787","BusCityName":"서울"},{"BusNo":"N15","Type":"11","BlID":"558","BusCityName":"서울"},{"BusNo":"N16","Type":"11","BlID":"572","BusCityName":"서울"},{"BusNo":"103","Type":"11","BlID":"763","BusCityName":"서울"},{"BusNo":"102","Type":"11","BlID":"767","BusCityName":"서울"},{"BusNo":"100","Type":"11","BlID":"770","BusCityName":"서울"},{"BusNo":"104","Type":"11","BlID":"771","BusCityName":"서울"},{"BusNo":"106","Type":"11","BlID":"773","BusCityName":"서울"},{"BusNo":"107","Type":"11","BlID":"774","BusCityName":"서울"},{"BusNo":"140","Type":"11","BlID":"868","BusCityName":"서울"},{"BusNo":"142","Type":"11","BlID":"871","BusCityName":"서울"},{"BusNo":"150","Type":"11","BlID":"878","BusCityName":"서울"},{"BusNo":"151","Type":"11","BlID":"879","BusCityName":"서울"},{"BusNo":"152","Type":"11","BlID":"884","BusCityName":"서울"},{"BusNo":"710","Type":"11","BlID":"895","BusCityName":"서울"},{"BusNo":"153","Type":"11","BlID":"906","BusCityName":"서울"},{"BusNo":"172","Type":"11","BlID":"909","BusCityName":"서울"},{"BusNo":"109","Type":"11","BlID":"1403","BusCityName":"서울"},{"BusNo":"160","Type":"11","BlID":"1449","BusCityName":"서울"},{"BusNo":"108(TS아파트)","Type":"11","BlID":"1736","BusCityName":"서울"}]},{"StopName":"길음뉴타운","StopID":"206215","Bus": [{"BusNo":"6011","Type":"5","BlID":"1787","BusCityName":"서울"},{"BusNo":"N15","Type":"11","BlID":"558","BusCityName":"서울"},{"BusNo":"N16","Type":"11","BlID":"572","BusCityName":"서울"},{"BusNo":"103","Type":"11","BlID":"763","BusCityName":"서울"},{"BusNo":"102","Type":"11","BlID":"767","BusCityName":"서울"},{"BusNo":"100","Type":"11","BlID":"770","BusCityName":"서울"},{"BusNo":"106","Type":"11","BlID":"773","BusCityName":"서울"},{"BusNo":"107","Type":"11","BlID":"774","BusCityName":"서울"},{"BusNo":"140","Type":"11","BlID":"868","BusCityName":"서울"},{"BusNo":"142","Type":"11","BlID":"871","BusCityName":"서울"},{"BusNo":"143","Type":"11","BlID":"872","BusCityName":"서울"},{"BusNo":"150","Type":"11","BlID":"878","BusCityName":"서울"},{"BusNo":"151","Type":"11","BlID":"879","BusCityName":"서울"},{"BusNo":"710","Type":"11","BlID":"895","BusCityName":"서울"},{"BusNo":"171","Type":"11","BlID":"907","BusCityName":"서울"},{"BusNo":"172","Type":"11","BlID":"909","BusCityName":"서울"},{"BusNo":"160","Type":"11","BlID":"1449","BusCityName":"서울"},{"BusNo":"108(TS아파트)","Type":"11","BlID":"1736","BusCityName":"서울"}]}]},{"GateNo":"7","GateLink": ["외환은행 길음뉴타운","길음시장","래미안 길음 1.2.3차 아파트","길음1동 주민센터"],"BUSSTOP": [{"StopName":"길음전철역","StopID":"106101","Bus": [{"BusNo":"성북09","Type":"3","BlID":"1590","BusCityName":"서울"}]},{"StopName":"길음전철역","StopID":"124465","Bus": [{"BusNo":"성북08","Type":"3","BlID":"1588","BusCityName":"서울"}]}]},{"GateNo":"8","GateLink": ["길음종합사회복지관","길음동부센트레빌아파트"]},{"GateNo":"9","GateLink": ["길음2동 주민센터","현대백화점 미아점"],"BUSSTOP": [{"StopName":"길음역","StopID":"177893","Bus": [{"BusNo":"121","Type":"11","BlID":"851","BusCityName":"서울"},{"BusNo":"1113","Type":"12","BlID":"795","BusCityName":"서울"}]}]},{"GateNo":"10","GateLink": ["돈압1동주민센터","길음환승주차장","미아시장","성북우체국","범양아파트"],"BUSSTOP": [{"StopName":"길음역","StopID":"106195","Bus": [{"BusNo":"121","Type":"11","BlID":"851","BusCityName":"서울"},{"BusNo":"1115","Type":"12","BlID":"523","BusCityName":"서울"},{"BusNo":"1113","Type":"12","BlID":"795","BusCityName":"서울"},{"BusNo":"1164","Type":"12","BlID":"1465","BusCityName":"서울"}]},{"StopName":"길음역","StopID":"152502","Bus": [{"BusNo":"성북21","Type":"3","BlID":"1760","BusCityName":"서울"}]}]}]}}}