{"result": {"stationName":"성신여대입구","stationID":418,"type":4,"laneName":"수도권 4호선","laneCity":"수도권","x":127.0165593,"y":37.5927293,"prevOBJ": {"station": [{"stationName":"길음","stationID":417,"type":4,"laneName":"수도권 4호선","laneCity":"수도권","x":127.0249269,"y":37.6031966}]},"nextOBJ": {"station": [{"stationName":"한성대입구","stationID":419,"type":4,"laneName":"수도권 4호선","laneCity":"수도권","x":127.0059276,"y":37.5883784}]},"defaultInfo": {"address":"서울특별시 성북구 동선동4가 1","new_address":"서울특별시 성북구 동소문로 102","tel":"02-6110-4181"},"useInfo": {"platform":2,"meetingPlace":0,"restroom":2,"offDoor":1,"crossOver":2,"publicPlace":0,"handicapCount":1,"parkingCount":0,"bicycleCount":1,"civilCount":1},"exitInfo": {"gate": [{"GateNo":"1","GateLink": ["동선동3가","미아리고개","성신여대","성신여중.고교","동선동주민센터","성신초등학교","돈암헌혈의집"]},{"GateNo":"2","GateLink": ["동선동1가","성북경찰서","성북구청","돈암 소방파출소","돈암우체국","돈암지구대"],"BUSSTOP": [{"StopName":"돈암시장입구","StopID":"105744","Bus": [{"BusNo":"1014","Type":"12","BlID":"762","BusCityName":"서울"}]}]},{"GateNo":"3","GateLink": ["돈암 119안전센터","돈암시장","삼선동주민센터"],"BUSSTOP": [{"StopName":"돈암시장입구","StopID":"105742","Bus": [{"BusNo":"성북22","Type":"3","BlID":"520","BusCityName":"서울"},{"BusNo":"성북04","Type":"3","BlID":"1575","BusCityName":"서울"},{"BusNo":"성북20","Type":"3","BlID":"1622","BusCityName":"서울"},{"BusNo":"1014","Type":"12","BlID":"762","BusCityName":"서울"},{"BusNo":"1162","Type":"12","BlID":"1464","BusCityName":"서울"}]},{"StopName":"4호선성신여대역","StopID":"124297","Bus": [{"BusNo":"성북04","Type":"3","BlID":"1575","BusCityName":"서울"}]}]},{"GateNo":"4","GateLink": ["동소문동6사","돈암초등학교","동소문한신.한진아파트","한신휴플러스아파트","송산아파트"]},{"GateNo":"5","GateLink": ["정덕초등학교","우촌초등학교","기업은행"],"BUSSTOP": [{"StopName":"성신여대입구","StopID":"105727","Bus": [{"BusNo":"162","Type":"11","BlID":"1437","BusCityName":"서울"},{"BusNo":"2115","Type":"12","BlID":"578","BusCityName":"서울"},{"BusNo":"1014","Type":"12","BlID":"762","BusCityName":"서울"},{"BusNo":"1162","Type":"12","BlID":"1464","BusCityName":"서울"}]},{"StopName":"성신여대입구역","StopID":"152739","Bus": [{"BusNo":"성북22","Type":"3","BlID":"520","BusCityName":"서울"},{"BusNo":"성북20","Type":"3","BlID":"1622","BusCityName":"서울"}]}]},{"GateNo":"6","GateLink": ["아리랑 정보도서관","동선동5가","흥천사(구 신흥사)","아리랑고개","성빈센트청소년열림터","일신건영 휴먼빌아파트"],"BUSSTOP": [{"StopName":"성신여대입구","StopID":"105733","Bus": [{"BusNo":"162","Type":"11","BlID":"1437","BusCityName":"서울"},{"BusNo":"2115","Type":"12","BlID":"578","BusCityName":"서울"},{"BusNo":"1014","Type":"12","BlID":"762","BusCityName":"서울"},{"BusNo":"1162","Type":"12","BlID":"1464","BusCityName":"서울"}]}]},{"GateNo":"7","GateLink": ["동선동4가","미아리고개","고명중.정보산업고교","성북시각장애인복지관","브라운스톤돈암아파트","매원초등학교","아리랑아트홀"],"BUSSTOP": [{"StopName":"돈암사거리.성신여대입구","StopID":"105791","Bus": [{"BusNo":"6011","Type":"5","BlID":"1787","BusCityName":"서울"},{"BusNo":"N15","Type":"11","BlID":"558","BusCityName":"서울"},{"BusNo":"N16","Type":"11","BlID":"572","BusCityName":"서울"},{"BusNo":"103","Type":"11","BlID":"763","BusCityName":"서울"},{"BusNo":"102","Type":"11","BlID":"767","BusCityName":"서울"},{"BusNo":"100","Type":"11","BlID":"770","BusCityName":"서울"},{"BusNo":"104","Type":"11","BlID":"771","BusCityName":"서울"},{"BusNo":"106","Type":"11","BlID":"773","BusCityName":"서울"},{"BusNo":"107","Type":"11","BlID":"774","BusCityName":"서울"},{"BusNo":"140","Type":"11","BlID":"868","BusCityName":"서울"},{"BusNo":"142","Type":"11","BlID":"871","BusCityName":"서울"},{"BusNo":"143","Type":"11","BlID":"872","BusCityName":"서울"},{"BusNo":"150","Type":"11","BlID":"878","BusCityName":"서울"},{"BusNo":"151","Type":"11","BlID":"879","BusCityName":"서울"},{"BusNo":"152","Type":"11","BlID":"884","BusCityName":"서울"},{"BusNo":"710","Type":"11","BlID":"895","BusCityName":"서울"},{"BusNo":"171","Type":"11","BlID":"907","BusCityName":"서울"},{"BusNo":"172","Type":"11","BlID":"909","BusCityName":"서울"},{"BusNo":"109","Type":"11","BlID":"1403","BusCityName":"서울"},{"BusNo":"160","Type":"11","BlID":"1449","BusCityName":"서울"},{"BusNo":"108(TS아파트)","Type":"11","BlID":"1736","BusCityName":"서울"}]}]}]}}}