{"result": {"stationName":"한성대입구","stationID":419,"type":4,"laneName":"수도권 4호선","laneCity":"수도권","x":127.0059276,"y":37.5883784,"prevOBJ": {"station": [{"stationName":"성신여대입구","stationID":418,"type":4,"laneName":"수도권 4호선","laneCity":"수도권","x":127.0165593,"y":37.5927293}]},"nextOBJ": {"station": [{"stationName":"혜화","stationID":420,"type":4,"laneName":"수도권 4호선","laneCity":"수도권","x":127.0019125,"y":37.5820913}]},"defaultInfo": {"address":"서울특별시 성북구 삼선동1가 14","new_address":"서울특별시 성북구 삼선교로 1","tel":"02-6110-4191"},"useInfo": {"platform":1,"meetingPlace":0,"restroom":2,"offDoor":0,"crossOver":2,"publicPlace":0,"handicapCount":1,"parkingCount":0,"bicycleCount":1,"civilCount":0},"exitInfo": {"gate": [{"GateNo":"1","GateLink": ["돈암동방면","동소문동2.3가","한국외환은행 삼선교지점"],"BUSSTOP": [{"StopName":"삼선교역2번출구","StopID":"152702","Bus": [{"BusNo":"성북02","Type":"3","BlID":"1541","BusCityName":"서울"},{"BusNo":"성북03","Type":"3","BlID":"1570","BusCityName":"서울"}]}]},{"GateNo":"2","GateLink": ["한성대학교","삼선시장","성북세무서","한성여중.고교","경동고교"],"BUSSTOP": [{"StopName":"한성대전철역입구","StopID":"152703","Bus": [{"BusNo":"성북02","Type":"3","BlID":"1541","BusCityName":"서울"},{"BusNo":"성북03","Type":"3","BlID":"1570","BusCityName":"서울"}]}]},{"GateNo":"3","GateLink": ["삼선동1.3가","삼선치안센터","한성대학교"],"BUSSTOP": [{"StopName":"삼선교제1시장","StopID":"123761","Bus": [{"BusNo":"성북01","Type":"3","BlID":"1534","BusCityName":"서울"}]}]},{"GateNo":"4","GateLink": ["혜화방면","가톨릭대학교신학대학"]},{"GateNo":"5","GateLink": ["혜화문","성북동주민센터","성북1치안센터","경신중.고교","아름다운가계"],"BUSSTOP": [{"StopName":"삼선교.성북문화원","StopID":"105300","Bus": [{"BusNo":"2112","Type":"12","BlID":"955","BusCityName":"서울"}]},{"StopName":"지하철4호선한성대역","StopID":"123763","Bus": [{"BusNo":"성북01","Type":"3","BlID":"1534","BusCityName":"서울"},{"BusNo":"성북02","Type":"3","BlID":"1541","BusCityName":"서울"},{"BusNo":"성북03","Type":"3","BlID":"1570","BusCityName":"서울"}]}]},{"GateNo":"6","GateLink": ["동소문동","동구여상고교","홍익중.고교","한신.한진아파트","녹색연합","우촌초등학교"],"BUSSTOP": [{"StopName":"삼선교.성북문화원","StopID":"105309","Bus": [{"BusNo":"성북02","Type":"3","BlID":"1541","BusCityName":"서울"},{"BusNo":"성북03","Type":"3","BlID":"1570","BusCityName":"서울"},{"BusNo":"1111","Type":"12","BlID":"793","BusCityName":"서울"},{"BusNo":"2112","Type":"12","BlID":"955","BusCityName":"서울"}]},{"StopName":"삼선교.성북문화원","StopID":"123766","Bus": [{"BusNo":"성북01","Type":"3","BlID":"1534","BusCityName":"서울"}]},{"StopName":"삼선교.한성대입구역","StopID":"152700","Bus": [{"BusNo":"성북01","Type":"3","BlID":"1534","BusCityName":"서울"}]}]},{"GateNo":"7","GateLink": ["돈암동방면","삼선중학교","동소문동우체국","송산아파트"],"BUSSTOP": [{"StopName":"삼선교.한성대학교","StopID":"105394","Bus": [{"BusNo":"6011","Type":"5","BlID":"1787","BusCityName":"서울"},{"BusNo":"N16","Type":"11","BlID":"572","BusCityName":"서울"},{"BusNo":"102","Type":"11","BlID":"767","BusCityName":"서울"},{"BusNo":"100","Type":"11","BlID":"770","BusCityName":"서울"},{"BusNo":"104","Type":"11","BlID":"771","BusCityName":"서울"},{"BusNo":"106","Type":"11","BlID":"773","BusCityName":"서울"},{"BusNo":"107","Type":"11","BlID":"774","BusCityName":"서울"},{"BusNo":"140","Type":"11","BlID":"868","BusCityName":"서울"},{"BusNo":"143","Type":"11","BlID":"872","BusCityName":"서울"},{"BusNo":"150","Type":"11","BlID":"878","BusCityName":"서울"},{"BusNo":"151","Type":"11","BlID":"879","BusCityName":"서울"},{"BusNo":"710","Type":"11","BlID":"895","BusCityName":"서울"},{"BusNo":"171","Type":"11","BlID":"907","BusCityName":"서울"},{"BusNo":"172","Type":"11","BlID":"909","BusCityName":"서울"},{"BusNo":"273","Type":"11","BlID":"941","BusCityName":"서울"},{"BusNo":"272","Type":"11","BlID":"990","BusCityName":"서울"},{"BusNo":"109","Type":"11","BlID":"1403","BusCityName":"서울"},{"BusNo":"162","Type":"11","BlID":"1437","BusCityName":"서울"},{"BusNo":"160","Type":"11","BlID":"1449","BusCityName":"서울"},{"BusNo":"108(TS아파트)","Type":"11","BlID":"1736","BusCityName":"서울"},{"BusNo":"1111","Type":"12","BlID":"793","BusCityName":"서울"}]},{"StopName":"삼선교","StopID":"194277","Bus": [{"BusNo":"성북01","Type":"3","BlID":"1534","BusCityName":"서울"}]}]}]}}}