{"result": {"stationName":"혜화","stationID":420,"type":4,"laneName":"수도권 4호선","laneCity":"수도권","x":127.0019125,"y":37.5820913,"prevOBJ": {"station": [{"stationName":"한성대입구","stationID":419,"type":4,"laneName":"수도권 4호선","laneCity":"수도권","x":127.0059276,"y":37.5883784}]},"nextOBJ": {"station": [{"stationName":"동대문","stationID":421,"type":4,"laneName":"수도권 4호선","laneCity":"수도권","x":127.0092614,"y":37.5708991}]},"defaultInfo": {"address":"서울특별시 종로구 동숭동 67-2","new_address":"서울특별시 종로구 대학로 120","tel":"02-6110-4201"},"useInfo": {"platform":2,"meetingPlace":0,"restroom":2,"offDoor":1,"crossOver":1,"publicPlace":0,"handicapCount":1,"parkingCount":0,"bicycleCount":1,"civilCount":0},"exitInfo": {"gate": [{"GateNo":"1","GateLink": ["동숭동","혜화동방면","동성중.고교","가톨릭대학교 신학대학","흥사단","동덕여자대학교 공연예술센터","남서울대학교 갤러리 이앙","상명대학교 예술.디자인센터"],"BUSSTOP": [{"StopName":"혜화역.동성중고(장면총리가옥)","StopID":"105226","Bus": [{"BusNo":"N16","Type":"11","BlID":"572","BusCityName":"서울"},{"BusNo":"102","Type":"11","BlID":"767","BusCityName":"서울"},{"BusNo":"100","Type":"11","BlID":"770","BusCityName":"서울"},{"BusNo":"104","Type":"11","BlID":"771","BusCityName":"서울"},{"BusNo":"106","Type":"11","BlID":"773","BusCityName":"서울"},{"BusNo":"107","Type":"11","BlID":"774","BusCityName":"서울"},{"BusNo":"140","Type":"11","BlID":"868","BusCityName":"서울"},{"BusNo":"143","Type":"11","BlID":"872","BusCityName":"서울"},{"BusNo":"150","Type":"11","BlID":"878","BusCityName":"서울"},{"BusNo":"710","Type":"11","BlID":"895","BusCityName":"서울"},{"BusNo":"273","Type":"11","BlID":"941","BusCityName":"서울"},{"BusNo":"109","Type":"11","BlID":"1403","BusCityName":"서울"},{"BusNo":"162","Type":"11","BlID":"1437","BusCityName":"서울"},{"BusNo":"160","Type":"11","BlID":"1449","BusCityName":"서울"},{"BusNo":"108(TS아파트)","Type":"11","BlID":"1736","BusCityName":"서울"},{"BusNo":"2112","Type":"12","BlID":"955","BusCityName":"서울"}]},{"StopName":"혜화역1번출구","StopID":"105232","Bus": [{"BusNo":"종로08","Type":"3","BlID":"1696","BusCityName":"서울"},{"BusNo":"종로07","Type":"3","BlID":"1766","BusCityName":"서울"}]}]},{"GateNo":"2","GateLink": ["국립국제교육원","국제교육진흥원","동숭치안센터","마로니에","서울사대부속여중학교","한국문예진흥원","한국문화예술위원회","한국방송통신대"],"BUSSTOP": [{"StopName":"혜화역.마로니에공원","StopID":"105244","Bus": [{"BusNo":"N16","Type":"11","BlID":"572","BusCityName":"서울"},{"BusNo":"102","Type":"11","BlID":"767","BusCityName":"서울"},{"BusNo":"100","Type":"11","BlID":"770","BusCityName":"서울"},{"BusNo":"104","Type":"11","BlID":"771","BusCityName":"서울"},{"BusNo":"106","Type":"11","BlID":"773","BusCityName":"서울"},{"BusNo":"107","Type":"11","BlID":"774","BusCityName":"서울"},{"BusNo":"140","Type":"11","BlID":"868","BusCityName":"서울"},{"BusNo":"143","Type":"11","BlID":"872","BusCityName":"서울"},{"BusNo":"150","Type":"11","BlID":"878","BusCityName":"서울"},{"BusNo":"710","Type":"11","BlID":"895","BusCityName":"서울"},{"BusNo":"273","Type":"11","BlID":"941","BusCityName":"서울"},{"BusNo":"301","Type":"11","BlID":"1006","BusCityName":"서울"},{"BusNo":"109","Type":"11","BlID":"1403","BusCityName":"서울"},{"BusNo":"162","Type":"11","BlID":"1437","BusCityName":"서울"},{"BusNo":"160","Type":"11","BlID":"1449","BusCityName":"서울"},{"BusNo":"108(TS아파트)","Type":"11","BlID":"1736","BusCityName":"서울"},{"BusNo":"2112","Type":"12","BlID":"955","BusCityName":"서울"},{"BusNo":"90S투어","Type":"13","BlID":"546","BusCityName":"서울"},{"BusNo":"91S투어","Type":"13","BlID":"547","BusCityName":"서울"}]}]},{"GateNo":"3","GateLink": ["서울대학교병원","한국어항협회","연건 119안전센터","종로여성인력개발원","서울종합예술학교 스타시티극장"],"BUSSTOP": [{"StopName":"혜화역.서울대병원입구","StopID":"105230","Bus": [{"BusNo":"N16","Type":"11","BlID":"572","BusCityName":"서울"},{"BusNo":"273","Type":"11","BlID":"941","BusCityName":"서울"},{"BusNo":"109","Type":"11","BlID":"1403","BusCityName":"서울"},{"BusNo":"601","Type":"11","BlID":"1498","BusCityName":"서울"},{"BusNo":"2112","Type":"12","BlID":"955","BusCityName":"서울"}]}]},{"GateNo":"4","GateLink": ["혜화동주민센터","대학로지구대","혜화동우체국","혜화동로터리","성균관대학교","국립서울과학관","아남아파트","서울연극센터","짚풀 생활사 박물관","21세기 생명과학문화재단","장면가옥","창경국","한성대학교 디자인아트 평생교육원","서울종합예술학교 스타시티극장"],"BUSSTOP": [{"StopName":"혜화역.서울연극센터(장면총리가옥)","StopID":"105215","Bus": [{"BusNo":"N16","Type":"11","BlID":"572","BusCityName":"서울"},{"BusNo":"273","Type":"11","BlID":"941","BusCityName":"서울"},{"BusNo":"109","Type":"11","BlID":"1403","BusCityName":"서울"},{"BusNo":"601","Type":"11","BlID":"1498","BusCityName":"서울"},{"BusNo":"2112","Type":"12","BlID":"955","BusCityName":"서울"}]},{"StopName":"혜화역4번출구","StopID":"126033","Bus": [{"BusNo":"종로08","Type":"3","BlID":"1696","BusCityName":"서울"},{"BusNo":"종로12","Type":"3","BlID":"1700","BusCityName":"서울"},{"BusNo":"종로07","Type":"3","BlID":"1766","BusCityName":"서울"}]}]}]}}}