{"result": {"stationName":"동대문역사문화공원","stationID":422,"type":4,"laneName":"수도권 4호선","laneCity":"수도권","x":127.0077872,"y":37.5651111,"exOBJ": {"station": [{"stationName":"동대문역사문화공원","stationID":205,"type":2,"laneName":"수도권 2호선","laneCity":"수도권"},{"stationName":"동대문역사문화공원","stationID":536,"type":5,"laneName":"수도권 5호선","laneCity":"수도권"}]},"prevOBJ": {"station": [{"stationName":"동대문","stationID":421,"type":4,"laneName":"수도권 4호선","laneCity":"수도권","x":127.0092614,"y":37.5708991}]},"nextOBJ": {"station": [{"stationName":"충무로","stationID":423,"type":4,"laneName":"수도권 4호선","laneCity":"수도권","x":126.9941764,"y":37.5612567}]},"defaultInfo": {"address":"서울특별시 중구 광희동2가 9","new_address":"서울특별시 중구 장충단로 230","tel":"02-6110-4221"},"useInfo": {"platform":1,"meetingPlace":0,"restroom":1,"offDoor":0,"crossOver":2,"publicPlace":0,"handicapCount":1,"parkingCount":0,"bicycleCount":1,"civilCount":0},"exitInfo": {"gate": [{"GateNo":"1","GateLink": ["동대문역사문화공원","동대문(흥인지문)","남평화시장","서울시티투어 버스 타는곳","신.동평화시장","흥인시장","서울패션센터","청계천방면"],"BUSSTOP": [{"StopName":"동대문역사문화공원","StopID":"206064","Bus": [{"BusNo":"N13","Type":"11","BlID":"571","BusCityName":"서울"},{"BusNo":"N16","Type":"11","BlID":"572","BusCityName":"서울"},{"BusNo":"N30","Type":"11","BlID":"573","BusCityName":"서울"},{"BusNo":"N62","Type":"11","BlID":"576","BusCityName":"서울"},{"BusNo":"105","Type":"11","BlID":"772","BusCityName":"서울"},{"BusNo":"144","Type":"11","BlID":"873","BusCityName":"서울"},{"BusNo":"152","Type":"11","BlID":"884","BusCityName":"서울"},{"BusNo":"301","Type":"11","BlID":"1006","BusCityName":"서울"},{"BusNo":"420","Type":"11","BlID":"1054","BusCityName":"서울"},{"BusNo":"507","Type":"11","BlID":"1406","BusCityName":"서울"},{"BusNo":"261","Type":"11","BlID":"1438","BusCityName":"서울"},{"BusNo":"7212","Type":"12","BlID":"518","BusCityName":"서울"},{"BusNo":"2012","Type":"12","BlID":"943","BusCityName":"서울"},{"BusNo":"2015","Type":"12","BlID":"947","BusCityName":"서울"},{"BusNo":"2233","Type":"12","BlID":"978","BusCityName":"서울"},{"BusNo":"90S투어","Type":"13","BlID":"546","BusCityName":"서울"},{"BusNo":"9403","Type":"14","BlID":"1348","BusCityName":"서울"}]}]},{"GateNo":"2","GateLink": ["한양중.공업고등학교","성동글로벌경영고등학교","충무아트홀","광희초등학교"]},{"GateNo":"3","GateLink": ["광희문","중부소방서","신당1동주민센터"]},{"GateNo":"4","GateLink": ["장충동주민센터","광희동2가","광희문","장충체육관 방면"],"BUSSTOP": [{"StopName":"광희문.광희동사거리","StopID":"166701","Bus": [{"BusNo":"463","Type":"11","BlID":"987","BusCityName":"서울"},{"BusNo":"421","Type":"11","BlID":"1808","BusCityName":"서울"},{"BusNo":"05","Type":"13","BlID":"508","BusCityName":"서울"}]},{"StopName":"광희문.광희동사거리","StopID":"166764","Bus": [{"BusNo":"463","Type":"11","BlID":"987","BusCityName":"서울"},{"BusNo":"507","Type":"11","BlID":"1406","BusCityName":"서울"},{"BusNo":"421","Type":"11","BlID":"1808","BusCityName":"서울"}]}]},{"GateNo":"5","GateLink": ["장충단길","쌍림동방면","외환은행퇴계로"],"BUSSTOP": [{"StopName":"퇴계로6가","StopID":"105273","Bus": [{"BusNo":"6021","Type":"5","BlID":"596","BusCityName":"서울"},{"BusNo":"6001","Type":"5","BlID":"1801","BusCityName":"서울"},{"BusNo":"N16","Type":"11","BlID":"572","BusCityName":"서울"},{"BusNo":"100","Type":"11","BlID":"770","BusCityName":"서울"},{"BusNo":"105","Type":"11","BlID":"772","BusCityName":"서울"},{"BusNo":"463","Type":"11","BlID":"987","BusCityName":"서울"},{"BusNo":"507","Type":"11","BlID":"1406","BusCityName":"서울"},{"BusNo":"421","Type":"11","BlID":"1808","BusCityName":"서울"}]}]},{"GateNo":"6","GateLink": ["충무로5가동"]},{"GateNo":"7","GateLink": ["중부시장"]},{"GateNo":"8","GateLink": ["광희동1가","을지로6가우체국"],"BUSSTOP": [{"StopName":"광희동","StopID":"105343","Bus": [{"BusNo":"N13","Type":"11","BlID":"571","BusCityName":"서울"},{"BusNo":"N16","Type":"11","BlID":"572","BusCityName":"서울"},{"BusNo":"100","Type":"11","BlID":"770","BusCityName":"서울"},{"BusNo":"105","Type":"11","BlID":"772","BusCityName":"서울"},{"BusNo":"144","Type":"11","BlID":"873","BusCityName":"서울"},{"BusNo":"301","Type":"11","BlID":"1006","BusCityName":"서울"},{"BusNo":"420","Type":"11","BlID":"1054","BusCityName":"서울"},{"BusNo":"407","Type":"11","BlID":"1355","BusCityName":"서울"},{"BusNo":"7212","Type":"12","BlID":"518","BusCityName":"서울"}]}]},{"GateNo":"9","GateLink": ["광희동2가"],"BUSSTOP": [{"StopName":"광희동","StopID":"105358","Bus": [{"BusNo":"N13","Type":"11","BlID":"571","BusCityName":"서울"},{"BusNo":"N16","Type":"11","BlID":"572","BusCityName":"서울"},{"BusNo":"144","Type":"11","BlID":"873","BusCityName":"서울"},{"BusNo":"301","Type":"11","BlID":"1006","BusCityName":"서울"},{"BusNo":"420","Type":"11","BlID":"1054","BusCityName":"서울"},{"BusNo":"507","Type":"11","BlID":"1406","BusCityName":"서울"},{"BusNo":"7212","Type":"12","BlID":"518","BusCityName":"서울"}]}]},{"GateNo":"10","GateLink": ["신당동 방면"],"BUSSTOP": [{"StopName":"동대문역사문화공원","StopID":"105384","Bus": [{"BusNo":"N62","Type":"11","BlID":"576","BusCityName":"서울"},{"BusNo":"202","Type":"11","BlID":"775","BusCityName":"서울"},{"BusNo":"2014","Type":"12","BlID":"945","BusCityName":"서울"},{"BusNo":"2233","Type":"12","BlID":"978","BusCityName":"서울"}]}]},{"GateNo":"11","GateLink": ["광희동1가"]},{"GateNo":"12","GateLink": ["을지로6가우체국"],"BUSSTOP": [{"StopName":"을지로6가.국립중앙의료원","StopID":"105321","Bus": [{"BusNo":"N30","Type":"11","BlID":"573","BusCityName":"서울"},{"BusNo":"100","Type":"11","BlID":"770","BusCityName":"서울"},{"BusNo":"105","Type":"11","BlID":"772","BusCityName":"서울"},{"BusNo":"202","Type":"11","BlID":"775","BusCityName":"서울"},{"BusNo":"152","Type":"11","BlID":"884","BusCityName":"서울"},{"BusNo":"261","Type":"11","BlID":"1438","BusCityName":"서울"}]}]},{"GateNo":"13","GateLink": ["국립중앙의료원","중구구민회관"],"BUSSTOP": [{"StopName":"을지로6가.국립중앙의료원","StopID":"105323","Bus": [{"BusNo":"N30","Type":"11","BlID":"573","BusCityName":"서울"},{"BusNo":"202","Type":"11","BlID":"775","BusCityName":"서울"},{"BusNo":"407","Type":"11","BlID":"1355","BusCityName":"서울"},{"BusNo":"261","Type":"11","BlID":"1438","BusCityName":"서울"},{"BusNo":"2014","Type":"12","BlID":"945","BusCityName":"서울"}]}]},{"GateNo":"14","GateLink": ["관광안내소","청계천","동대문"],"BUSSTOP": [{"StopName":"동대문역사문화공원","StopID":"206214","Bus": [{"BusNo":"N13","Type":"11","BlID":"571","BusCityName":"서울"},{"BusNo":"N16","Type":"11","BlID":"572","BusCityName":"서울"},{"BusNo":"N30","Type":"11","BlID":"573","BusCityName":"서울"},{"BusNo":"N62","Type":"11","BlID":"576","BusCityName":"서울"},{"BusNo":"105","Type":"11","BlID":"772","BusCityName":"서울"},{"BusNo":"144","Type":"11","BlID":"873","BusCityName":"서울"},{"BusNo":"301","Type":"11","BlID":"1006","BusCityName":"서울"},{"BusNo":"420","Type":"11","BlID":"1054","BusCityName":"서울"},{"BusNo":"407","Type":"11","BlID":"1355","BusCityName":"서울"},{"BusNo":"261","Type":"11","BlID":"1438","BusCityName":"서울"},{"BusNo":"7212","Type":"12","BlID":"518","BusCityName":"서울"},{"BusNo":"2014","Type":"12","BlID":"945","BusCityName":"서울"},{"BusNo":"2233","Type":"12","BlID":"978","BusCityName":"서울"}]}]}]}}}