{"result": {"stationName":"명동","stationID":424,"type":4,"laneName":"수도권 4호선","laneCity":"수도권","x":126.9864835,"y":37.5609748,"prevOBJ": {"station": [{"stationName":"충무로","stationID":423,"type":4,"laneName":"수도권 4호선","laneCity":"수도권","x":126.9941764,"y":37.5612567}]},"nextOBJ": {"station": [{"stationName":"회현","stationID":425,"type":4,"laneName":"수도권 4호선","laneCity":"수도권","x":126.9782199,"y":37.5585519}]},"defaultInfo": {"address":"서울특별시 중구 충무로2가 109-2","new_address":"서울특별시 중구 퇴계로 126","tel":"02-6110-4241"},"useInfo": {"platform":1,"meetingPlace":0,"restroom":1,"offDoor":0,"crossOver":2,"publicPlace":0,"handicapCount":1,"parkingCount":0,"bicycleCount":0,"civilCount":0},"exitInfo": {"gate": [{"GateNo":"1","GateLink": ["숭의여자대학","서울시티투어 버스 타는곳","리라아트고등학교","리라초등학교","대한적십자사 KEPCO 경인건설처","교통방송","서울특별시 소방재난본부","서울종합방재센터","서울산업통신진흥원","서울애니메이션센터","서울특별시 자원봉사센터","서울유스호스텔","무학의집 서울","서울특별시 건강가정지원센터","사회복지법인 남산원","남산예술센터"],"BUSSTOP": [{"StopName":"명동입구","StopID":"104965","Bus": [{"BusNo":"6001","Type":"5","BlID":"1801","BusCityName":"서울"},{"BusNo":"N16","Type":"11","BlID":"572","BusCityName":"서울"},{"BusNo":"104","Type":"11","BlID":"771","BusCityName":"서울"},{"BusNo":"463","Type":"11","BlID":"987","BusCityName":"서울"},{"BusNo":"604","Type":"11","BlID":"1169","BusCityName":"서울"},{"BusNo":"507","Type":"11","BlID":"1406","BusCityName":"서울"},{"BusNo":"421","Type":"11","BlID":"1808","BusCityName":"서울"},{"BusNo":"7011","Type":"12","BlID":"1242","BusCityName":"서울"},{"BusNo":"05","Type":"13","BlID":"508","BusCityName":"서울"},{"BusNo":"90S투어","Type":"13","BlID":"546","BusCityName":"서울"}]}]},{"GateNo":"2","GateLink": ["한전서울전력관리처","한전전력계통건설처","호텔 프린스","아스토리아 호텔"]},{"GateNo":"3","GateLink": ["명동주민자치센터","퍼시픽 호텔","뉴-오리엔탈호텔","숭의여자대학","중국대사관영사부(비자업무)"]},{"GateNo":"4","GateLink": ["남대문시장","회현지하쇼핑센터","남산3호터널","뉴-오리엔탈호텔","남산 경사 엘리베이터","서울역방면"]},{"GateNo":"5","GateLink": ["서울로얄호텔","샤보이호텔","롯데호텔서울","메트로호텔","명동예술극장"]},{"GateNo":"6","GateLink": ["롯데백화점","신세계백화점","레벨파이브"]},{"GateNo":"7","GateLink": ["롯데백화점","서울로얄호텔","메트로호텔","사보이호텔"],"BUSSTOP": [{"StopName":"퇴계로2가.명동역","StopID":"104953","Bus": [{"BusNo":"N16","Type":"11","BlID":"572","BusCityName":"서울"},{"BusNo":"104","Type":"11","BlID":"771","BusCityName":"서울"},{"BusNo":"105","Type":"11","BlID":"772","BusCityName":"서울"},{"BusNo":"463","Type":"11","BlID":"987","BusCityName":"서울"},{"BusNo":"604","Type":"11","BlID":"1169","BusCityName":"서울"},{"BusNo":"507","Type":"11","BlID":"1406","BusCityName":"서울"},{"BusNo":"421","Type":"11","BlID":"1808","BusCityName":"서울"},{"BusNo":"7011","Type":"12","BlID":"1242","BusCityName":"서울"}]}]},{"GateNo":"8","GateLink": ["세종호텔"]},{"GateNo":"9","GateLink": ["계성여고/계성초등학교","명동성당","서울로얄호텔"]},{"GateNo":"10","GateLink": ["중부경찰서","남대문세무서","세종호텔","서울고용노동청","서울고용센터"],"BUSSTOP": [{"StopName":"명동역.세종호텔","StopID":"166136","Bus": [{"BusNo":"6021","Type":"5","BlID":"596","BusCityName":"서울"},{"BusNo":"6015","Type":"5","BlID":"1774","BusCityName":"서울"},{"BusNo":"6001","Type":"5","BlID":"1801","BusCityName":"서울"}]}]}]}}}