{"result": {"stationName":"회현","stationID":425,"type":4,"laneName":"수도권 4호선","laneCity":"수도권","x":126.9782199,"y":37.5585519,"prevOBJ": {"station": [{"stationName":"명동","stationID":424,"type":4,"laneName":"수도권 4호선","laneCity":"수도권","x":126.9864835,"y":37.5609748}]},"nextOBJ": {"station": [{"stationName":"서울역","stationID":426,"type":4,"laneName":"수도권 4호선","laneCity":"수도권","x":126.9726591,"y":37.5530254}]},"defaultInfo": {"address":"서울특별시 중구 남창동 64-1","new_address":"서울특별시 중구 퇴계로 54","tel":"02-6110-4251"},"useInfo": {"platform":1,"meetingPlace":0,"restroom":1,"offDoor":0,"crossOver":2,"publicPlace":0,"handicapCount":1,"parkingCount":0,"bicycleCount":0,"civilCount":0},"exitInfo": {"gate": [{"GateNo":"1","GateLink": ["남산3호터널","회현동주민센터","한국스카우트 서울북부연맹","남산케이블카","우리은행(본점)","뉴코리아호텔"]},{"GateNo":"2","GateLink": ["회현동주민센터"]},{"GateNo":"3","GateLink": ["회현파출소","대한전선","회현동주민센터"]},{"GateNo":"4","GateLink": ["남산공원","서울시교육연구정보원","남산도서관","SEVEN STAR CASINO"],"BUSSTOP": [{"StopName":"남대문시장.회현역","StopID":"104797","Bus": [{"BusNo":"6001","Type":"5","BlID":"1801","BusCityName":"서울"},{"BusNo":"N16","Type":"11","BlID":"572","BusCityName":"서울"},{"BusNo":"104","Type":"11","BlID":"771","BusCityName":"서울"},{"BusNo":"463","Type":"11","BlID":"987","BusCityName":"서울"},{"BusNo":"505","Type":"11","BlID":"1094","BusCityName":"서울"},{"BusNo":"604","Type":"11","BlID":"1169","BusCityName":"서울"},{"BusNo":"507","Type":"11","BlID":"1406","BusCityName":"서울"},{"BusNo":"421","Type":"11","BlID":"1808","BusCityName":"서울"},{"BusNo":"8001","Type":"12","BlID":"598","BusCityName":"서울"},{"BusNo":"7011","Type":"12","BlID":"1242","BusCityName":"서울"},{"BusNo":"7013A","Type":"12","BlID":"1244","BusCityName":"서울"},{"BusNo":"7013B","Type":"12","BlID":"1812","BusCityName":"서울"},{"BusNo":"03","Type":"13","BlID":"1715","BusCityName":"서울"}]}]},{"GateNo":"5","GateLink": ["남대문","남대문시장","남대문파출소","관광안내소","건강보험심사평가원 서울지원"],"BUSSTOP": [{"StopName":"남대문시장.회현역","StopID":"104815","Bus": [{"BusNo":"N16","Type":"11","BlID":"572","BusCityName":"서울"},{"BusNo":"104","Type":"11","BlID":"771","BusCityName":"서울"},{"BusNo":"105","Type":"11","BlID":"772","BusCityName":"서울"},{"BusNo":"463","Type":"11","BlID":"987","BusCityName":"서울"},{"BusNo":"604","Type":"11","BlID":"1169","BusCityName":"서울"},{"BusNo":"705","Type":"11","BlID":"1374","BusCityName":"서울"},{"BusNo":"507","Type":"11","BlID":"1406","BusCityName":"서울"},{"BusNo":"8001","Type":"12","BlID":"598","BusCityName":"서울"},{"BusNo":"7011","Type":"12","BlID":"1242","BusCityName":"서울"},{"BusNo":"7013A","Type":"12","BlID":"1244","BusCityName":"서울"},{"BusNo":"7013B","Type":"12","BlID":"1812","BusCityName":"서울"},{"BusNo":"9701","Type":"14","BlID":"1365","BusCityName":"서울"}]}]},{"GateNo":"6","GateLink": ["남대문시장","관광안내소"]},{"GateNo":"7","GateLink": ["명동방면","한국은행","신세계백화점(본점)","서울중앙우체국"]}]}}}