{"result": {"stationName":"서울역","stationID":426,"type":4,"laneName":"수도권 4호선","laneCity":"수도권","x":126.9726591,"y":37.5530254,"exOBJ": {"station": [{"stationName":"서울역","stationID":133,"type":1,"laneName":"수도권 1호선","laneCity":"수도권"},{"stationName":"서울역","stationID":4001,"type":101,"laneName":"공항철도","laneCity":"수도권"},{"stationName":"서울역","stationID":1610,"type":104,"laneName":"경의중앙선","laneCity":"수도권"}]},"prevOBJ": {"station": [{"stationName":"회현","stationID":425,"type":4,"laneName":"수도권 4호선","laneCity":"수도권","x":126.9782199,"y":37.5585519}]},"nextOBJ": {"station": [{"stationName":"숙대입구","stationID":427,"type":4,"laneName":"수도권 4호선","laneCity":"수도권","x":126.9720094,"y":37.5451086}]},"defaultInfo": {"address":"서울특별시 용산구 동자동 14-151","new_address":"서울특별시 용산구 한강대로 392","tel":"02-6110-4261"},"useInfo": {"platform":1,"meetingPlace":0,"restroom":2,"offDoor":0,"crossOver":2,"publicPlace":0,"handicapCount":1,"parkingCount":0,"bicycleCount":1,"civilCount":0},"exitInfo": {"gate": [{"GateNo":"1","GateLink": ["남영동","서울역(KTX)","서울시티투어 버스 타는곳","한국철도공사서울본부","한국철도시설공단 수도권본부"]},{"GateNo":"2","GateLink": ["서울역 광장","국민권익위원회","서울역 지구대","역전우체국","중림동(약현)성당"],"BUSSTOP": [{"StopName":"서울역","StopID":"104633","Bus": [{"BusNo":"1100","Type":"14","BlID":"21129","BusCityName":"인천"},{"BusNo":"1000","Type":"14","BlID":"21130","BusCityName":"인천"},{"BusNo":"1200","Type":"14","BlID":"21131","BusCityName":"인천"},{"BusNo":"1300","Type":"14","BlID":"21149","BusCityName":"인천"},{"BusNo":"1400","Type":"14","BlID":"21170","BusCityName":"인천"},{"BusNo":"1101","Type":"14","BlID":"21207","BusCityName":"인천"},{"BusNo":"1601","Type":"14","BlID":"21210","BusCityName":"인천"},{"BusNo":"1301","Type":"14","BlID":"21213","BusCityName":"인천"},{"BusNo":"M6118","Type":"14","BlID":"21214","BusCityName":"인천"},{"BusNo":"1302","Type":"14","BlID":"21240","BusCityName":"인천"},{"BusNo":"1500","Type":"14","BlID":"21257","BusCityName":"인천"}]},{"StopName":"서울역","StopID":"206292","Bus": [{"BusNo":"6021","Type":"5","BlID":"596","BusCityName":"서울"},{"BusNo":"6015","Type":"5","BlID":"1774","BusCityName":"서울"},{"BusNo":"M6117","Type":"14","BlID":"13009","BusCityName":"김포"}]}]},{"GateNo":"3","GateLink": ["봉래동1가","남대문(숭례문)","한국산업안전보건공단","프랑스문화원","한국주택 금융공사","기업은행 남대문지점","세아제강"],"BUSSTOP": [{"StopName":"숭례문","StopID":"104688","Bus": [{"BusNo":"1000","Type":"4","BlID":"5500","BusCityName":"고양"},{"BusNo":"1100","Type":"4","BlID":"5501","BusCityName":"고양"},{"BusNo":"1200","Type":"4","BlID":"5522","BusCityName":"고양"},{"BusNo":"1900","Type":"4","BlID":"5556","BusCityName":"고양"},{"BusNo":"9710","Type":"4","BlID":"12038","BusCityName":"파주"},{"BusNo":"2000","Type":"4","BlID":"12062","BusCityName":"파주"},{"BusNo":"7111","Type":"4","BlID":"12097","BusCityName":"파주"},{"BusNo":"9703","Type":"14","BlID":"1367","BusCityName":"서울"},{"BusNo":"9709","Type":"14","BlID":"1373","BusCityName":"서울"},{"BusNo":"9714","Type":"14","BlID":"1744","BusCityName":"서울"},{"BusNo":"M7119","Type":"14","BlID":"5504","BusCityName":"고양"},{"BusNo":"M7129","Type":"14","BlID":"5535","BusCityName":"고양"},{"BusNo":"M7106","Type":"14","BlID":"5682","BusCityName":"고양"},{"BusNo":"M7111","Type":"14","BlID":"12142","BusCityName":"파주"}]},{"StopName":"숭례문","StopID":"112122","Bus": [{"BusNo":"8800","Type":"4","BlID":"9644","BusCityName":"수원"},{"BusNo":"N15","Type":"11","BlID":"558","BusCityName":"서울"},{"BusNo":"N30","Type":"11","BlID":"573","BusCityName":"서울"},{"BusNo":"100","Type":"11","BlID":"770","BusCityName":"서울"},{"BusNo":"202","Type":"11","BlID":"775","BusCityName":"서울"},{"BusNo":"150","Type":"11","BlID":"878","BusCityName":"서울"},{"BusNo":"151","Type":"11","BlID":"879","BusCityName":"서울"},{"BusNo":"152","Type":"11","BlID":"884","BusCityName":"서울"},{"BusNo":"500","Type":"11","BlID":"1087","BusCityName":"서울"},{"BusNo":"501","Type":"11","BlID":"1089","BusCityName":"서울"},{"BusNo":"504","Type":"11","BlID":"1093","BusCityName":"서울"},{"BusNo":"505","Type":"11","BlID":"1094","BusCityName":"서울"},{"BusNo":"603","Type":"11","BlID":"1168","BusCityName":"서울"},{"BusNo":"701","Type":"11","BlID":"1241","BusCityName":"서울"},{"BusNo":"702A(서오릉)","Type":"11","BlID":"1252","BusCityName":"서울"},{"BusNo":"703","Type":"11","BlID":"1257","BusCityName":"서울"},{"BusNo":"502","Type":"11","BlID":"1358","BusCityName":"서울"},{"BusNo":"702B(용두초교)","Type":"11","BlID":"1404","BusCityName":"서울"},{"BusNo":"506","Type":"11","BlID":"1405","BusCityName":"서울"},{"BusNo":"162","Type":"11","BlID":"1437","BusCityName":"서울"},{"BusNo":"421","Type":"11","BlID":"1808","BusCityName":"서울"},{"BusNo":"M4108","Type":"14","BlID":"10056","BusCityName":"광주"},{"BusNo":"M4130","Type":"14","BlID":"10498","BusCityName":"광주"},{"BusNo":"M5107","Type":"14","BlID":"10501","BusCityName":"광주"},{"BusNo":"M5115","Type":"14","BlID":"10532","BusCityName":"광주"},{"BusNo":"M5121","Type":"14","BlID":"10730","BusCityName":"광주"}]},{"StopName":"숭례문","StopID":"156321","Bus": [{"BusNo":"99","Type":"1","BlID":"12001","BusCityName":"파주"},{"BusNo":"400","Type":"11","BlID":"500","BusCityName":"서울"},{"BusNo":"104","Type":"11","BlID":"771","BusCityName":"서울"},{"BusNo":"700","Type":"11","BlID":"1370","BusCityName":"서울"},{"BusNo":"707","Type":"11","BlID":"1372","BusCityName":"서울"},{"BusNo":"507","Type":"11","BlID":"1406","BusCityName":"서울"},{"BusNo":"405","Type":"11","BlID":"1809","BusCityName":"서울"},{"BusNo":"7021","Type":"12","BlID":"1254","BusCityName":"서울"}]},{"StopName":"서울역","StopID":"206291","Bus": [{"BusNo":"6702","Type":"5","BlID":"1786","BusCityName":"서울"},{"BusNo":"9701","Type":"14","BlID":"1365","BusCityName":"서울"}]}]},{"GateNo":"4","GateLink": ["남대문로5가","남창동 방면","남대문(숭례문)","남대문시장","한국산업안전보건공단","건강보험심사평가원 서울지원"],"BUSSTOP": [{"StopName":"숭례문","StopID":"104700","Bus": [{"BusNo":"N15","Type":"11","BlID":"558","BusCityName":"서울"},{"BusNo":"N16","Type":"11","BlID":"572","BusCityName":"서울"},{"BusNo":"N30","Type":"11","BlID":"573","BusCityName":"서울"},{"BusNo":"103","Type":"11","BlID":"763","BusCityName":"서울"},{"BusNo":"105","Type":"11","BlID":"772","BusCityName":"서울"},{"BusNo":"202","Type":"11","BlID":"775","BusCityName":"서울"},{"BusNo":"163","Type":"11","BlID":"899","BusCityName":"서울"},{"BusNo":"201","Type":"11","BlID":"942","BusCityName":"서울"},{"BusNo":"401","Type":"11","BlID":"1048","BusCityName":"서울"},{"BusNo":"406","Type":"11","BlID":"1052","BusCityName":"서울"},{"BusNo":"701","Type":"11","BlID":"1241","BusCityName":"서울"},{"BusNo":"704","Type":"11","BlID":"1258","BusCityName":"서울"},{"BusNo":"261","Type":"11","BlID":"1438","BusCityName":"서울"},{"BusNo":"262","Type":"11","BlID":"1439","BusCityName":"서울"},{"BusNo":"405","Type":"11","BlID":"1809","BusCityName":"서울"},{"BusNo":"7017","Type":"12","BlID":"1248","BusCityName":"서울"},{"BusNo":"7021","Type":"12","BlID":"1254","BusCityName":"서울"},{"BusNo":"7022","Type":"12","BlID":"1255","BusCityName":"서울"}]},{"StopName":"숭례문","StopID":"104717","Bus": [{"BusNo":"9007","Type":"4","BlID":"5009","BusCityName":"성남"},{"BusNo":"9003","Type":"4","BlID":"5095","BusCityName":"성남"},{"BusNo":"9300","Type":"4","BlID":"5111","BusCityName":"성남"},{"BusNo":"7900","Type":"4","BlID":"9529","BusCityName":"수원"},{"BusNo":"1005-1","Type":"4","BlID":"10053","BusCityName":"광주"},{"BusNo":"5500","Type":"4","BlID":"10068","BusCityName":"광주"},{"BusNo":"5500-2","Type":"4","BlID":"10070","BusCityName":"광주"},{"BusNo":"5500-1","Type":"4","BlID":"10071","BusCityName":"광주"},{"BusNo":"9000-1","Type":"4","BlID":"10495","BusCityName":"광주"},{"BusNo":"9301","Type":"4","BlID":"10594","BusCityName":"광주"},{"BusNo":"9000","Type":"4","BlID":"10595","BusCityName":"광주"},{"BusNo":"1150","Type":"4","BlID":"10607","BusCityName":"광주"},{"BusNo":"5007","Type":"4","BlID":"10611","BusCityName":"광주"},{"BusNo":"5000","Type":"4","BlID":"11011","BusCityName":"용인"},{"BusNo":"5005","Type":"4","BlID":"11025","BusCityName":"용인"},{"BusNo":"8100","Type":"6","BlID":"10100","BusCityName":"광주"},{"BusNo":"9401","Type":"14","BlID":"1346","BusCityName":"서울"},{"BusNo":"M4101","Type":"14","BlID":"10046","BusCityName":"광주"},{"BusNo":"M4102","Type":"14","BlID":"10155","BusCityName":"광주"}]},{"StopName":"숭례문","StopID":"150988","Bus": [{"BusNo":"604","Type":"11","BlID":"1169","BusCityName":"서울"},{"BusNo":"706","Type":"11","BlID":"1501","BusCityName":"서울"},{"BusNo":"7011","Type":"12","BlID":"1242","BusCityName":"서울"}]}]},{"GateNo":"5","GateLink": ["퇴계로방면","남산공원방면","한국장학재단","외환은행 남대문","세브란스빌딩"]},{"GateNo":"6","GateLink": ["남대문 외환은행","우리은행"]},{"GateNo":"7","GateLink": ["남대문시장","퇴계로"]},{"GateNo":"8","GateLink": ["용산도서관","남산공원","GS건설","SEVEN STAR CASINO"]},{"GateNo":"9","GateLink": ["남대문경찰서","서울스퀘어","STX남산타워","KB국민은행 서울스퀘어지점"]},{"GateNo":"9-1","GateLink": ["서울역 버스환승센터"],"BUSSTOP": [{"StopName":"서울역버스환승센터","StopID":"104659","Bus": [{"BusNo":"N15","Type":"11","BlID":"558","BusCityName":"서울"},{"BusNo":"100","Type":"11","BlID":"770","BusCityName":"서울"},{"BusNo":"202","Type":"11","BlID":"775","BusCityName":"서울"},{"BusNo":"150","Type":"11","BlID":"878","BusCityName":"서울"},{"BusNo":"151","Type":"11","BlID":"879","BusCityName":"서울"},{"BusNo":"152","Type":"11","BlID":"884","BusCityName":"서울"},{"BusNo":"500","Type":"11","BlID":"1087","BusCityName":"서울"},{"BusNo":"501","Type":"11","BlID":"1089","BusCityName":"서울"},{"BusNo":"503","Type":"11","BlID":"1092","BusCityName":"서울"},{"BusNo":"504","Type":"11","BlID":"1093","BusCityName":"서울"},{"BusNo":"505","Type":"11","BlID":"1094","BusCityName":"서울"},{"BusNo":"750B","Type":"11","BlID":"1274","BusCityName":"서울"},{"BusNo":"751","Type":"11","BlID":"1275","BusCityName":"서울"},{"BusNo":"752","Type":"11","BlID":"1276","BusCityName":"서울"},{"BusNo":"502","Type":"11","BlID":"1358","BusCityName":"서울"},{"BusNo":"506","Type":"11","BlID":"1405","BusCityName":"서울"},{"BusNo":"507","Type":"11","BlID":"1406","BusCityName":"서울"},{"BusNo":"162","Type":"11","BlID":"1437","BusCityName":"서울"},{"BusNo":"750A","Type":"11","BlID":"1718","BusCityName":"서울"},{"BusNo":"421","Type":"11","BlID":"1808","BusCityName":"서울"}]},{"StopName":"서울역버스환승센터","StopID":"104664","Bus": [{"BusNo":"8800","Type":"4","BlID":"9644","BusCityName":"수원"},{"BusNo":"9301","Type":"4","BlID":"10594","BusCityName":"광주"},{"BusNo":"103","Type":"11","BlID":"763","BusCityName":"서울"},{"BusNo":"163","Type":"11","BlID":"899","BusCityName":"서울"},{"BusNo":"201","Type":"11","BlID":"942","BusCityName":"서울"},{"BusNo":"603","Type":"11","BlID":"1168","BusCityName":"서울"},{"BusNo":"701","Type":"11","BlID":"1241","BusCityName":"서울"},{"BusNo":"702A(서오릉)","Type":"11","BlID":"1252","BusCityName":"서울"},{"BusNo":"703","Type":"11","BlID":"1257","BusCityName":"서울"},{"BusNo":"704","Type":"11","BlID":"1258","BusCityName":"서울"},{"BusNo":"702B(용두초교)","Type":"11","BlID":"1404","BusCityName":"서울"},{"BusNo":"261","Type":"11","BlID":"1438","BusCityName":"서울"},{"BusNo":"262","Type":"11","BlID":"1439","BusCityName":"서울"},{"BusNo":"706","Type":"11","BlID":"1501","BusCityName":"서울"},{"BusNo":"8001","Type":"12","BlID":"598","BusCityName":"서울"},{"BusNo":"7017","Type":"12","BlID":"1248","BusCityName":"서울"},{"BusNo":"7021","Type":"12","BlID":"1254","BusCityName":"서울"},{"BusNo":"7022","Type":"12","BlID":"1255","BusCityName":"서울"},{"BusNo":"7024","Type":"12","BlID":"1411","BusCityName":"서울"},{"BusNo":"M4108","Type":"14","BlID":"10056","BusCityName":"광주"},{"BusNo":"M4130","Type":"14","BlID":"10498","BusCityName":"광주"},{"BusNo":"M5107","Type":"14","BlID":"10501","BusCityName":"광주"},{"BusNo":"M5115","Type":"14","BlID":"10532","BusCityName":"광주"},{"BusNo":"M5121","Type":"14","BlID":"10730","BusCityName":"광주"}]},{"StopName":"서울역버스환승센터","StopID":"118370","Bus": [{"BusNo":"6001","Type":"5","BlID":"1801","BusCityName":"서울"},{"BusNo":"1711","Type":"12","BlID":"908","BusCityName":"서울"},{"BusNo":"7016","Type":"12","BlID":"1247","BusCityName":"서울"}]},{"StopName":"서울역버스환승센터","StopID":"128409","Bus": [{"BusNo":"N15","Type":"11","BlID":"558","BusCityName":"서울"},{"BusNo":"100","Type":"11","BlID":"770","BusCityName":"서울"},{"BusNo":"150","Type":"11","BlID":"878","BusCityName":"서울"},{"BusNo":"151","Type":"11","BlID":"879","BusCityName":"서울"},{"BusNo":"152","Type":"11","BlID":"884","BusCityName":"서울"},{"BusNo":"500","Type":"11","BlID":"1087","BusCityName":"서울"},{"BusNo":"501","Type":"11","BlID":"1089","BusCityName":"서울"},{"BusNo":"504","Type":"11","BlID":"1093","BusCityName":"서울"},{"BusNo":"502","Type":"11","BlID":"1358","BusCityName":"서울"},{"BusNo":"506","Type":"11","BlID":"1405","BusCityName":"서울"},{"BusNo":"162","Type":"11","BlID":"1437","BusCityName":"서울"},{"BusNo":"1711","Type":"12","BlID":"908","BusCityName":"서울"},{"BusNo":"7016","Type":"12","BlID":"1247","BusCityName":"서울"}]},{"StopName":"서울역버스환승센터","StopID":"166790","Bus": [{"BusNo":"9007","Type":"4","BlID":"5009","BusCityName":"성남"},{"BusNo":"9003","Type":"4","BlID":"5095","BusCityName":"성남"},{"BusNo":"9300","Type":"4","BlID":"5111","BusCityName":"성남"},{"BusNo":"7900","Type":"4","BlID":"9529","BusCityName":"수원"},{"BusNo":"1005-1","Type":"4","BlID":"10053","BusCityName":"광주"},{"BusNo":"5500","Type":"4","BlID":"10068","BusCityName":"광주"},{"BusNo":"5500-2","Type":"4","BlID":"10070","BusCityName":"광주"},{"BusNo":"5500-1","Type":"4","BlID":"10071","BusCityName":"광주"},{"BusNo":"9000-1","Type":"4","BlID":"10495","BusCityName":"광주"},{"BusNo":"9000","Type":"4","BlID":"10595","BusCityName":"광주"},{"BusNo":"1150","Type":"4","BlID":"10607","BusCityName":"광주"},{"BusNo":"5007","Type":"4","BlID":"10611","BusCityName":"광주"},{"BusNo":"5000","Type":"4","BlID":"11011","BusCityName":"용인"},{"BusNo":"5005","Type":"4","BlID":"11025","BusCityName":"용인"},{"BusNo":"8100","Type":"6","BlID":"10100","BusCityName":"광주"},{"BusNo":"N16","Type":"11","BlID":"572","BusCityName":"서울"},{"BusNo":"N30","Type":"11","BlID":"573","BusCityName":"서울"},{"BusNo":"104","Type":"11","BlID":"771","BusCityName":"서울"},{"BusNo":"463","Type":"11","BlID":"987","BusCityName":"서울"},{"BusNo":"401","Type":"11","BlID":"1048","BusCityName":"서울"},{"BusNo":"402","Type":"11","BlID":"1050","BusCityName":"서울"},{"BusNo":"406","Type":"11","BlID":"1052","BusCityName":"서울"},{"BusNo":"604","Type":"11","BlID":"1169","BusCityName":"서울"},{"BusNo":"701","Type":"11","BlID":"1241","BusCityName":"서울"},{"BusNo":"7011","Type":"12","BlID":"1242","BusCityName":"서울"},{"BusNo":"7013A","Type":"12","BlID":"1244","BusCityName":"서울"},{"BusNo":"7013B","Type":"12","BlID":"1812","BusCityName":"서울"},{"BusNo":"9401","Type":"14","BlID":"1346","BusCityName":"서울"}]}]},{"GateNo":"10","GateLink": ["남대문경찰서 방면","STX남산타워","서울스퀘어"],"BUSSTOP": [{"StopName":"남대문경찰서","StopID":"166961","Bus": [{"BusNo":"400","Type":"11","BlID":"500","BusCityName":"서울"},{"BusNo":"202","Type":"11","BlID":"775","BusCityName":"서울"},{"BusNo":"03","Type":"13","BlID":"1715","BusCityName":"서울"}]}]},{"GateNo":"11","GateLink": ["남산공원","남대문경찰서","용산도서관","한국저작권 위원회 저작권 교육원"],"BUSSTOP": [{"StopName":"서울역","StopID":"104695","Bus": [{"BusNo":"400","Type":"11","BlID":"500","BusCityName":"서울"},{"BusNo":"605","Type":"11","BlID":"1171","BusCityName":"서울"}]}]},{"GateNo":"12","GateLink": ["동자동 방면","우암우체국","우암시장","삼광초등학교"],"BUSSTOP": [{"StopName":"갈월동","StopID":"126805","Bus": [{"BusNo":"6001","Type":"5","BlID":"1801","BusCityName":"서울"},{"BusNo":"N15","Type":"11","BlID":"558","BusCityName":"서울"},{"BusNo":"100","Type":"11","BlID":"770","BusCityName":"서울"},{"BusNo":"150","Type":"11","BlID":"878","BusCityName":"서울"},{"BusNo":"151","Type":"11","BlID":"879","BusCityName":"서울"},{"BusNo":"152","Type":"11","BlID":"884","BusCityName":"서울"},{"BusNo":"500","Type":"11","BlID":"1087","BusCityName":"서울"},{"BusNo":"501","Type":"11","BlID":"1089","BusCityName":"서울"},{"BusNo":"504","Type":"11","BlID":"1093","BusCityName":"서울"},{"BusNo":"505","Type":"11","BlID":"1094","BusCityName":"서울"},{"BusNo":"750B","Type":"11","BlID":"1274","BusCityName":"서울"},{"BusNo":"751","Type":"11","BlID":"1275","BusCityName":"서울"},{"BusNo":"752","Type":"11","BlID":"1276","BusCityName":"서울"},{"BusNo":"502","Type":"11","BlID":"1358","BusCityName":"서울"},{"BusNo":"506","Type":"11","BlID":"1405","BusCityName":"서울"},{"BusNo":"507","Type":"11","BlID":"1406","BusCityName":"서울"},{"BusNo":"162","Type":"11","BlID":"1437","BusCityName":"서울"},{"BusNo":"750A","Type":"11","BlID":"1718","BusCityName":"서울"},{"BusNo":"421","Type":"11","BlID":"1808","BusCityName":"서울"},{"BusNo":"1711","Type":"12","BlID":"908","BusCityName":"서울"},{"BusNo":"7016","Type":"12","BlID":"1247","BusCityName":"서울"}]}]},{"GateNo":"13","GateLink": ["청파동 1가 방면","숙대입구방면","효창공원방면"]},{"GateNo":"14","GateLink": ["서울역광장","서울역(KTX)","서부역","한국철도공사 서울지사","역전우체국","역전파출소","서울시티투어 버스 타는곳","한국철도시설공단 수도권본부"]},{"GateNo":"15","GateLink": ["청파동방면"],"BUSSTOP": [{"StopName":"서계동","StopID":"104576","Bus": [{"BusNo":"262","Type":"11","BlID":"1439","BusCityName":"서울"}]},{"StopName":"서계동","StopID":"104580","Bus": [{"BusNo":"503","Type":"11","BlID":"1092","BusCityName":"서울"},{"BusNo":"262","Type":"11","BlID":"1439","BusCityName":"서울"}]}]}]}}}