{"result": {"stationName":"숙대입구","stationID":427,"type":4,"laneName":"수도권 4호선","laneCity":"수도권","x":126.9720094,"y":37.5451086,"prevOBJ": {"station": [{"stationName":"서울역","stationID":426,"type":4,"laneName":"수도권 4호선","laneCity":"수도권","x":126.9726591,"y":37.5530254}]},"nextOBJ": {"station": [{"stationName":"삼각지","stationID":428,"type":4,"laneName":"수도권 4호선","laneCity":"수도권","x":126.9729698,"y":37.5344756}]},"defaultInfo": {"address":"서울특별시 용산구 갈월동 16-7","new_address":"서울특별시 용산구 한강대로 306","tel":"02-6110-4271"},"useInfo": {"platform":2,"meetingPlace":0,"restroom":1,"offDoor":1,"crossOver":1,"publicPlace":0,"handicapCount":1,"parkingCount":0,"bicycleCount":1,"civilCount":0},"exitInfo": {"gate": [{"GateNo":"1","GateLink": ["갈월동","수도중.고등공민학교","남영치안센터"],"BUSSTOP": [{"StopName":"갈월동","StopID":"193374","Bus": [{"BusNo":"용산02","Type":"3","BlID":"1684","BusCityName":"서울"}]}]},{"GateNo":"2","GateLink": ["후암동주민센터","삼광초등학교","남영동주민센터","갈월동","서울특별시교육시설관리사업소"],"BUSSTOP": [{"StopName":"남영우체국","StopID":"104684","Bus": [{"BusNo":"400","Type":"11","BlID":"500","BusCityName":"서울"},{"BusNo":"605","Type":"11","BlID":"1171","BusCityName":"서울"}]},{"StopName":"갈월동사회복지회관","StopID":"104737","Bus": [{"BusNo":"용산02","Type":"3","BlID":"1684","BusCityName":"서울"}]}]},{"GateNo":"3","GateLink": ["용산중고교","남영동우체국","방위사업청","국방홍보원"],"BUSSTOP": [{"StopName":"남영우체국","StopID":"104689","Bus": [{"BusNo":"400","Type":"11","BlID":"500","BusCityName":"서울"},{"BusNo":"202","Type":"11","BlID":"775","BusCityName":"서울"}]},{"StopName":"남영동주민센터","StopID":"166958","Bus": [{"BusNo":"400","Type":"11","BlID":"500","BusCityName":"서울"}]}]},{"GateNo":"4","GateLink": ["남영동"]},{"GateNo":"5","GateLink": ["남영동","서울시장애인일자리통합지원센터"]},{"GateNo":"6","GateLink": ["삼각지방면","미국공보원","풀잎문화센터용산지부","기업은행"],"BUSSTOP": [{"StopName":"숙대역5번출구","StopID":"125863","Bus": [{"BusNo":"용산02","Type":"3","BlID":"1684","BusCityName":"서울"}]},{"StopName":"숙대입구역","StopID":"126812","Bus": [{"BusNo":"6001","Type":"5","BlID":"1801","BusCityName":"서울"},{"BusNo":"N15","Type":"11","BlID":"558","BusCityName":"서울"},{"BusNo":"100","Type":"11","BlID":"770","BusCityName":"서울"},{"BusNo":"150","Type":"11","BlID":"878","BusCityName":"서울"},{"BusNo":"151","Type":"11","BlID":"879","BusCityName":"서울"},{"BusNo":"152","Type":"11","BlID":"884","BusCityName":"서울"},{"BusNo":"500","Type":"11","BlID":"1087","BusCityName":"서울"},{"BusNo":"501","Type":"11","BlID":"1089","BusCityName":"서울"},{"BusNo":"504","Type":"11","BlID":"1093","BusCityName":"서울"},{"BusNo":"605","Type":"11","BlID":"1171","BusCityName":"서울"},{"BusNo":"750B","Type":"11","BlID":"1274","BusCityName":"서울"},{"BusNo":"751","Type":"11","BlID":"1275","BusCityName":"서울"},{"BusNo":"752","Type":"11","BlID":"1276","BusCityName":"서울"},{"BusNo":"502","Type":"11","BlID":"1358","BusCityName":"서울"},{"BusNo":"506","Type":"11","BlID":"1405","BusCityName":"서울"},{"BusNo":"507","Type":"11","BlID":"1406","BusCityName":"서울"},{"BusNo":"162","Type":"11","BlID":"1437","BusCityName":"서울"},{"BusNo":"750A","Type":"11","BlID":"1718","BusCityName":"서울"},{"BusNo":"421","Type":"11","BlID":"1808","BusCityName":"서울"},{"BusNo":"1711","Type":"12","BlID":"908","BusCityName":"서울"},{"BusNo":"7016","Type":"12","BlID":"1247","BusCityName":"서울"}]}]},{"GateNo":"7","GateLink": ["용산경찰서방면","선린중학교","선린인터넷고등학교","신광여중고교","신광초등학교","서울시립청소년 미디어센터","외환은행 남영동","한진중공업","남영역방면","국민건강보험공단용산지사","여성아동청소년경찰지원센터","국민연금공단용산지사"],"BUSSTOP": [{"StopName":"숙대역7번출구","StopID":"125859","Bus": [{"BusNo":"용산02","Type":"3","BlID":"1684","BusCityName":"서울"}]},{"StopName":"숙대입구역","StopID":"126810","Bus": [{"BusNo":"6001","Type":"5","BlID":"1801","BusCityName":"서울"},{"BusNo":"N15","Type":"11","BlID":"558","BusCityName":"서울"},{"BusNo":"100","Type":"11","BlID":"770","BusCityName":"서울"},{"BusNo":"150","Type":"11","BlID":"878","BusCityName":"서울"},{"BusNo":"151","Type":"11","BlID":"879","BusCityName":"서울"},{"BusNo":"152","Type":"11","BlID":"884","BusCityName":"서울"},{"BusNo":"500","Type":"11","BlID":"1087","BusCityName":"서울"},{"BusNo":"501","Type":"11","BlID":"1089","BusCityName":"서울"},{"BusNo":"504","Type":"11","BlID":"1093","BusCityName":"서울"},{"BusNo":"605","Type":"11","BlID":"1171","BusCityName":"서울"},{"BusNo":"750B","Type":"11","BlID":"1274","BusCityName":"서울"},{"BusNo":"751","Type":"11","BlID":"1275","BusCityName":"서울"},{"BusNo":"752","Type":"11","BlID":"1276","BusCityName":"서울"},{"BusNo":"502","Type":"11","BlID":"1358","BusCityName":"서울"},{"BusNo":"506","Type":"11","BlID":"1405","BusCityName":"서울"},{"BusNo":"507","Type":"11","BlID":"1406","BusCityName":"서울"},{"BusNo":"750A","Type":"11","BlID":"1718","BusCityName":"서울"},{"BusNo":"421","Type":"11","BlID":"1808","BusCityName":"서울"}]}]},{"GateNo":"8","GateLink": ["청파동","효창운동장"],"BUSSTOP": [{"StopName":"숙대입구역","StopID":"104618","Bus": [{"BusNo":"용산04","Type":"3","BlID":"703","BusCityName":"서울"},{"BusNo":"400","Type":"11","BlID":"500","BusCityName":"서울"},{"BusNo":"505","Type":"11","BlID":"1094","BusCityName":"서울"}]}]},{"GateNo":"9","GateLink": ["효창운동장"]},{"GateNo":"10","GateLink": ["서울역방면","숙명여자대학교","효창운동장","세계평화통일가장연합"],"BUSSTOP": [{"StopName":"숙대입구역.청파동주민센터","StopID":"104616","Bus": [{"BusNo":"503","Type":"11","BlID":"1092","BusCityName":"서울"},{"BusNo":"262","Type":"11","BlID":"1439","BusCityName":"서울"}]},{"StopName":"갈월동4호선숙대입구","StopID":"151555","Bus": [{"BusNo":"503","Type":"11","BlID":"1092","BusCityName":"서울"},{"BusNo":"505","Type":"11","BlID":"1094","BusCityName":"서울"},{"BusNo":"162","Type":"11","BlID":"1437","BusCityName":"서울"},{"BusNo":"1711","Type":"12","BlID":"908","BusCityName":"서울"},{"BusNo":"7016","Type":"12","BlID":"1247","BusCityName":"서울"}]}]}]}}}