{"result": {"stationName":"삼각지","stationID":428,"type":4,"laneName":"수도권 4호선","laneCity":"수도권","x":126.9729698,"y":37.5344756,"exOBJ": {"station": [{"stationName":"삼각지","stationID":628,"type":6,"laneName":"수도권 6호선","laneCity":"수도권"}]},"prevOBJ": {"station": [{"stationName":"숙대입구","stationID":427,"type":4,"laneName":"수도권 4호선","laneCity":"수도권","x":126.9720094,"y":37.5451086}]},"nextOBJ": {"station": [{"stationName":"신용산","stationID":429,"type":4,"laneName":"수도권 4호선","laneCity":"수도권","x":126.9679056,"y":37.5291964}]},"defaultInfo": {"address":"서울특별시 용산구 한강로1가 228-1","new_address":"서울특별시 용산구 한강대로 180","tel":"02-6110-4281"},"useInfo": {"platform":2,"meetingPlace":0,"restroom":1,"offDoor":1,"crossOver":1,"publicPlace":0,"handicapCount":1,"parkingCount":0,"bicycleCount":0,"civilCount":0},"exitInfo": {"gate": [{"GateNo":"1","GateLink": ["국방부","서울지방보훈청","국방회관","육군회관","전쟁기념관","우리은행 용산지점"],"BUSSTOP": [{"StopName":"삼각지역","StopID":"125893","Bus": [{"BusNo":"용산03","Type":"3","BlID":"1685","BusCityName":"서울"}]}]},{"GateNo":"2","GateLink": ["한강로1가","삼각맨션"]},{"GateNo":"3","GateLink": ["국방복지상조","행정공제회"]},{"GateNo":"4","GateLink": ["용산방면"],"BUSSTOP": [{"StopName":"KT용산지사","StopID":"126818","Bus": [{"BusNo":"N15","Type":"11","BlID":"558","BusCityName":"서울"},{"BusNo":"100","Type":"11","BlID":"770","BusCityName":"서울"},{"BusNo":"150","Type":"11","BlID":"878","BusCityName":"서울"},{"BusNo":"151","Type":"11","BlID":"879","BusCityName":"서울"},{"BusNo":"152","Type":"11","BlID":"884","BusCityName":"서울"},{"BusNo":"500","Type":"11","BlID":"1087","BusCityName":"서울"},{"BusNo":"501","Type":"11","BlID":"1089","BusCityName":"서울"},{"BusNo":"504","Type":"11","BlID":"1093","BusCityName":"서울"},{"BusNo":"605","Type":"11","BlID":"1171","BusCityName":"서울"},{"BusNo":"750B","Type":"11","BlID":"1274","BusCityName":"서울"},{"BusNo":"751","Type":"11","BlID":"1275","BusCityName":"서울"},{"BusNo":"752","Type":"11","BlID":"1276","BusCityName":"서울"},{"BusNo":"502","Type":"11","BlID":"1358","BusCityName":"서울"},{"BusNo":"506","Type":"11","BlID":"1405","BusCityName":"서울"},{"BusNo":"507","Type":"11","BlID":"1406","BusCityName":"서울"},{"BusNo":"750A","Type":"11","BlID":"1718","BusCityName":"서울"}]}]},{"GateNo":"5","GateLink": ["국립서울맹학교","용산소방서"]},{"GateNo":"6","GateLink": ["용산초등학교","용산등기소","용산경찰서방면"]},{"GateNo":"7","GateLink": ["용산새싹길"]},{"GateNo":"8","GateLink": ["용산등기소"]},{"GateNo":"9","GateLink": ["용창공원앞역방면"]},{"GateNo":"10","GateLink": ["남영역 방면","서울시립청소년미디어센터"],"BUSSTOP": [{"StopName":"삼각지역","StopID":"126814","Bus": [{"BusNo":"6001","Type":"5","BlID":"1801","BusCityName":"서울"},{"BusNo":"N15","Type":"11","BlID":"558","BusCityName":"서울"},{"BusNo":"100","Type":"11","BlID":"770","BusCityName":"서울"},{"BusNo":"150","Type":"11","BlID":"878","BusCityName":"서울"},{"BusNo":"151","Type":"11","BlID":"879","BusCityName":"서울"},{"BusNo":"152","Type":"11","BlID":"884","BusCityName":"서울"},{"BusNo":"500","Type":"11","BlID":"1087","BusCityName":"서울"},{"BusNo":"501","Type":"11","BlID":"1089","BusCityName":"서울"},{"BusNo":"504","Type":"11","BlID":"1093","BusCityName":"서울"},{"BusNo":"605","Type":"11","BlID":"1171","BusCityName":"서울"},{"BusNo":"750B","Type":"11","BlID":"1274","BusCityName":"서울"},{"BusNo":"751","Type":"11","BlID":"1275","BusCityName":"서울"},{"BusNo":"752","Type":"11","BlID":"1276","BusCityName":"서울"},{"BusNo":"502","Type":"11","BlID":"1358","BusCityName":"서울"},{"BusNo":"506","Type":"11","BlID":"1405","BusCityName":"서울"},{"BusNo":"507","Type":"11","BlID":"1406","BusCityName":"서울"},{"BusNo":"750A","Type":"11","BlID":"1718","BusCityName":"서울"}]}]},{"GateNo":"11","GateLink": ["삼각지치안센터","전쟁기념관 북문"]},{"GateNo":"12","GateLink": ["전쟁기념관 정문"],"BUSSTOP": [{"StopName":"전쟁기념관","StopID":"104780","Bus": [{"BusNo":"용산03","Type":"3","BlID":"1685","BusCityName":"서울"},{"BusNo":"110A","Type":"11","BlID":"789","BusCityName":"서울"},{"BusNo":"740","Type":"11","BlID":"1273","BusCityName":"서울"},{"BusNo":"421","Type":"11","BlID":"1808","BusCityName":"서울"}]}]},{"GateNo":"13","GateLink": ["국방부","서울지방보훈청","서울시티투어 버스 타는곳"],"BUSSTOP": [{"StopName":"전쟁기념관","StopID":"104773","Bus": [{"BusNo":"용산03","Type":"3","BlID":"1685","BusCityName":"서울"},{"BusNo":"110B","Type":"11","BlID":"790","BusCityName":"서울"},{"BusNo":"740","Type":"11","BlID":"1273","BusCityName":"서울"},{"BusNo":"421","Type":"11","BlID":"1808","BusCityName":"서울"}]}]},{"GateNo":"14","GateLink": ["한강로동"],"BUSSTOP": [{"StopName":"삼각지역","StopID":"126816","Bus": [{"BusNo":"6001","Type":"5","BlID":"1801","BusCityName":"서울"},{"BusNo":"N15","Type":"11","BlID":"558","BusCityName":"서울"},{"BusNo":"100","Type":"11","BlID":"770","BusCityName":"서울"},{"BusNo":"150","Type":"11","BlID":"878","BusCityName":"서울"},{"BusNo":"151","Type":"11","BlID":"879","BusCityName":"서울"},{"BusNo":"152","Type":"11","BlID":"884","BusCityName":"서울"},{"BusNo":"500","Type":"11","BlID":"1087","BusCityName":"서울"},{"BusNo":"501","Type":"11","BlID":"1089","BusCityName":"서울"},{"BusNo":"504","Type":"11","BlID":"1093","BusCityName":"서울"},{"BusNo":"605","Type":"11","BlID":"1171","BusCityName":"서울"},{"BusNo":"750B","Type":"11","BlID":"1274","BusCityName":"서울"},{"BusNo":"751","Type":"11","BlID":"1275","BusCityName":"서울"},{"BusNo":"752","Type":"11","BlID":"1276","BusCityName":"서울"},{"BusNo":"502","Type":"11","BlID":"1358","BusCityName":"서울"},{"BusNo":"506","Type":"11","BlID":"1405","BusCityName":"서울"},{"BusNo":"507","Type":"11","BlID":"1406","BusCityName":"서울"},{"BusNo":"750A","Type":"11","BlID":"1718","BusCityName":"서울"}]}]}]}}}