{"result": {"stationName":"이촌","stationID":430,"type":4,"laneName":"수도권 4호선","laneCity":"수도권","x":126.9744141,"y":37.52236,"exOBJ": {"station": [{"stationName":"이촌","stationID":198,"type":104,"laneName":"경의중앙선","laneCity":"수도권"}]},"prevOBJ": {"station": [{"stationName":"신용산","stationID":429,"type":4,"laneName":"수도권 4호선","laneCity":"수도권","x":126.9679056,"y":37.5291964}]},"nextOBJ": {"station": [{"stationName":"동작","stationID":431,"type":4,"laneName":"수도권 4호선","laneCity":"수도권","x":126.9803813,"y":37.5028228}]},"defaultInfo": {"address":"서울특별시 용산구 용산동5가 17-112","new_address":"서울특별시 용산구 서빙고로 83","tel":"02-6110-4301"},"useInfo": {"platform":2,"meetingPlace":0,"restroom":1,"offDoor":1,"crossOver":2,"publicPlace":0,"handicapCount":1,"parkingCount":0,"bicycleCount":1,"civilCount":0},"exitInfo": {"gate": [{"GateNo":"1","GateLink": ["용산동5가","한강로 파출소","용산방향","SC제일은행 용산파크 타워지점"],"BUSSTOP": [{"StopName":"이촌역","StopID":"104714","Bus": [{"BusNo":"6030(캐피탈호텔)","Type":"5","BlID":"505","BusCityName":"서울"},{"BusNo":"400","Type":"11","BlID":"500","BusCityName":"서울"},{"BusNo":"502","Type":"11","BlID":"1358","BusCityName":"서울"}]}]},{"GateNo":"2","GateLink": ["서빙고동방면","용산가족공원","국립중앙박물관"]},{"GateNo":"3","GateLink": ["동작대교방면"],"BUSSTOP": [{"StopName":"국립중앙박물관용산가족공원","StopID":"104816","Bus": [{"BusNo":"400","Type":"11","BlID":"500","BusCityName":"서울"},{"BusNo":"502","Type":"11","BlID":"1358","BusCityName":"서울"}]}]},{"GateNo":"3-1","GateLink": ["이촌동방면","용강중학교","서울신용산초등학교","한가람아파트","강촌아파트","이촌아파트","이촌동우체국","중격고등학교","삼성리버스위트아파트"],"BUSSTOP": [{"StopName":"신용산초등학교","StopID":"104722","Bus": [{"BusNo":"100","Type":"11","BlID":"770","BusCityName":"서울"},{"BusNo":"2016","Type":"12","BlID":"522","BusCityName":"서울"},{"BusNo":"6211","Type":"12","BlID":"1185","BusCityName":"서울"},{"BusNo":"3012","Type":"12","BlID":"1709","BusCityName":"서울"}]}]},{"GateNo":"4","GateLink": ["한강시민공원(이촌지구)","이촌파출소","한가람아파트","이촌1동주민센터","용산청소년수련관","동부센트레빌아파트","한강대우 아파트"],"BUSSTOP": [{"StopName":"이촌동한가람아파트.이촌역","StopID":"104673","Bus": [{"BusNo":"100","Type":"11","BlID":"770","BusCityName":"서울"},{"BusNo":"2016","Type":"12","BlID":"522","BusCityName":"서울"},{"BusNo":"6211","Type":"12","BlID":"1185","BusCityName":"서울"},{"BusNo":"3012","Type":"12","BlID":"1709","BusCityName":"서울"}]},{"StopName":"이촌동한강맨션.이촌역","StopID":"104680","Bus": [{"BusNo":"100","Type":"11","BlID":"770","BusCityName":"서울"},{"BusNo":"2016","Type":"12","BlID":"522","BusCityName":"서울"},{"BusNo":"6211","Type":"12","BlID":"1185","BusCityName":"서울"},{"BusNo":"3012","Type":"12","BlID":"1709","BusCityName":"서울"}]},{"StopName":"동부이촌동","StopID":"193596","Bus": [{"BusNo":"6010","Type":"5","BlID":"502","BusCityName":"서울"}]},{"StopName":"동부이촌동","StopID":"193604","Bus": [{"BusNo":"6010","Type":"5","BlID":"502","BusCityName":"서울"}]}]},{"GateNo":"5","GateLink": ["용산세무서","용산공업고등학교"],"BUSSTOP": [{"StopName":"이촌역","StopID":"104719","Bus": [{"BusNo":"6030(캐피탈호텔)","Type":"5","BlID":"505","BusCityName":"서울"},{"BusNo":"400","Type":"11","BlID":"500","BusCityName":"서울"},{"BusNo":"502","Type":"11","BlID":"1358","BusCityName":"서울"}]}]}]}}}