{"result": {"stationName":"동작","stationID":431,"type":4,"laneName":"수도권 4호선","laneCity":"수도권","x":126.9803813,"y":37.5028228,"exOBJ": {"station": [{"stationName":"동작","stationID":920,"type":9,"laneName":"수도권 9호선","laneCity":"수도권"}]},"prevOBJ": {"station": [{"stationName":"이촌","stationID":430,"type":4,"laneName":"수도권 4호선","laneCity":"수도권","x":126.9744141,"y":37.52236}]},"nextOBJ": {"station": [{"stationName":"총신대입구(이수)","stationID":432,"type":4,"laneName":"수도권 4호선","laneCity":"수도권","x":126.9821837,"y":37.4866644}]},"defaultInfo": {"address":"서울특별시 동작구 동작동 327-1","new_address":"서울특별시 동작구 현충로 257","tel":"02-6110-4311"},"useInfo": {"platform":2,"meetingPlace":0,"restroom":1,"offDoor":1,"crossOver":2,"publicPlace":0,"handicapCount":1,"parkingCount":0,"bicycleCount":1,"civilCount":0},"exitInfo": {"gate": [{"GateNo":"1","GateLink": ["반포주공아파트","한강홍수통제소","반포본동주민센터"]},{"GateNo":"2","GateLink": ["국립서울현충원","흑석동방면","한강시민공원(반포지구)","동작대교포토아일랜드","서래섬","동작대교(하류)전망쉼터 노을카페"]},{"GateNo":"3","GateLink": ["방배동방면","삼호아파트"]},{"GateNo":"4","GateLink": ["국립서울현충원"]},{"GateNo":"5","GateLink": ["동작주차공원"]},{"GateNo":"6","GateLink": ["이수교차로"],"BUSSTOP": [{"StopName":"동작역.국립현충원","StopID":"104777","Bus": [{"BusNo":"640","Type":"11","BlID":"1186","BusCityName":"서울"},{"BusNo":"642","Type":"11","BlID":"1189","BusCityName":"서울"},{"BusNo":"752","Type":"11","BlID":"1276","BusCityName":"서울"},{"BusNo":"462","Type":"11","BlID":"1357","BusCityName":"서울"},{"BusNo":"360","Type":"11","BlID":"1440","BusCityName":"서울"},{"BusNo":"350","Type":"11","BlID":"1448","BusCityName":"서울"},{"BusNo":"362","Type":"11","BlID":"1454","BusCityName":"서울"},{"BusNo":"5524","Type":"12","BlID":"1116","BusCityName":"서울"},{"BusNo":"6411","Type":"12","BlID":"1188","BusCityName":"서울"}]}]},{"GateNo":"7","GateLink": ["방배동방면"],"BUSSTOP": [{"StopName":"동작역.국립현충원","StopID":"104770","Bus": [{"BusNo":"351","Type":"11","BlID":"1041","BusCityName":"서울"},{"BusNo":"640","Type":"11","BlID":"1186","BusCityName":"서울"},{"BusNo":"642","Type":"11","BlID":"1189","BusCityName":"서울"},{"BusNo":"752","Type":"11","BlID":"1276","BusCityName":"서울"},{"BusNo":"462","Type":"11","BlID":"1357","BusCityName":"서울"},{"BusNo":"360","Type":"11","BlID":"1440","BusCityName":"서울"},{"BusNo":"350","Type":"11","BlID":"1448","BusCityName":"서울"},{"BusNo":"362","Type":"11","BlID":"1454","BusCityName":"서울"},{"BusNo":"5524","Type":"12","BlID":"1116","BusCityName":"서울"},{"BusNo":"6411","Type":"12","BlID":"1188","BusCityName":"서울"}]}]},{"GateNo":"8","GateLink": ["국립현충원"]},{"GateNo":"9","GateLink": ["흑석동방면"]}]}}}