{"result": {"stationName":"총신대입구(이수)","stationID":432,"type":4,"laneName":"수도권 4호선","laneCity":"수도권","x":126.9821837,"y":37.4866644,"exOBJ": {"station": [{"stationName":"총신대입구(이수)","stationID":736,"type":7,"laneName":"수도권 7호선","laneCity":"수도권"}]},"prevOBJ": {"station": [{"stationName":"동작","stationID":431,"type":4,"laneName":"수도권 4호선","laneCity":"수도권","x":126.9803813,"y":37.5028228}]},"nextOBJ": {"station": [{"stationName":"사당","stationID":433,"type":4,"laneName":"수도권 4호선","laneCity":"수도권","x":126.9816814,"y":37.4770008}]},"defaultInfo": {"address":"서울특별시 동작구 사당동 736-1","new_address":"서울특별시 동작구 동작대로 117","tel":"02-6110-4321"},"useInfo": {"platform":2,"meetingPlace":0,"restroom":1,"offDoor":1,"crossOver":2,"publicPlace":0,"handicapCount":1,"parkingCount":0,"bicycleCount":1,"civilCount":0},"exitInfo": {"gate": [{"GateNo":"1","GateLink": ["반포.동작방면","쌍용예가 아파트","풀잎문화센터 사당지부","서문여중고교","미주아파트","현대아파트우체국"],"BUSSTOP": [{"StopName":"이수역2번출구","StopID":"193363","Bus": [{"BusNo":"서초13","Type":"3","BlID":"1634","BusCityName":"서울"},{"BusNo":"서초14","Type":"3","BlID":"1639","BusCityName":"서울"}]}]},{"GateNo":"2","GateLink": ["방배경찰서","방배초등학교","미래에셋증권 이수역지점","국민건강보험공단 서초북부지사"],"BUSSTOP": [{"StopName":"총신대입구역.남성시장입구앞","StopID":"104896","Bus": [{"BusNo":"11-1","Type":"1","BlID":"6026","BusCityName":"안양"},{"BusNo":"11-2","Type":"1","BlID":"6027","BusCityName":"안양"},{"BusNo":"11-5","Type":"1","BlID":"6029","BusCityName":"안양"},{"BusNo":"서초05","Type":"3","BlID":"1606","BusCityName":"서울"},{"BusNo":"서초06","Type":"3","BlID":"1612","BusCityName":"서울"},{"BusNo":"서초16","Type":"3","BlID":"1647","BusCityName":"서울"},{"BusNo":"동작07","Type":"3","BlID":"1663","BusCityName":"서울"},{"BusNo":"동작17","Type":"3","BlID":"1677","BusCityName":"서울"},{"BusNo":"7007-1","Type":"4","BlID":"10072","BusCityName":"광주"},{"BusNo":"6016","Type":"5","BlID":"1773","BusCityName":"서울"},{"BusNo":"752","Type":"11","BlID":"1276","BusCityName":"서울"},{"BusNo":"502","Type":"11","BlID":"1358","BusCityName":"서울"},{"BusNo":"540","Type":"11","BlID":"1360","BusCityName":"서울"},{"BusNo":"350","Type":"11","BlID":"1448","BusCityName":"서울"},{"BusNo":"643","Type":"11","BlID":"1729","BusCityName":"서울"},{"BusNo":"4212","Type":"12","BlID":"1055","BusCityName":"서울"},{"BusNo":"5524","Type":"12","BlID":"1116","BusCityName":"서울"},{"BusNo":"4318","Type":"12","BlID":"1711","BusCityName":"서울"},{"BusNo":"8541(맞춤버스)","Type":"12","BlID":"1731","BusCityName":"서울"}]}]},{"GateNo":"3","GateLink": ["서문여중고교"]},{"GateNo":"4","GateLink": ["방배초등학교"],"BUSSTOP": [{"StopName":"이수역4번출구","StopID":"125557","Bus": [{"BusNo":"서초05","Type":"3","BlID":"1606","BusCityName":"서울"},{"BusNo":"서초13","Type":"3","BlID":"1634","BusCityName":"서울"},{"BusNo":"서초14","Type":"3","BlID":"1639","BusCityName":"서울"}]}]},{"GateNo":"5","GateLink": ["사당로","이수중학교"],"BUSSTOP": [{"StopName":"이수역","StopID":"166997","Bus": [{"BusNo":"4319","Type":"12","BlID":"1810","BusCityName":"서울"}]}]},{"GateNo":"6","GateLink": ["방배경찰서","방배2동주민센터","국민건강보험공단 서초북부지사"]},{"GateNo":"7","GateLink": ["사당우체국","사당지구대"],"BUSSTOP": [{"StopName":"이수시너스.이수역7번출구","StopID":"104869","Bus": [{"BusNo":"동작09","Type":"3","BlID":"1665","BusCityName":"서울"},{"BusNo":"동작16","Type":"3","BlID":"1676","BusCityName":"서울"},{"BusNo":"동작18","Type":"3","BlID":"1679","BusCityName":"서울"}]}]},{"GateNo":"8","GateLink": ["남사초등학교"]},{"GateNo":"9","GateLink": ["사당1동주민센터","남사초등학교","이수자이","이마트 이수점"],"BUSSTOP": [{"StopName":"이수역9번출구","StopID":"104836","Bus": [{"BusNo":"752","Type":"11","BlID":"1276","BusCityName":"서울"}]},{"StopName":"이수역","StopID":"104852","Bus": [{"BusNo":"동작07","Type":"3","BlID":"1663","BusCityName":"서울"},{"BusNo":"동작17","Type":"3","BlID":"1677","BusCityName":"서울"}]}]},{"GateNo":"10","GateLink": ["삼일공원","남성초등학교","동작여성인력개발센터"],"BUSSTOP": [{"StopName":"이수역10번출구","StopID":"104844","Bus": [{"BusNo":"752","Type":"11","BlID":"1276","BusCityName":"서울"}]},{"StopName":"이수역","StopID":"104851","Bus": [{"BusNo":"동작06","Type":"3","BlID":"1655","BusCityName":"서울"},{"BusNo":"동작09","Type":"3","BlID":"1665","BusCityName":"서울"},{"BusNo":"동작15","Type":"3","BlID":"1675","BusCityName":"서울"},{"BusNo":"동작16","Type":"3","BlID":"1676","BusCityName":"서울"},{"BusNo":"동작17","Type":"3","BlID":"1677","BusCityName":"서울"},{"BusNo":"동작18","Type":"3","BlID":"1679","BusCityName":"서울"}]}]},{"GateNo":"11","GateLink": ["남성지구대","사당청소년수련원"]},{"GateNo":"12","GateLink": ["남성시장"],"BUSSTOP": [{"StopName":"사당1동주민센터입구","StopID":"104871","Bus": [{"BusNo":"동작06","Type":"3","BlID":"1655","BusCityName":"서울"},{"BusNo":"동작07","Type":"3","BlID":"1663","BusCityName":"서울"},{"BusNo":"동작09","Type":"3","BlID":"1665","BusCityName":"서울"},{"BusNo":"동작15","Type":"3","BlID":"1675","BusCityName":"서울"},{"BusNo":"동작16","Type":"3","BlID":"1676","BusCityName":"서울"},{"BusNo":"동작17","Type":"3","BlID":"1677","BusCityName":"서울"},{"BusNo":"동작18","Type":"3","BlID":"1679","BusCityName":"서울"}]}]},{"GateNo":"13","GateLink": ["총신대방면","동작여성인력 개발센터","사당동우체국","태평백화점"],"BUSSTOP": [{"StopName":"이수역","StopID":"104872","Bus": [{"BusNo":"동작07","Type":"3","BlID":"1663","BusCityName":"서울"}]}]},{"GateNo":"14","GateLink": ["사당2동 주민센터","동작초등학교","신동신중.정보산업고등학교","경문고교","우성아파트","신동아파트","극동아파트","우리은행사당북지점","동작이수사회복지관","남성시장"],"BUSSTOP": [{"StopName":"총신대입구역.남성시장입구앞","StopID":"104873","Bus": [{"BusNo":"11-1","Type":"1","BlID":"6026","BusCityName":"안양"},{"BusNo":"11-2","Type":"1","BlID":"6027","BusCityName":"안양"},{"BusNo":"11-5","Type":"1","BlID":"6029","BusCityName":"안양"},{"BusNo":"서초05","Type":"3","BlID":"1606","BusCityName":"서울"},{"BusNo":"서초06","Type":"3","BlID":"1612","BusCityName":"서울"},{"BusNo":"서초16","Type":"3","BlID":"1647","BusCityName":"서울"},{"BusNo":"7007-1","Type":"4","BlID":"10072","BusCityName":"광주"},{"BusNo":"6016","Type":"5","BlID":"1773","BusCityName":"서울"},{"BusNo":"752","Type":"11","BlID":"1276","BusCityName":"서울"},{"BusNo":"502","Type":"11","BlID":"1358","BusCityName":"서울"},{"BusNo":"540","Type":"11","BlID":"1360","BusCityName":"서울"},{"BusNo":"350","Type":"11","BlID":"1448","BusCityName":"서울"},{"BusNo":"643","Type":"11","BlID":"1729","BusCityName":"서울"},{"BusNo":"4212","Type":"12","BlID":"1055","BusCityName":"서울"},{"BusNo":"5524","Type":"12","BlID":"1116","BusCityName":"서울"},{"BusNo":"4318","Type":"12","BlID":"1711","BusCityName":"서울"},{"BusNo":"8541(맞춤버스)","Type":"12","BlID":"1731","BusCityName":"서울"}]}]}]}}}