{"result": {"stationName":"남태령","stationID":434,"type":4,"laneName":"수도권 4호선","laneCity":"수도권","x":126.9891115,"y":37.4642425,"prevOBJ": {"station": [{"stationName":"사당","stationID":433,"type":4,"laneName":"수도권 4호선","laneCity":"수도권","x":126.9816814,"y":37.4770008}]},"nextOBJ": {"station": [{"stationName":"선바위","stationID":435,"type":4,"laneName":"수도권 4호선","laneCity":"수도권","x":127.0021738,"y":37.4518647}]},"defaultInfo": {"address":"서울특별시 서초구 방배동 2909","new_address":"서울특별시 서초구 과천대로 816","tel":"02-6110-4341"},"useInfo": {"platform":1,"meetingPlace":0,"restroom":1,"offDoor":0,"crossOver":2,"publicPlace":0,"handicapCount":1,"parkingCount":0,"bicycleCount":0,"civilCount":0},"exitInfo": {"gate": [{"GateNo":"1","GateLink": ["서울전자고등학교","전원마을"],"BUSSTOP": [{"StopName":"전원마을.남태령역2번출구","StopID":"162830","Bus": [{"BusNo":"103","Type":"1","BlID":"5069","BusCityName":"성남"},{"BusNo":"9","Type":"1","BlID":"6010","BusCityName":"안양"},{"BusNo":"1-1","Type":"1","BlID":"6014","BusCityName":"안양"},{"BusNo":"11-1","Type":"1","BlID":"6026","BusCityName":"안양"},{"BusNo":"11-2","Type":"1","BlID":"6027","BusCityName":"안양"},{"BusNo":"11-5","Type":"1","BlID":"6029","BusCityName":"안양"},{"BusNo":"777","Type":"1","BlID":"16015","BusCityName":"화성"},{"BusNo":"7001","Type":"4","BlID":"9585","BusCityName":"수원"},{"BusNo":"7000","Type":"4","BlID":"9592","BusCityName":"수원"},{"BusNo":"7002","Type":"4","BlID":"9604","BusCityName":"수원"},{"BusNo":"1550-3","Type":"4","BlID":"10055","BusCityName":"광주"},{"BusNo":"7007-1","Type":"4","BlID":"10072","BusCityName":"광주"},{"BusNo":"N15","Type":"11","BlID":"558","BusCityName":"서울"},{"BusNo":"502","Type":"11","BlID":"1358","BusCityName":"서울"},{"BusNo":"540","Type":"11","BlID":"1360","BusCityName":"서울"},{"BusNo":"4435","Type":"12","BlID":"595","BusCityName":"서울"},{"BusNo":"4212","Type":"12","BlID":"1055","BusCityName":"서울"},{"BusNo":"4318","Type":"12","BlID":"1711","BusCityName":"서울"},{"BusNo":"4319","Type":"12","BlID":"1810","BusCityName":"서울"}]}]},{"GateNo":"2","GateLink": ["과천동"]},{"GateNo":"3","GateLink": ["관문네거리"]},{"GateNo":"4","GateLink": ["사당네거리"],"BUSSTOP": [{"StopName":"남태령역","StopID":"162994","Bus": [{"BusNo":"103","Type":"1","BlID":"5069","BusCityName":"성남"},{"BusNo":"1-1","Type":"1","BlID":"6014","BusCityName":"안양"},{"BusNo":"9-3","Type":"1","BlID":"6022","BusCityName":"안양"},{"BusNo":"11-1","Type":"1","BlID":"6026","BusCityName":"안양"},{"BusNo":"11-2","Type":"1","BlID":"6027","BusCityName":"안양"},{"BusNo":"11-5","Type":"1","BlID":"6029","BusCityName":"안양"},{"BusNo":"777","Type":"1","BlID":"16015","BusCityName":"화성"},{"BusNo":"7001","Type":"4","BlID":"9585","BusCityName":"수원"},{"BusNo":"7000","Type":"4","BlID":"9592","BusCityName":"수원"},{"BusNo":"7002","Type":"4","BlID":"9604","BusCityName":"수원"},{"BusNo":"1550-3","Type":"4","BlID":"10055","BusCityName":"광주"},{"BusNo":"7007-1","Type":"4","BlID":"10072","BusCityName":"광주"},{"BusNo":"N15","Type":"11","BlID":"558","BusCityName":"서울"},{"BusNo":"502","Type":"11","BlID":"1358","BusCityName":"서울"},{"BusNo":"540","Type":"11","BlID":"1360","BusCityName":"서울"},{"BusNo":"4435","Type":"12","BlID":"595","BusCityName":"서울"},{"BusNo":"4212","Type":"12","BlID":"1055","BusCityName":"서울"},{"BusNo":"4318","Type":"12","BlID":"1711","BusCityName":"서울"},{"BusNo":"4319","Type":"12","BlID":"1810","BusCityName":"서울"}]}]}]}}}