{"result": {"stationName":"선바위","stationID":435,"type":4,"laneName":"수도권 4호선","laneCity":"수도권","x":127.0021738,"y":37.4518647,"prevOBJ": {"station": [{"stationName":"남태령","stationID":434,"type":4,"laneName":"수도권 4호선","laneCity":"수도권","x":126.9891115,"y":37.4642425}]},"nextOBJ": {"station": [{"stationName":"경마공원","stationID":436,"type":4,"laneName":"수도권 4호선","laneCity":"수도권","x":127.0079175,"y":37.4439926}]},"defaultInfo": {"address":"경기도 과천시 과천동 355","new_address":"경기도 과천시 중앙로 440","tel":"02-502-1356"},"useInfo": {"platform":2,"meetingPlace":0,"restroom":2,"offDoor":0,"crossOver":1,"publicPlace":0,"handicapCount":1,"parkingCount":1,"bicycleCount":1,"civilCount":0},"exitInfo": {"gate": [{"GateNo":"1","GateLink": ["양재방향"],"BUSSTOP": [{"StopName":"선바위역","StopID":"105199","Bus": [{"BusNo":"19","Type":"1","BlID":"6018","BusCityName":"안양"},{"BusNo":"917","Type":"1","BlID":"6025","BusCityName":"안양"},{"BusNo":"11-3","Type":"1","BlID":"6028","BusCityName":"안양"},{"BusNo":"6","Type":"1","BlID":"7518","BusCityName":"과천"},{"BusNo":"서초18","Type":"3","BlID":"1652","BusCityName":"서울"},{"BusNo":"7-1","Type":"3","BlID":"7502","BusCityName":"과천"},{"BusNo":"7-2","Type":"3","BlID":"7503","BusCityName":"과천"},{"BusNo":"3030","Type":"4","BlID":"6052","BusCityName":"안양"},{"BusNo":"7900","Type":"4","BlID":"9529","BusCityName":"수원"},{"BusNo":"3003","Type":"4","BlID":"9581","BusCityName":"수원"},{"BusNo":"3000","Type":"4","BlID":"9582","BusCityName":"수원"},{"BusNo":"6501","Type":"4","BlID":"10505","BusCityName":"광주"},{"BusNo":"3200","Type":"4","BlID":"11514","BusCityName":"시흥"},{"BusNo":"441","Type":"11","BlID":"1067","BusCityName":"서울"},{"BusNo":"541","Type":"11","BlID":"1068","BusCityName":"서울"},{"BusNo":"542","Type":"11","BlID":"1359","BusCityName":"서울"},{"BusNo":"4435","Type":"12","BlID":"595","BusCityName":"서울"},{"BusNo":"M6410","Type":"14","BlID":"6565","BusCityName":"안산"},{"BusNo":"M6405","Type":"14","BlID":"21005","BusCityName":"인천"},{"BusNo":"9100","Type":"14","BlID":"21132","BusCityName":"인천"},{"BusNo":"9200","Type":"14","BlID":"21133","BusCityName":"인천"},{"BusNo":"9300","Type":"14","BlID":"21151","BusCityName":"인천"},{"BusNo":"9201","Type":"14","BlID":"21165","BusCityName":"인천"},{"BusNo":"9301","Type":"14","BlID":"21253","BusCityName":"인천"}]}]},{"GateNo":"2","GateLink": ["과천등기소","과천동주민센터","인천방향"],"BUSSTOP": [{"StopName":"선바위역","StopID":"105196","Bus": [{"BusNo":"19","Type":"1","BlID":"6018","BusCityName":"안양"},{"BusNo":"917","Type":"1","BlID":"6025","BusCityName":"안양"},{"BusNo":"11-3","Type":"1","BlID":"6028","BusCityName":"안양"},{"BusNo":"6","Type":"1","BlID":"7518","BusCityName":"과천"},{"BusNo":"서초18","Type":"3","BlID":"1652","BusCityName":"서울"},{"BusNo":"7-1","Type":"3","BlID":"7502","BusCityName":"과천"},{"BusNo":"7-2","Type":"3","BlID":"7503","BusCityName":"과천"},{"BusNo":"3-1","Type":"3","BlID":"7519","BusCityName":"과천"},{"BusNo":"3030","Type":"4","BlID":"6052","BusCityName":"안양"},{"BusNo":"7900","Type":"4","BlID":"9529","BusCityName":"수원"},{"BusNo":"3003","Type":"4","BlID":"9581","BusCityName":"수원"},{"BusNo":"3000","Type":"4","BlID":"9582","BusCityName":"수원"},{"BusNo":"6501","Type":"4","BlID":"10505","BusCityName":"광주"},{"BusNo":"3200","Type":"4","BlID":"11514","BusCityName":"시흥"},{"BusNo":"441","Type":"11","BlID":"1067","BusCityName":"서울"},{"BusNo":"541","Type":"11","BlID":"1068","BusCityName":"서울"},{"BusNo":"542","Type":"11","BlID":"1359","BusCityName":"서울"},{"BusNo":"4435","Type":"12","BlID":"595","BusCityName":"서울"},{"BusNo":"M6410","Type":"14","BlID":"6565","BusCityName":"안산"},{"BusNo":"M6405","Type":"14","BlID":"21005","BusCityName":"인천"},{"BusNo":"9100","Type":"14","BlID":"21132","BusCityName":"인천"},{"BusNo":"9200","Type":"14","BlID":"21133","BusCityName":"인천"},{"BusNo":"9300","Type":"14","BlID":"21151","BusCityName":"인천"},{"BusNo":"9201","Type":"14","BlID":"21165","BusCityName":"인천"},{"BusNo":"9301","Type":"14","BlID":"21253","BusCityName":"인천"}]}]},{"GateNo":"3","GateLink": ["과천등기소","과천동주민센터"]},{"GateNo":"4","GateLink": ["서울경마공원"]},{"GateNo":"5","GateLink": ["서울경마공원"]},{"GateNo":"6","GateLink": ["과천시환경사업소"]}]}}}