{"result": {"stationName":"경마공원","stationID":436,"type":4,"laneName":"수도권 4호선","laneCity":"수도권","x":127.0079175,"y":37.4439926,"prevOBJ": {"station": [{"stationName":"선바위","stationID":435,"type":4,"laneName":"수도권 4호선","laneCity":"수도권","x":127.0021738,"y":37.4518647}]},"nextOBJ": {"station": [{"stationName":"대공원","stationID":437,"type":4,"laneName":"수도권 4호선","laneCity":"수도권","x":127.0064896,"y":37.4357359}]},"defaultInfo": {"address":"경기도 과천시 과천동 654","new_address":"경기도 과천시 경마공원대로 105","tel":"02-502-7892"},"useInfo": {"platform":2,"meetingPlace":0,"restroom":2,"offDoor":0,"crossOver":2,"publicPlace":0,"handicapCount":1,"parkingCount":1,"bicycleCount":1,"civilCount":0},"exitInfo": {"gate": [{"GateNo":"1","GateLink": ["서울경마공원"]},{"GateNo":"2","GateLink": ["서울경마공원"]},{"GateNo":"3","GateLink": ["주암소방파출소"]},{"GateNo":"4","GateLink": ["주암소방파출소"]},{"GateNo":"5","GateLink": ["궁말","꽃단지"]},{"GateNo":"6","GateLink": ["꽃단지"]}]}}}