{"result": {"stationName":"대공원","stationID":437,"type":4,"laneName":"수도권 4호선","laneCity":"수도권","x":127.0064896,"y":37.4357359,"prevOBJ": {"station": [{"stationName":"경마공원","stationID":436,"type":4,"laneName":"수도권 4호선","laneCity":"수도권","x":127.0079175,"y":37.4439926}]},"nextOBJ": {"station": [{"stationName":"과천","stationID":438,"type":4,"laneName":"수도권 4호선","laneCity":"수도권","x":126.996421,"y":37.4332181}]},"defaultInfo": {"address":"경기도 과천시 과천동 727-1","new_address":"경기도 과천시 대공원대로 50","tel":"02-502-5491"},"useInfo": {"platform":2,"meetingPlace":0,"restroom":2,"offDoor":0,"crossOver":2,"publicPlace":0,"handicapCount":1,"parkingCount":0,"bicycleCount":1,"civilCount":0},"exitInfo": {"gate": [{"GateNo":"1","GateLink": ["서울대공원 방면","서울랜드","국립현대미술관","대공원치안센터"]},{"GateNo":"2","GateLink": ["서울대공원 방면","서울랜드","국립현대미술관"]},{"GateNo":"3","GateLink": ["서울대공원 방면","서울랜드","국립현대미술관","복돌이동산 IT월드"]},{"GateNo":"4","GateLink": ["현대미술관 셔틀버스 정류장"]},{"GateNo":"5","GateLink": ["사당방면"]},{"GateNo":"6","GateLink": ["국립과천과학관"]}]}}}