{"result": {"stationName":"과천","stationID":438,"type":4,"laneName":"수도권 4호선","laneCity":"수도권","x":126.996421,"y":37.4332181,"prevOBJ": {"station": [{"stationName":"대공원","stationID":437,"type":4,"laneName":"수도권 4호선","laneCity":"수도권","x":127.0064896,"y":37.4357359}]},"nextOBJ": {"station": [{"stationName":"정부과천청사","stationID":439,"type":4,"laneName":"수도권 4호선","laneCity":"수도권","x":126.9897084,"y":37.4265382}]},"defaultInfo": {"address":"경기도 과천시 별양동 2","new_address":"경기도 과천시 별양로 177","tel":"02-3679-8831"},"useInfo": {"platform":2,"meetingPlace":0,"restroom":2,"offDoor":0,"crossOver":2,"publicPlace":0,"handicapCount":1,"parkingCount":0,"bicycleCount":1,"civilCount":0},"exitInfo": {"gate": [{"GateNo":"1","GateLink": ["과천주공8단지","과천주공 9단지"]},{"GateNo":"2","GateLink": ["과천주공 8단지","과천주공 9단지"],"BUSSTOP": [{"StopName":"8.9단지","StopID":"105140","Bus": [{"BusNo":"103","Type":"1","BlID":"5069","BusCityName":"성남"},{"BusNo":"9","Type":"1","BlID":"6010","BusCityName":"안양"},{"BusNo":"1-1","Type":"1","BlID":"6014","BusCityName":"안양"},{"BusNo":"917","Type":"1","BlID":"6025","BusCityName":"안양"},{"BusNo":"11-1","Type":"1","BlID":"6026","BusCityName":"안양"},{"BusNo":"11-2","Type":"1","BlID":"6027","BusCityName":"안양"},{"BusNo":"11-3","Type":"1","BlID":"6028","BusCityName":"안양"},{"BusNo":"11-5","Type":"1","BlID":"6029","BusCityName":"안양"},{"BusNo":"6","Type":"1","BlID":"7518","BusCityName":"과천"},{"BusNo":"777","Type":"1","BlID":"16015","BusCityName":"화성"},{"BusNo":"1","Type":"3","BlID":"7500","BusCityName":"과천"},{"BusNo":"7-2","Type":"3","BlID":"7503","BusCityName":"과천"},{"BusNo":"3-1","Type":"3","BlID":"7519","BusCityName":"과천"},{"BusNo":"3030","Type":"4","BlID":"6052","BusCityName":"안양"},{"BusNo":"7002","Type":"4","BlID":"9604","BusCityName":"수원"},{"BusNo":"1550-3","Type":"4","BlID":"10055","BusCityName":"광주"},{"BusNo":"7007-1","Type":"4","BlID":"10072","BusCityName":"광주"},{"BusNo":"8842","Type":"5","BlID":"10478","BusCityName":"광주"},{"BusNo":"441","Type":"11","BlID":"1067","BusCityName":"서울"},{"BusNo":"541","Type":"11","BlID":"1068","BusCityName":"서울"},{"BusNo":"502","Type":"11","BlID":"1358","BusCityName":"서울"},{"BusNo":"542","Type":"11","BlID":"1359","BusCityName":"서울"},{"BusNo":"540","Type":"11","BlID":"1360","BusCityName":"서울"}]}]},{"GateNo":"3","GateLink": ["과천주공 7단지","과천주공 6단지","문원동주민센터"]},{"GateNo":"4","GateLink": ["과천고등학교","청계초등학교","과천주공 5단지","경기도립과천도서관"]},{"GateNo":"5","GateLink": ["과천고등학교","청계초등학교","과천주공 5단지","경기도립과천도서관"]},{"GateNo":"6","GateLink": ["과천고등학교","청계초등학교","과천주공 5단지","경기도립과천도서관"],"BUSSTOP": [{"StopName":"경기도립과천도서관","StopID":"105121","Bus": [{"BusNo":"103","Type":"1","BlID":"5069","BusCityName":"성남"},{"BusNo":"9","Type":"1","BlID":"6010","BusCityName":"안양"},{"BusNo":"1-1","Type":"1","BlID":"6014","BusCityName":"안양"},{"BusNo":"917","Type":"1","BlID":"6025","BusCityName":"안양"},{"BusNo":"11-1","Type":"1","BlID":"6026","BusCityName":"안양"},{"BusNo":"11-2","Type":"1","BlID":"6027","BusCityName":"안양"},{"BusNo":"11-3","Type":"1","BlID":"6028","BusCityName":"안양"},{"BusNo":"11-5","Type":"1","BlID":"6029","BusCityName":"안양"},{"BusNo":"6","Type":"1","BlID":"7518","BusCityName":"과천"},{"BusNo":"777","Type":"1","BlID":"16015","BusCityName":"화성"},{"BusNo":"7-2","Type":"3","BlID":"7503","BusCityName":"과천"},{"BusNo":"3","Type":"3","BlID":"7515","BusCityName":"과천"},{"BusNo":"3-1","Type":"3","BlID":"7519","BusCityName":"과천"},{"BusNo":"5","Type":"3","BlID":"7520","BusCityName":"과천"},{"BusNo":"3030","Type":"4","BlID":"6052","BusCityName":"안양"},{"BusNo":"7002","Type":"4","BlID":"9604","BusCityName":"수원"},{"BusNo":"1550-3","Type":"4","BlID":"10055","BusCityName":"광주"},{"BusNo":"7007-1","Type":"4","BlID":"10072","BusCityName":"광주"},{"BusNo":"441","Type":"11","BlID":"1067","BusCityName":"서울"},{"BusNo":"541","Type":"11","BlID":"1068","BusCityName":"서울"},{"BusNo":"502","Type":"11","BlID":"1358","BusCityName":"서울"},{"BusNo":"542","Type":"11","BlID":"1359","BusCityName":"서울"},{"BusNo":"540","Type":"11","BlID":"1360","BusCityName":"서울"}]}]},{"GateNo":"7","GateLink": ["과천주공10단지","과천주공11단지","과천중학교","과천여자고등학교","과천경찰서","과천소방서","과천초등학교","과천지구대","중앙동주민센터","과천주공1단지","과천외국어고등학교","과천전화국","시민회관"],"BUSSTOP": [{"StopName":"경기도립과천도서관","StopID":"105116","Bus": [{"BusNo":"103","Type":"1","BlID":"5069","BusCityName":"성남"},{"BusNo":"1-1","Type":"1","BlID":"6014","BusCityName":"안양"},{"BusNo":"9-3","Type":"1","BlID":"6022","BusCityName":"안양"},{"BusNo":"917","Type":"1","BlID":"6025","BusCityName":"안양"},{"BusNo":"11-1","Type":"1","BlID":"6026","BusCityName":"안양"},{"BusNo":"11-2","Type":"1","BlID":"6027","BusCityName":"안양"},{"BusNo":"11-3","Type":"1","BlID":"6028","BusCityName":"안양"},{"BusNo":"11-5","Type":"1","BlID":"6029","BusCityName":"안양"},{"BusNo":"777","Type":"1","BlID":"16015","BusCityName":"화성"},{"BusNo":"3","Type":"3","BlID":"7515","BusCityName":"과천"},{"BusNo":"5","Type":"3","BlID":"7520","BusCityName":"과천"},{"BusNo":"3030","Type":"4","BlID":"6052","BusCityName":"안양"},{"BusNo":"7002","Type":"4","BlID":"9604","BusCityName":"수원"},{"BusNo":"1550-3","Type":"4","BlID":"10055","BusCityName":"광주"},{"BusNo":"7007-1","Type":"4","BlID":"10072","BusCityName":"광주"},{"BusNo":"441","Type":"11","BlID":"1067","BusCityName":"서울"},{"BusNo":"541","Type":"11","BlID":"1068","BusCityName":"서울"},{"BusNo":"502","Type":"11","BlID":"1358","BusCityName":"서울"},{"BusNo":"542","Type":"11","BlID":"1359","BusCityName":"서울"},{"BusNo":"540","Type":"11","BlID":"1360","BusCityName":"서울"}]},{"StopName":"10단지","StopID":"165847","Bus": [{"BusNo":"103","Type":"1","BlID":"5069","BusCityName":"성남"},{"BusNo":"1-1","Type":"1","BlID":"6014","BusCityName":"안양"},{"BusNo":"9-3","Type":"1","BlID":"6022","BusCityName":"안양"},{"BusNo":"917","Type":"1","BlID":"6025","BusCityName":"안양"},{"BusNo":"11-1","Type":"1","BlID":"6026","BusCityName":"안양"},{"BusNo":"11-2","Type":"1","BlID":"6027","BusCityName":"안양"},{"BusNo":"11-3","Type":"1","BlID":"6028","BusCityName":"안양"},{"BusNo":"11-5","Type":"1","BlID":"6029","BusCityName":"안양"},{"BusNo":"777","Type":"1","BlID":"16015","BusCityName":"화성"},{"BusNo":"2","Type":"3","BlID":"7514","BusCityName":"과천"},{"BusNo":"3030","Type":"4","BlID":"6052","BusCityName":"안양"},{"BusNo":"7002","Type":"4","BlID":"9604","BusCityName":"수원"},{"BusNo":"1550-3","Type":"4","BlID":"10055","BusCityName":"광주"},{"BusNo":"7007-1","Type":"4","BlID":"10072","BusCityName":"광주"},{"BusNo":"8842","Type":"5","BlID":"10478","BusCityName":"광주"},{"BusNo":"441","Type":"11","BlID":"1067","BusCityName":"서울"},{"BusNo":"541","Type":"11","BlID":"1068","BusCityName":"서울"},{"BusNo":"502","Type":"11","BlID":"1358","BusCityName":"서울"},{"BusNo":"542","Type":"11","BlID":"1359","BusCityName":"서울"},{"BusNo":"540","Type":"11","BlID":"1360","BusCityName":"서울"}]}]}]}}}