{"result": {"stationName":"정부과천청사","stationID":439,"type":4,"laneName":"수도권 4호선","laneCity":"수도권","x":126.9897084,"y":37.4265382,"prevOBJ": {"station": [{"stationName":"과천","stationID":438,"type":4,"laneName":"수도권 4호선","laneCity":"수도권","x":126.996421,"y":37.4332181}]},"nextOBJ": {"station": [{"stationName":"인덕원","stationID":440,"type":4,"laneName":"수도권 4호선","laneCity":"수도권","x":126.9768351,"y":37.4019097}]},"defaultInfo": {"address":"경기도 과천시 별양동 1","new_address":"경기도 과천시 중앙로 100","tel":"02-503-2265"},"useInfo": {"platform":2,"meetingPlace":0,"restroom":2,"offDoor":0,"crossOver":2,"publicPlace":0,"handicapCount":1,"parkingCount":0,"bicycleCount":1,"civilCount":0},"exitInfo": {"gate": [{"GateNo":"1","GateLink": ["과천주공4.5.6단지.중앙공원","호텔.금융가"]},{"GateNo":"2","GateLink": ["과천주공 2단지","별양동주민센터"],"BUSSTOP": [{"StopName":"정부과천청사","StopID":"105031","Bus": [{"BusNo":"103","Type":"1","BlID":"5069","BusCityName":"성남"},{"BusNo":"9","Type":"1","BlID":"6010","BusCityName":"안양"},{"BusNo":"1-1","Type":"1","BlID":"6014","BusCityName":"안양"},{"BusNo":"917","Type":"1","BlID":"6025","BusCityName":"안양"},{"BusNo":"11-1","Type":"1","BlID":"6026","BusCityName":"안양"},{"BusNo":"11-2","Type":"1","BlID":"6027","BusCityName":"안양"},{"BusNo":"11-3","Type":"1","BlID":"6028","BusCityName":"안양"},{"BusNo":"11-5","Type":"1","BlID":"6029","BusCityName":"안양"},{"BusNo":"777","Type":"1","BlID":"16015","BusCityName":"화성"},{"BusNo":"2","Type":"3","BlID":"7514","BusCityName":"과천"},{"BusNo":"3030","Type":"4","BlID":"6052","BusCityName":"안양"},{"BusNo":"7002","Type":"4","BlID":"9604","BusCityName":"수원"},{"BusNo":"1550-3","Type":"4","BlID":"10055","BusCityName":"광주"},{"BusNo":"7007-1","Type":"4","BlID":"10072","BusCityName":"광주"},{"BusNo":"8842","Type":"5","BlID":"10478","BusCityName":"광주"},{"BusNo":"441","Type":"11","BlID":"1067","BusCityName":"서울"},{"BusNo":"541","Type":"11","BlID":"1068","BusCityName":"서울"},{"BusNo":"502","Type":"11","BlID":"1358","BusCityName":"서울"},{"BusNo":"542","Type":"11","BlID":"1359","BusCityName":"서울"},{"BusNo":"540","Type":"11","BlID":"1360","BusCityName":"서울"}]}]},{"GateNo":"3","GateLink": ["안양.인덕원 방면 버스타는 곳","가로쉼터 소공원"]},{"GateNo":"4","GateLink": ["과천우체국","문원초중교.서울방면버스타는곳","별양치안센터"]},{"GateNo":"5","GateLink": ["과천주공2.3단지","시립정보과학도서관"]},{"GateNo":"6","GateLink": ["한국수자원공사","과천중앙고등학교"]},{"GateNo":"7","GateLink": ["정부과천청사","잔디마당"]},{"GateNo":"8","GateLink": ["정부과천청사","청사로.관문로"]},{"GateNo":"9","GateLink": ["안양.인덕원 방면 버스타는 곳","가로쉼터 소공원"],"BUSSTOP": [{"StopName":"정부과천청사","StopID":"105029","Bus": [{"BusNo":"103","Type":"1","BlID":"5069","BusCityName":"성남"},{"BusNo":"1-1","Type":"1","BlID":"6014","BusCityName":"안양"},{"BusNo":"9-3","Type":"1","BlID":"6022","BusCityName":"안양"},{"BusNo":"917","Type":"1","BlID":"6025","BusCityName":"안양"},{"BusNo":"11-1","Type":"1","BlID":"6026","BusCityName":"안양"},{"BusNo":"11-2","Type":"1","BlID":"6027","BusCityName":"안양"},{"BusNo":"11-3","Type":"1","BlID":"6028","BusCityName":"안양"},{"BusNo":"11-5","Type":"1","BlID":"6029","BusCityName":"안양"},{"BusNo":"777","Type":"1","BlID":"16015","BusCityName":"화성"},{"BusNo":"1","Type":"3","BlID":"7500","BusCityName":"과천"},{"BusNo":"3030","Type":"4","BlID":"6052","BusCityName":"안양"},{"BusNo":"7002","Type":"4","BlID":"9604","BusCityName":"수원"},{"BusNo":"1550-3","Type":"4","BlID":"10055","BusCityName":"광주"},{"BusNo":"7007-1","Type":"4","BlID":"10072","BusCityName":"광주"},{"BusNo":"8842","Type":"5","BlID":"10478","BusCityName":"광주"},{"BusNo":"441","Type":"11","BlID":"1067","BusCityName":"서울"},{"BusNo":"541","Type":"11","BlID":"1068","BusCityName":"서울"},{"BusNo":"502","Type":"11","BlID":"1358","BusCityName":"서울"},{"BusNo":"542","Type":"11","BlID":"1359","BusCityName":"서울"},{"BusNo":"540","Type":"11","BlID":"1360","BusCityName":"서울"}]}]},{"GateNo":"10","GateLink": ["시민회관.과천시보건소","과천시청.과천시의회"],"BUSSTOP": [{"StopName":"시민회관","StopID":"202854","Bus": [{"BusNo":"6","Type":"1","BlID":"7518","BusCityName":"과천"},{"BusNo":"1","Type":"3","BlID":"7500","BusCityName":"과천"},{"BusNo":"7-2","Type":"3","BlID":"7503","BusCityName":"과천"},{"BusNo":"3","Type":"3","BlID":"7515","BusCityName":"과천"},{"BusNo":"3-1","Type":"3","BlID":"7519","BusCityName":"과천"},{"BusNo":"5","Type":"3","BlID":"7520","BusCityName":"과천"}]},{"StopName":"과천시청","StopID":"202875","Bus": [{"BusNo":"6","Type":"1","BlID":"7518","BusCityName":"과천"},{"BusNo":"7-1","Type":"3","BlID":"7502","BusCityName":"과천"},{"BusNo":"7-2","Type":"3","BlID":"7503","BusCityName":"과천"},{"BusNo":"3","Type":"3","BlID":"7515","BusCityName":"과천"},{"BusNo":"3-1","Type":"3","BlID":"7519","BusCityName":"과천"},{"BusNo":"5","Type":"3","BlID":"7520","BusCityName":"과천"}]},{"StopName":"과천시청","StopID":"202876","Bus": [{"BusNo":"6","Type":"1","BlID":"7518","BusCityName":"과천"},{"BusNo":"7-2","Type":"3","BlID":"7503","BusCityName":"과천"},{"BusNo":"3","Type":"3","BlID":"7515","BusCityName":"과천"},{"BusNo":"3-1","Type":"3","BlID":"7519","BusCityName":"과천"},{"BusNo":"5","Type":"3","BlID":"7520","BusCityName":"과천"}]}]},{"GateNo":"11","GateLink": ["과천소방서","과천경찰서","한국통신","과천주공1단지","관악산등산로"],"BUSSTOP": [{"StopName":"KT과천지사","StopID":"105054","Bus": [{"BusNo":"103","Type":"1","BlID":"5069","BusCityName":"성남"},{"BusNo":"1-1","Type":"1","BlID":"6014","BusCityName":"안양"},{"BusNo":"9-3","Type":"1","BlID":"6022","BusCityName":"안양"},{"BusNo":"917","Type":"1","BlID":"6025","BusCityName":"안양"},{"BusNo":"11-1","Type":"1","BlID":"6026","BusCityName":"안양"},{"BusNo":"11-2","Type":"1","BlID":"6027","BusCityName":"안양"},{"BusNo":"11-3","Type":"1","BlID":"6028","BusCityName":"안양"},{"BusNo":"11-5","Type":"1","BlID":"6029","BusCityName":"안양"},{"BusNo":"777","Type":"1","BlID":"16015","BusCityName":"화성"},{"BusNo":"3","Type":"3","BlID":"7515","BusCityName":"과천"},{"BusNo":"5","Type":"3","BlID":"7520","BusCityName":"과천"},{"BusNo":"3030","Type":"4","BlID":"6052","BusCityName":"안양"},{"BusNo":"7002","Type":"4","BlID":"9604","BusCityName":"수원"},{"BusNo":"1550-3","Type":"4","BlID":"10055","BusCityName":"광주"},{"BusNo":"7007-1","Type":"4","BlID":"10072","BusCityName":"광주"},{"BusNo":"441","Type":"11","BlID":"1067","BusCityName":"서울"},{"BusNo":"541","Type":"11","BlID":"1068","BusCityName":"서울"},{"BusNo":"502","Type":"11","BlID":"1358","BusCityName":"서울"},{"BusNo":"542","Type":"11","BlID":"1359","BusCityName":"서울"},{"BusNo":"540","Type":"11","BlID":"1360","BusCityName":"서울"}]},{"StopName":"KT과천지사","StopID":"105059","Bus": [{"BusNo":"103","Type":"1","BlID":"5069","BusCityName":"성남"},{"BusNo":"9","Type":"1","BlID":"6010","BusCityName":"안양"},{"BusNo":"1-1","Type":"1","BlID":"6014","BusCityName":"안양"},{"BusNo":"917","Type":"1","BlID":"6025","BusCityName":"안양"},{"BusNo":"11-1","Type":"1","BlID":"6026","BusCityName":"안양"},{"BusNo":"11-2","Type":"1","BlID":"6027","BusCityName":"안양"},{"BusNo":"11-3","Type":"1","BlID":"6028","BusCityName":"안양"},{"BusNo":"11-5","Type":"1","BlID":"6029","BusCityName":"안양"},{"BusNo":"6","Type":"1","BlID":"7518","BusCityName":"과천"},{"BusNo":"777","Type":"1","BlID":"16015","BusCityName":"화성"},{"BusNo":"3030","Type":"4","BlID":"6052","BusCityName":"안양"},{"BusNo":"7002","Type":"4","BlID":"9604","BusCityName":"수원"},{"BusNo":"1550-3","Type":"4","BlID":"10055","BusCityName":"광주"},{"BusNo":"7007-1","Type":"4","BlID":"10072","BusCityName":"광주"},{"BusNo":"441","Type":"11","BlID":"1067","BusCityName":"서울"},{"BusNo":"541","Type":"11","BlID":"1068","BusCityName":"서울"},{"BusNo":"502","Type":"11","BlID":"1358","BusCityName":"서울"},{"BusNo":"542","Type":"11","BlID":"1359","BusCityName":"서울"},{"BusNo":"540","Type":"11","BlID":"1360","BusCityName":"서울"}]},{"StopName":"소방서앞","StopID":"202867","Bus": [{"BusNo":"2","Type":"3","BlID":"7514","BusCityName":"과천"}]},{"StopName":"KT과천지사","StopID":"202877","Bus": [{"BusNo":"7-2","Type":"3","BlID":"7503","BusCityName":"과천"},{"BusNo":"3","Type":"3","BlID":"7515","BusCityName":"과천"},{"BusNo":"3-1","Type":"3","BlID":"7519","BusCityName":"과천"},{"BusNo":"5","Type":"3","BlID":"7520","BusCityName":"과천"}]}]}]}}}