{"result": {"stationName":"인덕원","stationID":440,"type":4,"laneName":"수도권 4호선","laneCity":"수도권","x":126.9768351,"y":37.4019097,"prevOBJ": {"station": [{"stationName":"정부과천청사","stationID":439,"type":4,"laneName":"수도권 4호선","laneCity":"수도권","x":126.9897084,"y":37.4265382}]},"nextOBJ": {"station": [{"stationName":"평촌","stationID":441,"type":4,"laneName":"수도권 4호선","laneCity":"수도권","x":126.9638935,"y":37.3943543}]},"defaultInfo": {"address":"경기도 안양시 동안구 관양동 1563","new_address":"경기도 안양시 동안구 흥안대로 529","tel":"031-422-7788"},"useInfo": {"platform":2,"meetingPlace":0,"restroom":2,"offDoor":0,"crossOver":2,"publicPlace":0,"handicapCount":1,"parkingCount":1,"bicycleCount":1,"civilCount":0},"exitInfo": {"gate": [{"GateNo":"1","GateLink": ["인덕원환승주차장","정신문화원","인덕원고등학교"],"BUSSTOP": [{"StopName":"인덕원역4호선","StopID":"185660","Bus": [{"BusNo":"103","Type":"1","BlID":"5069","BusCityName":"성남"},{"BusNo":"6-3","Type":"1","BlID":"6004","BusCityName":"안양"},{"BusNo":"80","Type":"1","BlID":"6012","BusCityName":"안양"},{"BusNo":"1-1","Type":"1","BlID":"6014","BusCityName":"안양"},{"BusNo":"22","Type":"1","BlID":"6033","BusCityName":"안양"},{"BusNo":"1-5","Type":"1","BlID":"6051","BusCityName":"안양"},{"BusNo":"303","Type":"1","BlID":"10632","BusCityName":"광주"},{"BusNo":"7002","Type":"4","BlID":"9604","BusCityName":"수원"},{"BusNo":"1550-3","Type":"4","BlID":"10055","BusCityName":"광주"},{"BusNo":"1303","Type":"4","BlID":"10095","BusCityName":"광주"}]}]},{"GateNo":"2","GateLink": ["인덕원지구대","삼성아파트"],"BUSSTOP": [{"StopName":"인덕원역4호선","StopID":"185659","Bus": [{"BusNo":"103","Type":"1","BlID":"5069","BusCityName":"성남"},{"BusNo":"6-3","Type":"1","BlID":"6004","BusCityName":"안양"},{"BusNo":"80","Type":"1","BlID":"6012","BusCityName":"안양"},{"BusNo":"1-1","Type":"1","BlID":"6014","BusCityName":"안양"},{"BusNo":"1","Type":"1","BlID":"6015","BusCityName":"안양"},{"BusNo":"22","Type":"1","BlID":"6033","BusCityName":"안양"},{"BusNo":"1-5","Type":"1","BlID":"6051","BusCityName":"안양"},{"BusNo":"303","Type":"1","BlID":"10632","BusCityName":"광주"},{"BusNo":"12","Type":"3","BlID":"18901","BusCityName":"의왕"},{"BusNo":"13","Type":"3","BlID":"18902","BusCityName":"의왕"},{"BusNo":"05-1","Type":"3","BlID":"18918","BusCityName":"의왕"},{"BusNo":"10","Type":"3","BlID":"18921","BusCityName":"의왕"},{"BusNo":"10-1","Type":"3","BlID":"18922","BusCityName":"의왕"},{"BusNo":"05","Type":"3","BlID":"18925","BusCityName":"의왕"},{"BusNo":"06-1","Type":"3","BlID":"18933","BusCityName":"의왕"},{"BusNo":"06","Type":"3","BlID":"18935","BusCityName":"의왕"},{"BusNo":"7002","Type":"4","BlID":"9604","BusCityName":"수원"},{"BusNo":"1550-3","Type":"4","BlID":"10055","BusCityName":"광주"},{"BusNo":"1303","Type":"4","BlID":"10095","BusCityName":"광주"}]}]},{"GateNo":"3","GateLink": ["인덕원초등학교"],"BUSSTOP": [{"StopName":"인덕원역4호선","StopID":"104785","Bus": [{"BusNo":"777","Type":"1","BlID":"16015","BusCityName":"화성"},{"BusNo":"8","Type":"3","BlID":"6068","BusCityName":"안양"},{"BusNo":"441","Type":"11","BlID":"1067","BusCityName":"서울"},{"BusNo":"502","Type":"11","BlID":"1358","BusCityName":"서울"},{"BusNo":"540","Type":"11","BlID":"1360","BusCityName":"서울"}]}]},{"GateNo":"4","GateLink": ["백운중고등학교","인덕원초등학교","인덕원파출소","학의천"],"BUSSTOP": [{"StopName":"인덕원사거리.인덕원역","StopID":"104757","Bus": [{"BusNo":"51","Type":"1","BlID":"6001","BusCityName":"안양"},{"BusNo":"8-1","Type":"1","BlID":"6007","BusCityName":"안양"},{"BusNo":"60-1","Type":"1","BlID":"6008","BusCityName":"안양"},{"BusNo":"1","Type":"1","BlID":"6015","BusCityName":"안양"},{"BusNo":"8","Type":"1","BlID":"6023","BusCityName":"안양"},{"BusNo":"22","Type":"1","BlID":"6033","BusCityName":"안양"},{"BusNo":"1-5","Type":"1","BlID":"6051","BusCityName":"안양"},{"BusNo":"777","Type":"1","BlID":"16015","BusCityName":"화성"},{"BusNo":"8","Type":"3","BlID":"6068","BusCityName":"안양"},{"BusNo":"12","Type":"3","BlID":"18901","BusCityName":"의왕"},{"BusNo":"441","Type":"11","BlID":"1067","BusCityName":"서울"},{"BusNo":"502","Type":"11","BlID":"1358","BusCityName":"서울"},{"BusNo":"540","Type":"11","BlID":"1360","BusCityName":"서울"}]}]},{"GateNo":"5","GateLink": ["인덕원중학교","관양2동주민센터"]},{"GateNo":"6","GateLink": ["인덕원중학교","관양2동주민센터"]},{"GateNo":"7","GateLink": ["한미아파트","대도아파트"],"BUSSTOP": [{"StopName":"인덕원역4호선","StopID":"104746","Bus": [{"BusNo":"51","Type":"1","BlID":"6001","BusCityName":"안양"},{"BusNo":"8-1","Type":"1","BlID":"6007","BusCityName":"안양"},{"BusNo":"60-1","Type":"1","BlID":"6008","BusCityName":"안양"},{"BusNo":"8","Type":"1","BlID":"6023","BusCityName":"안양"}]}]},{"GateNo":"8","GateLink": ["동안치안센터","관양동우체국"],"BUSSTOP": [{"StopName":"인덕원역4호선","StopID":"104747","Bus": [{"BusNo":"51","Type":"1","BlID":"6001","BusCityName":"안양"},{"BusNo":"6-3","Type":"1","BlID":"6004","BusCityName":"안양"},{"BusNo":"8-1","Type":"1","BlID":"6007","BusCityName":"안양"},{"BusNo":"60-1","Type":"1","BlID":"6008","BusCityName":"안양"},{"BusNo":"80","Type":"1","BlID":"6012","BusCityName":"안양"},{"BusNo":"9-3","Type":"1","BlID":"6022","BusCityName":"안양"},{"BusNo":"8","Type":"1","BlID":"6023","BusCityName":"안양"},{"BusNo":"917","Type":"1","BlID":"6025","BusCityName":"안양"},{"BusNo":"11-1","Type":"1","BlID":"6026","BusCityName":"안양"},{"BusNo":"11-2","Type":"1","BlID":"6027","BusCityName":"안양"},{"BusNo":"11-3","Type":"1","BlID":"6028","BusCityName":"안양"},{"BusNo":"11-5","Type":"1","BlID":"6029","BusCityName":"안양"},{"BusNo":"303","Type":"1","BlID":"10632","BusCityName":"광주"},{"BusNo":"8","Type":"3","BlID":"6068","BusCityName":"안양"},{"BusNo":"3030","Type":"4","BlID":"6052","BusCityName":"안양"},{"BusNo":"1303","Type":"4","BlID":"10095","BusCityName":"광주"},{"BusNo":"541","Type":"11","BlID":"1068","BusCityName":"서울"},{"BusNo":"542","Type":"11","BlID":"1359","BusCityName":"서울"}]}]}]}}}