{"result": {"stationName":"평촌","stationID":441,"type":4,"laneName":"수도권 4호선","laneCity":"수도권","x":126.9638935,"y":37.3943543,"prevOBJ": {"station": [{"stationName":"인덕원","stationID":440,"type":4,"laneName":"수도권 4호선","laneCity":"수도권","x":126.9768351,"y":37.4019097}]},"nextOBJ": {"station": [{"stationName":"범계","stationID":442,"type":4,"laneName":"수도권 4호선","laneCity":"수도권","x":126.950766,"y":37.3897965}]},"defaultInfo": {"address":"경기도 안양시 동안구 부림동 1608-1","new_address":"경기도 안양시 동안구 부림로 123","tel":"031-383-7788"},"useInfo": {"platform":2,"meetingPlace":0,"restroom":2,"offDoor":0,"crossOver":2,"publicPlace":0,"handicapCount":1,"parkingCount":0,"bicycleCount":1,"civilCount":0},"exitInfo": {"gate": [{"GateNo":"1","GateLink": ["부림동우체국","동안고등학교","평안동치안센터","동안초등학교","평안동주민센터","평촌중학교","안양직업전문학교","한림대학교 성심병원"],"BUSSTOP": [{"StopName":"평촌역","StopID":"185750","Bus": [{"BusNo":"1","Type":"1","BlID":"6015","BusCityName":"안양"},{"BusNo":"52","Type":"1","BlID":"6034","BusCityName":"안양"},{"BusNo":"52-1","Type":"1","BlID":"6048","BusCityName":"안양"},{"BusNo":"5-1","Type":"3","BlID":"6054","BusCityName":"안양"},{"BusNo":"7","Type":"3","BlID":"6062","BusCityName":"안양"},{"BusNo":"5","Type":"3","BlID":"6063","BusCityName":"안양"},{"BusNo":"5-5","Type":"3","BlID":"6064","BusCityName":"안양"},{"BusNo":"6-1","Type":"3","BlID":"6066","BusCityName":"안양"},{"BusNo":"10-1","Type":"3","BlID":"6067","BusCityName":"안양"},{"BusNo":"6(한가람삼성아파트행)","Type":"3","BlID":"6072","BusCityName":"안양"}]}]},{"GateNo":"2","GateLink": ["한국석유공사","안양소방서","안양교육청","안양시청","시립평촌도서관","부림동주민센터","부안중학교","한국건설교통기술평가원","외환은행 평촌지점","농림수산식품기술기획평가원","토마토저축은행 평촌지점","안양검찰청","안양법원","동안양세무서"],"BUSSTOP": [{"StopName":"법원검찰청.평촌역","StopID":"116871","Bus": [{"BusNo":"6-3","Type":"1","BlID":"6004","BusCityName":"안양"},{"BusNo":"6","Type":"1","BlID":"6017","BusCityName":"안양"},{"BusNo":"22","Type":"1","BlID":"6033","BusCityName":"안양"},{"BusNo":"8","Type":"3","BlID":"6068","BusCityName":"안양"}]}]},{"GateNo":"3","GateLink": ["법무법인샘"],"BUSSTOP": [{"StopName":"평촌역","StopID":"185751","Bus": [{"BusNo":"1","Type":"1","BlID":"6015","BusCityName":"안양"},{"BusNo":"52","Type":"1","BlID":"6034","BusCityName":"안양"},{"BusNo":"52-1","Type":"1","BlID":"6048","BusCityName":"안양"},{"BusNo":"5-1","Type":"3","BlID":"6054","BusCityName":"안양"},{"BusNo":"7","Type":"3","BlID":"6062","BusCityName":"안양"},{"BusNo":"5","Type":"3","BlID":"6063","BusCityName":"안양"},{"BusNo":"5-5","Type":"3","BlID":"6064","BusCityName":"안양"},{"BusNo":"10-1","Type":"3","BlID":"6067","BusCityName":"안양"},{"BusNo":"6(샛별한양아파트행)","Type":"3","BlID":"6073","BusCityName":"안양"}]}]},{"GateNo":"4","GateLink": ["초원마을","GS파워"]}]}}}