{"result": {"stationName":"범계","stationID":442,"type":4,"laneName":"수도권 4호선","laneCity":"수도권","x":126.950766,"y":37.3897965,"prevOBJ": {"station": [{"stationName":"평촌","stationID":441,"type":4,"laneName":"수도권 4호선","laneCity":"수도권","x":126.9638935,"y":37.3943543}]},"nextOBJ": {"station": [{"stationName":"금정","stationID":443,"type":4,"laneName":"수도권 4호선","laneCity":"수도권","x":126.9435809,"y":37.3722699}]},"defaultInfo": {"address":"경기도 안양시 동안구 호계동 1039-2","new_address":"경기도 안양시 동안구 동안로 130","tel":"031-384-7788"},"useInfo": {"platform":2,"meetingPlace":0,"restroom":2,"offDoor":0,"crossOver":1,"publicPlace":0,"handicapCount":1,"parkingCount":0,"bicycleCount":1,"civilCount":0},"exitInfo": {"gate": [{"GateNo":"1","GateLink": ["제일저축은행 평촌지점","평촌 하나은행"],"BUSSTOP": [{"StopName":"엔씨백화점","StopID":"113224","Bus": [{"BusNo":"6","Type":"1","BlID":"6017","BusCityName":"안양"},{"BusNo":"8","Type":"3","BlID":"6068","BusCityName":"안양"},{"BusNo":"333","Type":"4","BlID":"5032","BusCityName":"성남"},{"BusNo":"3330","Type":"4","BlID":"5063","BusCityName":"성남"},{"BusNo":"1303","Type":"4","BlID":"10095","BusCityName":"광주"}]},{"StopName":"국민은행.엔씨백화점","StopID":"113225","Bus": [{"BusNo":"6-3","Type":"1","BlID":"6004","BusCityName":"안양"},{"BusNo":"6","Type":"1","BlID":"6017","BusCityName":"안양"},{"BusNo":"301","Type":"1","BlID":"9528","BusCityName":"수원"},{"BusNo":"5-1","Type":"3","BlID":"6054","BusCityName":"안양"},{"BusNo":"10-1","Type":"3","BlID":"6067","BusCityName":"안양"},{"BusNo":"8","Type":"3","BlID":"6068","BusCityName":"안양"},{"BusNo":"333","Type":"4","BlID":"5032","BusCityName":"성남"},{"BusNo":"3330","Type":"4","BlID":"5063","BusCityName":"성남"},{"BusNo":"1303","Type":"4","BlID":"10095","BusCityName":"광주"}]}]},{"GateNo":"2","GateLink": ["평촌 안양전화국","안양시청"]},{"GateNo":"3","GateLink": ["범계초등학교"],"BUSSTOP": [{"StopName":"롯데백화점.범계역.엔씨백화점","StopID":"183646","Bus": [{"BusNo":"5-2","Type":"1","BlID":"6002","BusCityName":"안양"},{"BusNo":"3","Type":"1","BlID":"6003","BusCityName":"안양"},{"BusNo":"6-3","Type":"1","BlID":"6004","BusCityName":"안양"},{"BusNo":"10","Type":"1","BlID":"6011","BusCityName":"안양"},{"BusNo":"1","Type":"1","BlID":"6015","BusCityName":"안양"},{"BusNo":"60","Type":"1","BlID":"6024","BusCityName":"안양"},{"BusNo":"917","Type":"1","BlID":"6025","BusCityName":"안양"},{"BusNo":"11-5","Type":"1","BlID":"6029","BusCityName":"안양"}]}]},{"GateNo":"4","GateLink": ["혈액원"],"BUSSTOP": [{"StopName":"롯데백화점.범계역.엔씨백화점(중)","StopID":"115112","Bus": [{"BusNo":"301","Type":"1","BlID":"9528","BusCityName":"수원"},{"BusNo":"300","Type":"2","BlID":"9515","BusCityName":"수원"},{"BusNo":"5-3","Type":"3","BlID":"6056","BusCityName":"안양"},{"BusNo":"6-2","Type":"3","BlID":"6059","BusCityName":"안양"},{"BusNo":"7","Type":"3","BlID":"6062","BusCityName":"안양"},{"BusNo":"5","Type":"3","BlID":"6063","BusCityName":"안양"},{"BusNo":"10-2","Type":"3","BlID":"6065","BusCityName":"안양"},{"BusNo":"6-1","Type":"3","BlID":"6066","BusCityName":"안양"},{"BusNo":"6(샛별한양아파트행)","Type":"3","BlID":"6073","BusCityName":"안양"},{"BusNo":"03","Type":"3","BlID":"18934","BusCityName":"의왕"}]}]},{"GateNo":"4-1","GateLink": ["평촌고등학교","범계초등학교","범계중학교","자유공원"]},{"GateNo":"5","GateLink": ["목련마을"]},{"GateNo":"6","GateLink": ["호계초등학교","신동아아파트","선경아파트","동아아파트"],"BUSSTOP": [{"StopName":"범계사거리.호평지하도","StopID":"184869","Bus": [{"BusNo":"6-3","Type":"1","BlID":"6004","BusCityName":"안양"},{"BusNo":"6","Type":"1","BlID":"6017","BusCityName":"안양"},{"BusNo":"301","Type":"1","BlID":"9528","BusCityName":"수원"},{"BusNo":"900","Type":"1","BlID":"9660","BusCityName":"수원"},{"BusNo":"300","Type":"2","BlID":"9515","BusCityName":"수원"},{"BusNo":"1650","Type":"4","BlID":"10023","BusCityName":"광주"}]}]},{"GateNo":"7","GateLink": ["부흥고등학교","청구아파트"]},{"GateNo":"8","GateLink": ["동안경찰서","부흥동주민센터"],"BUSSTOP": [{"StopName":"롯데백화점.엔씨백화점.범계역.동안경찰서","StopID":"104023","Bus": [{"BusNo":"6-3","Type":"1","BlID":"6004","BusCityName":"안양"},{"BusNo":"1","Type":"1","BlID":"6015","BusCityName":"안양"},{"BusNo":"6","Type":"1","BlID":"6017","BusCityName":"안양"},{"BusNo":"917","Type":"1","BlID":"6025","BusCityName":"안양"},{"BusNo":"11-5","Type":"1","BlID":"6029","BusCityName":"안양"},{"BusNo":"10-2","Type":"3","BlID":"6065","BusCityName":"안양"},{"BusNo":"10-1","Type":"3","BlID":"6067","BusCityName":"안양"},{"BusNo":"8","Type":"3","BlID":"6068","BusCityName":"안양"},{"BusNo":"333","Type":"4","BlID":"5032","BusCityName":"성남"},{"BusNo":"3330","Type":"4","BlID":"5063","BusCityName":"성남"},{"BusNo":"3030","Type":"4","BlID":"6052","BusCityName":"안양"},{"BusNo":"1303","Type":"4","BlID":"10095","BusCityName":"광주"},{"BusNo":"8407","Type":"6","BlID":"6566","BusCityName":"안산"},{"BusNo":"8906","Type":"6","BlID":"10240","BusCityName":"광주"},{"BusNo":"542","Type":"11","BlID":"1359","BusCityName":"서울"},{"BusNo":"8458","Type":"22","BlID":"10645","BusCityName":"광주"},{"BusNo":"8839","Type":"22","BlID":"11134","BusCityName":"용인"}]},{"StopName":"롯데백화점.범계역","StopID":"104027","Bus": [{"BusNo":"6-3","Type":"1","BlID":"6004","BusCityName":"안양"},{"BusNo":"10","Type":"1","BlID":"6011","BusCityName":"안양"},{"BusNo":"1","Type":"1","BlID":"6015","BusCityName":"안양"},{"BusNo":"6","Type":"1","BlID":"6017","BusCityName":"안양"},{"BusNo":"917","Type":"1","BlID":"6025","BusCityName":"안양"},{"BusNo":"11-5","Type":"1","BlID":"6029","BusCityName":"안양"},{"BusNo":"301","Type":"1","BlID":"9528","BusCityName":"수원"},{"BusNo":"300","Type":"2","BlID":"9515","BusCityName":"수원"},{"BusNo":"10-2","Type":"3","BlID":"6065","BusCityName":"안양"},{"BusNo":"10-1","Type":"3","BlID":"6067","BusCityName":"안양"},{"BusNo":"333","Type":"4","BlID":"5032","BusCityName":"성남"},{"BusNo":"3330","Type":"4","BlID":"5063","BusCityName":"성남"},{"BusNo":"3030","Type":"4","BlID":"6052","BusCityName":"안양"},{"BusNo":"1303","Type":"4","BlID":"10095","BusCityName":"광주"},{"BusNo":"8407","Type":"6","BlID":"6566","BusCityName":"안산"},{"BusNo":"8906","Type":"6","BlID":"10240","BusCityName":"광주"},{"BusNo":"542","Type":"11","BlID":"1359","BusCityName":"서울"}]}]}]}}}