{"result": {"stationName":"산본","stationID":444,"type":4,"laneName":"수도권 4호선","laneCity":"수도권","x":126.9329775,"y":37.3580281,"prevOBJ": {"station": [{"stationName":"금정","stationID":443,"type":4,"laneName":"수도권 4호선","laneCity":"수도권","x":126.9435809,"y":37.3722699}]},"nextOBJ": {"station": [{"stationName":"수리산","stationID":445,"type":4,"laneName":"수도권 4호선","laneCity":"수도권","x":126.9255469,"y":37.3503108}]},"defaultInfo": {"address":"경기도 군포시 산본동 1231","new_address":"경기도 군포시 번영로 504","tel":"1544-7788"},"useInfo": {"platform":2,"meetingPlace":0,"restroom":2,"offDoor":0,"crossOver":2,"publicPlace":0,"handicapCount":1,"parkingCount":1,"bicycleCount":0,"civilCount":0},"exitInfo": {"gate": [{"GateNo":"1","GateLink": ["군포우체국","군포등기소","군포경찰서","군포전화국","군포교육청","군포시청","광정초등학교","재궁동주민센터","금정소방파출소","원광대학교산본병원"]},{"GateNo":"2","GateLink": ["도장중학교","흥진중학교","흥진고등학교","신흥초등학교","흥진초등학교","산본공업고등학교"]},{"GateNo":"3","GateLink": ["광정동주민센터","엘림복지회","중앙공원"],"BUSSTOP": [{"StopName":"군포시청","StopID":"103542","Bus": [{"BusNo":"87","Type":"1","BlID":"6006","BusCityName":"안양"},{"BusNo":"15-2","Type":"1","BlID":"6020","BusCityName":"안양"},{"BusNo":"3-1","Type":"1","BlID":"6047","BusCityName":"안양"},{"BusNo":"9","Type":"3","BlID":"18702","BusCityName":"군포"},{"BusNo":"1","Type":"3","BlID":"18709","BusCityName":"군포"},{"BusNo":"6","Type":"3","BlID":"18710","BusCityName":"군포"},{"BusNo":"6-1","Type":"3","BlID":"18711","BusCityName":"군포"},{"BusNo":"2","Type":"3","BlID":"18712","BusCityName":"군포"},{"BusNo":"3","Type":"3","BlID":"18715","BusCityName":"군포"},{"BusNo":"3030","Type":"4","BlID":"6052","BusCityName":"안양"},{"BusNo":"3101","Type":"4","BlID":"6561","BusCityName":"안산"},{"BusNo":"6501","Type":"4","BlID":"10505","BusCityName":"광주"},{"BusNo":"3500","Type":"4","BlID":"10596","BusCityName":"광주"},{"BusNo":"8407","Type":"6","BlID":"6566","BusCityName":"안산"},{"BusNo":"542","Type":"11","BlID":"1359","BusCityName":"서울"},{"BusNo":"5530","Type":"12","BlID":"1122","BusCityName":"서울"},{"BusNo":"8467","Type":"22","BlID":"6585","BusCityName":"안산"},{"BusNo":"8426","Type":"22","BlID":"10581","BusCityName":"광주"}]},{"StopName":"군포시청.산본역","StopID":"103565","Bus": [{"BusNo":"87","Type":"1","BlID":"6006","BusCityName":"안양"},{"BusNo":"15-2","Type":"1","BlID":"6020","BusCityName":"안양"},{"BusNo":"3-1","Type":"1","BlID":"6047","BusCityName":"안양"},{"BusNo":"330","Type":"2","BlID":"16007","BusCityName":"화성"},{"BusNo":"1","Type":"3","BlID":"18709","BusCityName":"군포"},{"BusNo":"6","Type":"3","BlID":"18710","BusCityName":"군포"},{"BusNo":"2","Type":"3","BlID":"18712","BusCityName":"군포"},{"BusNo":"7","Type":"3","BlID":"18713","BusCityName":"군포"},{"BusNo":"3","Type":"3","BlID":"18715","BusCityName":"군포"},{"BusNo":"3030","Type":"4","BlID":"6052","BusCityName":"안양"},{"BusNo":"3101","Type":"4","BlID":"6561","BusCityName":"안산"},{"BusNo":"6501","Type":"4","BlID":"10505","BusCityName":"광주"},{"BusNo":"3500","Type":"4","BlID":"10596","BusCityName":"광주"},{"BusNo":"8407","Type":"6","BlID":"6566","BusCityName":"안산"},{"BusNo":"542","Type":"11","BlID":"1359","BusCityName":"서울"},{"BusNo":"5530","Type":"12","BlID":"1122","BusCityName":"서울"},{"BusNo":"8467","Type":"22","BlID":"6585","BusCityName":"안산"},{"BusNo":"8426","Type":"22","BlID":"10581","BusCityName":"광주"}]},{"StopName":"산본역","StopID":"113163","Bus": [{"BusNo":"87","Type":"1","BlID":"6006","BusCityName":"안양"},{"BusNo":"88","Type":"1","BlID":"6009","BusCityName":"안양"},{"BusNo":"15-2","Type":"1","BlID":"6020","BusCityName":"안양"},{"BusNo":"11-2","Type":"1","BlID":"6027","BusCityName":"안양"},{"BusNo":"3-1","Type":"1","BlID":"6047","BusCityName":"안양"},{"BusNo":"10","Type":"3","BlID":"18701","BusCityName":"군포"},{"BusNo":"9","Type":"3","BlID":"18702","BusCityName":"군포"},{"BusNo":"5","Type":"3","BlID":"18708","BusCityName":"군포"},{"BusNo":"1","Type":"3","BlID":"18709","BusCityName":"군포"},{"BusNo":"6-1","Type":"3","BlID":"18711","BusCityName":"군포"},{"BusNo":"2","Type":"3","BlID":"18712","BusCityName":"군포"},{"BusNo":"3-1","Type":"3","BlID":"18714","BusCityName":"군포"},{"BusNo":"3","Type":"3","BlID":"18715","BusCityName":"군포"},{"BusNo":"6501","Type":"4","BlID":"10505","BusCityName":"광주"},{"BusNo":"3500","Type":"4","BlID":"10596","BusCityName":"광주"}]}]},{"GateNo":"4","GateLink": ["금정중학교","군포고등학교","군포시민운동장","주공1.2.3.4.5단지"],"BUSSTOP": [{"StopName":"산본역","StopID":"180042","Bus": [{"BusNo":"87","Type":"1","BlID":"6006","BusCityName":"안양"},{"BusNo":"88","Type":"1","BlID":"6009","BusCityName":"안양"},{"BusNo":"15-2","Type":"1","BlID":"6020","BusCityName":"안양"},{"BusNo":"11-2","Type":"1","BlID":"6027","BusCityName":"안양"},{"BusNo":"3-1","Type":"1","BlID":"6047","BusCityName":"안양"},{"BusNo":"10","Type":"3","BlID":"18701","BusCityName":"군포"},{"BusNo":"5","Type":"3","BlID":"18708","BusCityName":"군포"},{"BusNo":"1","Type":"3","BlID":"18709","BusCityName":"군포"},{"BusNo":"2","Type":"3","BlID":"18712","BusCityName":"군포"},{"BusNo":"7","Type":"3","BlID":"18713","BusCityName":"군포"},{"BusNo":"3-1","Type":"3","BlID":"18714","BusCityName":"군포"},{"BusNo":"3","Type":"3","BlID":"18715","BusCityName":"군포"},{"BusNo":"6501","Type":"4","BlID":"10505","BusCityName":"광주"},{"BusNo":"3500","Type":"4","BlID":"10596","BusCityName":"광주"}]}]}]}}}