{"result": {"stationName":"수리산","stationID":445,"type":4,"laneName":"수도권 4호선","laneCity":"수도권","x":126.9255469,"y":37.3503108,"prevOBJ": {"station": [{"stationName":"산본","stationID":444,"type":4,"laneName":"수도권 4호선","laneCity":"수도권","x":126.9329775,"y":37.3580281}]},"nextOBJ": {"station": [{"stationName":"대야미","stationID":446,"type":4,"laneName":"수도권 4호선","laneCity":"수도권","x":126.9171714,"y":37.3283115}]},"defaultInfo": {"address":"경기도 군포시 산본동 1231-1","new_address":"경기도 군포시 번영로 385","tel":"1544-7788"},"useInfo": {"platform":2,"meetingPlace":0,"restroom":2,"offDoor":0,"crossOver":2,"publicPlace":1,"handicapCount":1,"parkingCount":0,"bicycleCount":0,"civilCount":0},"exitInfo": {"gate": [{"GateNo":"1","GateLink": ["도장우체국","군포소방서","주공4단지","오금초등학교","흥진초중고등학교","오금주민센터","화산초등학교"],"BUSSTOP": [{"StopName":"수리산역","StopID":"103234","Bus": [{"BusNo":"88","Type":"1","BlID":"6009","BusCityName":"안양"},{"BusNo":"917","Type":"1","BlID":"6025","BusCityName":"안양"},{"BusNo":"11-2","Type":"1","BlID":"6027","BusCityName":"안양"},{"BusNo":"11-5","Type":"1","BlID":"6029","BusCityName":"안양"},{"BusNo":"31-7","Type":"1","BlID":"6528","BusCityName":"안산"},{"BusNo":"9","Type":"3","BlID":"18702","BusCityName":"군포"},{"BusNo":"5","Type":"3","BlID":"18708","BusCityName":"군포"},{"BusNo":"7","Type":"3","BlID":"18713","BusCityName":"군포"},{"BusNo":"541","Type":"11","BlID":"1068","BusCityName":"서울"},{"BusNo":"540","Type":"11","BlID":"1360","BusCityName":"서울"},{"BusNo":"5530","Type":"12","BlID":"1122","BusCityName":"서울"}]}]},{"GateNo":"2","GateLink": ["도장초등학교"]},{"GateNo":"3","GateLink": ["도장파출소","수리고등학교","능내초등학교"],"BUSSTOP": [{"StopName":"수리산역.5단지","StopID":"103241","Bus": [{"BusNo":"88","Type":"1","BlID":"6009","BusCityName":"안양"},{"BusNo":"917","Type":"1","BlID":"6025","BusCityName":"안양"},{"BusNo":"11-2","Type":"1","BlID":"6027","BusCityName":"안양"},{"BusNo":"11-5","Type":"1","BlID":"6029","BusCityName":"안양"},{"BusNo":"31-7","Type":"1","BlID":"6528","BusCityName":"안산"},{"BusNo":"9","Type":"3","BlID":"18702","BusCityName":"군포"},{"BusNo":"5","Type":"3","BlID":"18708","BusCityName":"군포"},{"BusNo":"7","Type":"3","BlID":"18713","BusCityName":"군포"},{"BusNo":"541","Type":"11","BlID":"1068","BusCityName":"서울"},{"BusNo":"540","Type":"11","BlID":"1360","BusCityName":"서울"},{"BusNo":"5530","Type":"12","BlID":"1122","BusCityName":"서울"}]},{"StopName":"5단지아파트입구","StopID":"103251","Bus": [{"BusNo":"88","Type":"1","BlID":"6009","BusCityName":"안양"},{"BusNo":"917","Type":"1","BlID":"6025","BusCityName":"안양"},{"BusNo":"11-2","Type":"1","BlID":"6027","BusCityName":"안양"},{"BusNo":"11-5","Type":"1","BlID":"6029","BusCityName":"안양"},{"BusNo":"31-7","Type":"1","BlID":"6528","BusCityName":"안산"},{"BusNo":"9","Type":"3","BlID":"18702","BusCityName":"군포"},{"BusNo":"5","Type":"3","BlID":"18708","BusCityName":"군포"},{"BusNo":"7","Type":"3","BlID":"18713","BusCityName":"군포"},{"BusNo":"541","Type":"11","BlID":"1068","BusCityName":"서울"},{"BusNo":"540","Type":"11","BlID":"1360","BusCityName":"서울"},{"BusNo":"5530","Type":"12","BlID":"1122","BusCityName":"서울"}]},{"StopName":"군포소방서","StopID":"103263","Bus": [{"BusNo":"88","Type":"1","BlID":"6009","BusCityName":"안양"},{"BusNo":"917","Type":"1","BlID":"6025","BusCityName":"안양"},{"BusNo":"11-2","Type":"1","BlID":"6027","BusCityName":"안양"},{"BusNo":"11-5","Type":"1","BlID":"6029","BusCityName":"안양"},{"BusNo":"31-7","Type":"1","BlID":"6528","BusCityName":"안산"},{"BusNo":"9","Type":"3","BlID":"18702","BusCityName":"군포"},{"BusNo":"5","Type":"3","BlID":"18708","BusCityName":"군포"},{"BusNo":"7","Type":"3","BlID":"18713","BusCityName":"군포"},{"BusNo":"541","Type":"11","BlID":"1068","BusCityName":"서울"},{"BusNo":"540","Type":"11","BlID":"1360","BusCityName":"서울"},{"BusNo":"5530","Type":"12","BlID":"1122","BusCityName":"서울"}]}]}]}}}