{"result": {"stationName":"대야미","stationID":446,"type":4,"laneName":"수도권 4호선","laneCity":"수도권","x":126.9171714,"y":37.3283115,"prevOBJ": {"station": [{"stationName":"수리산","stationID":445,"type":4,"laneName":"수도권 4호선","laneCity":"수도권","x":126.9255469,"y":37.3503108}]},"nextOBJ": {"station": [{"stationName":"반월","stationID":447,"type":4,"laneName":"수도권 4호선","laneCity":"수도권","x":126.9036947,"y":37.3122566}]},"defaultInfo": {"address":"경기도 군포시 대야미동 229-1","new_address":"경기도 군포시 대야1로 28","tel":"1544-7788"},"useInfo": {"platform":2,"meetingPlace":0,"restroom":2,"offDoor":0,"crossOver":2,"publicPlace":0,"handicapCount":1,"parkingCount":0,"bicycleCount":0,"civilCount":0},"exitInfo": {"gate": [{"GateNo":"1","GateLink": ["건양아파트","한국도로공사군포지사","목화6차빌라","대야미E편한세상","신안아파트","신안실크밸리"],"BUSSTOP": [{"StopName":"대야미역","StopID":"165818","Bus": [{"BusNo":"20","Type":"1","BlID":"6031","BusCityName":"안양"},{"BusNo":"99","Type":"1","BlID":"6512","BusCityName":"안산"},{"BusNo":"6","Type":"3","BlID":"18710","BusCityName":"군포"},{"BusNo":"6-1","Type":"3","BlID":"18711","BusCityName":"군포"}]}]},{"GateNo":"2","GateLink": ["둔대초등학교","대야동주민센터","군포대야초등학교"]}]}}}