{"result": {"stationName":"반월","stationID":447,"type":4,"laneName":"수도권 4호선","laneCity":"수도권","x":126.9036947,"y":37.3122566,"prevOBJ": {"station": [{"stationName":"대야미","stationID":446,"type":4,"laneName":"수도권 4호선","laneCity":"수도권","x":126.9171714,"y":37.3283115}]},"nextOBJ": {"station": [{"stationName":"상록수","stationID":448,"type":4,"laneName":"수도권 4호선","laneCity":"수도권","x":126.8663929,"y":37.3028768}]},"defaultInfo": {"address":"경기도 안산시 상록구 건건동 산 62-1","new_address":"경기도 안산시 상록구 건건로 119-10","tel":"1544-7788"},"useInfo": {"platform":2,"meetingPlace":0,"restroom":2,"offDoor":0,"crossOver":2,"publicPlace":0,"handicapCount":1,"parkingCount":1,"bicycleCount":1,"civilCount":0},"exitInfo": {"gate": [{"GateNo":"1","GateLink": ["경기모바일과학고등학교","반월중학교","반월초등학교","반월동주민센터","반월우체국","반월소방파출소","서해아파트","인정프린스아파트","대림E편한세상"],"BUSSTOP": [{"StopName":"반월역","StopID":"118531","Bus": [{"BusNo":"99","Type":"1","BlID":"6512","BusCityName":"안산"},{"BusNo":"66","Type":"1","BlID":"6527","BusCityName":"안산"},{"BusNo":"8-1","Type":"1","BlID":"6575","BusCityName":"안산"},{"BusNo":"340","Type":"1","BlID":"16016","BusCityName":"화성"},{"BusNo":"330","Type":"2","BlID":"16007","BusCityName":"화성"},{"BusNo":"8467","Type":"22","BlID":"6585","BusCityName":"안산"}]},{"StopName":"반월역앞","StopID":"157528","Bus": [{"BusNo":"99","Type":"1","BlID":"6512","BusCityName":"안산"},{"BusNo":"66","Type":"1","BlID":"6527","BusCityName":"안산"},{"BusNo":"8-1","Type":"1","BlID":"6575","BusCityName":"안산"},{"BusNo":"340","Type":"1","BlID":"16016","BusCityName":"화성"},{"BusNo":"330","Type":"2","BlID":"16007","BusCityName":"화성"},{"BusNo":"330-1","Type":"2","BlID":"16018","BusCityName":"화성"},{"BusNo":"8467","Type":"22","BlID":"6585","BusCityName":"안산"}]}]}]}}}