{"result": {"stationName":"상록수","stationID":448,"type":4,"laneName":"수도권 4호선","laneCity":"수도권","x":126.8663929,"y":37.3028768,"prevOBJ": {"station": [{"stationName":"반월","stationID":447,"type":4,"laneName":"수도권 4호선","laneCity":"수도권","x":126.9036947,"y":37.3122566}]},"nextOBJ": {"station": [{"stationName":"한대앞","stationID":449,"type":4,"laneName":"수도권 4호선","laneCity":"수도권","x":126.8536674,"y":37.3096926}]},"defaultInfo": {"address":"경기도 안산시 상록구 본오동 1177","new_address":"경기도 안산시 상록구 상록수로 61","tel":"1544-7788"},"useInfo": {"platform":2,"meetingPlace":0,"restroom":2,"offDoor":0,"crossOver":2,"publicPlace":0,"handicapCount":1,"parkingCount":1,"bicycleCount":1,"civilCount":0},"exitInfo": {"gate": [{"GateNo":"1","GateLink": ["본오3동주민센터","상록수우체국","상록초등학교","본오지구대","매화초등학교","상록중학교","본오초등학교","일동우체국","본오2동주민센터"],"BUSSTOP": [{"StopName":"상록수역","StopID":"114357","Bus": [{"BusNo":"52","Type":"1","BlID":"6509","BusCityName":"안산"},{"BusNo":"101","Type":"1","BlID":"6513","BusCityName":"안산"},{"BusNo":"10","Type":"1","BlID":"6550","BusCityName":"안산"},{"BusNo":"31","Type":"1","BlID":"6555","BusCityName":"안산"}]},{"StopName":"상록수역앞","StopID":"114358","Bus": [{"BusNo":"52","Type":"1","BlID":"6509","BusCityName":"안산"},{"BusNo":"101","Type":"1","BlID":"6513","BusCityName":"안산"},{"BusNo":"31","Type":"1","BlID":"6555","BusCityName":"안산"}]}]},{"GateNo":"2","GateLink": ["중앙병원","안산대학교","성호이익선생묘"],"BUSSTOP": [{"StopName":"상록수역","StopID":"180973","Bus": [{"BusNo":"125","Type":"1","BlID":"6508","BusCityName":"안산"},{"BusNo":"99-1","Type":"1","BlID":"6510","BusCityName":"안산"},{"BusNo":"76","Type":"1","BlID":"6514","BusCityName":"안산"},{"BusNo":"71","Type":"1","BlID":"6518","BusCityName":"안산"},{"BusNo":"66","Type":"1","BlID":"6527","BusCityName":"안산"},{"BusNo":"33","Type":"1","BlID":"6530","BusCityName":"안산"},{"BusNo":"511","Type":"1","BlID":"6534","BusCityName":"안산"},{"BusNo":"71-2","Type":"1","BlID":"6538","BusCityName":"안산"},{"BusNo":"71-1","Type":"1","BlID":"6547","BusCityName":"안산"},{"BusNo":"11","Type":"1","BlID":"9557","BusCityName":"수원"},{"BusNo":"23","Type":"1","BlID":"11502","BusCityName":"시흥"},{"BusNo":"21","Type":"1","BlID":"11503","BusCityName":"시흥"},{"BusNo":"301","Type":"2","BlID":"6526","BusCityName":"안산"}]},{"StopName":"상록수역","StopID":"180974","Bus": [{"BusNo":"125","Type":"1","BlID":"6508","BusCityName":"안산"},{"BusNo":"99-1","Type":"1","BlID":"6510","BusCityName":"안산"},{"BusNo":"76","Type":"1","BlID":"6514","BusCityName":"안산"},{"BusNo":"71","Type":"1","BlID":"6518","BusCityName":"안산"},{"BusNo":"66","Type":"1","BlID":"6527","BusCityName":"안산"},{"BusNo":"33","Type":"1","BlID":"6530","BusCityName":"안산"},{"BusNo":"511","Type":"1","BlID":"6534","BusCityName":"안산"},{"BusNo":"71-2","Type":"1","BlID":"6538","BusCityName":"안산"},{"BusNo":"71-1","Type":"1","BlID":"6547","BusCityName":"안산"},{"BusNo":"11","Type":"1","BlID":"9557","BusCityName":"수원"},{"BusNo":"23","Type":"1","BlID":"11502","BusCityName":"시흥"},{"BusNo":"21","Type":"1","BlID":"11503","BusCityName":"시흥"},{"BusNo":"301","Type":"2","BlID":"6526","BusCityName":"안산"}]}]}]}}}