{"result": {"stationName":"한대앞","stationID":449,"type":4,"laneName":"수도권 4호선","laneCity":"수도권","x":126.8536674,"y":37.3096926,"prevOBJ": {"station": [{"stationName":"상록수","stationID":448,"type":4,"laneName":"수도권 4호선","laneCity":"수도권","x":126.8663929,"y":37.3028768}]},"nextOBJ": {"station": [{"stationName":"중앙","stationID":450,"type":4,"laneName":"수도권 4호선","laneCity":"수도권","x":126.8385434,"y":37.316069}]},"defaultInfo": {"address":"경기도 안산시 상록구 이동 211-5","new_address":"경기도 안산시 상록구 충장로 337","tel":"1544-7788"},"useInfo": {"platform":2,"meetingPlace":0,"restroom":1,"offDoor":0,"crossOver":2,"publicPlace":0,"handicapCount":1,"parkingCount":1,"bicycleCount":1,"civilCount":0},"exitInfo": {"gate": [{"GateNo":"1","GateLink": ["안산농수산물도매시장","이동주민센터","구룡공원","매화초교","월피동","성포동","농수산물도매시장","안산운전면허시험장"],"BUSSTOP": [{"StopName":"한대앞역","StopID":"114272","Bus": [{"BusNo":"125","Type":"1","BlID":"6508","BusCityName":"안산"},{"BusNo":"52","Type":"1","BlID":"6509","BusCityName":"안산"},{"BusNo":"101","Type":"1","BlID":"6513","BusCityName":"안산"},{"BusNo":"66","Type":"1","BlID":"6527","BusCityName":"안산"},{"BusNo":"33","Type":"1","BlID":"6530","BusCityName":"안산"},{"BusNo":"511","Type":"1","BlID":"6534","BusCityName":"안산"},{"BusNo":"31","Type":"1","BlID":"6555","BusCityName":"안산"},{"BusNo":"11","Type":"1","BlID":"9557","BusCityName":"수원"},{"BusNo":"23","Type":"1","BlID":"11502","BusCityName":"시흥"}]},{"StopName":"한대앞역","StopID":"114273","Bus": [{"BusNo":"125","Type":"1","BlID":"6508","BusCityName":"안산"},{"BusNo":"52","Type":"1","BlID":"6509","BusCityName":"안산"},{"BusNo":"101","Type":"1","BlID":"6513","BusCityName":"안산"},{"BusNo":"66","Type":"1","BlID":"6527","BusCityName":"안산"},{"BusNo":"33","Type":"1","BlID":"6530","BusCityName":"안산"},{"BusNo":"511","Type":"1","BlID":"6534","BusCityName":"안산"},{"BusNo":"31","Type":"1","BlID":"6555","BusCityName":"안산"},{"BusNo":"11","Type":"1","BlID":"9557","BusCityName":"수원"},{"BusNo":"23","Type":"1","BlID":"11502","BusCityName":"시흥"}]}]},{"GateNo":"2","GateLink": ["주공아파트3단지","성안초등학교","주공아파트5단지","주공아파트4단지","한양대학교안산캠퍼스","주공아파트2단지","성안중학교","성안고등학교","고향마을 1단지","석호초등학교","송호고등학교"],"BUSSTOP": [{"StopName":"한대앞역","StopID":"114619","Bus": [{"BusNo":"76","Type":"1","BlID":"6514","BusCityName":"안산"}]},{"StopName":"주공1단지","StopID":"114620","Bus": [{"BusNo":"76","Type":"1","BlID":"6514","BusCityName":"안산"}]},{"StopName":"메가넥스.한대역","StopID":"179364","Bus": [{"BusNo":"4-1","Type":"1","BlID":"6573","BusCityName":"안산"}]}]}]}}}