{"result": {"stationName":"중앙","stationID":450,"type":4,"laneName":"수도권 4호선","laneCity":"수도권","x":126.8385434,"y":37.316069,"prevOBJ": {"station": [{"stationName":"한대앞","stationID":449,"type":4,"laneName":"수도권 4호선","laneCity":"수도권","x":126.8536674,"y":37.3096926}]},"nextOBJ": {"station": [{"stationName":"고잔","stationID":451,"type":4,"laneName":"수도권 4호선","laneCity":"수도권","x":126.8231093,"y":37.3168358}]},"defaultInfo": {"address":"경기도 안산시 단원구 고잔동 167-378","new_address":"경기도 안산시 단원구 중앙대로 918","tel":"1544-7788"},"useInfo": {"platform":2,"meetingPlace":0,"restroom":1,"offDoor":0,"crossOver":2,"publicPlace":0,"handicapCount":1,"parkingCount":1,"bicycleCount":1,"civilCount":0},"exitInfo": {"gate": [{"GateNo":"1","GateLink": ["안산시외버스터미널","안산우체국","안산경찰서","안산시청","고잔2치안센터","서울예술대학"],"BUSSTOP": [{"StopName":"중앙역건너편","StopID":"114407","Bus": [{"BusNo":"99-1","Type":"1","BlID":"6510","BusCityName":"안산"},{"BusNo":"77","Type":"1","BlID":"6517","BusCityName":"안산"},{"BusNo":"314","Type":"1","BlID":"6519","BusCityName":"안산"},{"BusNo":"35","Type":"1","BlID":"6533","BusCityName":"안산"},{"BusNo":"123","Type":"1","BlID":"6536","BusCityName":"안산"},{"BusNo":"3-1","Type":"1","BlID":"6572","BusCityName":"안산"},{"BusNo":"20","Type":"1","BlID":"11506","BusCityName":"시흥"}]},{"StopName":"중앙역앞","StopID":"114408","Bus": [{"BusNo":"62","Type":"1","BlID":"6507","BusCityName":"안산"},{"BusNo":"99-1","Type":"1","BlID":"6510","BusCityName":"안산"},{"BusNo":"76","Type":"1","BlID":"6514","BusCityName":"안산"},{"BusNo":"77","Type":"1","BlID":"6517","BusCityName":"안산"},{"BusNo":"71","Type":"1","BlID":"6518","BusCityName":"안산"},{"BusNo":"314","Type":"1","BlID":"6519","BusCityName":"안산"},{"BusNo":"35","Type":"1","BlID":"6533","BusCityName":"안산"},{"BusNo":"123","Type":"1","BlID":"6536","BusCityName":"안산"},{"BusNo":"71-2","Type":"1","BlID":"6538","BusCityName":"안산"},{"BusNo":"78-1","Type":"1","BlID":"6545","BusCityName":"안산"},{"BusNo":"71-1","Type":"1","BlID":"6547","BusCityName":"안산"},{"BusNo":"10","Type":"1","BlID":"6550","BusCityName":"안산"},{"BusNo":"31","Type":"1","BlID":"6555","BusCityName":"안산"},{"BusNo":"88","Type":"1","BlID":"6569","BusCityName":"안산"},{"BusNo":"3-1","Type":"1","BlID":"6572","BusCityName":"안산"},{"BusNo":"20","Type":"1","BlID":"11506","BusCityName":"시흥"}]}]},{"GateNo":"2","GateLink": ["송호중학교","주공아파트 6단지","주공아파트 8단지","주공아파트 9단지","한국산업안전보건공단 경기서부지도원"]}]}}}