{"result": {"stationName":"고잔","stationID":451,"type":4,"laneName":"수도권 4호선","laneCity":"수도권","x":126.8231093,"y":37.3168358,"prevOBJ": {"station": [{"stationName":"중앙","stationID":450,"type":4,"laneName":"수도권 4호선","laneCity":"수도권","x":126.8385434,"y":37.316069}]},"nextOBJ": {"station": [{"stationName":"초지","stationID":452,"type":4,"laneName":"수도권 4호선","laneCity":"수도권","x":126.8061609,"y":37.3205949}]},"defaultInfo": {"address":"경기도 안산시 단원구 고잔동 453-67","new_address":"경기도 안산시 단원구 중앙대로 784","tel":"1544-7788"},"useInfo": {"platform":2,"meetingPlace":0,"restroom":1,"offDoor":0,"crossOver":2,"publicPlace":0,"handicapCount":1,"parkingCount":1,"bicycleCount":1,"civilCount":0},"exitInfo": {"gate": [{"GateNo":"1","GateLink": ["안산와스타디움","안산시청","안산경찰서","안산고용노동지청","농어촌진흥공사","안산우체국","안산전화국","안산상공회의소","안산교육청","안산세무서","안산문화예술의전당","경기도미술관","안산보호관찰소"],"BUSSTOP": [{"StopName":"고잔역건너편","StopID":"114488","Bus": [{"BusNo":"97","Type":"1","BlID":"6544","BusCityName":"안산"},{"BusNo":"6-1","Type":"1","BlID":"6574","BusCityName":"안산"}]},{"StopName":"고잔역앞","StopID":"114489","Bus": [{"BusNo":"99-1","Type":"1","BlID":"6510","BusCityName":"안산"},{"BusNo":"98","Type":"1","BlID":"6511","BusCityName":"안산"},{"BusNo":"97","Type":"1","BlID":"6544","BusCityName":"안산"},{"BusNo":"500","Type":"1","BlID":"6553","BusCityName":"안산"},{"BusNo":"6-1","Type":"1","BlID":"6574","BusCityName":"안산"}]}]},{"GateNo":"2","GateLink": ["고잔 4차 푸르지오 아파트","법원","검찰청","진흥초등학교","대우아파트 3차","주공아파트 6차","주공아파트 11단지","주공아파트 12단지"],"BUSSTOP": [{"StopName":"고잔역뒤편","StopID":"114420","Bus": [{"BusNo":"99-1","Type":"1","BlID":"6510","BusCityName":"안산"},{"BusNo":"98","Type":"1","BlID":"6511","BusCityName":"안산"},{"BusNo":"97","Type":"1","BlID":"6544","BusCityName":"안산"},{"BusNo":"500","Type":"1","BlID":"6553","BusCityName":"안산"}]}]}]}}}