{"result": {"stationName":"초지","stationID":452,"type":4,"laneName":"수도권 4호선","laneCity":"수도권","x":126.8061609,"y":37.3205949,"prevOBJ": {"station": [{"stationName":"고잔","stationID":451,"type":4,"laneName":"수도권 4호선","laneCity":"수도권","x":126.8231093,"y":37.3168358}]},"nextOBJ": {"station": [{"stationName":"안산","stationID":453,"type":4,"laneName":"수도권 4호선","laneCity":"수도권","x":126.7887621,"y":37.327014}]},"defaultInfo": {"address":"경기도 안산시 단원구 초지동 27-1","new_address":"경기도 안산시 단원구 중앙대로 620","tel":"1544-7788"},"useInfo": {"platform":2,"meetingPlace":0,"restroom":1,"offDoor":0,"crossOver":2,"publicPlace":0,"handicapCount":1,"parkingCount":0,"bicycleCount":1,"civilCount":0},"exitInfo": {"gate": [{"GateNo":"1","GateLink": ["시민시장","초지동주민센터","초지종합사회복지관","군자주공1단지","군자주공2단지","관산초등학교","군자주공4단지","중소기업연수원","단원구청","경기도 미술관","신안산대학교"],"BUSSTOP": [{"StopName":"초지역","StopID":"114623","Bus": [{"BusNo":"501B","Type":"1","BlID":"6505","BusCityName":"안산"},{"BusNo":"77","Type":"1","BlID":"6517","BusCityName":"안산"},{"BusNo":"123","Type":"1","BlID":"6536","BusCityName":"안산"},{"BusNo":"1-1","Type":"1","BlID":"6570","BusCityName":"안산"}]},{"StopName":"초지역","StopID":"114624","Bus": [{"BusNo":"77","Type":"1","BlID":"6517","BusCityName":"안산"},{"BusNo":"123","Type":"1","BlID":"6536","BusCityName":"안산"},{"BusNo":"501A","Type":"1","BlID":"6552","BusCityName":"안산"},{"BusNo":"1-1","Type":"1","BlID":"6570","BusCityName":"안산"}]}]}]}}}