{"result": {"stationName":"안산","stationID":453,"type":4,"laneName":"수도권 4호선","laneCity":"수도권","x":126.7887621,"y":37.327014,"prevOBJ": {"station": [{"stationName":"초지","stationID":452,"type":4,"laneName":"수도권 4호선","laneCity":"수도권","x":126.8061609,"y":37.3205949}]},"nextOBJ": {"station": [{"stationName":"신길온천","stationID":454,"type":4,"laneName":"수도권 4호선","laneCity":"수도권","x":126.7673219,"y":37.3374974}]},"defaultInfo": {"address":"경기도 안산시 단원구 원곡동 377-1","new_address":"경기도 안산시 단원구 중앙대로 462","tel":"1544-7788"},"useInfo": {"platform":2,"meetingPlace":0,"restroom":2,"offDoor":2,"crossOver":2,"publicPlace":0,"handicapCount":1,"parkingCount":1,"bicycleCount":1,"civilCount":0},"exitInfo": {"gate": [{"GateNo":"1","GateLink": ["원곡본동주민센터","원곡초등학교","원곡지구대","원선치안센터","원곡1동주민센터"],"BUSSTOP": [{"StopName":"안산역","StopID":"100487","Bus": [{"BusNo":"22","Type":"1","BlID":"6501","BusCityName":"안산"},{"BusNo":"30-2","Type":"1","BlID":"6502","BusCityName":"안산"},{"BusNo":"30","Type":"1","BlID":"6503","BusCityName":"안산"},{"BusNo":"55","Type":"1","BlID":"6504","BusCityName":"안산"},{"BusNo":"30-7","Type":"1","BlID":"6506","BusCityName":"안산"},{"BusNo":"52","Type":"1","BlID":"6509","BusCityName":"안산"},{"BusNo":"99","Type":"1","BlID":"6512","BusCityName":"안산"},{"BusNo":"101","Type":"1","BlID":"6513","BusCityName":"안산"},{"BusNo":"76","Type":"1","BlID":"6514","BusCityName":"안산"},{"BusNo":"61","Type":"1","BlID":"6521","BusCityName":"안산"},{"BusNo":"1","Type":"1","BlID":"6522","BusCityName":"안산"},{"BusNo":"33-2","Type":"1","BlID":"6525","BusCityName":"안산"},{"BusNo":"66","Type":"1","BlID":"6527","BusCityName":"안산"},{"BusNo":"123","Type":"1","BlID":"6536","BusCityName":"안산"},{"BusNo":"33-1","Type":"1","BlID":"6554","BusCityName":"안산"},{"BusNo":"5","Type":"1","BlID":"6562","BusCityName":"안산"},{"BusNo":"23","Type":"1","BlID":"11502","BusCityName":"시흥"},{"BusNo":"99-2","Type":"1","BlID":"11527","BusCityName":"시흥"},{"BusNo":"7002","Type":"5","BlID":"6537","BusCityName":"안산"},{"BusNo":"7000","Type":"5","BlID":"6557","BusCityName":"안산"},{"BusNo":"700","Type":"22","BlID":"6582","BusCityName":"안산"},{"BusNo":"737","Type":"22","BlID":"6583","BusCityName":"안산"},{"BusNo":"8467","Type":"22","BlID":"6585","BusCityName":"안산"},{"BusNo":"8855","Type":"22","BlID":"6592","BusCityName":"광주"}]},{"StopName":"안산역","StopID":"100503","Bus": [{"BusNo":"22","Type":"1","BlID":"6501","BusCityName":"안산"},{"BusNo":"30-2","Type":"1","BlID":"6502","BusCityName":"안산"},{"BusNo":"30","Type":"1","BlID":"6503","BusCityName":"안산"},{"BusNo":"55","Type":"1","BlID":"6504","BusCityName":"안산"},{"BusNo":"30-7","Type":"1","BlID":"6506","BusCityName":"안산"},{"BusNo":"62","Type":"1","BlID":"6507","BusCityName":"안산"},{"BusNo":"125","Type":"1","BlID":"6508","BusCityName":"안산"},{"BusNo":"99","Type":"1","BlID":"6512","BusCityName":"안산"},{"BusNo":"76","Type":"1","BlID":"6514","BusCityName":"안산"},{"BusNo":"350","Type":"1","BlID":"6516","BusCityName":"안산"},{"BusNo":"61","Type":"1","BlID":"6521","BusCityName":"안산"},{"BusNo":"1","Type":"1","BlID":"6522","BusCityName":"안산"},{"BusNo":"33-2","Type":"1","BlID":"6525","BusCityName":"안산"},{"BusNo":"123","Type":"1","BlID":"6536","BusCityName":"안산"},{"BusNo":"33-1","Type":"1","BlID":"6554","BusCityName":"안산"},{"BusNo":"5","Type":"1","BlID":"6562","BusCityName":"안산"},{"BusNo":"23","Type":"1","BlID":"11502","BusCityName":"시흥"},{"BusNo":"21","Type":"1","BlID":"11503","BusCityName":"시흥"},{"BusNo":"99-2","Type":"1","BlID":"11527","BusCityName":"시흥"}]},{"StopName":"안산역(도로변)","StopID":"155751","Bus": [{"BusNo":"52","Type":"1","BlID":"6509","BusCityName":"안산"},{"BusNo":"98","Type":"1","BlID":"6511","BusCityName":"안산"},{"BusNo":"101","Type":"1","BlID":"6513","BusCityName":"안산"},{"BusNo":"61","Type":"1","BlID":"6521","BusCityName":"안산"},{"BusNo":"1","Type":"1","BlID":"6522","BusCityName":"안산"},{"BusNo":"33-2","Type":"1","BlID":"6525","BusCityName":"안산"},{"BusNo":"66","Type":"1","BlID":"6527","BusCityName":"안산"},{"BusNo":"33","Type":"1","BlID":"6530","BusCityName":"안산"},{"BusNo":"511","Type":"1","BlID":"6534","BusCityName":"안산"},{"BusNo":"501A","Type":"1","BlID":"6552","BusCityName":"안산"},{"BusNo":"33-1","Type":"1","BlID":"6554","BusCityName":"안산"},{"BusNo":"2-1","Type":"1","BlID":"6571","BusCityName":"안산"},{"BusNo":"11","Type":"1","BlID":"9557","BusCityName":"수원"},{"BusNo":"20-1","Type":"1","BlID":"11509","BusCityName":"시흥"},{"BusNo":"707","Type":"2","BlID":"6500","BusCityName":"안산"},{"BusNo":"320","Type":"2","BlID":"6520","BusCityName":"안산"},{"BusNo":"5601","Type":"2","BlID":"6529","BusCityName":"안산"},{"BusNo":"909","Type":"2","BlID":"9661","BusCityName":"수원"},{"BusNo":"7002","Type":"5","BlID":"6537","BusCityName":"안산"},{"BusNo":"7000","Type":"5","BlID":"6557","BusCityName":"안산"},{"BusNo":"700","Type":"22","BlID":"6582","BusCityName":"안산"},{"BusNo":"737","Type":"22","BlID":"6583","BusCityName":"안산"},{"BusNo":"8467","Type":"22","BlID":"6585","BusCityName":"안산"},{"BusNo":"8855","Type":"22","BlID":"6592","BusCityName":"광주"}]},{"StopName":"안산역(도로변)","StopID":"165937","Bus": [{"BusNo":"501B","Type":"1","BlID":"6505","BusCityName":"안산"},{"BusNo":"62","Type":"1","BlID":"6507","BusCityName":"안산"},{"BusNo":"125","Type":"1","BlID":"6508","BusCityName":"안산"},{"BusNo":"98","Type":"1","BlID":"6511","BusCityName":"안산"},{"BusNo":"350","Type":"1","BlID":"6516","BusCityName":"안산"},{"BusNo":"61","Type":"1","BlID":"6521","BusCityName":"안산"},{"BusNo":"1","Type":"1","BlID":"6522","BusCityName":"안산"},{"BusNo":"33-2","Type":"1","BlID":"6525","BusCityName":"안산"},{"BusNo":"33","Type":"1","BlID":"6530","BusCityName":"안산"},{"BusNo":"511","Type":"1","BlID":"6534","BusCityName":"안산"},{"BusNo":"33-1","Type":"1","BlID":"6554","BusCityName":"안산"},{"BusNo":"1-1","Type":"1","BlID":"6570","BusCityName":"안산"},{"BusNo":"2-1","Type":"1","BlID":"6571","BusCityName":"안산"},{"BusNo":"11","Type":"1","BlID":"9557","BusCityName":"수원"},{"BusNo":"21","Type":"1","BlID":"11503","BusCityName":"시흥"},{"BusNo":"20-1","Type":"1","BlID":"11509","BusCityName":"시흥"},{"BusNo":"707","Type":"2","BlID":"6500","BusCityName":"안산"},{"BusNo":"320","Type":"2","BlID":"6520","BusCityName":"안산"},{"BusNo":"5601","Type":"2","BlID":"6529","BusCityName":"안산"},{"BusNo":"909","Type":"2","BlID":"9661","BusCityName":"수원"}]}]},{"GateNo":"2","GateLink": ["안산유통상가","중소기업연수원"],"BUSSTOP": [{"StopName":"일성신약.유통상가","StopID":"180922","Bus": [{"BusNo":"52","Type":"1","BlID":"6509","BusCityName":"안산"},{"BusNo":"101","Type":"1","BlID":"6513","BusCityName":"안산"},{"BusNo":"66","Type":"1","BlID":"6527","BusCityName":"안산"},{"BusNo":"11","Type":"1","BlID":"9557","BusCityName":"수원"},{"BusNo":"707","Type":"2","BlID":"6500","BusCityName":"안산"},{"BusNo":"320","Type":"2","BlID":"6520","BusCityName":"안산"}]},{"StopName":"유통상가","StopID":"180923","Bus": [{"BusNo":"52","Type":"1","BlID":"6509","BusCityName":"안산"},{"BusNo":"101","Type":"1","BlID":"6513","BusCityName":"안산"},{"BusNo":"66","Type":"1","BlID":"6527","BusCityName":"안산"},{"BusNo":"11","Type":"1","BlID":"9557","BusCityName":"수원"},{"BusNo":"707","Type":"2","BlID":"6500","BusCityName":"안산"},{"BusNo":"320","Type":"2","BlID":"6520","BusCityName":"안산"}]}]}]}}}