{"result": {"stationName":"신길온천","stationID":454,"type":4,"laneName":"수도권 4호선","laneCity":"수도권","x":126.7673219,"y":37.3374974,"prevOBJ": {"station": [{"stationName":"안산","stationID":453,"type":4,"laneName":"수도권 4호선","laneCity":"수도권","x":126.7887621,"y":37.327014}]},"nextOBJ": {"station": [{"stationName":"정왕","stationID":455,"type":4,"laneName":"수도권 4호선","laneCity":"수도권","x":126.7428546,"y":37.3518283}]},"defaultInfo": {"address":"경기도 안산시 단원구 신길동 216-2","new_address":"경기도 안산시 단원구 황고개로 2","tel":"1544-7788"},"useInfo": {"platform":1,"meetingPlace":0,"restroom":2,"offDoor":0,"crossOver":2,"publicPlace":0,"handicapCount":1,"parkingCount":1,"bicycleCount":1,"civilCount":0},"exitInfo": {"gate": [{"GateNo":"1","GateLink": ["능길초등학교"],"BUSSTOP": [{"StopName":"능길초등학교","StopID":"113920","Bus": [{"BusNo":"22","Type":"1","BlID":"6501","BusCityName":"안산"},{"BusNo":"30-2","Type":"1","BlID":"6502","BusCityName":"안산"},{"BusNo":"55","Type":"1","BlID":"6504","BusCityName":"안산"},{"BusNo":"62","Type":"1","BlID":"6507","BusCityName":"안산"},{"BusNo":"125","Type":"1","BlID":"6508","BusCityName":"안산"},{"BusNo":"99","Type":"1","BlID":"6512","BusCityName":"안산"},{"BusNo":"350","Type":"1","BlID":"6516","BusCityName":"안산"},{"BusNo":"123","Type":"1","BlID":"6536","BusCityName":"안산"},{"BusNo":"501A","Type":"1","BlID":"6552","BusCityName":"안산"},{"BusNo":"5","Type":"1","BlID":"6562","BusCityName":"안산"},{"BusNo":"23","Type":"1","BlID":"11502","BusCityName":"시흥"},{"BusNo":"21","Type":"1","BlID":"11503","BusCityName":"시흥"},{"BusNo":"99-2","Type":"1","BlID":"11527","BusCityName":"시흥"}]},{"StopName":"서안산IC주유소","StopID":"113921","Bus": [{"BusNo":"22","Type":"1","BlID":"6501","BusCityName":"안산"},{"BusNo":"30-2","Type":"1","BlID":"6502","BusCityName":"안산"},{"BusNo":"55","Type":"1","BlID":"6504","BusCityName":"안산"},{"BusNo":"501B","Type":"1","BlID":"6505","BusCityName":"안산"},{"BusNo":"62","Type":"1","BlID":"6507","BusCityName":"안산"},{"BusNo":"125","Type":"1","BlID":"6508","BusCityName":"안산"},{"BusNo":"99","Type":"1","BlID":"6512","BusCityName":"안산"},{"BusNo":"350","Type":"1","BlID":"6516","BusCityName":"안산"},{"BusNo":"123","Type":"1","BlID":"6536","BusCityName":"안산"},{"BusNo":"5","Type":"1","BlID":"6562","BusCityName":"안산"},{"BusNo":"23","Type":"1","BlID":"11502","BusCityName":"시흥"},{"BusNo":"21","Type":"1","BlID":"11503","BusCityName":"시흥"},{"BusNo":"99-2","Type":"1","BlID":"11527","BusCityName":"시흥"}]}]},{"GateNo":"2","GateLink": ["새마을회관","샛뿔마을","삼익아파트"]}]}}}