{"result": {"stationName":"정왕","stationID":455,"type":4,"laneName":"수도권 4호선","laneCity":"수도권","x":126.7428546,"y":37.3518283,"prevOBJ": {"station": [{"stationName":"신길온천","stationID":454,"type":4,"laneName":"수도권 4호선","laneCity":"수도권","x":126.7673219,"y":37.3374974}]},"nextOBJ": {"station": [{"stationName":"오이도","stationID":456,"type":4,"laneName":"수도권 4호선","laneCity":"수도권","x":126.7384556,"y":37.3617832}]},"defaultInfo": {"address":"경기도 시흥시 정왕동 2325-12","new_address":"경기도 시흥시 마유로 418번길 15","tel":"1544-7788"},"useInfo": {"platform":2,"meetingPlace":0,"restroom":2,"offDoor":0,"crossOver":2,"publicPlace":0,"handicapCount":1,"parkingCount":1,"bicycleCount":1,"civilCount":0},"exitInfo": {"gate": [{"GateNo":"1","GateLink": ["시흥소방서","정왕지구대","우체국","복지회관","군서초등학교","도서관","정왕본동주민센터","정왕우체국","전화국","금강아파트","정왕어린이도서관"],"BUSSTOP": [{"StopName":"정왕역","StopID":"114075","Bus": [{"BusNo":"30","Type":"1","BlID":"6503","BusCityName":"안산"},{"BusNo":"25","Type":"1","BlID":"11507","BusCityName":"시흥"},{"BusNo":"11-A","Type":"1","BlID":"11529","BusCityName":"시흥"}]},{"StopName":"정왕역환승센터","StopID":"195460","Bus": [{"BusNo":"30","Type":"1","BlID":"6503","BusCityName":"안산"},{"BusNo":"25","Type":"1","BlID":"11507","BusCityName":"시흥"},{"BusNo":"20-1","Type":"1","BlID":"11509","BusCityName":"시흥"},{"BusNo":"26","Type":"1","BlID":"11510","BusCityName":"시흥"},{"BusNo":"28","Type":"1","BlID":"11511","BusCityName":"시흥"},{"BusNo":"29","Type":"1","BlID":"11512","BusCityName":"시흥"},{"BusNo":"26-1","Type":"1","BlID":"11516","BusCityName":"시흥"},{"BusNo":"7","Type":"1","BlID":"11526","BusCityName":"시흥"},{"BusNo":"11-A","Type":"1","BlID":"11529","BusCityName":"시흥"}]}]},{"GateNo":"2","GateLink": ["경기도시흥교육지원청"]}]}}}