{"result": {"stationName":"오이도","stationID":456,"type":4,"laneName":"수도권 4호선","laneCity":"수도권","x":126.7384556,"y":37.3617832,"exOBJ": {"station": [{"stationName":"오이도","stationID":11121,"type":111,"laneName":"수인선","laneCity":"수도권"}]},"prevOBJ": {"station": [{"stationName":"정왕","stationID":455,"type":4,"laneName":"수도권 4호선","laneCity":"수도권","x":126.7428546,"y":37.3518283}]},"defaultInfo": {"address":"경기도 시흥시 정왕동 878","new_address":"경기도 시흥시 역전로 430","tel":"1544-7788"},"useInfo": {"platform":1,"meetingPlace":0,"restroom":2,"offDoor":2,"crossOver":1,"publicPlace":0,"handicapCount":1,"parkingCount":1,"bicycleCount":1,"civilCount":0},"exitInfo": {"gate": [{"GateNo":"1","GateLink": ["보성아파트","송운중학교","송운초등학교","서해아파트","영남아파트단지","정왕3동주민센터","서해중학교"],"BUSSTOP": [{"StopName":"오이도역","StopID":"113997","Bus": [{"BusNo":"30-2","Type":"1","BlID":"6502","BusCityName":"안산"},{"BusNo":"62","Type":"1","BlID":"6507","BusCityName":"안산"},{"BusNo":"23","Type":"1","BlID":"11502","BusCityName":"시흥"},{"BusNo":"510","Type":"1","BlID":"11505","BusCityName":"시흥"},{"BusNo":"99-2","Type":"1","BlID":"11527","BusCityName":"시흥"},{"BusNo":"11-B","Type":"1","BlID":"11530","BusCityName":"시흥"},{"BusNo":"1","Type":"1","BlID":"12500","BusCityName":"광명"},{"BusNo":"790","Type":"14","BlID":"21171","BusCityName":"인천"}]}]},{"GateNo":"2","GateLink": ["세종아파트","함현중학교","한현초등학교","함현고등학교","대림아파트"],"BUSSTOP": [{"StopName":"오이도역","StopID":"114000","Bus": [{"BusNo":"30-2","Type":"1","BlID":"6502","BusCityName":"안산"},{"BusNo":"23","Type":"1","BlID":"11502","BusCityName":"시흥"},{"BusNo":"510","Type":"1","BlID":"11505","BusCityName":"시흥"},{"BusNo":"99-2","Type":"1","BlID":"11527","BusCityName":"시흥"},{"BusNo":"99-3","Type":"1","BlID":"11528","BusCityName":"시흥"},{"BusNo":"11-B","Type":"1","BlID":"11530","BusCityName":"시흥"},{"BusNo":"11-C(주말운행)","Type":"1","BlID":"11531","BusCityName":"시흥"},{"BusNo":"1","Type":"1","BlID":"12500","BusCityName":"광명"},{"BusNo":"790","Type":"14","BlID":"21171","BusCityName":"인천"}]}]},{"GateNo":"3","GateLink": ["북광장"]}]}}}