{"result": {"stationName":"방화","stationID":510,"type":5,"laneName":"수도권 5호선","laneCity":"수도권","x":126.81284,"y":37.5776313,"nextOBJ": {"station": [{"stationName":"개화산","stationID":511,"type":5,"laneName":"수도권 5호선","laneCity":"수도권","x":126.8068543,"y":37.5724622}]},"defaultInfo": {"address":"서울특별시 강서구 방화동 829-15","new_address":"서울특별시 강서구 금낭화로 132","tel":"02-6311-5101"},"useInfo": {"platform":1,"meetingPlace":0,"restroom":2,"offDoor":2,"crossOver":2,"publicPlace":0,"handicapCount":1,"parkingCount":1,"bicycleCount":1,"civilCount":0},"exitInfo": {"gate": [{"GateNo":"1","GateLink": ["치현초등학교","방화3치안센터","방화우체국","방화119안전센터","강서공업고등학교","방화아파트3.4단지"],"BUSSTOP": [{"StopName":"방화역","StopID":"100682","Bus": [{"BusNo":"642","Type":"11","BlID":"1189","BusCityName":"서울"},{"BusNo":"651","Type":"11","BlID":"1191","BusCityName":"서울"},{"BusNo":"672","Type":"11","BlID":"1363","BusCityName":"서울"},{"BusNo":"6648","Type":"12","BlID":"599","BusCityName":"서울"},{"BusNo":"6629","Type":"12","BlID":"1214","BusCityName":"서울"},{"BusNo":"6712","Type":"12","BlID":"1228","BusCityName":"서울"}]},{"StopName":"방화역","StopID":"152398","Bus": [{"BusNo":"강서07","Type":"3","BlID":"557","BusCityName":"서울"}]}]},{"GateNo":"2","GateLink": ["치현마을","정곡마을","방화3동주민센터","국립국어원","한국문화관광연구원","한국간행물윤리위원회","강사구립길꽃어린이도서관","뇌성마비복지회관"],"BUSSTOP": [{"StopName":"방화3동주민센터.국립국어원","StopID":"100687","Bus": [{"BusNo":"642","Type":"11","BlID":"1189","BusCityName":"서울"},{"BusNo":"651","Type":"11","BlID":"1191","BusCityName":"서울"},{"BusNo":"672","Type":"11","BlID":"1363","BusCityName":"서울"},{"BusNo":"6648","Type":"12","BlID":"599","BusCityName":"서울"},{"BusNo":"6629","Type":"12","BlID":"1214","BusCityName":"서울"},{"BusNo":"6712","Type":"12","BlID":"1228","BusCityName":"서울"}]}]},{"GateNo":"3","GateLink": ["방원중학교","능마을","한서고등학교","방화아파트7.8단지","방화월드메르디앙아파트"],"BUSSTOP": [{"StopName":"방화도시7단지.국립국어원","StopID":"100686","Bus": [{"BusNo":"642","Type":"11","BlID":"1189","BusCityName":"서울"},{"BusNo":"651","Type":"11","BlID":"1191","BusCityName":"서울"},{"BusNo":"672","Type":"11","BlID":"1363","BusCityName":"서울"},{"BusNo":"6648","Type":"12","BlID":"599","BusCityName":"서울"},{"BusNo":"6629","Type":"12","BlID":"1214","BusCityName":"서울"},{"BusNo":"6712","Type":"12","BlID":"1228","BusCityName":"서울"}]}]},{"GateNo":"4","GateLink": ["방화6종합사회복지관","삼정초등학교","방화아파트5.6단지","국제청소년센터"],"BUSSTOP": [{"StopName":"방화역","StopID":"100679","Bus": [{"BusNo":"642","Type":"11","BlID":"1189","BusCityName":"서울"},{"BusNo":"651","Type":"11","BlID":"1191","BusCityName":"서울"},{"BusNo":"672","Type":"11","BlID":"1363","BusCityName":"서울"},{"BusNo":"6648","Type":"12","BlID":"599","BusCityName":"서울"},{"BusNo":"6629","Type":"12","BlID":"1214","BusCityName":"서울"},{"BusNo":"6712","Type":"12","BlID":"1228","BusCityName":"서울"}]}]}]}}}