{"result": {"stationName":"개화산","stationID":511,"type":5,"laneName":"수도권 5호선","laneCity":"수도권","x":126.8068543,"y":37.5724622,"prevOBJ": {"station": [{"stationName":"방화","stationID":510,"type":5,"laneName":"수도권 5호선","laneCity":"수도권","x":126.81284,"y":37.5776313}]},"nextOBJ": {"station": [{"stationName":"김포공항","stationID":512,"type":5,"laneName":"수도권 5호선","laneCity":"수도권","x":126.8013685,"y":37.5622791}]},"defaultInfo": {"address":"서울특별시 강서구 방화동 848","new_address":"서울특별시 강서구 양천로 22","tel":"02-6311-5111"},"useInfo": {"platform":2,"meetingPlace":0,"restroom":2,"offDoor":1,"crossOver":2,"publicPlace":0,"handicapCount":1,"parkingCount":1,"bicycleCount":1,"civilCount":0},"exitInfo": {"gate": [{"GateNo":"1","GateLink": ["공항고등학교","방화초등학교","방화1동주민센터","방화2동주민센터","새싹어린이교통공원","방화11종합사회복지관","성지중.고등학교","강서방화지역자활센터"],"BUSSTOP": [{"StopName":"방화동도시개발11단지","StopID":"100618","Bus": [{"BusNo":"71","Type":"1","BlID":"7052","BusCityName":"부천"},{"BusNo":"150","Type":"1","BlID":"12018","BusCityName":"파주"},{"BusNo":"85-1","Type":"1","BlID":"12121","BusCityName":"파주"},{"BusNo":"56","Type":"1","BlID":"12129","BusCityName":"파주"},{"BusNo":"1002","Type":"1","BlID":"13008","BusCityName":"김포"},{"BusNo":"2","Type":"1","BlID":"13013","BusCityName":"김포"},{"BusNo":"69","Type":"1","BlID":"13014","BusCityName":"김포"},{"BusNo":"60","Type":"1","BlID":"13017","BusCityName":"김포"},{"BusNo":"88","Type":"1","BlID":"13027","BusCityName":"김포"},{"BusNo":"60-3","Type":"1","BlID":"13051","BusCityName":"김포"},{"BusNo":"388","Type":"1","BlID":"13117","BusCityName":"김포"},{"BusNo":"85","Type":"2","BlID":"12124","BusCityName":"파주"},{"BusNo":"20","Type":"2","BlID":"13004","BusCityName":"김포"},{"BusNo":"300","Type":"2","BlID":"21047","BusCityName":"인천"},{"BusNo":"601","Type":"11","BlID":"1498","BusCityName":"서울"},{"BusNo":"78","Type":"11","BlID":"21209","BusCityName":"인천"},{"BusNo":"66","Type":"11","BlID":"21262","BusCityName":"인천"},{"BusNo":"6642","Type":"12","BlID":"1476","BusCityName":"서울"},{"BusNo":"6647","Type":"12","BlID":"1481","BusCityName":"서울"},{"BusNo":"6632","Type":"12","BlID":"1499","BusCityName":"서울"}]},{"StopName":"개화산역","StopID":"111810","Bus": [{"BusNo":"71","Type":"1","BlID":"7052","BusCityName":"부천"},{"BusNo":"N26","Type":"11","BlID":"510","BusCityName":"서울"},{"BusNo":"605","Type":"11","BlID":"1171","BusCityName":"서울"},{"BusNo":"672","Type":"11","BlID":"1363","BusCityName":"서울"},{"BusNo":"6631","Type":"12","BlID":"1216","BusCityName":"서울"},{"BusNo":"6647","Type":"12","BlID":"1481","BusCityName":"서울"}]}]},{"GateNo":"2","GateLink": ["개화초등학교","한서고등학교","개화치안센터","개화산"],"BUSSTOP": [{"StopName":"개화산역","StopID":"111809","Bus": [{"BusNo":"N26","Type":"11","BlID":"510","BusCityName":"서울"},{"BusNo":"605","Type":"11","BlID":"1171","BusCityName":"서울"},{"BusNo":"672","Type":"11","BlID":"1363","BusCityName":"서울"},{"BusNo":"6631","Type":"12","BlID":"1216","BusCityName":"서울"},{"BusNo":"6647","Type":"12","BlID":"1481","BusCityName":"서울"}]}]}]}}}