{"result": {"stationName":"김포공항","stationID":512,"type":5,"laneName":"수도권 5호선","laneCity":"수도권","x":126.8013685,"y":37.5622791,"exOBJ": {"station": [{"stationName":"김포공항","stationID":4005,"type":101,"laneName":"공항철도","laneCity":"수도권"},{"stationName":"김포공항","stationID":902,"type":9,"laneName":"수도권 9호선","laneCity":"수도권"}]},"prevOBJ": {"station": [{"stationName":"개화산","stationID":511,"type":5,"laneName":"수도권 5호선","laneCity":"수도권","x":126.8068543,"y":37.5724622}]},"nextOBJ": {"station": [{"stationName":"송정","stationID":513,"type":5,"laneName":"수도권 5호선","laneCity":"수도권","x":126.8121384,"y":37.5611985}]},"defaultInfo": {"address":"서울특별시 강서구 방화동 886","new_address":"서울특별시 강서구 하늘길 77","tel":"02-6311-5121"},"useInfo": {"platform":2,"meetingPlace":1,"restroom":2,"offDoor":1,"crossOver":1,"publicPlace":0,"handicapCount":1,"parkingCount":0,"bicycleCount":1,"civilCount":0},"exitInfo": {"gate": [{"GateNo":"1","GateLink": ["한국공항공사","국내선청사","국내선주차장","공항버스정류장"],"BUSSTOP": [{"StopName":"한국공항공사","StopID":"80197","Bus": [{"BusNo":"20","Type":"2","BlID":"13004","BusCityName":"김포"},{"BusNo":"605","Type":"11","BlID":"1171","BusCityName":"서울"},{"BusNo":"651","Type":"11","BlID":"1191","BusCityName":"서울"},{"BusNo":"601","Type":"11","BlID":"1498","BusCityName":"서울"},{"BusNo":"78","Type":"11","BlID":"21209","BusCityName":"인천"},{"BusNo":"6629","Type":"12","BlID":"1214","BusCityName":"서울"},{"BusNo":"6712","Type":"12","BlID":"1228","BusCityName":"서울"},{"BusNo":"6632","Type":"12","BlID":"1499","BusCityName":"서울"}]},{"StopName":"한국공항공사","StopID":"111957","Bus": [{"BusNo":"12","Type":"1","BlID":"7035","BusCityName":"부천"},{"BusNo":"71","Type":"1","BlID":"7052","BusCityName":"부천"},{"BusNo":"3","Type":"1","BlID":"7056","BusCityName":"부천"},{"BusNo":"220","Type":"1","BlID":"7057","BusCityName":"부천"},{"BusNo":"7-4","Type":"1","BlID":"7065","BusCityName":"부천"},{"BusNo":"50-1","Type":"1","BlID":"7087","BusCityName":"부천"},{"BusNo":"50","Type":"1","BlID":"7093","BusCityName":"부천"},{"BusNo":"150","Type":"1","BlID":"12018","BusCityName":"파주"},{"BusNo":"56","Type":"1","BlID":"12129","BusCityName":"파주"},{"BusNo":"2","Type":"1","BlID":"13013","BusCityName":"김포"},{"BusNo":"85","Type":"2","BlID":"12124","BusCityName":"파주"},{"BusNo":"22","Type":"2","BlID":"13002","BusCityName":"김포"},{"BusNo":"605","Type":"11","BlID":"1171","BusCityName":"서울"},{"BusNo":"651","Type":"11","BlID":"1191","BusCityName":"서울"},{"BusNo":"601","Type":"11","BlID":"1498","BusCityName":"서울"},{"BusNo":"60-5","Type":"11","BlID":"21138","BusCityName":"인천"},{"BusNo":"66","Type":"11","BlID":"21262","BusCityName":"인천"},{"BusNo":"6629","Type":"12","BlID":"1214","BusCityName":"서울"},{"BusNo":"6712","Type":"12","BlID":"1228","BusCityName":"서울"},{"BusNo":"6632","Type":"12","BlID":"1499","BusCityName":"서울"}]},{"StopName":"김포공항국내선","StopID":"168906","Bus": [{"BusNo":"71","Type":"1","BlID":"7052","BusCityName":"부천"},{"BusNo":"2","Type":"1","BlID":"13013","BusCityName":"김포"},{"BusNo":"22","Type":"2","BlID":"13002","BusCityName":"김포"},{"BusNo":"20","Type":"2","BlID":"13004","BusCityName":"김포"},{"BusNo":"605","Type":"11","BlID":"1171","BusCityName":"서울"},{"BusNo":"651","Type":"11","BlID":"1191","BusCityName":"서울"},{"BusNo":"601","Type":"11","BlID":"1498","BusCityName":"서울"},{"BusNo":"6629","Type":"12","BlID":"1214","BusCityName":"서울"},{"BusNo":"6712","Type":"12","BlID":"1228","BusCityName":"서울"},{"BusNo":"6632","Type":"12","BlID":"1499","BusCityName":"서울"}]},{"StopName":"김포공항국내선","StopID":"197092","Bus": [{"BusNo":"605","Type":"11","BlID":"1171","BusCityName":"서울"},{"BusNo":"651","Type":"11","BlID":"1191","BusCityName":"서울"},{"BusNo":"601","Type":"11","BlID":"1498","BusCityName":"서울"},{"BusNo":"6629","Type":"12","BlID":"1214","BusCityName":"서울"},{"BusNo":"6712","Type":"12","BlID":"1228","BusCityName":"서울"},{"BusNo":"6632","Type":"12","BlID":"1499","BusCityName":"서울"}]},{"StopName":"김포공항국내선","StopID":"197095","Bus": [{"BusNo":"6707A","Type":"5","BlID":"541","BusCityName":"서울"},{"BusNo":"6104","Type":"5","BlID":"577","BusCityName":"서울"},{"BusNo":"6021","Type":"5","BlID":"596","BusCityName":"서울"},{"BusNo":"6101","Type":"5","BlID":"1781","BusCityName":"서울"},{"BusNo":"6008","Type":"5","BlID":"1784","BusCityName":"서울"},{"BusNo":"6014","Type":"5","BlID":"1794","BusCityName":"서울"},{"BusNo":"6706","Type":"5","BlID":"1796","BusCityName":"서울"},{"BusNo":"6000","Type":"5","BlID":"1799","BusCityName":"서울"},{"BusNo":"6003","Type":"5","BlID":"1804","BusCityName":"서울"}]},{"StopName":"김포공항국내선","StopID":"197099","Bus": [{"BusNo":"6707A","Type":"5","BlID":"541","BusCityName":"서울"},{"BusNo":"6021","Type":"5","BlID":"596","BusCityName":"서울"},{"BusNo":"6008","Type":"5","BlID":"1784","BusCityName":"서울"},{"BusNo":"6014","Type":"5","BlID":"1794","BusCityName":"서울"},{"BusNo":"6000","Type":"5","BlID":"1799","BusCityName":"서울"},{"BusNo":"6003","Type":"5","BlID":"1804","BusCityName":"서울"}]},{"StopName":"김포공항국내선","StopID":"197101","Bus": [{"BusNo":"12","Type":"1","BlID":"7035","BusCityName":"부천"},{"BusNo":"3","Type":"1","BlID":"7056","BusCityName":"부천"},{"BusNo":"220","Type":"1","BlID":"7057","BusCityName":"부천"},{"BusNo":"7-4","Type":"1","BlID":"7065","BusCityName":"부천"},{"BusNo":"50-1","Type":"1","BlID":"7087","BusCityName":"부천"},{"BusNo":"50","Type":"1","BlID":"7093","BusCityName":"부천"},{"BusNo":"300","Type":"2","BlID":"21047","BusCityName":"인천"},{"BusNo":"78","Type":"11","BlID":"21209","BusCityName":"인천"},{"BusNo":"66","Type":"11","BlID":"21262","BusCityName":"인천"}]},{"StopName":"김포공항(국내)","StopID":"197104","Bus": [{"BusNo":"150","Type":"1","BlID":"12018","BusCityName":"파주"},{"BusNo":"56","Type":"1","BlID":"12129","BusCityName":"파주"},{"BusNo":"85","Type":"2","BlID":"12124","BusCityName":"파주"},{"BusNo":"4300","Type":"5","BlID":"9545","BusCityName":"수원"},{"BusNo":"5100","Type":"5","BlID":"10103","BusCityName":"광주"},{"BusNo":"5200","Type":"5","BlID":"10258","BusCityName":"광주"},{"BusNo":"60-5","Type":"11","BlID":"21138","BusCityName":"인천"}]},{"StopName":"김포공항국내선","StopID":"197105","Bus": [{"BusNo":"7002","Type":"5","BlID":"6537","BusCityName":"안산"},{"BusNo":"8842","Type":"5","BlID":"10478","BusCityName":"광주"},{"BusNo":"여주터미널-인천공항","Type":"5","BlID":"10536","BusCityName":"광주"},{"BusNo":"8829","Type":"5","BlID":"10657","BusCityName":"광주"},{"BusNo":"8165","Type":"5","BlID":"11124","BusCityName":"용인"},{"BusNo":"8455","Type":"22","BlID":"10642","BusCityName":"광주"},{"BusNo":"8840","Type":"22","BlID":"10660","BusCityName":"광주"}]}]},{"GateNo":"2","GateLink": ["국제선주차장","국제선청사"],"BUSSTOP": [{"StopName":"김포공항국제선","StopID":"100603","Bus": [{"BusNo":"71","Type":"1","BlID":"7052","BusCityName":"부천"},{"BusNo":"605","Type":"11","BlID":"1171","BusCityName":"서울"},{"BusNo":"651","Type":"11","BlID":"1191","BusCityName":"서울"},{"BusNo":"601","Type":"11","BlID":"1498","BusCityName":"서울"},{"BusNo":"6629","Type":"12","BlID":"1214","BusCityName":"서울"},{"BusNo":"6712","Type":"12","BlID":"1228","BusCityName":"서울"},{"BusNo":"6632","Type":"12","BlID":"1499","BusCityName":"서울"}]},{"StopName":"김포공항국제선","StopID":"118538","Bus": [{"BusNo":"150","Type":"1","BlID":"12018","BusCityName":"파주"},{"BusNo":"56","Type":"1","BlID":"12129","BusCityName":"파주"},{"BusNo":"2","Type":"1","BlID":"13013","BusCityName":"김포"},{"BusNo":"85","Type":"2","BlID":"12124","BusCityName":"파주"},{"BusNo":"20","Type":"2","BlID":"13004","BusCityName":"김포"},{"BusNo":"60-5","Type":"11","BlID":"21138","BusCityName":"인천"}]},{"StopName":"김포공항국제선","StopID":"166202","Bus": [{"BusNo":"6021","Type":"5","BlID":"596","BusCityName":"서울"},{"BusNo":"6101","Type":"5","BlID":"1781","BusCityName":"서울"},{"BusNo":"6008","Type":"5","BlID":"1784","BusCityName":"서울"},{"BusNo":"6014","Type":"5","BlID":"1794","BusCityName":"서울"},{"BusNo":"6706","Type":"5","BlID":"1796","BusCityName":"서울"},{"BusNo":"6000","Type":"5","BlID":"1799","BusCityName":"서울"},{"BusNo":"6003","Type":"5","BlID":"1804","BusCityName":"서울"}]},{"StopName":"김포공항국제선","StopID":"166285","Bus": [{"BusNo":"6707A","Type":"5","BlID":"541","BusCityName":"서울"},{"BusNo":"6021","Type":"5","BlID":"596","BusCityName":"서울"},{"BusNo":"6101","Type":"5","BlID":"1781","BusCityName":"서울"},{"BusNo":"6008","Type":"5","BlID":"1784","BusCityName":"서울"},{"BusNo":"6014","Type":"5","BlID":"1794","BusCityName":"서울"},{"BusNo":"6000","Type":"5","BlID":"1799","BusCityName":"서울"},{"BusNo":"6003","Type":"5","BlID":"1804","BusCityName":"서울"}]},{"StopName":"김포공항국제선","StopID":"174420","Bus": [{"BusNo":"12","Type":"1","BlID":"7035","BusCityName":"부천"},{"BusNo":"3","Type":"1","BlID":"7056","BusCityName":"부천"},{"BusNo":"220","Type":"1","BlID":"7057","BusCityName":"부천"},{"BusNo":"7-4","Type":"1","BlID":"7065","BusCityName":"부천"},{"BusNo":"50-1","Type":"1","BlID":"7087","BusCityName":"부천"},{"BusNo":"50","Type":"1","BlID":"7093","BusCityName":"부천"},{"BusNo":"22","Type":"2","BlID":"13002","BusCityName":"김포"},{"BusNo":"300","Type":"2","BlID":"21047","BusCityName":"인천"},{"BusNo":"4300","Type":"5","BlID":"9545","BusCityName":"수원"},{"BusNo":"5100","Type":"5","BlID":"10103","BusCityName":"광주"},{"BusNo":"5200","Type":"5","BlID":"10258","BusCityName":"광주"},{"BusNo":"여주터미널-인천공항","Type":"5","BlID":"10536","BusCityName":"광주"},{"BusNo":"78","Type":"11","BlID":"21209","BusCityName":"인천"},{"BusNo":"66","Type":"11","BlID":"21262","BusCityName":"인천"}]}]},{"GateNo":"3","GateLink": ["국내선주차장"],"BUSSTOP": [{"StopName":"롯데몰.김포공항","StopID":"80477","Bus": [{"BusNo":"12","Type":"1","BlID":"7035","BusCityName":"부천"},{"BusNo":"71","Type":"1","BlID":"7052","BusCityName":"부천"},{"BusNo":"3","Type":"1","BlID":"7056","BusCityName":"부천"},{"BusNo":"220","Type":"1","BlID":"7057","BusCityName":"부천"},{"BusNo":"7-4","Type":"1","BlID":"7065","BusCityName":"부천"},{"BusNo":"50-1","Type":"1","BlID":"7087","BusCityName":"부천"},{"BusNo":"50","Type":"1","BlID":"7093","BusCityName":"부천"},{"BusNo":"150","Type":"1","BlID":"12018","BusCityName":"파주"},{"BusNo":"56","Type":"1","BlID":"12129","BusCityName":"파주"},{"BusNo":"2","Type":"1","BlID":"13013","BusCityName":"김포"},{"BusNo":"85","Type":"2","BlID":"12124","BusCityName":"파주"},{"BusNo":"22","Type":"2","BlID":"13002","BusCityName":"김포"},{"BusNo":"20","Type":"2","BlID":"13004","BusCityName":"김포"},{"BusNo":"605","Type":"11","BlID":"1171","BusCityName":"서울"},{"BusNo":"651","Type":"11","BlID":"1191","BusCityName":"서울"},{"BusNo":"601","Type":"11","BlID":"1498","BusCityName":"서울"},{"BusNo":"60-5","Type":"11","BlID":"21138","BusCityName":"인천"},{"BusNo":"6629","Type":"12","BlID":"1214","BusCityName":"서울"},{"BusNo":"6712","Type":"12","BlID":"1228","BusCityName":"서울"},{"BusNo":"6642","Type":"12","BlID":"1476","BusCityName":"서울"},{"BusNo":"6632","Type":"12","BlID":"1499","BusCityName":"서울"}]},{"StopName":"방화중학교","StopID":"100631","Bus": [{"BusNo":"12","Type":"1","BlID":"7035","BusCityName":"부천"},{"BusNo":"3","Type":"1","BlID":"7056","BusCityName":"부천"},{"BusNo":"220","Type":"1","BlID":"7057","BusCityName":"부천"},{"BusNo":"7-4","Type":"1","BlID":"7065","BusCityName":"부천"},{"BusNo":"50-1","Type":"1","BlID":"7087","BusCityName":"부천"},{"BusNo":"50","Type":"1","BlID":"7093","BusCityName":"부천"},{"BusNo":"150","Type":"1","BlID":"12018","BusCityName":"파주"},{"BusNo":"85-1","Type":"1","BlID":"12121","BusCityName":"파주"},{"BusNo":"56","Type":"1","BlID":"12129","BusCityName":"파주"},{"BusNo":"1002","Type":"1","BlID":"13008","BusCityName":"김포"},{"BusNo":"2","Type":"1","BlID":"13013","BusCityName":"김포"},{"BusNo":"69","Type":"1","BlID":"13014","BusCityName":"김포"},{"BusNo":"60","Type":"1","BlID":"13017","BusCityName":"김포"},{"BusNo":"88","Type":"1","BlID":"13027","BusCityName":"김포"},{"BusNo":"60-3","Type":"1","BlID":"13051","BusCityName":"김포"},{"BusNo":"388","Type":"1","BlID":"13117","BusCityName":"김포"},{"BusNo":"85","Type":"2","BlID":"12124","BusCityName":"파주"},{"BusNo":"22","Type":"2","BlID":"13002","BusCityName":"김포"},{"BusNo":"20","Type":"2","BlID":"13004","BusCityName":"김포"},{"BusNo":"300","Type":"2","BlID":"21047","BusCityName":"인천"},{"BusNo":"3700","Type":"5","BlID":"12008","BusCityName":"파주"},{"BusNo":"6642","Type":"12","BlID":"1476","BusCityName":"서울"}]},{"StopName":"방화중학교","StopID":"100635","Bus": [{"BusNo":"71","Type":"1","BlID":"7052","BusCityName":"부천"},{"BusNo":"150","Type":"1","BlID":"12018","BusCityName":"파주"},{"BusNo":"85-1","Type":"1","BlID":"12121","BusCityName":"파주"},{"BusNo":"56","Type":"1","BlID":"12129","BusCityName":"파주"},{"BusNo":"1002","Type":"1","BlID":"13008","BusCityName":"김포"},{"BusNo":"2","Type":"1","BlID":"13013","BusCityName":"김포"},{"BusNo":"69","Type":"1","BlID":"13014","BusCityName":"김포"},{"BusNo":"60","Type":"1","BlID":"13017","BusCityName":"김포"},{"BusNo":"88","Type":"1","BlID":"13027","BusCityName":"김포"},{"BusNo":"60-3","Type":"1","BlID":"13051","BusCityName":"김포"},{"BusNo":"388","Type":"1","BlID":"13117","BusCityName":"김포"},{"BusNo":"85","Type":"2","BlID":"12124","BusCityName":"파주"},{"BusNo":"22","Type":"2","BlID":"13002","BusCityName":"김포"},{"BusNo":"300","Type":"2","BlID":"21047","BusCityName":"인천"},{"BusNo":"78","Type":"11","BlID":"21209","BusCityName":"인천"},{"BusNo":"66","Type":"11","BlID":"21262","BusCityName":"인천"}]}]},{"GateNo":"4","GateLink": ["김포공항","롯데백화점"]}]}}}