{"result": {"stationName":"송정","stationID":513,"type":5,"laneName":"수도권 5호선","laneCity":"수도권","x":126.8121384,"y":37.5611985,"prevOBJ": {"station": [{"stationName":"김포공항","stationID":512,"type":5,"laneName":"수도권 5호선","laneCity":"수도권","x":126.8013685,"y":37.5622791}]},"nextOBJ": {"station": [{"stationName":"마곡","stationID":514,"type":5,"laneName":"수도권 5호선","laneCity":"수도권","x":126.8246829,"y":37.5602607}]},"defaultInfo": {"address":"서울특별시 강서구 공항동 29-5","new_address":"서울특별시 강서구 공항대로 33","tel":"02-6311-5131"},"useInfo": {"platform":1,"meetingPlace":0,"restroom":2,"offDoor":1,"crossOver":2,"publicPlace":0,"handicapCount":1,"parkingCount":0,"bicycleCount":1,"civilCount":0},"exitInfo": {"gate": [{"GateNo":"1","GateLink": ["송정초등학교","공항지구대","방화중학교","김포.강화방면"],"BUSSTOP": [{"StopName":"송정역","StopID":"100646","Bus": [{"BusNo":"N26","Type":"11","BlID":"510","BusCityName":"서울"},{"BusNo":"642","Type":"11","BlID":"1189","BusCityName":"서울"},{"BusNo":"6631","Type":"12","BlID":"1216","BusCityName":"서울"},{"BusNo":"6647","Type":"12","BlID":"1481","BusCityName":"서울"}]}]},{"GateNo":"2","GateLink": ["공항동우체국","공항중학교","공항초등학교","일산방면","기상통신소"],"BUSSTOP": [{"StopName":"송정역","StopID":"80478","Bus": [{"BusNo":"2","Type":"1","BlID":"13013","BusCityName":"김포"},{"BusNo":"22","Type":"2","BlID":"13002","BusCityName":"김포"}]},{"StopName":"송정역","StopID":"100671","Bus": [{"BusNo":"85","Type":"2","BlID":"12124","BusCityName":"파주"}]}]},{"GateNo":"3","GateLink": ["공항로"]},{"GateNo":"4","GateLink": ["공항동주민센터","남부순환로"],"BUSSTOP": [{"StopName":"송정역","StopID":"100648","Bus": [{"BusNo":"300","Type":"2","BlID":"21047","BusCityName":"인천"},{"BusNo":"6647","Type":"12","BlID":"1481","BusCityName":"서울"}]},{"StopName":"제과점앞","StopID":"165672","Bus": [{"BusNo":"71","Type":"1","BlID":"7052","BusCityName":"부천"},{"BusNo":"6647","Type":"12","BlID":"1481","BusCityName":"서울"},{"BusNo":"6632","Type":"12","BlID":"1499","BusCityName":"서울"}]},{"StopName":"송정역","StopID":"174507","Bus": [{"BusNo":"6647","Type":"12","BlID":"1481","BusCityName":"서울"}]}]}]}}}