{"result": {"stationName":"마곡","stationID":514,"type":5,"laneName":"수도권 5호선","laneCity":"수도권","x":126.8246829,"y":37.5602607,"prevOBJ": {"station": [{"stationName":"송정","stationID":513,"type":5,"laneName":"수도권 5호선","laneCity":"수도권","x":126.8121384,"y":37.5611985}]},"nextOBJ": {"station": [{"stationName":"발산","stationID":515,"type":5,"laneName":"수도권 5호선","laneCity":"수도권","x":126.8376102,"y":37.5586946}]},"defaultInfo": {"address":"서울특별시 강서구 가양동 530-6","new_address":"서울특별시 강서구 공항대로 163","tel":"02-6311-5141"},"useInfo": {"platform":2,"meetingPlace":0,"restroom":2,"offDoor":1,"crossOver":2,"publicPlace":0,"handicapCount":0,"parkingCount":0,"bicycleCount":1,"civilCount":0},"exitInfo": {"gate": [{"GateNo":"1","GateLink": ["서울공항초등학교"]},{"GateNo":"2","GateLink": ["서울화목원방면"],"BUSSTOP": [{"StopName":"마곡역","StopID":"88323","Bus": [{"BusNo":"1002","Type":"1","BlID":"13008","BusCityName":"김포"},{"BusNo":"69","Type":"1","BlID":"13014","BusCityName":"김포"},{"BusNo":"60","Type":"1","BlID":"13017","BusCityName":"김포"},{"BusNo":"88","Type":"1","BlID":"13027","BusCityName":"김포"},{"BusNo":"60-3","Type":"1","BlID":"13051","BusCityName":"김포"},{"BusNo":"300","Type":"2","BlID":"21047","BusCityName":"인천"},{"BusNo":"3000","Type":"4","BlID":"13059","BusCityName":"김포"},{"BusNo":"6008","Type":"5","BlID":"1784","BusCityName":"서울"},{"BusNo":"6000","Type":"5","BlID":"1799","BusCityName":"서울"},{"BusNo":"6003","Type":"5","BlID":"1804","BusCityName":"서울"},{"BusNo":"N26","Type":"11","BlID":"510","BusCityName":"서울"},{"BusNo":"605","Type":"11","BlID":"1171","BusCityName":"서울"},{"BusNo":"642","Type":"11","BlID":"1189","BusCityName":"서울"},{"BusNo":"601","Type":"11","BlID":"1498","BusCityName":"서울"},{"BusNo":"6629","Type":"12","BlID":"1214","BusCityName":"서울"}]},{"StopName":"마곡역","StopID":"88910","Bus": [{"BusNo":"6648","Type":"12","BlID":"599","BusCityName":"서울"},{"BusNo":"6642","Type":"12","BlID":"1476","BusCityName":"서울"}]},{"StopName":"마곡역","StopID":"88912","Bus": [{"BusNo":"6648","Type":"12","BlID":"599","BusCityName":"서울"}]},{"StopName":"마곡역","StopID":"150852","Bus": [{"BusNo":"388","Type":"1","BlID":"13117","BusCityName":"김포"},{"BusNo":"6642","Type":"12","BlID":"1476","BusCityName":"서울"}]}]},{"GateNo":"6","GateLink": ["서울수명초등학교방면"],"BUSSTOP": [{"StopName":"마곡역","StopID":"80459","Bus": [{"BusNo":"1002","Type":"1","BlID":"13008","BusCityName":"김포"},{"BusNo":"69","Type":"1","BlID":"13014","BusCityName":"김포"},{"BusNo":"60","Type":"1","BlID":"13017","BusCityName":"김포"},{"BusNo":"88","Type":"1","BlID":"13027","BusCityName":"김포"},{"BusNo":"60-3","Type":"1","BlID":"13051","BusCityName":"김포"},{"BusNo":"300","Type":"2","BlID":"21047","BusCityName":"인천"},{"BusNo":"8000","Type":"4","BlID":"13011","BusCityName":"김포"},{"BusNo":"3000","Type":"4","BlID":"13059","BusCityName":"김포"},{"BusNo":"6008","Type":"5","BlID":"1784","BusCityName":"서울"},{"BusNo":"6000","Type":"5","BlID":"1799","BusCityName":"서울"},{"BusNo":"6003","Type":"5","BlID":"1804","BusCityName":"서울"},{"BusNo":"N26","Type":"11","BlID":"510","BusCityName":"서울"},{"BusNo":"605","Type":"11","BlID":"1171","BusCityName":"서울"},{"BusNo":"642","Type":"11","BlID":"1189","BusCityName":"서울"},{"BusNo":"601","Type":"11","BlID":"1498","BusCityName":"서울"},{"BusNo":"6629","Type":"12","BlID":"1214","BusCityName":"서울"}]},{"StopName":"마곡역","StopID":"150851","Bus": [{"BusNo":"388","Type":"1","BlID":"13117","BusCityName":"김포"},{"BusNo":"강서05-1","Type":"3","BlID":"593","BusCityName":"서울"},{"BusNo":"6642","Type":"12","BlID":"1476","BusCityName":"서울"}]}]},{"GateNo":"7","GateLink": ["서울공진초등학교방면"]}]}}}