{"result": {"stationName":"발산","stationID":515,"type":5,"laneName":"수도권 5호선","laneCity":"수도권","x":126.8376102,"y":37.5586946,"prevOBJ": {"station": [{"stationName":"마곡","stationID":514,"type":5,"laneName":"수도권 5호선","laneCity":"수도권","x":126.8246829,"y":37.5602607}]},"nextOBJ": {"station": [{"stationName":"우장산","stationID":516,"type":5,"laneName":"수도권 5호선","laneCity":"수도권","x":126.8363492,"y":37.5487978}]},"defaultInfo": {"address":"서울특별시 강서구 마곡동 727-1212","new_address":"서울특별시 강서구 공항대로 267","tel":"02-6311-5151"},"useInfo": {"platform":2,"meetingPlace":0,"restroom":2,"offDoor":1,"crossOver":1,"publicPlace":0,"handicapCount":1,"parkingCount":0,"bicycleCount":1,"civilCount":0},"exitInfo": {"gate": [{"GateNo":"1","GateLink": ["발산역사거리"],"BUSSTOP": [{"StopName":"발산역9번출구","StopID":"165076","Bus": [{"BusNo":"6648","Type":"12","BlID":"599","BusCityName":"서울"},{"BusNo":"6630","Type":"12","BlID":"1445","BusCityName":"서울"},{"BusNo":"6642","Type":"12","BlID":"1476","BusCityName":"서울"},{"BusNo":"6632","Type":"12","BlID":"1499","BusCityName":"서울"}]}]},{"GateNo":"2","GateLink": ["가양1동","발산역사거리지하보도"],"BUSSTOP": [{"StopName":"등촌3동그랜드백화점","StopID":"116658","Bus": [{"BusNo":"1002","Type":"1","BlID":"13008","BusCityName":"김포"},{"BusNo":"652","Type":"11","BlID":"1219","BusCityName":"서울"},{"BusNo":"6657","Type":"12","BlID":"1140","BusCityName":"서울"},{"BusNo":"6712","Type":"12","BlID":"1228","BusCityName":"서울"},{"BusNo":"6630","Type":"12","BlID":"1445","BusCityName":"서울"},{"BusNo":"6642","Type":"12","BlID":"1476","BusCityName":"서울"},{"BusNo":"6632","Type":"12","BlID":"1499","BusCityName":"서울"}]}]},{"GateNo":"3","GateLink": ["서울호서전문학교","강서우체국","등촌주공아파트"],"BUSSTOP": [{"StopName":"발산역원당사거리","StopID":"100973","Bus": [{"BusNo":"6645","Type":"12","BlID":"1479","BusCityName":"서울"}]},{"StopName":"발산역","StopID":"100974","Bus": [{"BusNo":"강서06","Type":"3","BlID":"1581","BusCityName":"서울"}]},{"StopName":"등촌3동그랜드백화점","StopID":"100988","Bus": [{"BusNo":"1002","Type":"1","BlID":"13008","BusCityName":"김포"},{"BusNo":"652","Type":"11","BlID":"1219","BusCityName":"서울"},{"BusNo":"6657","Type":"12","BlID":"1140","BusCityName":"서울"},{"BusNo":"6712","Type":"12","BlID":"1228","BusCityName":"서울"},{"BusNo":"6630","Type":"12","BlID":"1445","BusCityName":"서울"},{"BusNo":"6642","Type":"12","BlID":"1476","BusCityName":"서울"},{"BusNo":"6632","Type":"12","BlID":"1499","BusCityName":"서울"}]},{"StopName":"그랜드마트발산점","StopID":"121858","Bus": [{"BusNo":"6643","Type":"12","BlID":"1477","BusCityName":"서울"}]},{"StopName":"마곡엠밸리15단지아파트","StopID":"165071","Bus": [{"BusNo":"388","Type":"1","BlID":"13117","BusCityName":"김포"},{"BusNo":"강서05-1","Type":"3","BlID":"593","BusCityName":"서울"},{"BusNo":"6630","Type":"12","BlID":"1445","BusCityName":"서울"},{"BusNo":"6642","Type":"12","BlID":"1476","BusCityName":"서울"},{"BusNo":"6632","Type":"12","BlID":"1499","BusCityName":"서울"}]}]},{"GateNo":"4","GateLink": ["국민연금"],"BUSSTOP": [{"StopName":"발산역4번출구","StopID":"101009","Bus": [{"BusNo":"6712","Type":"12","BlID":"1228","BusCityName":"서울"},{"BusNo":"6630","Type":"12","BlID":"1445","BusCityName":"서울"}]}]},{"GateNo":"5","GateLink": ["KBS 88체육관"],"BUSSTOP": [{"StopName":"발산역5번출구","StopID":"100990","Bus": [{"BusNo":"300","Type":"2","BlID":"21047","BusCityName":"인천"},{"BusNo":"661","Type":"11","BlID":"1451","BusCityName":"서울"},{"BusNo":"6712","Type":"12","BlID":"1228","BusCityName":"서울"}]}]},{"GateNo":"6","GateLink": ["우장산힐스테이트아파트"],"BUSSTOP": [{"StopName":"발산역.우장산힐스테이트","StopID":"100957","Bus": [{"BusNo":"652","Type":"11","BlID":"1219","BusCityName":"서울"},{"BusNo":"661","Type":"11","BlID":"1451","BusCityName":"서울"},{"BusNo":"6648","Type":"12","BlID":"599","BusCityName":"서울"},{"BusNo":"6657","Type":"12","BlID":"1140","BusCityName":"서울"},{"BusNo":"6629","Type":"12","BlID":"1214","BusCityName":"서울"},{"BusNo":"6630","Type":"12","BlID":"1445","BusCityName":"서울"},{"BusNo":"6645","Type":"12","BlID":"1479","BusCityName":"서울"}]},{"StopName":"발산역.우장산힐스테이트","StopID":"124452","Bus": [{"BusNo":"강서06","Type":"3","BlID":"1581","BusCityName":"서울"}]}]},{"GateNo":"7","GateLink": ["발산1동주민센터","명덕고등학교.여자고등학교","명덕외국어고등학교","발산지구대"],"BUSSTOP": [{"StopName":"발산역.우장산힐스테이트","StopID":"100953","Bus": [{"BusNo":"652","Type":"11","BlID":"1219","BusCityName":"서울"},{"BusNo":"661","Type":"11","BlID":"1451","BusCityName":"서울"},{"BusNo":"6648","Type":"12","BlID":"599","BusCityName":"서울"},{"BusNo":"6657","Type":"12","BlID":"1140","BusCityName":"서울"},{"BusNo":"6629","Type":"12","BlID":"1214","BusCityName":"서울"},{"BusNo":"6630","Type":"12","BlID":"1445","BusCityName":"서울"},{"BusNo":"6643","Type":"12","BlID":"1477","BusCityName":"서울"}]},{"StopName":"발산역7번출구","StopID":"121859","Bus": [{"BusNo":"강서06","Type":"3","BlID":"1581","BusCityName":"서울"},{"BusNo":"6643","Type":"12","BlID":"1477","BusCityName":"서울"}]}]},{"GateNo":"8","GateLink": ["발산1동","공항로"]},{"GateNo":"9","GateLink": ["마곡역 방면"]}]}}}