{"result": {"stationName":"우장산","stationID":516,"type":5,"laneName":"수도권 5호선","laneCity":"수도권","x":126.8363492,"y":37.5487978,"prevOBJ": {"station": [{"stationName":"발산","stationID":515,"type":5,"laneName":"수도권 5호선","laneCity":"수도권","x":126.8376102,"y":37.5586946}]},"nextOBJ": {"station": [{"stationName":"화곡","stationID":517,"type":5,"laneName":"수도권 5호선","laneCity":"수도권","x":126.8404556,"y":37.5415849}]},"defaultInfo": {"address":"서울특별시 강서구 화곡동 1089-3","new_address":"서울특별시 강서구 강서로 262","tel":"02-6311-5161"},"useInfo": {"platform":2,"meetingPlace":0,"restroom":2,"offDoor":1,"crossOver":1,"publicPlace":0,"handicapCount":1,"parkingCount":0,"bicycleCount":1,"civilCount":0},"exitInfo": {"gate": [{"GateNo":"1","GateLink": ["우장산공원","내발산초등학교","강서구민회관 방면","우장산아이파크이편한세상"],"BUSSTOP": [{"StopName":"우장산역","StopID":"100932","Bus": [{"BusNo":"강서05","Type":"3","BlID":"1488","BusCityName":"서울"},{"BusNo":"강서06","Type":"3","BlID":"1581","BusCityName":"서울"},{"BusNo":"652","Type":"11","BlID":"1219","BusCityName":"서울"},{"BusNo":"661","Type":"11","BlID":"1451","BusCityName":"서울"},{"BusNo":"6648","Type":"12","BlID":"599","BusCityName":"서울"},{"BusNo":"6657","Type":"12","BlID":"1140","BusCityName":"서울"},{"BusNo":"6629","Type":"12","BlID":"1214","BusCityName":"서울"},{"BusNo":"6630","Type":"12","BlID":"1445","BusCityName":"서울"},{"BusNo":"6645","Type":"12","BlID":"1479","BusCityName":"서울"}]}]},{"GateNo":"2","GateLink": ["우장산동주민센터","한국폴리텍1서울강서대학"],"BUSSTOP": [{"StopName":"화곡중고등학교","StopID":"100931","Bus": [{"BusNo":"강서06","Type":"3","BlID":"1581","BusCityName":"서울"},{"BusNo":"652","Type":"11","BlID":"1219","BusCityName":"서울"},{"BusNo":"661","Type":"11","BlID":"1451","BusCityName":"서울"},{"BusNo":"6648","Type":"12","BlID":"599","BusCityName":"서울"},{"BusNo":"6657","Type":"12","BlID":"1140","BusCityName":"서울"},{"BusNo":"6629","Type":"12","BlID":"1214","BusCityName":"서울"},{"BusNo":"6630","Type":"12","BlID":"1445","BusCityName":"서울"}]},{"StopName":"양서1단지우장산아이파크이편한세상","StopID":"100958","Bus": [{"BusNo":"6645","Type":"12","BlID":"1479","BusCityName":"서울"}]},{"StopName":"강서힐스테이트아파트","StopID":"121860","Bus": [{"BusNo":"6643","Type":"12","BlID":"1477","BusCityName":"서울"}]}]},{"GateNo":"3","GateLink": ["화곡3동","화곡3치안센터","화곡중.고등학교","화곡보건경영고등학교","덕원중학교 방면","덕원여자고등학교 방면","덕원예술고등학교 방면","대원시장","화곡푸르지오","화곡초록아파트"],"BUSSTOP": [{"StopName":"화곡중고등학교","StopID":"100920","Bus": [{"BusNo":"강서06","Type":"3","BlID":"1581","BusCityName":"서울"},{"BusNo":"652","Type":"11","BlID":"1219","BusCityName":"서울"},{"BusNo":"661","Type":"11","BlID":"1451","BusCityName":"서울"},{"BusNo":"6648","Type":"12","BlID":"599","BusCityName":"서울"},{"BusNo":"6657","Type":"12","BlID":"1140","BusCityName":"서울"},{"BusNo":"6629","Type":"12","BlID":"1214","BusCityName":"서울"},{"BusNo":"6630","Type":"12","BlID":"1445","BusCityName":"서울"}]},{"StopName":"송화시장","StopID":"122106","Bus": [{"BusNo":"강서05","Type":"3","BlID":"1488","BusCityName":"서울"}]},{"StopName":"송화시장","StopID":"122116","Bus": [{"BusNo":"강서05","Type":"3","BlID":"1488","BusCityName":"서울"}]}]},{"GateNo":"4","GateLink": ["발산우체국","발산지구대","발산종합시장","발산초등학교","명덕여자중학교","명덕여자고등학교","명덕고등학교","명덕외국어고등학교"],"BUSSTOP": [{"StopName":"우장산역","StopID":"100921","Bus": [{"BusNo":"652","Type":"11","BlID":"1219","BusCityName":"서울"},{"BusNo":"661","Type":"11","BlID":"1451","BusCityName":"서울"},{"BusNo":"6648","Type":"12","BlID":"599","BusCityName":"서울"},{"BusNo":"6657","Type":"12","BlID":"1140","BusCityName":"서울"},{"BusNo":"6629","Type":"12","BlID":"1214","BusCityName":"서울"},{"BusNo":"6630","Type":"12","BlID":"1445","BusCityName":"서울"},{"BusNo":"6643","Type":"12","BlID":"1477","BusCityName":"서울"}]},{"StopName":"우장산역","StopID":"100922","Bus": [{"BusNo":"강서05","Type":"3","BlID":"1488","BusCityName":"서울"},{"BusNo":"강서06","Type":"3","BlID":"1581","BusCityName":"서울"}]}]}]}}}