{"result": {"stationName":"화곡","stationID":517,"type":5,"laneName":"수도권 5호선","laneCity":"수도권","x":126.8404556,"y":37.5415849,"prevOBJ": {"station": [{"stationName":"우장산","stationID":516,"type":5,"laneName":"수도권 5호선","laneCity":"수도권","x":126.8363492,"y":37.5487978}]},"nextOBJ": {"station": [{"stationName":"까치산","stationID":518,"type":5,"laneName":"수도권 5호선","laneCity":"수도권","x":126.8465192,"y":37.5321293}]},"defaultInfo": {"address":"서울특별시 강서구 화곡동 1089-54","new_address":"서울특별시 강서구 화곡로 168","tel":"02-6311-5171"},"useInfo": {"platform":1,"meetingPlace":1,"restroom":2,"offDoor":0,"crossOver":2,"publicPlace":0,"handicapCount":1,"parkingCount":0,"bicycleCount":1,"civilCount":1},"exitInfo": {"gate": [{"GateNo":"1","GateLink": ["우장산동주민센터","우장산아이파크이편한세상","우신아파트"],"BUSSTOP": [{"StopName":"화곡역1번출구","StopID":"101011","Bus": [{"BusNo":"652","Type":"11","BlID":"1219","BusCityName":"서울"},{"BusNo":"661","Type":"11","BlID":"1451","BusCityName":"서울"},{"BusNo":"6648","Type":"12","BlID":"599","BusCityName":"서울"},{"BusNo":"6657","Type":"12","BlID":"1140","BusCityName":"서울"},{"BusNo":"6629","Type":"12","BlID":"1214","BusCityName":"서울"},{"BusNo":"6630","Type":"12","BlID":"1445","BusCityName":"서울"}]}]},{"GateNo":"2","GateLink": ["우장초등학교 방면","국민건강보험공단 강서지사"]},{"GateNo":"3","GateLink": ["강서구청방면","강서경찰서 방면","화곡시장","화곡초등학교","화곡우체국","성지중.고등학교","강서등기소 방면"],"BUSSTOP": [{"StopName":"성당입구","StopID":"152348","Bus": [{"BusNo":"강서01","Type":"3","BlID":"1572","BusCityName":"서울"}]}]},{"GateNo":"4","GateLink": ["화곡본동","화곡터널"],"BUSSTOP": [{"StopName":"화곡역","StopID":"101045","Bus": [{"BusNo":"60-1","Type":"1","BlID":"7025","BusCityName":"부천"},{"BusNo":"604","Type":"11","BlID":"1169","BusCityName":"서울"},{"BusNo":"652","Type":"11","BlID":"1219","BusCityName":"서울"},{"BusNo":"6648","Type":"12","BlID":"599","BusCityName":"서울"},{"BusNo":"6657","Type":"12","BlID":"1140","BusCityName":"서울"},{"BusNo":"5712","Type":"12","BlID":"1152","BusCityName":"서울"},{"BusNo":"6514","Type":"12","BlID":"1195","BusCityName":"서울"},{"BusNo":"6630","Type":"12","BlID":"1445","BusCityName":"서울"}]},{"StopName":"화곡역","StopID":"124222","Bus": [{"BusNo":"강서01","Type":"3","BlID":"1572","BusCityName":"서울"}]}]},{"GateNo":"5","GateLink": ["화곡중앙시장"],"BUSSTOP": [{"StopName":"화곡역.현대주유소","StopID":"101043","Bus": [{"BusNo":"653","Type":"11","BlID":"515","BusCityName":"서울"},{"BusNo":"604","Type":"11","BlID":"1169","BusCityName":"서울"},{"BusNo":"652","Type":"11","BlID":"1219","BusCityName":"서울"},{"BusNo":"6648","Type":"12","BlID":"599","BusCityName":"서울"},{"BusNo":"6657","Type":"12","BlID":"1140","BusCityName":"서울"},{"BusNo":"5712","Type":"12","BlID":"1152","BusCityName":"서울"},{"BusNo":"6514","Type":"12","BlID":"1195","BusCityName":"서울"},{"BusNo":"6625","Type":"12","BlID":"1210","BusCityName":"서울"},{"BusNo":"6630","Type":"12","BlID":"1445","BusCityName":"서울"}]}]},{"GateNo":"6","GateLink": ["신월초등학교"],"BUSSTOP": [{"StopName":"화곡역.에이스정형외과앞","StopID":"100977","Bus": [{"BusNo":"33","Type":"1","BlID":"7005","BusCityName":"부천"},{"BusNo":"23","Type":"1","BlID":"7023","BusCityName":"부천"},{"BusNo":"60-1","Type":"1","BlID":"7025","BusCityName":"부천"},{"BusNo":"70-2","Type":"1","BlID":"7049","BusCityName":"부천"},{"BusNo":"70","Type":"1","BlID":"7051","BusCityName":"부천"},{"BusNo":"70-3","Type":"1","BlID":"7060","BusCityName":"부천"},{"BusNo":"7-3","Type":"1","BlID":"7064","BusCityName":"부천"},{"BusNo":"653","Type":"11","BlID":"515","BusCityName":"서울"},{"BusNo":"673","Type":"11","BlID":"1173","BusCityName":"서울"},{"BusNo":"650","Type":"11","BlID":"1190","BusCityName":"서울"},{"BusNo":"652","Type":"11","BlID":"1219","BusCityName":"서울"},{"BusNo":"606","Type":"11","BlID":"1738","BusCityName":"서울"},{"BusNo":"6625","Type":"12","BlID":"1210","BusCityName":"서울"},{"BusNo":"6627","Type":"12","BlID":"1211","BusCityName":"서울"},{"BusNo":"7700","Type":"14","BlID":"21115","BusCityName":"인천"}]}]},{"GateNo":"7","GateLink": ["강서 교육지원청 방면","신화중학교방면","신월중학교 방면","화곡푸르지오"],"BUSSTOP": [{"StopName":"화곡역","StopID":"151777","Bus": [{"BusNo":"59-1","Type":"1","BlID":"7000","BusCityName":"부천"},{"BusNo":"33","Type":"1","BlID":"7005","BusCityName":"부천"},{"BusNo":"23","Type":"1","BlID":"7023","BusCityName":"부천"},{"BusNo":"7-3","Type":"1","BlID":"7064","BusCityName":"부천"},{"BusNo":"59","Type":"1","BlID":"7094","BusCityName":"부천"},{"BusNo":"7700","Type":"14","BlID":"21115","BusCityName":"인천"}]}]},{"GateNo":"8","GateLink": ["화곡3동주민센터","화곡3치안센터","대원시장"],"BUSSTOP": [{"StopName":"화곡역","StopID":"100983","Bus": [{"BusNo":"강서06","Type":"3","BlID":"1581","BusCityName":"서울"},{"BusNo":"652","Type":"11","BlID":"1219","BusCityName":"서울"},{"BusNo":"661","Type":"11","BlID":"1451","BusCityName":"서울"},{"BusNo":"6648","Type":"12","BlID":"599","BusCityName":"서울"},{"BusNo":"6657","Type":"12","BlID":"1140","BusCityName":"서울"},{"BusNo":"6629","Type":"12","BlID":"1214","BusCityName":"서울"},{"BusNo":"6630","Type":"12","BlID":"1445","BusCityName":"서울"}]}]}]}}}