{"result": {"stationName":"신정","stationID":519,"type":5,"laneName":"수도권 5호선","laneCity":"수도권","x":126.8561774,"y":37.5249878,"prevOBJ": {"station": [{"stationName":"까치산","stationID":518,"type":5,"laneName":"수도권 5호선","laneCity":"수도권","x":126.8465192,"y":37.5321293}]},"nextOBJ": {"station": [{"stationName":"목동","stationID":520,"type":5,"laneName":"수도권 5호선","laneCity":"수도권","x":126.8643176,"y":37.5260844}]},"defaultInfo": {"address":"서울특별시 양천구 신정동 1090","new_address":"서울특별시 양천구 오목로 179","tel":"02-6311-5191"},"useInfo": {"platform":2,"meetingPlace":0,"restroom":1,"offDoor":1,"crossOver":2,"publicPlace":0,"handicapCount":1,"parkingCount":0,"bicycleCount":1,"civilCount":0},"exitInfo": {"gate": [{"GateNo":"1","GateLink": ["양동초등학교","양강중학교","양강초등학교 방면"],"BUSSTOP": [{"StopName":"신정역.은행정역","StopID":"101309","Bus": [{"BusNo":"N62","Type":"11","BlID":"576","BusCityName":"서울"},{"BusNo":"602","Type":"11","BlID":"1166","BusCityName":"서울"},{"BusNo":"640","Type":"11","BlID":"1186","BusCityName":"서울"},{"BusNo":"6211","Type":"12","BlID":"1185","BusCityName":"서울"},{"BusNo":"6614","Type":"12","BlID":"1199","BusCityName":"서울"},{"BusNo":"6625","Type":"12","BlID":"1210","BusCityName":"서울"},{"BusNo":"6715","Type":"12","BlID":"1230","BusCityName":"서울"}]}]},{"GateNo":"2","GateLink": ["신정5치안센터","목동5거리 방면"],"BUSSTOP": [{"StopName":"신서고교.영상고교입구","StopID":"101420","Bus": [{"BusNo":"N62","Type":"11","BlID":"576","BusCityName":"서울"},{"BusNo":"602","Type":"11","BlID":"1166","BusCityName":"서울"},{"BusNo":"640","Type":"11","BlID":"1186","BusCityName":"서울"},{"BusNo":"5630","Type":"12","BlID":"1148","BusCityName":"서울"},{"BusNo":"6211","Type":"12","BlID":"1185","BusCityName":"서울"},{"BusNo":"6614","Type":"12","BlID":"1199","BusCityName":"서울"},{"BusNo":"6625","Type":"12","BlID":"1210","BusCityName":"서울"},{"BusNo":"6715","Type":"12","BlID":"1230","BusCityName":"서울"}]}]},{"GateNo":"3","GateLink": ["신정4동 주민센터","신정2지구대","서울영상고등학교","양목초등학교","신서고등학교"],"BUSSTOP": [{"StopName":"신서고등학교.영상고등학교입구","StopID":"101416","Bus": [{"BusNo":"98","Type":"1","BlID":"7003","BusCityName":"부천"},{"BusNo":"N62","Type":"11","BlID":"576","BusCityName":"서울"},{"BusNo":"602","Type":"11","BlID":"1166","BusCityName":"서울"},{"BusNo":"640","Type":"11","BlID":"1186","BusCityName":"서울"},{"BusNo":"6211","Type":"12","BlID":"1185","BusCityName":"서울"},{"BusNo":"6614","Type":"12","BlID":"1199","BusCityName":"서울"},{"BusNo":"6625","Type":"12","BlID":"1210","BusCityName":"서울"},{"BusNo":"6715","Type":"12","BlID":"1230","BusCityName":"서울"}]}]},{"GateNo":"4","GateLink": ["신호아파트"]},{"GateNo":"5","GateLink": ["신정네거리"],"BUSSTOP": [{"StopName":"신정역.은행정역","StopID":"101304","Bus": [{"BusNo":"98","Type":"1","BlID":"7003","BusCityName":"부천"},{"BusNo":"N62","Type":"11","BlID":"576","BusCityName":"서울"},{"BusNo":"602","Type":"11","BlID":"1166","BusCityName":"서울"},{"BusNo":"640","Type":"11","BlID":"1186","BusCityName":"서울"},{"BusNo":"6211","Type":"12","BlID":"1185","BusCityName":"서울"},{"BusNo":"6614","Type":"12","BlID":"1199","BusCityName":"서울"},{"BusNo":"6625","Type":"12","BlID":"1210","BusCityName":"서울"},{"BusNo":"6715","Type":"12","BlID":"1230","BusCityName":"서울"}]}]}]}}}