{"result": {"stationName":"목동","stationID":520,"type":5,"laneName":"수도권 5호선","laneCity":"수도권","x":126.8643176,"y":37.5260844,"prevOBJ": {"station": [{"stationName":"신정","stationID":519,"type":5,"laneName":"수도권 5호선","laneCity":"수도권","x":126.8561774,"y":37.5249878}]},"nextOBJ": {"station": [{"stationName":"오목교","stationID":521,"type":5,"laneName":"수도권 5호선","laneCity":"수도권","x":126.8750654,"y":37.5245653}]},"defaultInfo": {"address":"서울특별시 양천구 목동 926-3","new_address":"서울특별시 양천구 오목로 245","tel":"02-6311-5201"},"useInfo": {"platform":2,"meetingPlace":0,"restroom":2,"offDoor":1,"crossOver":2,"publicPlace":0,"handicapCount":1,"parkingCount":0,"bicycleCount":1,"civilCount":0},"exitInfo": {"gate": [{"GateNo":"1","GateLink": ["신정4동 주민센터","신월 I.C 방면"],"BUSSTOP": [{"StopName":"목동역.목동오거리","StopID":"101459","Bus": [{"BusNo":"N62","Type":"11","BlID":"576","BusCityName":"서울"},{"BusNo":"602","Type":"11","BlID":"1166","BusCityName":"서울"},{"BusNo":"640","Type":"11","BlID":"1186","BusCityName":"서울"},{"BusNo":"5630","Type":"12","BlID":"1148","BusCityName":"서울"},{"BusNo":"6211","Type":"12","BlID":"1185","BusCityName":"서울"},{"BusNo":"6614","Type":"12","BlID":"1199","BusCityName":"서울"},{"BusNo":"6625","Type":"12","BlID":"1210","BusCityName":"서울"},{"BusNo":"6715","Type":"12","BlID":"1230","BusCityName":"서울"}]}]},{"GateNo":"2","GateLink": ["신정서부시장","로데오거리"],"BUSSTOP": [{"StopName":"목동역.홍익병원","StopID":"101489","Bus": [{"BusNo":"N62","Type":"11","BlID":"576","BusCityName":"서울"},{"BusNo":"602","Type":"11","BlID":"1166","BusCityName":"서울"},{"BusNo":"642","Type":"11","BlID":"1189","BusCityName":"서울"},{"BusNo":"650","Type":"11","BlID":"1190","BusCityName":"서울"},{"BusNo":"6620","Type":"12","BlID":"1205","BusCityName":"서울"},{"BusNo":"6628","Type":"12","BlID":"1213","BusCityName":"서울"},{"BusNo":"6629","Type":"12","BlID":"1214","BusCityName":"서울"},{"BusNo":"6715","Type":"12","BlID":"1230","BusCityName":"서울"},{"BusNo":"6630","Type":"12","BlID":"1445","BusCityName":"서울"},{"BusNo":"6623","Type":"12","BlID":"1453","BusCityName":"서울"}]}]},{"GateNo":"3","GateLink": ["목동사거리방면","파리공원 방면","아름다운가게"],"BUSSTOP": [{"StopName":"목동역.홍익병원","StopID":"101498","Bus": [{"BusNo":"N62","Type":"11","BlID":"576","BusCityName":"서울"},{"BusNo":"602","Type":"11","BlID":"1166","BusCityName":"서울"},{"BusNo":"642","Type":"11","BlID":"1189","BusCityName":"서울"},{"BusNo":"650","Type":"11","BlID":"1190","BusCityName":"서울"},{"BusNo":"5616","Type":"12","BlID":"1134","BusCityName":"서울"},{"BusNo":"6620","Type":"12","BlID":"1205","BusCityName":"서울"},{"BusNo":"6628","Type":"12","BlID":"1213","BusCityName":"서울"},{"BusNo":"6629","Type":"12","BlID":"1214","BusCityName":"서울"},{"BusNo":"6715","Type":"12","BlID":"1230","BusCityName":"서울"},{"BusNo":"6630","Type":"12","BlID":"1445","BusCityName":"서울"},{"BusNo":"6623","Type":"12","BlID":"1453","BusCityName":"서울"}]}]},{"GateNo":"4","GateLink": ["목동아파트 7단지","목동벽산아파트","성원아파트"],"BUSSTOP": [{"StopName":"목동역.목동7단지","StopID":"101586","Bus": [{"BusNo":"603","Type":"11","BlID":"1168","BusCityName":"서울"},{"BusNo":"640","Type":"11","BlID":"1186","BusCityName":"서울"},{"BusNo":"650","Type":"11","BlID":"1190","BusCityName":"서울"},{"BusNo":"5616","Type":"12","BlID":"1134","BusCityName":"서울"},{"BusNo":"6211","Type":"12","BlID":"1185","BusCityName":"서울"},{"BusNo":"6617","Type":"12","BlID":"1202","BusCityName":"서울"},{"BusNo":"6628","Type":"12","BlID":"1213","BusCityName":"서울"},{"BusNo":"6629","Type":"12","BlID":"1214","BusCityName":"서울"},{"BusNo":"6638","Type":"12","BlID":"1223","BusCityName":"서울"},{"BusNo":"6630","Type":"12","BlID":"1445","BusCityName":"서울"},{"BusNo":"5012","Type":"12","BlID":"1452","BusCityName":"서울"}]}]},{"GateNo":"5","GateLink": ["목동아파트 7단지(731-734)","영등포방면","서정초등학교","서울출입국관리사무소"],"BUSSTOP": [{"StopName":"목동역","StopID":"101522","Bus": [{"BusNo":"603","Type":"11","BlID":"1168","BusCityName":"서울"},{"BusNo":"6617","Type":"12","BlID":"1202","BusCityName":"서울"},{"BusNo":"6638","Type":"12","BlID":"1223","BusCityName":"서울"},{"BusNo":"5012","Type":"12","BlID":"1452","BusCityName":"서울"}]},{"StopName":"목동역.목동7단지","StopID":"101543","Bus": [{"BusNo":"양천03","Type":"3","BlID":"1633","BusCityName":"서울"},{"BusNo":"603","Type":"11","BlID":"1168","BusCityName":"서울"},{"BusNo":"640","Type":"11","BlID":"1186","BusCityName":"서울"},{"BusNo":"650","Type":"11","BlID":"1190","BusCityName":"서울"},{"BusNo":"6211","Type":"12","BlID":"1185","BusCityName":"서울"},{"BusNo":"6617","Type":"12","BlID":"1202","BusCityName":"서울"},{"BusNo":"6628","Type":"12","BlID":"1213","BusCityName":"서울"},{"BusNo":"6629","Type":"12","BlID":"1214","BusCityName":"서울"},{"BusNo":"6638","Type":"12","BlID":"1223","BusCityName":"서울"},{"BusNo":"6630","Type":"12","BlID":"1445","BusCityName":"서울"},{"BusNo":"5012","Type":"12","BlID":"1452","BusCityName":"서울"}]}]},{"GateNo":"6","GateLink": ["목동아파트 8단지","진명여자고등학교","한국전력공사강서지점 방면"],"BUSSTOP": [{"StopName":"진명여고","StopID":"101513","Bus": [{"BusNo":"양천03","Type":"3","BlID":"1633","BusCityName":"서울"},{"BusNo":"603","Type":"11","BlID":"1168","BusCityName":"서울"},{"BusNo":"642","Type":"11","BlID":"1189","BusCityName":"서울"},{"BusNo":"5630","Type":"12","BlID":"1148","BusCityName":"서울"},{"BusNo":"6614","Type":"12","BlID":"1199","BusCityName":"서울"},{"BusNo":"6617","Type":"12","BlID":"1202","BusCityName":"서울"},{"BusNo":"6620","Type":"12","BlID":"1205","BusCityName":"서울"},{"BusNo":"6625","Type":"12","BlID":"1210","BusCityName":"서울"},{"BusNo":"6638","Type":"12","BlID":"1223","BusCityName":"서울"},{"BusNo":"5012","Type":"12","BlID":"1452","BusCityName":"서울"},{"BusNo":"6623","Type":"12","BlID":"1453","BusCityName":"서울"}]},{"StopName":"목동역","StopID":"125110","Bus": [{"BusNo":"6003","Type":"5","BlID":"1804","BusCityName":"서울"}]}]},{"GateNo":"7","GateLink": ["서울남부지방법원","서울남부지방검찰청","목동아파트 9단지","신정2지구대","신정1동 우체국","신서고등학교"],"BUSSTOP": [{"StopName":"진명여고","StopID":"101504","Bus": [{"BusNo":"98","Type":"1","BlID":"7003","BusCityName":"부천"},{"BusNo":"603","Type":"11","BlID":"1168","BusCityName":"서울"},{"BusNo":"642","Type":"11","BlID":"1189","BusCityName":"서울"},{"BusNo":"6614","Type":"12","BlID":"1199","BusCityName":"서울"},{"BusNo":"6617","Type":"12","BlID":"1202","BusCityName":"서울"},{"BusNo":"6620","Type":"12","BlID":"1205","BusCityName":"서울"},{"BusNo":"6625","Type":"12","BlID":"1210","BusCityName":"서울"},{"BusNo":"6638","Type":"12","BlID":"1223","BusCityName":"서울"},{"BusNo":"5012","Type":"12","BlID":"1452","BusCityName":"서울"},{"BusNo":"6623","Type":"12","BlID":"1453","BusCityName":"서울"}]},{"StopName":"목동역","StopID":"166265","Bus": [{"BusNo":"6003","Type":"5","BlID":"1804","BusCityName":"서울"}]}]},{"GateNo":"8","GateLink": ["신정4동 주민센터","양목초등학교","남부순환로","풀잎문화센터 목동지부"],"BUSSTOP": [{"StopName":"목동역.목동오거리","StopID":"101463","Bus": [{"BusNo":"98","Type":"1","BlID":"7003","BusCityName":"부천"},{"BusNo":"N62","Type":"11","BlID":"576","BusCityName":"서울"},{"BusNo":"602","Type":"11","BlID":"1166","BusCityName":"서울"},{"BusNo":"640","Type":"11","BlID":"1186","BusCityName":"서울"},{"BusNo":"6211","Type":"12","BlID":"1185","BusCityName":"서울"},{"BusNo":"6614","Type":"12","BlID":"1199","BusCityName":"서울"},{"BusNo":"6625","Type":"12","BlID":"1210","BusCityName":"서울"},{"BusNo":"6715","Type":"12","BlID":"1230","BusCityName":"서울"}]}]}]}}}