{"result": {"stationName":"오목교","stationID":521,"type":5,"laneName":"수도권 5호선","laneCity":"수도권","x":126.8750654,"y":37.5245653,"prevOBJ": {"station": [{"stationName":"목동","stationID":520,"type":5,"laneName":"수도권 5호선","laneCity":"수도권","x":126.8643176,"y":37.5260844}]},"nextOBJ": {"station": [{"stationName":"양평","stationID":522,"type":5,"laneName":"수도권 5호선","laneCity":"수도권","x":126.8862046,"y":37.5256168}]},"defaultInfo": {"address":"서울특별시 양천구 목1동 406-30","new_address":"서울특별시 양천구 오목로 342","tel":"02-6311-5211"},"useInfo": {"platform":2,"meetingPlace":0,"restroom":2,"offDoor":1,"crossOver":1,"publicPlace":0,"handicapCount":1,"parkingCount":1,"bicycleCount":1,"civilCount":0},"exitInfo": {"gate": [{"GateNo":"1","GateLink": ["목1동주민센터","양천소방서","아름다운가게"],"BUSSTOP": [{"StopName":"목동대학학원","StopID":"101662","Bus": [{"BusNo":"양천04","Type":"3","BlID":"1482","BusCityName":"서울"},{"BusNo":"640","Type":"11","BlID":"1186","BusCityName":"서울"},{"BusNo":"650","Type":"11","BlID":"1190","BusCityName":"서울"},{"BusNo":"5616","Type":"12","BlID":"1134","BusCityName":"서울"},{"BusNo":"6211","Type":"12","BlID":"1185","BusCityName":"서울"},{"BusNo":"6624","Type":"12","BlID":"1209","BusCityName":"서울"},{"BusNo":"6628","Type":"12","BlID":"1213","BusCityName":"서울"},{"BusNo":"6629","Type":"12","BlID":"1214","BusCityName":"서울"},{"BusNo":"6638","Type":"12","BlID":"1223","BusCityName":"서울"},{"BusNo":"6630","Type":"12","BlID":"1445","BusCityName":"서울"},{"BusNo":"5012","Type":"12","BlID":"1452","BusCityName":"서울"}]},{"StopName":"오목교역.대학학원","StopID":"152803","Bus": [{"BusNo":"양천02","Type":"3","BlID":"1627","BusCityName":"서울"}]}]},{"GateNo":"2","GateLink": ["파리공원 방면","오목공원","SBS","행복한세상백화점","기독교방송","국민연금공당양천지사"],"BUSSTOP": [{"StopName":"목운초등학교.목운중학교","StopID":"101665","Bus": [{"BusNo":"700","Type":"2","BlID":"7038","BusCityName":"부천"},{"BusNo":"양천02","Type":"3","BlID":"1627","BusCityName":"서울"},{"BusNo":"571","Type":"11","BlID":"1150","BusCityName":"서울"},{"BusNo":"603","Type":"11","BlID":"1168","BusCityName":"서울"},{"BusNo":"6624","Type":"12","BlID":"1209","BusCityName":"서울"},{"BusNo":"6637","Type":"12","BlID":"1222","BusCityName":"서울"},{"BusNo":"6638","Type":"12","BlID":"1223","BusCityName":"서울"}]},{"StopName":"목운초등학교.목운중학교","StopID":"111538","Bus": [{"BusNo":"6624","Type":"12","BlID":"1209","BusCityName":"서울"}]}]},{"GateNo":"3","GateLink": ["목동주차장","목동종합운동장"]},{"GateNo":"4","GateLink": ["영학정"],"BUSSTOP": [{"StopName":"오목교역.동신한방병원","StopID":"101732","Bus": [{"BusNo":"640","Type":"11","BlID":"1186","BusCityName":"서울"},{"BusNo":"650","Type":"11","BlID":"1190","BusCityName":"서울"},{"BusNo":"5616","Type":"12","BlID":"1134","BusCityName":"서울"},{"BusNo":"6211","Type":"12","BlID":"1185","BusCityName":"서울"},{"BusNo":"6625","Type":"12","BlID":"1210","BusCityName":"서울"},{"BusNo":"6628","Type":"12","BlID":"1213","BusCityName":"서울"},{"BusNo":"6629","Type":"12","BlID":"1214","BusCityName":"서울"},{"BusNo":"6630","Type":"12","BlID":"1445","BusCityName":"서울"},{"BusNo":"5012","Type":"12","BlID":"1452","BusCityName":"서울"}]}]},{"GateNo":"5","GateLink": ["오목교","영등포방면","목동현대아파트","신목종합사회복지관","양천외국인근로자센터"],"BUSSTOP": [{"StopName":"오목교역.동신한방병원","StopID":"101733","Bus": [{"BusNo":"640","Type":"11","BlID":"1186","BusCityName":"서울"},{"BusNo":"650","Type":"11","BlID":"1190","BusCityName":"서울"},{"BusNo":"6211","Type":"12","BlID":"1185","BusCityName":"서울"},{"BusNo":"6628","Type":"12","BlID":"1213","BusCityName":"서울"},{"BusNo":"6629","Type":"12","BlID":"1214","BusCityName":"서울"},{"BusNo":"6640A","Type":"12","BlID":"1225","BusCityName":"서울"},{"BusNo":"6630","Type":"12","BlID":"1445","BusCityName":"서울"},{"BusNo":"5012","Type":"12","BlID":"1452","BusCityName":"서울"}]}]},{"GateNo":"6","GateLink": ["신정시장"],"BUSSTOP": [{"StopName":"오목교역.청학스포츠타운","StopID":"101711","Bus": [{"BusNo":"6640A","Type":"12","BlID":"1225","BusCityName":"서울"}]}]},{"GateNo":"7","GateLink": ["양천구청 방면","서울출입국관리사무소 방면","목동초등학교","목동중학교"],"BUSSTOP": [{"StopName":"오목교역.청학스포츠타운","StopID":"101703","Bus": [{"BusNo":"6640B","Type":"12","BlID":"579","BusCityName":"서울"},{"BusNo":"6624","Type":"12","BlID":"1209","BusCityName":"서울"}]}]},{"GateNo":"8","GateLink": ["양천세무서","목동오거리 방면","양천장애인종합복지관","강서수도사업소","생명과학박물관"],"BUSSTOP": [{"StopName":"목동대학학원","StopID":"101652","Bus": [{"BusNo":"640","Type":"11","BlID":"1186","BusCityName":"서울"},{"BusNo":"650","Type":"11","BlID":"1190","BusCityName":"서울"},{"BusNo":"6211","Type":"12","BlID":"1185","BusCityName":"서울"},{"BusNo":"6628","Type":"12","BlID":"1213","BusCityName":"서울"},{"BusNo":"6629","Type":"12","BlID":"1214","BusCityName":"서울"},{"BusNo":"6630","Type":"12","BlID":"1445","BusCityName":"서울"},{"BusNo":"5012","Type":"12","BlID":"1452","BusCityName":"서울"}]}]}]}}}