{"result": {"stationName":"양평","stationID":522,"type":5,"laneName":"수도권 5호선","laneCity":"수도권","x":126.8862046,"y":37.5256168,"prevOBJ": {"station": [{"stationName":"오목교","stationID":521,"type":5,"laneName":"수도권 5호선","laneCity":"수도권","x":126.8750654,"y":37.5245653}]},"nextOBJ": {"station": [{"stationName":"영등포구청","stationID":523,"type":5,"laneName":"수도권 5호선","laneCity":"수도권","x":126.8954458,"y":37.5241988}]},"defaultInfo": {"address":"서울특별시 영등포구 양평동2가 33-79","new_address":"서울특별시 영등포구 양산로 21","tel":"02-6311-5221"},"useInfo": {"platform":2,"meetingPlace":1,"restroom":1,"offDoor":1,"crossOver":2,"publicPlace":0,"handicapCount":1,"parkingCount":0,"bicycleCount":1,"civilCount":0},"exitInfo": {"gate": [{"GateNo":"1","GateLink": ["양평동 3가","서울당중초등학교"]},{"GateNo":"2","GateLink": ["양평1동주민센터","관악고등학교","양평동1가","오목교","문래중학교"],"BUSSTOP": [{"StopName":"양평역","StopID":"125360","Bus": [{"BusNo":"영등포02","Type":"3","BlID":"1646","BusCityName":"서울"},{"BusNo":"영등포05","Type":"3","BlID":"1681","BusCityName":"서울"}]},{"StopName":"양평역","StopID":"125799","Bus": [{"BusNo":"영등포05","Type":"3","BlID":"1681","BusCityName":"서울"}]}]}]}}}