{"result": {"stationName":"영등포구청","stationID":523,"type":5,"laneName":"수도권 5호선","laneCity":"수도권","x":126.8954458,"y":37.5241988,"exOBJ": {"station": [{"stationName":"영등포구청","stationID":236,"type":2,"laneName":"수도권 2호선","laneCity":"수도권"}]},"prevOBJ": {"station": [{"stationName":"양평","stationID":522,"type":5,"laneName":"수도권 5호선","laneCity":"수도권","x":126.8862046,"y":37.5256168}]},"nextOBJ": {"station": [{"stationName":"영등포시장","stationID":524,"type":5,"laneName":"수도권 5호선","laneCity":"수도권","x":126.9051062,"y":37.5227208}]},"defaultInfo": {"address":"서울특별시 영등포구 당산동3가 556-1","new_address":"서울특별시 영등포구 양산로 116","tel":"02-6311-5231"},"useInfo": {"platform":2,"meetingPlace":0,"restroom":2,"offDoor":1,"crossOver":2,"publicPlace":0,"handicapCount":1,"parkingCount":1,"bicycleCount":1,"civilCount":0},"exitInfo": {"gate": [{"GateNo":"1","GateLink": ["문래동방면","당산동2가","현대아파트우체국","서울남부고용노동지청","이대목동병원","영등포세무서"]},{"GateNo":"2","GateLink": ["영등포구청","당산공원","영등포구보건소","현대아파트우체국"],"BUSSTOP": [{"StopName":"영등포구청","StopID":"102203","Bus": [{"BusNo":"70-3","Type":"1","BlID":"7060","BusCityName":"부천"},{"BusNo":"영등포02","Type":"3","BlID":"1646","BusCityName":"서울"},{"BusNo":"5620","Type":"12","BlID":"1138","BusCityName":"서울"},{"BusNo":"6631","Type":"12","BlID":"1216","BusCityName":"서울"},{"BusNo":"6637","Type":"12","BlID":"1222","BusCityName":"서울"},{"BusNo":"6650","Type":"12","BlID":"1484","BusCityName":"서울"},{"BusNo":"2500","Type":"14","BlID":"21216","BusCityName":"인천"}]}]},{"GateNo":"3","GateLink": ["국립논산물품질관리원","삼익.평화아파트","현대.유원아파트","영등포병원","국민연금공단 영등포지사","근로복지공단남부지사","전기안전공사서부지사","삼호아파트","영등포소상공인지원센터"],"BUSSTOP": [{"StopName":"당산동삼익아파트","StopID":"102191","Bus": [{"BusNo":"5","Type":"1","BlID":"6071","BusCityName":"안양"},{"BusNo":"6637","Type":"12","BlID":"1222","BusCityName":"서울"}]}]},{"GateNo":"4","GateLink": ["당산동3.4가","영등포경찰서","영등포구의회","영등포구민회관.아트홀","하이서울 유스호스텔","한양.삼성아파트","기업은행사당역지점","아하!청소년성문화센터"],"BUSSTOP": [{"StopName":"영등포구청","StopID":"102216","Bus": [{"BusNo":"70-3","Type":"1","BlID":"7060","BusCityName":"부천"},{"BusNo":"5620","Type":"12","BlID":"1138","BusCityName":"서울"},{"BusNo":"6631","Type":"12","BlID":"1216","BusCityName":"서울"},{"BusNo":"6637","Type":"12","BlID":"1222","BusCityName":"서울"},{"BusNo":"6650","Type":"12","BlID":"1484","BusCityName":"서울"},{"BusNo":"2500","Type":"14","BlID":"21216","BusCityName":"인천"}]},{"StopName":"영등포구민회관.영등포경찰서","StopID":"178364","Bus": [{"BusNo":"5","Type":"1","BlID":"6071","BusCityName":"안양"}]}]},{"GateNo":"5","GateLink": ["당산동1가","당산1동 주민센터","당산우체국","동부센트레빌아파트"],"BUSSTOP": [{"StopName":"영등포구청.우리은행","StopID":"194333","Bus": [{"BusNo":"영등포02","Type":"3","BlID":"1646","BusCityName":"서울"}]}]},{"GateNo":"6","GateLink": ["당산동우체국","문래동 3가","서울남부고용노동지청","서울남부고용센터","코오롱아파트","영등포유통상가"],"BUSSTOP": [{"StopName":"현대아파트","StopID":"102196","Bus": [{"BusNo":"70-3","Type":"1","BlID":"7060","BusCityName":"부천"},{"BusNo":"5620","Type":"12","BlID":"1138","BusCityName":"서울"},{"BusNo":"6631","Type":"12","BlID":"1216","BusCityName":"서울"},{"BusNo":"6637","Type":"12","BlID":"1222","BusCityName":"서울"},{"BusNo":"6650","Type":"12","BlID":"1484","BusCityName":"서울"}]},{"StopName":"현대홈타운아파트","StopID":"125355","Bus": [{"BusNo":"영등포02","Type":"3","BlID":"1646","BusCityName":"서울"}]},{"StopName":"현대APT후문","StopID":"125362","Bus": [{"BusNo":"영등포02","Type":"3","BlID":"1646","BusCityName":"서울"}]},{"StopName":"현대아파트","StopID":"194889","Bus": [{"BusNo":"6650","Type":"12","BlID":"1484","BusCityName":"서울"}]}]},{"GateNo":"7","GateLink": ["영등포구청방면","당산시민공원방면","영등포세무서","영등포병원","문래동방면"],"BUSSTOP": [{"StopName":"영등포구청","StopID":"195462","Bus": [{"BusNo":"7612","Type":"12","BlID":"1279","BusCityName":"서울"}]}]}]}}}