{"result": {"stationName":"영등포시장","stationID":524,"type":5,"laneName":"수도권 5호선","laneCity":"수도권","x":126.9051062,"y":37.5227208,"prevOBJ": {"station": [{"stationName":"영등포구청","stationID":523,"type":5,"laneName":"수도권 5호선","laneCity":"수도권","x":126.8954458,"y":37.5241988}]},"nextOBJ": {"station": [{"stationName":"신길","stationID":525,"type":5,"laneName":"수도권 5호선","laneCity":"수도권","x":126.9150891,"y":37.5176859}]},"defaultInfo": {"address":"서울특별시 영등포구 영등포동5가 62-1","new_address":"서울특별시 영등포구 양산로 200","tel":"02-6311-5241"},"useInfo": {"platform":1,"meetingPlace":0,"restroom":2,"offDoor":1,"crossOver":2,"publicPlace":0,"handicapCount":1,"parkingCount":0,"bicycleCount":1,"civilCount":0},"exitInfo": {"gate": [{"GateNo":"1","GateLink": ["하이서울유스호스텔","영등포구민회관.구의회","영등포경찰서","서울특별시립청소년직업체험센터","서울시립청소년성문화센터","영중초등학교"],"BUSSTOP": [{"StopName":"신화병원","StopID":"102498","Bus": [{"BusNo":"5","Type":"1","BlID":"6071","BusCityName":"안양"},{"BusNo":"60","Type":"1","BlID":"13017","BusCityName":"김포"},{"BusNo":"88","Type":"1","BlID":"13027","BusCityName":"김포"},{"BusNo":"60-3","Type":"1","BlID":"13051","BusCityName":"김포"},{"BusNo":"700","Type":"2","BlID":"7038","BusCityName":"부천"},{"BusNo":"9030-1","Type":"4","BlID":"12126","BusCityName":"파주"},{"BusNo":"9030","Type":"4","BlID":"12136","BusCityName":"파주"},{"BusNo":"8000","Type":"4","BlID":"13011","BusCityName":"김포"},{"BusNo":"760","Type":"11","BlID":"1149","BusCityName":"서울"},{"BusNo":"605","Type":"11","BlID":"1171","BusCityName":"서울"},{"BusNo":"661","Type":"11","BlID":"1451","BusCityName":"서울"},{"BusNo":"5616","Type":"12","BlID":"1134","BusCityName":"서울"},{"BusNo":"5714","Type":"12","BlID":"1154","BusCityName":"서울"},{"BusNo":"6514","Type":"12","BlID":"1195","BusCityName":"서울"}]}]},{"GateNo":"2","GateLink": ["한강성심병원","영등포동7가","영동초등학교","영등포동주민센터","영등포평생학습관"],"BUSSTOP": [{"StopName":"신화병원","StopID":"102515","Bus": [{"BusNo":"60","Type":"1","BlID":"13017","BusCityName":"김포"},{"BusNo":"88","Type":"1","BlID":"13027","BusCityName":"김포"},{"BusNo":"60-3","Type":"1","BlID":"13051","BusCityName":"김포"},{"BusNo":"700","Type":"2","BlID":"7038","BusCityName":"부천"},{"BusNo":"9030-1","Type":"4","BlID":"12126","BusCityName":"파주"},{"BusNo":"9030","Type":"4","BlID":"12136","BusCityName":"파주"},{"BusNo":"8000","Type":"4","BlID":"13011","BusCityName":"김포"},{"BusNo":"760","Type":"11","BlID":"1149","BusCityName":"서울"},{"BusNo":"605","Type":"11","BlID":"1171","BusCityName":"서울"},{"BusNo":"661","Type":"11","BlID":"1451","BusCityName":"서울"},{"BusNo":"5714","Type":"12","BlID":"1154","BusCityName":"서울"},{"BusNo":"6514","Type":"12","BlID":"1195","BusCityName":"서울"}]}]},{"GateNo":"3","GateLink": ["영등포시장로터리","영등포동5가","현대프라자아파트","영등포시장","풀잎문화센터 영등포지부"],"BUSSTOP": [{"StopName":"영등포시장","StopID":"112015","Bus": [{"BusNo":"69","Type":"1","BlID":"13014","BusCityName":"김포"},{"BusNo":"60","Type":"1","BlID":"13017","BusCityName":"김포"},{"BusNo":"88","Type":"1","BlID":"13027","BusCityName":"김포"},{"BusNo":"60-3","Type":"1","BlID":"13051","BusCityName":"김포"},{"BusNo":"871","Type":"2","BlID":"5510","BusCityName":"고양"},{"BusNo":"830","Type":"2","BlID":"5519","BusCityName":"고양"},{"BusNo":"870","Type":"2","BlID":"5520","BusCityName":"고양"},{"BusNo":"700","Type":"2","BlID":"7038","BusCityName":"부천"},{"BusNo":"300","Type":"2","BlID":"21047","BusCityName":"인천"},{"BusNo":"1500","Type":"4","BlID":"5511","BusCityName":"고양"},{"BusNo":"1082","Type":"4","BlID":"5518","BusCityName":"고양"},{"BusNo":"9030-1","Type":"4","BlID":"12126","BusCityName":"파주"},{"BusNo":"9030","Type":"4","BlID":"12136","BusCityName":"파주"},{"BusNo":"8000","Type":"4","BlID":"13011","BusCityName":"김포"},{"BusNo":"760","Type":"11","BlID":"1149","BusCityName":"서울"},{"BusNo":"605","Type":"11","BlID":"1171","BusCityName":"서울"},{"BusNo":"661","Type":"11","BlID":"1451","BusCityName":"서울"},{"BusNo":"5714","Type":"12","BlID":"1154","BusCityName":"서울"},{"BusNo":"6514","Type":"12","BlID":"1195","BusCityName":"서울"},{"BusNo":"9707","Type":"14","BlID":"1371","BusCityName":"서울"}]}]},{"GateNo":"4","GateLink": ["영등포역 방면","영등포동 6가","영3치안센터","영등포중앙공원","영등포여성인력개발센터"],"BUSSTOP": [{"StopName":"영등포시장","StopID":"102478","Bus": [{"BusNo":"5","Type":"1","BlID":"6071","BusCityName":"안양"},{"BusNo":"69","Type":"1","BlID":"13014","BusCityName":"김포"},{"BusNo":"60","Type":"1","BlID":"13017","BusCityName":"김포"},{"BusNo":"88","Type":"1","BlID":"13027","BusCityName":"김포"},{"BusNo":"60-3","Type":"1","BlID":"13051","BusCityName":"김포"},{"BusNo":"871","Type":"2","BlID":"5510","BusCityName":"고양"},{"BusNo":"830","Type":"2","BlID":"5519","BusCityName":"고양"},{"BusNo":"870","Type":"2","BlID":"5520","BusCityName":"고양"},{"BusNo":"700","Type":"2","BlID":"7038","BusCityName":"부천"},{"BusNo":"300","Type":"2","BlID":"21047","BusCityName":"인천"},{"BusNo":"1500","Type":"4","BlID":"5511","BusCityName":"고양"},{"BusNo":"1082","Type":"4","BlID":"5518","BusCityName":"고양"},{"BusNo":"9030-1","Type":"4","BlID":"12126","BusCityName":"파주"},{"BusNo":"9030","Type":"4","BlID":"12136","BusCityName":"파주"},{"BusNo":"8000","Type":"4","BlID":"13011","BusCityName":"김포"},{"BusNo":"760","Type":"11","BlID":"1149","BusCityName":"서울"},{"BusNo":"605","Type":"11","BlID":"1171","BusCityName":"서울"},{"BusNo":"661","Type":"11","BlID":"1451","BusCityName":"서울"},{"BusNo":"5616","Type":"12","BlID":"1134","BusCityName":"서울"},{"BusNo":"5714","Type":"12","BlID":"1154","BusCityName":"서울"},{"BusNo":"6514","Type":"12","BlID":"1195","BusCityName":"서울"},{"BusNo":"9707","Type":"14","BlID":"1371","BusCityName":"서울"}]}]}]}}}