{"result": {"stationName":"신길","stationID":525,"type":5,"laneName":"수도권 5호선","laneCity":"수도권","x":126.9150891,"y":37.5176859,"exOBJ": {"station": [{"stationName":"신길","stationID":138,"type":1,"laneName":"수도권 1호선","laneCity":"수도권"}]},"prevOBJ": {"station": [{"stationName":"영등포시장","stationID":524,"type":5,"laneName":"수도권 5호선","laneCity":"수도권","x":126.9051062,"y":37.5227208}]},"nextOBJ": {"station": [{"stationName":"여의도","stationID":526,"type":5,"laneName":"수도권 5호선","laneCity":"수도권","x":126.9242844,"y":37.5217345}]},"defaultInfo": {"address":"서울특별시 영등포구 영등포동1가 35","new_address":"서울특별시 영등포구 경인로 114가길 9","tel":"02-6311-5251"},"useInfo": {"platform":2,"meetingPlace":1,"restroom":2,"offDoor":1,"crossOver":2,"publicPlace":0,"handicapCount":1,"parkingCount":1,"bicycleCount":1,"civilCount":0},"exitInfo": {"gate": [{"GateNo":"1","GateLink": ["신길우성4차아파트","신길2동주민센터","신길지구대","대신시장","영신초등학교","신길1동주민센터","영원중학교","신길2치안센터","신길시장","경남아파트"],"BUSSTOP": [{"StopName":"신길역","StopID":"102906","Bus": [{"BusNo":"영등포04","Type":"3","BlID":"1660","BusCityName":"서울"},{"BusNo":"605","Type":"11","BlID":"1171","BusCityName":"서울"},{"BusNo":"640","Type":"11","BlID":"1186","BusCityName":"서울"},{"BusNo":"641","Type":"11","BlID":"1187","BusCityName":"서울"},{"BusNo":"650","Type":"11","BlID":"1190","BusCityName":"서울"},{"BusNo":"462","Type":"11","BlID":"1357","BusCityName":"서울"},{"BusNo":"360","Type":"11","BlID":"1440","BusCityName":"서울"},{"BusNo":"6515","Type":"12","BlID":"521","BusCityName":"서울"},{"BusNo":"6516","Type":"12","BlID":"563","BusCityName":"서울"},{"BusNo":"5616","Type":"12","BlID":"1134","BusCityName":"서울"},{"BusNo":"5625","Type":"12","BlID":"1143","BusCityName":"서울"},{"BusNo":"6512","Type":"12","BlID":"1193","BusCityName":"서울"},{"BusNo":"6514","Type":"12","BlID":"1195","BusCityName":"서울"},{"BusNo":"6649","Type":"12","BlID":"1483","BusCityName":"서울"},{"BusNo":"9408","Type":"14","BlID":"1353","BusCityName":"서울"}]},{"StopName":"대윤병원","StopID":"102938","Bus": [{"BusNo":"영등포04","Type":"3","BlID":"1660","BusCityName":"서울"},{"BusNo":"5625","Type":"12","BlID":"1143","BusCityName":"서울"},{"BusNo":"6512","Type":"12","BlID":"1193","BusCityName":"서울"},{"BusNo":"6514","Type":"12","BlID":"1195","BusCityName":"서울"},{"BusNo":"6649","Type":"12","BlID":"1483","BusCityName":"서울"}]},{"StopName":"신길새마을금고","StopID":"103034","Bus": [{"BusNo":"605","Type":"11","BlID":"1171","BusCityName":"서울"},{"BusNo":"640","Type":"11","BlID":"1186","BusCityName":"서울"},{"BusNo":"641","Type":"11","BlID":"1187","BusCityName":"서울"},{"BusNo":"650","Type":"11","BlID":"1190","BusCityName":"서울"},{"BusNo":"462","Type":"11","BlID":"1357","BusCityName":"서울"},{"BusNo":"360","Type":"11","BlID":"1440","BusCityName":"서울"},{"BusNo":"6515","Type":"12","BlID":"521","BusCityName":"서울"},{"BusNo":"6516","Type":"12","BlID":"563","BusCityName":"서울"},{"BusNo":"6514","Type":"12","BlID":"1195","BusCityName":"서울"}]}]},{"GateNo":"2","GateLink": ["근로복지공단","신용회복위원회"]},{"GateNo":"3","GateLink": ["영등포로터리","근로복지공단","영등포공원","영등포동3가 방면","영등포문화원"],"BUSSTOP": [{"StopName":"신길역","StopID":"102814","Bus": [{"BusNo":"영등포04","Type":"3","BlID":"1660","BusCityName":"서울"},{"BusNo":"605","Type":"11","BlID":"1171","BusCityName":"서울"},{"BusNo":"640","Type":"11","BlID":"1186","BusCityName":"서울"},{"BusNo":"641","Type":"11","BlID":"1187","BusCityName":"서울"},{"BusNo":"650","Type":"11","BlID":"1190","BusCityName":"서울"},{"BusNo":"462","Type":"11","BlID":"1357","BusCityName":"서울"},{"BusNo":"360","Type":"11","BlID":"1440","BusCityName":"서울"},{"BusNo":"6515","Type":"12","BlID":"521","BusCityName":"서울"},{"BusNo":"6516","Type":"12","BlID":"563","BusCityName":"서울"},{"BusNo":"5625","Type":"12","BlID":"1143","BusCityName":"서울"},{"BusNo":"6512","Type":"12","BlID":"1193","BusCityName":"서울"},{"BusNo":"6514","Type":"12","BlID":"1195","BusCityName":"서울"},{"BusNo":"6649","Type":"12","BlID":"1483","BusCityName":"서울"}]}]}]}}}