{"result": {"stationName":"여의도","stationID":526,"type":5,"laneName":"수도권 5호선","laneCity":"수도권","x":126.9242844,"y":37.5217345,"exOBJ": {"station": [{"stationName":"여의도","stationID":915,"type":9,"laneName":"수도권 9호선","laneCity":"수도권"}]},"prevOBJ": {"station": [{"stationName":"신길","stationID":525,"type":5,"laneName":"수도권 5호선","laneCity":"수도권","x":126.9150891,"y":37.5176859}]},"nextOBJ": {"station": [{"stationName":"여의나루","stationID":527,"type":5,"laneName":"수도권 5호선","laneCity":"수도권","x":126.9328277,"y":37.527146}]},"defaultInfo": {"address":"서울특별시 영등포구 여의도동 3","new_address":"서울특별시 영등포구 여의나루로 40","tel":"02-6311-5261"},"useInfo": {"platform":2,"meetingPlace":1,"restroom":2,"offDoor":1,"crossOver":2,"publicPlace":0,"handicapCount":1,"parkingCount":0,"bicycleCount":1,"civilCount":1},"exitInfo": {"gate": [{"GateNo":"1","GateLink": ["사학연금관리공단"]},{"GateNo":"2","GateLink": ["금융위원회","금융감독원"],"BUSSTOP": [{"StopName":"전경련회관","StopID":"102980","Bus": [{"BusNo":"88-1","Type":"1","BlID":"7006","BusCityName":"부천"},{"BusNo":"10","Type":"1","BlID":"7040","BusCityName":"부천"},{"BusNo":"88","Type":"1","BlID":"7047","BusCityName":"부천"},{"BusNo":"83","Type":"1","BlID":"7050","BusCityName":"부천"},{"BusNo":"510","Type":"1","BlID":"11505","BusCityName":"시흥"},{"BusNo":"530","Type":"1","BlID":"11515","BusCityName":"시흥"},{"BusNo":"11-1","Type":"1","BlID":"12503","BusCityName":"광명"},{"BusNo":"11-2","Type":"1","BlID":"12504","BusCityName":"광명"},{"BusNo":"871","Type":"2","BlID":"5510","BusCityName":"고양"},{"BusNo":"320","Type":"2","BlID":"6520","BusCityName":"안산"},{"BusNo":"301","Type":"2","BlID":"6526","BusCityName":"안산"},{"BusNo":"700","Type":"2","BlID":"7038","BusCityName":"부천"},{"BusNo":"300","Type":"2","BlID":"21047","BusCityName":"인천"},{"BusNo":"662","Type":"11","BlID":"549","BusCityName":"서울"},{"BusNo":"N16","Type":"11","BlID":"572","BusCityName":"서울"},{"BusNo":"503","Type":"11","BlID":"1092","BusCityName":"서울"},{"BusNo":"162","Type":"11","BlID":"1437","BusCityName":"서울"},{"BusNo":"360","Type":"11","BlID":"1440","BusCityName":"서울"},{"BusNo":"160","Type":"11","BlID":"1449","BusCityName":"서울"},{"BusNo":"600","Type":"11","BlID":"1450","BusCityName":"서울"},{"BusNo":"5713","Type":"12","BlID":"1153","BusCityName":"서울"},{"BusNo":"6513","Type":"12","BlID":"1194","BusCityName":"서울"},{"BusNo":"6628","Type":"12","BlID":"1213","BusCityName":"서울"},{"BusNo":"5615","Type":"12","BlID":"1442","BusCityName":"서울"},{"BusNo":"5618","Type":"12","BlID":"1443","BusCityName":"서울"},{"BusNo":"5012","Type":"12","BlID":"1452","BusCityName":"서울"},{"BusNo":"6649","Type":"12","BlID":"1483","BusCityName":"서울"}]},{"StopName":"여의도공원","StopID":"111629","Bus": [{"BusNo":"88-1","Type":"1","BlID":"7006","BusCityName":"부천"},{"BusNo":"88","Type":"1","BlID":"7047","BusCityName":"부천"},{"BusNo":"83","Type":"1","BlID":"7050","BusCityName":"부천"},{"BusNo":"11-1","Type":"1","BlID":"12503","BusCityName":"광명"},{"BusNo":"11-2","Type":"1","BlID":"12504","BusCityName":"광명"},{"BusNo":"700","Type":"2","BlID":"7038","BusCityName":"부천"},{"BusNo":"300","Type":"2","BlID":"21047","BusCityName":"인천"},{"BusNo":"662","Type":"11","BlID":"549","BusCityName":"서울"},{"BusNo":"N16","Type":"11","BlID":"572","BusCityName":"서울"},{"BusNo":"360","Type":"11","BlID":"1440","BusCityName":"서울"},{"BusNo":"260","Type":"11","BlID":"1447","BusCityName":"서울"},{"BusNo":"160","Type":"11","BlID":"1449","BusCityName":"서울"},{"BusNo":"600","Type":"11","BlID":"1450","BusCityName":"서울"},{"BusNo":"5713","Type":"12","BlID":"1153","BusCityName":"서울"},{"BusNo":"6513","Type":"12","BlID":"1194","BusCityName":"서울"},{"BusNo":"6628","Type":"12","BlID":"1213","BusCityName":"서울"},{"BusNo":"5012","Type":"12","BlID":"1452","BusCityName":"서울"},{"BusNo":"6623","Type":"12","BlID":"1453","BusCityName":"서울"},{"BusNo":"6649","Type":"12","BlID":"1483","BusCityName":"서울"}]}]},{"GateNo":"3","GateLink": ["서울국제금융센터"],"BUSSTOP": [{"StopName":"여의도지하차도입구","StopID":"111664","Bus": [{"BusNo":"83","Type":"1","BlID":"7050","BusCityName":"부천"},{"BusNo":"510","Type":"1","BlID":"11505","BusCityName":"시흥"},{"BusNo":"530","Type":"1","BlID":"11515","BusCityName":"시흥"},{"BusNo":"11-1","Type":"1","BlID":"12503","BusCityName":"광명"},{"BusNo":"11-2","Type":"1","BlID":"12504","BusCityName":"광명"},{"BusNo":"871","Type":"2","BlID":"5510","BusCityName":"고양"},{"BusNo":"320","Type":"2","BlID":"6520","BusCityName":"안산"},{"BusNo":"301","Type":"2","BlID":"6526","BusCityName":"안산"},{"BusNo":"5601","Type":"2","BlID":"6529","BusCityName":"안산"},{"BusNo":"503","Type":"11","BlID":"1092","BusCityName":"서울"},{"BusNo":"262","Type":"11","BlID":"1439","BusCityName":"서울"},{"BusNo":"5713","Type":"12","BlID":"1153","BusCityName":"서울"},{"BusNo":"6513","Type":"12","BlID":"1194","BusCityName":"서울"},{"BusNo":"5623","Type":"12","BlID":"1444","BusCityName":"서울"},{"BusNo":"6649","Type":"12","BlID":"1483","BusCityName":"서울"}]},{"StopName":"여의도환승센터","StopID":"116765","Bus": [{"BusNo":"10","Type":"1","BlID":"7040","BusCityName":"부천"},{"BusNo":"83","Type":"1","BlID":"7050","BusCityName":"부천"},{"BusNo":"510","Type":"1","BlID":"11505","BusCityName":"시흥"},{"BusNo":"530","Type":"1","BlID":"11515","BusCityName":"시흥"},{"BusNo":"11-1","Type":"1","BlID":"12503","BusCityName":"광명"},{"BusNo":"11-2","Type":"1","BlID":"12504","BusCityName":"광명"},{"BusNo":"871","Type":"2","BlID":"5510","BusCityName":"고양"},{"BusNo":"320","Type":"2","BlID":"6520","BusCityName":"안산"},{"BusNo":"301","Type":"2","BlID":"6526","BusCityName":"안산"},{"BusNo":"5601","Type":"2","BlID":"6529","BusCityName":"안산"},{"BusNo":"6702","Type":"5","BlID":"1786","BusCityName":"서울"},{"BusNo":"M5609","Type":"14","BlID":"6567","BusCityName":"안산"},{"BusNo":"2500","Type":"14","BlID":"21216","BusCityName":"인천"}]},{"StopName":"여의도환승센터","StopID":"116766","Bus": [{"BusNo":"8601","Type":"6","BlID":"13001","BusCityName":"김포"},{"BusNo":"8601(예약)","Type":"6","BlID":"13025","BusCityName":"김포"},{"BusNo":"8600","Type":"6","BlID":"13046","BusCityName":"김포"},{"BusNo":"662","Type":"11","BlID":"549","BusCityName":"서울"},{"BusNo":"N16","Type":"11","BlID":"572","BusCityName":"서울"},{"BusNo":"162","Type":"11","BlID":"1437","BusCityName":"서울"},{"BusNo":"261","Type":"11","BlID":"1438","BusCityName":"서울"},{"BusNo":"262","Type":"11","BlID":"1439","BusCityName":"서울"},{"BusNo":"360","Type":"11","BlID":"1440","BusCityName":"서울"},{"BusNo":"260","Type":"11","BlID":"1447","BusCityName":"서울"},{"BusNo":"160","Type":"11","BlID":"1449","BusCityName":"서울"},{"BusNo":"6513","Type":"12","BlID":"1194","BusCityName":"서울"},{"BusNo":"5615","Type":"12","BlID":"1442","BusCityName":"서울"},{"BusNo":"5618","Type":"12","BlID":"1443","BusCityName":"서울"},{"BusNo":"5623","Type":"12","BlID":"1444","BusCityName":"서울"},{"BusNo":"5012","Type":"12","BlID":"1452","BusCityName":"서울"},{"BusNo":"6649","Type":"12","BlID":"1483","BusCityName":"서울"}]},{"StopName":"여의도환승센터","StopID":"116767","Bus": [{"BusNo":"88-1","Type":"1","BlID":"7006","BusCityName":"부천"},{"BusNo":"8601","Type":"6","BlID":"13001","BusCityName":"김포"},{"BusNo":"8601(예약)","Type":"6","BlID":"13025","BusCityName":"김포"},{"BusNo":"8600","Type":"6","BlID":"13046","BusCityName":"김포"},{"BusNo":"662","Type":"11","BlID":"549","BusCityName":"서울"},{"BusNo":"N16","Type":"11","BlID":"572","BusCityName":"서울"},{"BusNo":"360","Type":"11","BlID":"1440","BusCityName":"서울"},{"BusNo":"260","Type":"11","BlID":"1447","BusCityName":"서울"},{"BusNo":"160","Type":"11","BlID":"1449","BusCityName":"서울"},{"BusNo":"600","Type":"11","BlID":"1450","BusCityName":"서울"},{"BusNo":"6628","Type":"12","BlID":"1213","BusCityName":"서울"},{"BusNo":"5012","Type":"12","BlID":"1452","BusCityName":"서울"},{"BusNo":"6623","Type":"12","BlID":"1453","BusCityName":"서울"}]},{"StopName":"여의도환승센터","StopID":"116768","Bus": [{"BusNo":"88","Type":"1","BlID":"7047","BusCityName":"부천"},{"BusNo":"300","Type":"2","BlID":"21047","BusCityName":"인천"},{"BusNo":"6702","Type":"5","BlID":"1786","BusCityName":"서울"},{"BusNo":"2500","Type":"14","BlID":"21216","BusCityName":"인천"}]}]},{"GateNo":"4","GateLink": ["여의도공원","중소기업진흥공단"],"BUSSTOP": [{"StopName":"한국거래소.구증권선물거래소","StopID":"103308","Bus": [{"BusNo":"83","Type":"1","BlID":"7050","BusCityName":"부천"},{"BusNo":"510","Type":"1","BlID":"11505","BusCityName":"시흥"},{"BusNo":"530","Type":"1","BlID":"11515","BusCityName":"시흥"},{"BusNo":"11-1","Type":"1","BlID":"12503","BusCityName":"광명"},{"BusNo":"11-2","Type":"1","BlID":"12504","BusCityName":"광명"},{"BusNo":"871","Type":"2","BlID":"5510","BusCityName":"고양"},{"BusNo":"320","Type":"2","BlID":"6520","BusCityName":"안산"},{"BusNo":"301","Type":"2","BlID":"6526","BusCityName":"안산"},{"BusNo":"5601","Type":"2","BlID":"6529","BusCityName":"안산"},{"BusNo":"7007-1","Type":"4","BlID":"10072","BusCityName":"광주"},{"BusNo":"753","Type":"11","BlID":"1277","BusCityName":"서울"},{"BusNo":"162","Type":"11","BlID":"1437","BusCityName":"서울"},{"BusNo":"461","Type":"11","BlID":"1441","BusCityName":"서울"},{"BusNo":"5713","Type":"12","BlID":"1153","BusCityName":"서울"},{"BusNo":"6513","Type":"12","BlID":"1194","BusCityName":"서울"},{"BusNo":"5618","Type":"12","BlID":"1443","BusCityName":"서울"},{"BusNo":"5623","Type":"12","BlID":"1444","BusCityName":"서울"},{"BusNo":"5012","Type":"12","BlID":"1452","BusCityName":"서울"},{"BusNo":"6649","Type":"12","BlID":"1483","BusCityName":"서울"}]},{"StopName":"한국거래소공항방면","StopID":"193600","Bus": [{"BusNo":"6030(캐피탈호텔)","Type":"5","BlID":"505","BusCityName":"서울"}]}]},{"GateNo":"5","GateLink": ["여의도우체국","한국거래소","금융투자협회","국민은행 여의도본점"],"BUSSTOP": [{"StopName":"여의도역","StopID":"103221","Bus": [{"BusNo":"5601","Type":"2","BlID":"6529","BusCityName":"안산"},{"BusNo":"700","Type":"2","BlID":"7038","BusCityName":"부천"},{"BusNo":"영등포11","Type":"3","BlID":"1183","BusCityName":"서울"},{"BusNo":"7007-1","Type":"4","BlID":"10072","BusCityName":"광주"},{"BusNo":"153","Type":"11","BlID":"906","BusCityName":"서울"},{"BusNo":"503","Type":"11","BlID":"1092","BusCityName":"서울"},{"BusNo":"753","Type":"11","BlID":"1277","BusCityName":"서울"},{"BusNo":"162","Type":"11","BlID":"1437","BusCityName":"서울"},{"BusNo":"261","Type":"11","BlID":"1438","BusCityName":"서울"},{"BusNo":"262","Type":"11","BlID":"1439","BusCityName":"서울"},{"BusNo":"461","Type":"11","BlID":"1441","BusCityName":"서울"},{"BusNo":"362","Type":"11","BlID":"1454","BusCityName":"서울"},{"BusNo":"6513","Type":"12","BlID":"1194","BusCityName":"서울"},{"BusNo":"5623","Type":"12","BlID":"1444","BusCityName":"서울"},{"BusNo":"5012","Type":"12","BlID":"1452","BusCityName":"서울"},{"BusNo":"M7625","Type":"14","BlID":"12011","BusCityName":"파주"}]},{"StopName":"한국거래소.구증권선물거래소","StopID":"103324","Bus": [{"BusNo":"88-1","Type":"1","BlID":"7006","BusCityName":"부천"},{"BusNo":"88","Type":"1","BlID":"7047","BusCityName":"부천"},{"BusNo":"700","Type":"2","BlID":"7038","BusCityName":"부천"},{"BusNo":"300","Type":"2","BlID":"21047","BusCityName":"인천"},{"BusNo":"영등포11","Type":"3","BlID":"1183","BusCityName":"서울"},{"BusNo":"753","Type":"11","BlID":"1277","BusCityName":"서울"},{"BusNo":"600","Type":"11","BlID":"1450","BusCityName":"서울"},{"BusNo":"5713","Type":"12","BlID":"1153","BusCityName":"서울"},{"BusNo":"6628","Type":"12","BlID":"1213","BusCityName":"서울"},{"BusNo":"7613","Type":"12","BlID":"1280","BusCityName":"서울"},{"BusNo":"5012","Type":"12","BlID":"1452","BusCityName":"서울"},{"BusNo":"M7625","Type":"14","BlID":"12011","BusCityName":"파주"}]},{"StopName":"농협재단.KDB대우증권","StopID":"193599","Bus": [{"BusNo":"6030(캐피탈호텔)","Type":"5","BlID":"505","BusCityName":"서울"}]}]},{"GateNo":"6","GateLink": ["윤중초등학교","윤중중학교"],"BUSSTOP": [{"StopName":"여의도역","StopID":"103205","Bus": [{"BusNo":"108","Type":"2","BlID":"5536","BusCityName":"고양"},{"BusNo":"5601","Type":"2","BlID":"6529","BusCityName":"안산"},{"BusNo":"영등포10","Type":"3","BlID":"1177","BusCityName":"서울"},{"BusNo":"7007-1","Type":"4","BlID":"10072","BusCityName":"광주"},{"BusNo":"153","Type":"11","BlID":"906","BusCityName":"서울"},{"BusNo":"503","Type":"11","BlID":"1092","BusCityName":"서울"},{"BusNo":"753","Type":"11","BlID":"1277","BusCityName":"서울"},{"BusNo":"162","Type":"11","BlID":"1437","BusCityName":"서울"},{"BusNo":"461","Type":"11","BlID":"1441","BusCityName":"서울"},{"BusNo":"362","Type":"11","BlID":"1454","BusCityName":"서울"},{"BusNo":"6513","Type":"12","BlID":"1194","BusCityName":"서울"},{"BusNo":"5618","Type":"12","BlID":"1443","BusCityName":"서울"},{"BusNo":"5623","Type":"12","BlID":"1444","BusCityName":"서울"},{"BusNo":"5012","Type":"12","BlID":"1452","BusCityName":"서울"},{"BusNo":"8663","Type":"13","BlID":"587","BusCityName":"서울"}]}]}]}}}