{"result": {"stationName":"여의나루","stationID":527,"type":5,"laneName":"수도권 5호선","laneCity":"수도권","x":126.9328277,"y":37.527146,"prevOBJ": {"station": [{"stationName":"여의도","stationID":526,"type":5,"laneName":"수도권 5호선","laneCity":"수도권","x":126.9242844,"y":37.5217345}]},"nextOBJ": {"station": [{"stationName":"마포","stationID":528,"type":5,"laneName":"수도권 5호선","laneCity":"수도권","x":126.9460576,"y":37.5397171}]},"defaultInfo": {"address":"서울특별시 영등포구 여의도동 84-4","new_address":"서울특별시 영등포구 여의동로 343","tel":"02-6311-5271"},"useInfo": {"platform":1,"meetingPlace":0,"restroom":2,"offDoor":0,"crossOver":2,"publicPlace":0,"handicapCount":1,"parkingCount":0,"bicycleCount":1,"civilCount":0},"exitInfo": {"gate": [{"GateNo":"1","GateLink": ["여의도공원","국민일보사 방면","한국방송공사 방면","국회의사당 방면","국민건강보험공단 서울지역본부 방면","한국전력공사 남서울본부","KB 국민은행 세우회빌딩"],"BUSSTOP": [{"StopName":"여의도공작아파트","StopID":"103458","Bus": [{"BusNo":"662","Type":"11","BlID":"549","BusCityName":"서울"},{"BusNo":"753","Type":"11","BlID":"1277","BusCityName":"서울"},{"BusNo":"360","Type":"11","BlID":"1440","BusCityName":"서울"},{"BusNo":"461","Type":"11","BlID":"1441","BusCityName":"서울"},{"BusNo":"5713","Type":"12","BlID":"1153","BusCityName":"서울"},{"BusNo":"6623","Type":"12","BlID":"1453","BusCityName":"서울"}]},{"StopName":"여의나루역","StopID":"103477","Bus": [{"BusNo":"7007-1","Type":"4","BlID":"10072","BusCityName":"광주"},{"BusNo":"662","Type":"11","BlID":"549","BusCityName":"서울"},{"BusNo":"753","Type":"11","BlID":"1277","BusCityName":"서울"},{"BusNo":"261","Type":"11","BlID":"1438","BusCityName":"서울"},{"BusNo":"262","Type":"11","BlID":"1439","BusCityName":"서울"},{"BusNo":"360","Type":"11","BlID":"1440","BusCityName":"서울"},{"BusNo":"461","Type":"11","BlID":"1441","BusCityName":"서울"},{"BusNo":"5534","Type":"12","BlID":"1126","BusCityName":"서울"},{"BusNo":"5713","Type":"12","BlID":"1153","BusCityName":"서울"},{"BusNo":"5633","Type":"12","BlID":"1424","BusCityName":"서울"},{"BusNo":"6623","Type":"12","BlID":"1453","BusCityName":"서울"}]}]},{"GateNo":"2","GateLink": ["마포대교","한강시민공원(여의도지구)","요트마리나 방면"],"BUSSTOP": [{"StopName":"여의나루역","StopID":"103510","Bus": [{"BusNo":"10","Type":"1","BlID":"7040","BusCityName":"부천"},{"BusNo":"108","Type":"2","BlID":"5536","BusCityName":"고양"},{"BusNo":"영등포10","Type":"3","BlID":"1177","BusCityName":"서울"},{"BusNo":"753","Type":"11","BlID":"1277","BusCityName":"서울"},{"BusNo":"261","Type":"11","BlID":"1438","BusCityName":"서울"},{"BusNo":"5534","Type":"12","BlID":"1126","BusCityName":"서울"},{"BusNo":"5713","Type":"12","BlID":"1153","BusCityName":"서울"},{"BusNo":"7611","Type":"12","BlID":"1278","BusCityName":"서울"},{"BusNo":"7613","Type":"12","BlID":"1280","BusCityName":"서울"},{"BusNo":"5633","Type":"12","BlID":"1424","BusCityName":"서울"},{"BusNo":"5615","Type":"12","BlID":"1442","BusCityName":"서울"},{"BusNo":"5618","Type":"12","BlID":"1443","BusCityName":"서울"}]}]},{"GateNo":"3","GateLink": ["원효대교","여의도선착장","우리꽃동산","여의도견인차량보관소","한강시민공원여의도사무소","수상관광콜택시 승강장"],"BUSSTOP": [{"StopName":"여의도중학교","StopID":"103637","Bus": [{"BusNo":"108","Type":"2","BlID":"5536","BusCityName":"고양"},{"BusNo":"261","Type":"11","BlID":"1438","BusCityName":"서울"},{"BusNo":"5534","Type":"12","BlID":"1126","BusCityName":"서울"},{"BusNo":"7611","Type":"12","BlID":"1278","BusCityName":"서울"},{"BusNo":"5633","Type":"12","BlID":"1424","BusCityName":"서울"},{"BusNo":"5618","Type":"12","BlID":"1443","BusCityName":"서울"}]}]},{"GateNo":"4","GateLink": ["여의도초등학교","여의도중학교","여의도고등학교","여의도여자고등학교"],"BUSSTOP": [{"StopName":"MBC","StopID":"103467","Bus": [{"BusNo":"10","Type":"1","BlID":"7040","BusCityName":"부천"},{"BusNo":"700","Type":"2","BlID":"7038","BusCityName":"부천"},{"BusNo":"영등포10","Type":"3","BlID":"1177","BusCityName":"서울"},{"BusNo":"영등포11","Type":"3","BlID":"1183","BusCityName":"서울"},{"BusNo":"753","Type":"11","BlID":"1277","BusCityName":"서울"},{"BusNo":"5713","Type":"12","BlID":"1153","BusCityName":"서울"},{"BusNo":"7613","Type":"12","BlID":"1280","BusCityName":"서울"},{"BusNo":"5615","Type":"12","BlID":"1442","BusCityName":"서울"}]},{"StopName":"여의도중학교","StopID":"103643","Bus": [{"BusNo":"영등포11","Type":"3","BlID":"1183","BusCityName":"서울"},{"BusNo":"261","Type":"11","BlID":"1438","BusCityName":"서울"},{"BusNo":"262","Type":"11","BlID":"1439","BusCityName":"서울"},{"BusNo":"5534","Type":"12","BlID":"1126","BusCityName":"서울"},{"BusNo":"5633","Type":"12","BlID":"1424","BusCityName":"서울"}]},{"StopName":"여의나루역","StopID":"162687","Bus": [{"BusNo":"700","Type":"2","BlID":"7038","BusCityName":"부천"}]}]}]}}}