{"result": {"stationName":"마포","stationID":528,"type":5,"laneName":"수도권 5호선","laneCity":"수도권","x":126.9460576,"y":37.5397171,"prevOBJ": {"station": [{"stationName":"여의나루","stationID":527,"type":5,"laneName":"수도권 5호선","laneCity":"수도권","x":126.9328277,"y":37.527146}]},"nextOBJ": {"station": [{"stationName":"공덕","stationID":529,"type":5,"laneName":"수도권 5호선","laneCity":"수도권","x":126.9510337,"y":37.5439602}]},"defaultInfo": {"address":"서울특별시 마포구 도화동 160","new_address":"서울특별시 마포구 마포대로 33","tel":"02-6311-5281"},"useInfo": {"platform":1,"meetingPlace":1,"restroom":2,"offDoor":0,"crossOver":2,"publicPlace":0,"handicapCount":1,"parkingCount":0,"bicycleCount":1,"civilCount":0},"exitInfo": {"gate": [{"GateNo":"1","GateLink": ["용강동","마포주차장","마포대교","서울특별시중부여성발전센터","마포대림아파트","한국국제노동재단"],"BUSSTOP": [{"StopName":"마포역","StopID":"206217","Bus": [{"BusNo":"7013A","Type":"12","BlID":"1244","BusCityName":"서울"},{"BusNo":"7016","Type":"12","BlID":"1247","BusCityName":"서울"},{"BusNo":"7013B","Type":"12","BlID":"1812","BusCityName":"서울"}]}]},{"GateNo":"2","GateLink": ["염리동","염리초등학교","한국전력공사서부지점","서울지방고용농동청서울서부지청","서울서부종합고용지원센터","한국환경공단서울지사","외환은행 마포","서울디지털대학교","용강래미안아파트"],"BUSSTOP": [{"StopName":"마포역","StopID":"104018","Bus": [{"BusNo":"6021","Type":"5","BlID":"596","BusCityName":"서울"},{"BusNo":"6015","Type":"5","BlID":"1774","BusCityName":"서울"},{"BusNo":"6701","Type":"5","BlID":"1776","BusCityName":"서울"},{"BusNo":"6702","Type":"5","BlID":"1786","BusCityName":"서울"}]},{"StopName":"마포역","StopID":"126846","Bus": [{"BusNo":"1002","Type":"1","BlID":"13008","BusCityName":"김포"},{"BusNo":"8601","Type":"6","BlID":"13001","BusCityName":"김포"},{"BusNo":"8601(예약)","Type":"6","BlID":"13025","BusCityName":"김포"},{"BusNo":"8600","Type":"6","BlID":"13046","BusCityName":"김포"},{"BusNo":"N16","Type":"11","BlID":"572","BusCityName":"서울"},{"BusNo":"463","Type":"11","BlID":"987","BusCityName":"서울"},{"BusNo":"261","Type":"11","BlID":"1438","BusCityName":"서울"},{"BusNo":"260","Type":"11","BlID":"1447","BusCityName":"서울"},{"BusNo":"160","Type":"11","BlID":"1449","BusCityName":"서울"},{"BusNo":"600","Type":"11","BlID":"1450","BusCityName":"서울"},{"BusNo":"7611","Type":"12","BlID":"1278","BusCityName":"서울"},{"BusNo":"7613","Type":"12","BlID":"1280","BusCityName":"서울"},{"BusNo":"2500","Type":"14","BlID":"21216","BusCityName":"인천"}]}]},{"GateNo":"3","GateLink": ["도화동","공덕로터리 방면","도화치안센터"],"BUSSTOP": [{"StopName":"샛별문방구.마포전철역","StopID":"104000","Bus": [{"BusNo":"마포01","Type":"3","BlID":"1680","BusCityName":"서울"}]},{"StopName":"샛별문방구.마포전철역","StopID":"104007","Bus": [{"BusNo":"마포01","Type":"3","BlID":"1680","BusCityName":"서울"},{"BusNo":"마포02","Type":"3","BlID":"1682","BusCityName":"서울"}]},{"StopName":"마포역","StopID":"126848","Bus": [{"BusNo":"1002","Type":"1","BlID":"13008","BusCityName":"김포"},{"BusNo":"6021","Type":"5","BlID":"596","BusCityName":"서울"},{"BusNo":"6015","Type":"5","BlID":"1774","BusCityName":"서울"},{"BusNo":"6702","Type":"5","BlID":"1786","BusCityName":"서울"},{"BusNo":"8601","Type":"6","BlID":"13001","BusCityName":"김포"},{"BusNo":"8601(예약)","Type":"6","BlID":"13025","BusCityName":"김포"},{"BusNo":"8600","Type":"6","BlID":"13046","BusCityName":"김포"},{"BusNo":"N16","Type":"11","BlID":"572","BusCityName":"서울"},{"BusNo":"463","Type":"11","BlID":"987","BusCityName":"서울"},{"BusNo":"261","Type":"11","BlID":"1438","BusCityName":"서울"},{"BusNo":"260","Type":"11","BlID":"1447","BusCityName":"서울"},{"BusNo":"160","Type":"11","BlID":"1449","BusCityName":"서울"},{"BusNo":"600","Type":"11","BlID":"1450","BusCityName":"서울"},{"BusNo":"7013A","Type":"12","BlID":"1244","BusCityName":"서울"},{"BusNo":"7016","Type":"12","BlID":"1247","BusCityName":"서울"},{"BusNo":"7611","Type":"12","BlID":"1278","BusCityName":"서울"},{"BusNo":"7613","Type":"12","BlID":"1280","BusCityName":"서울"},{"BusNo":"7013B","Type":"12","BlID":"1812","BusCityName":"서울"},{"BusNo":"2500","Type":"14","BlID":"21216","BusCityName":"인천"}]}]},{"GateNo":"4","GateLink": ["불교방송","마포동","마포쌍용황금아파트","외환은행 마포남"]}]}}}