{"result": {"stationName":"애오개","stationID":530,"type":5,"laneName":"수도권 5호선","laneCity":"수도권","x":126.9567613,"y":37.553598,"prevOBJ": {"station": [{"stationName":"공덕","stationID":529,"type":5,"laneName":"수도권 5호선","laneCity":"수도권","x":126.9510337,"y":37.5439602}]},"nextOBJ": {"station": [{"stationName":"충정로","stationID":531,"type":5,"laneName":"수도권 5호선","laneCity":"수도권","x":126.9629713,"y":37.5603834}]},"defaultInfo": {"address":"서울특별시 마포구 아현동 612","new_address":"서울특별시 마포구 마포대로 210","tel":"02-6311-5301"},"useInfo": {"platform":2,"meetingPlace":0,"restroom":2,"offDoor":1,"crossOver":2,"publicPlace":0,"handicapCount":1,"parkingCount":0,"bicycleCount":1,"civilCount":0},"exitInfo": {"gate": [{"GateNo":"1","GateLink": ["마포경찰서","아현동주민센터","한세전산고등학교","공덕동로터리 방면"],"BUSSTOP": [{"StopName":"마포경찰서","StopID":"126830","Bus": [{"BusNo":"1002","Type":"1","BlID":"13008","BusCityName":"김포"},{"BusNo":"6021","Type":"5","BlID":"596","BusCityName":"서울"},{"BusNo":"6015","Type":"5","BlID":"1774","BusCityName":"서울"},{"BusNo":"260","Type":"11","BlID":"1447","BusCityName":"서울"},{"BusNo":"160","Type":"11","BlID":"1449","BusCityName":"서울"},{"BusNo":"600","Type":"11","BlID":"1450","BusCityName":"서울"},{"BusNo":"7013A","Type":"12","BlID":"1244","BusCityName":"서울"},{"BusNo":"7611","Type":"12","BlID":"1278","BusCityName":"서울"},{"BusNo":"7013B","Type":"12","BlID":"1812","BusCityName":"서울"},{"BusNo":"2500","Type":"14","BlID":"21216","BusCityName":"인천"}]}]},{"GateNo":"2","GateLink": ["아현초등학교","아현중학교","아현산업정보학교"]},{"GateNo":"3","GateLink": ["마포평생학습관(아현분관)","아현동로터리 방면","아현1치안센터","마포문화원"],"BUSSTOP": [{"StopName":"아현초등학교","StopID":"126828","Bus": [{"BusNo":"1002","Type":"1","BlID":"13008","BusCityName":"김포"},{"BusNo":"6021","Type":"5","BlID":"596","BusCityName":"서울"},{"BusNo":"260","Type":"11","BlID":"1447","BusCityName":"서울"},{"BusNo":"160","Type":"11","BlID":"1449","BusCityName":"서울"},{"BusNo":"600","Type":"11","BlID":"1450","BusCityName":"서울"},{"BusNo":"7013A","Type":"12","BlID":"1244","BusCityName":"서울"},{"BusNo":"7611","Type":"12","BlID":"1278","BusCityName":"서울"},{"BusNo":"7013B","Type":"12","BlID":"1812","BusCityName":"서울"},{"BusNo":"2500","Type":"14","BlID":"21216","BusCityName":"인천"}]}]},{"GateNo":"4","GateLink": ["서울서부지방법원","서울서부지방검찰청","공덕동","공덕동주민센터","마포노인복지센터","환일중.고등학교","소의초등학교","삼성래미안공덕2차"],"BUSSTOP": [{"StopName":"마포경찰서","StopID":"104181","Bus": [{"BusNo":"마포03","Type":"3","BlID":"1507","BusCityName":"서울"}]},{"StopName":"애오개역","StopID":"104222","Bus": [{"BusNo":"마포03","Type":"3","BlID":"1507","BusCityName":"서울"}]}]}]}}}