{"result": {"stationName":"충정로","stationID":531,"type":5,"laneName":"수도권 5호선","laneCity":"수도권","x":126.9629713,"y":37.5603834,"exOBJ": {"station": [{"stationName":"충정로","stationID":243,"type":2,"laneName":"수도권 2호선","laneCity":"수도권"}]},"prevOBJ": {"station": [{"stationName":"애오개","stationID":530,"type":5,"laneName":"수도권 5호선","laneCity":"수도권","x":126.9567613,"y":37.553598}]},"nextOBJ": {"station": [{"stationName":"서대문","stationID":532,"type":5,"laneName":"수도권 5호선","laneCity":"수도권","x":126.966666,"y":37.565777}]},"defaultInfo": {"address":"서울특별시 서대문구 충정로3가 248-1","new_address":"서울특별시 서대문구 충정로 28-1","tel":"02-6311-5311"},"useInfo": {"platform":1,"meetingPlace":1,"restroom":2,"offDoor":0,"crossOver":2,"publicPlace":0,"handicapCount":1,"parkingCount":0,"bicycleCount":1,"civilCount":0},"exitInfo": {"gate": [{"GateNo":"1","GateLink": ["경기대학교","도시기반 시설본부","미동.현대아파트","미동초등학교","아세아연합신학대학교","종근당빌딩","카르마전용관"]},{"GateNo":"2","GateLink": ["사랑의장기기증운동본부","충정로3가"],"BUSSTOP": [{"StopName":"충정로역2호선","StopID":"104445","Bus": [{"BusNo":"1002","Type":"1","BlID":"13008","BusCityName":"김포"},{"BusNo":"N62","Type":"11","BlID":"576","BusCityName":"서울"},{"BusNo":"172","Type":"11","BlID":"909","BusCityName":"서울"},{"BusNo":"370","Type":"11","BlID":"1044","BusCityName":"서울"},{"BusNo":"472","Type":"11","BlID":"1073","BusCityName":"서울"},{"BusNo":"602","Type":"11","BlID":"1166","BusCityName":"서울"},{"BusNo":"603","Type":"11","BlID":"1168","BusCityName":"서울"},{"BusNo":"600","Type":"11","BlID":"1450","BusCityName":"서울"},{"BusNo":"7011","Type":"12","BlID":"1242","BusCityName":"서울"},{"BusNo":"7013A","Type":"12","BlID":"1244","BusCityName":"서울"},{"BusNo":"7017","Type":"12","BlID":"1248","BusCityName":"서울"},{"BusNo":"7013B","Type":"12","BlID":"1812","BusCityName":"서울"},{"BusNo":"1100","Type":"14","BlID":"21129","BusCityName":"인천"},{"BusNo":"1000","Type":"14","BlID":"21130","BusCityName":"인천"},{"BusNo":"1200","Type":"14","BlID":"21131","BusCityName":"인천"},{"BusNo":"1300","Type":"14","BlID":"21149","BusCityName":"인천"},{"BusNo":"1400","Type":"14","BlID":"21170","BusCityName":"인천"},{"BusNo":"1101","Type":"14","BlID":"21207","BusCityName":"인천"},{"BusNo":"1601","Type":"14","BlID":"21210","BusCityName":"인천"},{"BusNo":"1301","Type":"14","BlID":"21213","BusCityName":"인천"},{"BusNo":"M6118","Type":"14","BlID":"21214","BusCityName":"인천"},{"BusNo":"2500","Type":"14","BlID":"21216","BusCityName":"인천"},{"BusNo":"1302","Type":"14","BlID":"21240","BusCityName":"인천"},{"BusNo":"1500","Type":"14","BlID":"21257","BusCityName":"인천"}]},{"StopName":"충정로역2호선","StopID":"193376","Bus": [{"BusNo":"1004","Type":"4","BlID":"13003","BusCityName":"김포"},{"BusNo":"6021","Type":"5","BlID":"596","BusCityName":"서울"},{"BusNo":"6015","Type":"5","BlID":"1774","BusCityName":"서울"},{"BusNo":"8601","Type":"6","BlID":"13001","BusCityName":"김포"},{"BusNo":"8601(예약)","Type":"6","BlID":"13025","BusCityName":"김포"},{"BusNo":"M6117","Type":"14","BlID":"13009","BusCityName":"김포"}]}]},{"GateNo":"3","GateLink": ["경찰청","국민권익위원회","서대문경찰서","서울시상수도사업본부","프랑스대사관"]},{"GateNo":"4","GateLink": ["국방기술품질원(기술기획본부)","서소문공원","의주로2가방면","중림동","중림동약현성당","한국경제신문사"],"BUSSTOP": [{"StopName":"종근당.충정로역","StopID":"104463","Bus": [{"BusNo":"N62","Type":"11","BlID":"576","BusCityName":"서울"},{"BusNo":"172","Type":"11","BlID":"909","BusCityName":"서울"},{"BusNo":"472","Type":"11","BlID":"1073","BusCityName":"서울"},{"BusNo":"603","Type":"11","BlID":"1168","BusCityName":"서울"},{"BusNo":"7011","Type":"12","BlID":"1242","BusCityName":"서울"},{"BusNo":"7013A","Type":"12","BlID":"1244","BusCityName":"서울"},{"BusNo":"7017","Type":"12","BlID":"1248","BusCityName":"서울"},{"BusNo":"7013B","Type":"12","BlID":"1812","BusCityName":"서울"},{"BusNo":"1100","Type":"14","BlID":"21129","BusCityName":"인천"},{"BusNo":"1000","Type":"14","BlID":"21130","BusCityName":"인천"},{"BusNo":"1200","Type":"14","BlID":"21131","BusCityName":"인천"},{"BusNo":"1300","Type":"14","BlID":"21149","BusCityName":"인천"},{"BusNo":"1400","Type":"14","BlID":"21170","BusCityName":"인천"},{"BusNo":"1101","Type":"14","BlID":"21207","BusCityName":"인천"},{"BusNo":"1601","Type":"14","BlID":"21210","BusCityName":"인천"},{"BusNo":"1301","Type":"14","BlID":"21213","BusCityName":"인천"},{"BusNo":"M6118","Type":"14","BlID":"21214","BusCityName":"인천"},{"BusNo":"1302","Type":"14","BlID":"21240","BusCityName":"인천"},{"BusNo":"1500","Type":"14","BlID":"21257","BusCityName":"인천"}]},{"StopName":"충정로역","StopID":"193375","Bus": [{"BusNo":"6021","Type":"5","BlID":"596","BusCityName":"서울"},{"BusNo":"6015","Type":"5","BlID":"1774","BusCityName":"서울"},{"BusNo":"M6117","Type":"14","BlID":"13009","BusCityName":"김포"}]}]},{"GateNo":"5","GateLink": ["경기여상","봉래초등학교","삼성사이버빌리지","손기정기념공원","손기정문화체육센터","중림동","중림동약현성당","중림치안센터"]},{"GateNo":"6","GateLink": ["가구상가","아현동","한국상하수도협회","환일중.고등학교"]},{"GateNo":"7","GateLink": ["구세군빌딩","북아현동","카르마전용관"],"BUSSTOP": [{"StopName":"충정로2호선전철역","StopID":"104379","Bus": [{"BusNo":"서대문02(독립문)","Type":"3","BlID":"1552","BusCityName":"서울"}]}]},{"GateNo":"8","GateLink": ["경기대학교","도시기반시설본부","동아일보충정로사옥"],"BUSSTOP": [{"StopName":"충정로역5호선","StopID":"152575","Bus": [{"BusNo":"서대문02(독립문)","Type":"3","BlID":"1552","BusCityName":"서울"}]}]},{"GateNo":"9","GateLink": ["게임물등급위원회","미동초등학교","서대문로터리방면","합동"],"BUSSTOP": [{"StopName":"충정로역5호선","StopID":"104455","Bus": [{"BusNo":"서대문06","Type":"3","BlID":"1564","BusCityName":"서울"},{"BusNo":"370","Type":"11","BlID":"1044","BusCityName":"서울"},{"BusNo":"260","Type":"11","BlID":"1447","BusCityName":"서울"},{"BusNo":"600","Type":"11","BlID":"1450","BusCityName":"서울"}]}]},{"GateNo":"10","GateLink": ["종근당빌딩","충정로삼거리"],"BUSSTOP": [{"StopName":"종근당","StopID":"124118","Bus": [{"BusNo":"서대문06","Type":"3","BlID":"1564","BusCityName":"서울"}]}]}]}}}