{"result": {"stationName":"서대문","stationID":532,"type":5,"laneName":"수도권 5호선","laneCity":"수도권","x":126.966666,"y":37.565777,"prevOBJ": {"station": [{"stationName":"충정로","stationID":531,"type":5,"laneName":"수도권 5호선","laneCity":"수도권","x":126.9629713,"y":37.5603834}]},"nextOBJ": {"station": [{"stationName":"광화문","stationID":533,"type":5,"laneName":"수도권 5호선","laneCity":"수도권","x":126.9764566,"y":37.5716288}]},"defaultInfo": {"address":"서울특별시 종로구 평동 210","new_address":"서울특별시 종로구 통일로 126","tel":"02-6311-5321"},"useInfo": {"platform":1,"meetingPlace":1,"restroom":2,"offDoor":0,"crossOver":2,"publicPlace":0,"handicapCount":1,"parkingCount":0,"bicycleCount":1,"civilCount":0},"exitInfo": {"gate": [{"GateNo":"1","GateLink": ["경기대학교","인창중.고등학교","한국가스안전공사서울서부지사"],"BUSSTOP": [{"StopName":"광산사우나","StopID":"104462","Bus": [{"BusNo":"서대문02(독립문)","Type":"3","BlID":"1552","BusCityName":"서울"}]},{"StopName":"광산사우나","StopID":"104470","Bus": [{"BusNo":"서대문02(독립문)","Type":"3","BlID":"1552","BusCityName":"서울"}]},{"StopName":"서대문전철역","StopID":"196273","Bus": [{"BusNo":"서대문02(서대문역)","Type":"3","BlID":"532","BusCityName":"서울"}]}]},{"GateNo":"2","GateLink": ["서대문우체국","서대문노인종합복지관","감리교신학대학교","서대문센트레빌아파트"],"BUSSTOP": [{"StopName":"서대문역","StopID":"80590","Bus": [{"BusNo":"701","Type":"11","BlID":"1241","BusCityName":"서울"},{"BusNo":"704","Type":"11","BlID":"1258","BusCityName":"서울"},{"BusNo":"750B","Type":"11","BlID":"1274","BusCityName":"서울"},{"BusNo":"752","Type":"11","BlID":"1276","BusCityName":"서울"},{"BusNo":"706","Type":"11","BlID":"1501","BusCityName":"서울"},{"BusNo":"750A","Type":"11","BlID":"1718","BusCityName":"서울"},{"BusNo":"7021","Type":"12","BlID":"1254","BusCityName":"서울"},{"BusNo":"7024","Type":"12","BlID":"1411","BusCityName":"서울"}]},{"StopName":"서대문사거리","StopID":"196272","Bus": [{"BusNo":"서대문02(서대문역)","Type":"3","BlID":"532","BusCityName":"서울"}]}]},{"GateNo":"3","GateLink": ["독립문방면","교남동주민센터 방면"],"BUSSTOP": [{"StopName":"서대문3번출구","StopID":"126015","Bus": [{"BusNo":"종로05","Type":"3","BlID":"1694","BusCityName":"서울"}]}]},{"GateNo":"4","GateLink": ["경희궁공원","서울시교육청(학교보건원)","적십자간호대학","4.19혁명기념도서관","서울역사박물관","서울시립미술관경희궁분관","강북삼성병원","서울적십자병원","경찰박물관","내일신문","서울복지재단"],"BUSSTOP": [{"StopName":"서대문역사거리.적십자병원","StopID":"80593","Bus": [{"BusNo":"N26","Type":"11","BlID":"510","BusCityName":"서울"},{"BusNo":"N37","Type":"11","BlID":"524","BusCityName":"서울"},{"BusNo":"710","Type":"11","BlID":"895","BusCityName":"서울"},{"BusNo":"270","Type":"11","BlID":"988","BusCityName":"서울"},{"BusNo":"271","Type":"11","BlID":"989","BusCityName":"서울"},{"BusNo":"470","Type":"11","BlID":"1071","BusCityName":"서울"},{"BusNo":"471","Type":"11","BlID":"1072","BusCityName":"서울"},{"BusNo":"704","Type":"11","BlID":"1258","BusCityName":"서울"},{"BusNo":"720","Type":"11","BlID":"1270","BusCityName":"서울"},{"BusNo":"160","Type":"11","BlID":"1449","BusCityName":"서울"},{"BusNo":"601","Type":"11","BlID":"1498","BusCityName":"서울"}]}]},{"GateNo":"5","GateLink": ["서울지방국토관리청","경향신문사","문화일보사","농협중앙회","농업박물관","창덕여자중학교","서울시립미술관","아주경제"],"BUSSTOP": [{"StopName":"서대문역사거리.농협중앙회","StopID":"80595","Bus": [{"BusNo":"99","Type":"1","BlID":"12001","BusCityName":"파주"},{"BusNo":"N26","Type":"11","BlID":"510","BusCityName":"서울"},{"BusNo":"N37","Type":"11","BlID":"524","BusCityName":"서울"},{"BusNo":"710","Type":"11","BlID":"895","BusCityName":"서울"},{"BusNo":"270","Type":"11","BlID":"988","BusCityName":"서울"},{"BusNo":"271","Type":"11","BlID":"989","BusCityName":"서울"},{"BusNo":"370","Type":"11","BlID":"1044","BusCityName":"서울"},{"BusNo":"470","Type":"11","BlID":"1071","BusCityName":"서울"},{"BusNo":"471","Type":"11","BlID":"1072","BusCityName":"서울"},{"BusNo":"702A(서오릉)","Type":"11","BlID":"1252","BusCityName":"서울"},{"BusNo":"703","Type":"11","BlID":"1257","BusCityName":"서울"},{"BusNo":"720","Type":"11","BlID":"1270","BusCityName":"서울"},{"BusNo":"705","Type":"11","BlID":"1374","BusCityName":"서울"},{"BusNo":"702B(용두초교)","Type":"11","BlID":"1404","BusCityName":"서울"},{"BusNo":"160","Type":"11","BlID":"1449","BusCityName":"서울"},{"BusNo":"600","Type":"11","BlID":"1450","BusCityName":"서울"},{"BusNo":"7019","Type":"12","BlID":"1251","BusCityName":"서울"}]},{"StopName":"서대문전철역","StopID":"196865","Bus": [{"BusNo":"91S투어","Type":"13","BlID":"547","BusCityName":"서울"}]}]},{"GateNo":"6","GateLink": ["중앙일보사","이화여고.이화여자외고","의주로2가 방면","류관순기념관"],"BUSSTOP": [{"StopName":"서대문경찰서","StopID":"80455","Bus": [{"BusNo":"7024","Type":"12","BlID":"1411","BusCityName":"서울"}]},{"StopName":"서대문경찰서","StopID":"104540","Bus": [{"BusNo":"99","Type":"1","BlID":"12001","BusCityName":"파주"},{"BusNo":"1000","Type":"4","BlID":"5500","BusCityName":"고양"},{"BusNo":"1100","Type":"4","BlID":"5501","BusCityName":"고양"},{"BusNo":"1200","Type":"4","BlID":"5522","BusCityName":"고양"},{"BusNo":"1900","Type":"4","BlID":"5556","BusCityName":"고양"},{"BusNo":"9710","Type":"4","BlID":"12038","BusCityName":"파주"},{"BusNo":"2000","Type":"4","BlID":"12062","BusCityName":"파주"},{"BusNo":"702A(서오릉)","Type":"11","BlID":"1252","BusCityName":"서울"},{"BusNo":"703","Type":"11","BlID":"1257","BusCityName":"서울"},{"BusNo":"752","Type":"11","BlID":"1276","BusCityName":"서울"},{"BusNo":"705","Type":"11","BlID":"1374","BusCityName":"서울"},{"BusNo":"702B(용두초교)","Type":"11","BlID":"1404","BusCityName":"서울"},{"BusNo":"7019","Type":"12","BlID":"1251","BusCityName":"서울"},{"BusNo":"7021","Type":"12","BlID":"1254","BusCityName":"서울"},{"BusNo":"9701","Type":"14","BlID":"1365","BusCityName":"서울"},{"BusNo":"9703","Type":"14","BlID":"1367","BusCityName":"서울"},{"BusNo":"9709","Type":"14","BlID":"1373","BusCityName":"서울"},{"BusNo":"9714","Type":"14","BlID":"1744","BusCityName":"서울"},{"BusNo":"M7119","Type":"14","BlID":"5504","BusCityName":"고양"},{"BusNo":"M7129","Type":"14","BlID":"5535","BusCityName":"고양"},{"BusNo":"M7106","Type":"14","BlID":"5682","BusCityName":"고양"}]},{"StopName":"바비엥스위트","StopID":"166152","Bus": [{"BusNo":"6005","Type":"5","BlID":"1775","BusCityName":"서울"}]}]},{"GateNo":"7","GateLink": ["경찰청","국민권익위원회","서대문경찰서"],"BUSSTOP": [{"StopName":"서대문로터리","StopID":"104505","Bus": [{"BusNo":"서대문06","Type":"3","BlID":"1564","BusCityName":"서울"}]},{"StopName":"바비엥스위트","StopID":"193310","Bus": [{"BusNo":"6005","Type":"5","BlID":"1775","BusCityName":"서울"}]}]},{"GateNo":"8","GateLink": ["미동초등학교","청춘극장"]}]}}}