{"result": {"stationName":"광화문","stationID":533,"type":5,"laneName":"수도권 5호선","laneCity":"수도권","x":126.9764566,"y":37.5716288,"prevOBJ": {"station": [{"stationName":"서대문","stationID":532,"type":5,"laneName":"수도권 5호선","laneCity":"수도권","x":126.966666,"y":37.565777}]},"nextOBJ": {"station": [{"stationName":"종로3가","stationID":534,"type":5,"laneName":"수도권 5호선","laneCity":"수도권","x":126.9903451,"y":37.5725862}]},"defaultInfo": {"address":"서울특별시 종로구 세종로 1-68","new_address":"서울특별시 종로구 세종대로 172","tel":"02-6311-5331"},"useInfo": {"platform":1,"meetingPlace":1,"restroom":2,"offDoor":0,"crossOver":2,"publicPlace":0,"handicapCount":1,"parkingCount":0,"bicycleCount":1,"civilCount":0},"exitInfo": {"gate": [{"GateNo":"1","GateLink": ["정부중앙청사","서울지방경찰청","행정안전부 정부정보화교육센터","경복궁","KB 국민카드 본사","외환은행 공화문"]},{"GateNo":"2","GateLink": ["종로구청","광화문","국립민속박물관","방송통신위원회","미국대사관","외교통상부 여권.이주.영사과","국립민속박물관","세종이야기","녹색성장체험관","조계사(템플스테이)"],"BUSSTOP": [{"StopName":"KT광화문지사","StopID":"104801","Bus": [{"BusNo":"109","Type":"11","BlID":"1403","BusCityName":"서울"},{"BusNo":"706","Type":"11","BlID":"1501","BusCityName":"서울"},{"BusNo":"606","Type":"11","BlID":"1738","BusCityName":"서울"},{"BusNo":"7212","Type":"12","BlID":"518","BusCityName":"서울"},{"BusNo":"1020","Type":"12","BlID":"769","BusCityName":"서울"},{"BusNo":"1711","Type":"12","BlID":"908","BusCityName":"서울"},{"BusNo":"7016","Type":"12","BlID":"1247","BusCityName":"서울"},{"BusNo":"7018","Type":"12","BlID":"1249","BusCityName":"서울"}]}]},{"GateNo":"3","GateLink": ["광화문사거리","청진동","농민신문사"]},{"GateNo":"4","GateLink": ["비각.아름다운가게","광화문지하보도"]},{"GateNo":"5","GateLink": ["서울특별시청","광화문우체국","여성가족부","청계천모전교","청계광장","한국관광공사","동아일보사","서울신문사","한국수출보험공사","예금보험공사"],"BUSSTOP": [{"StopName":"서울신문사","StopID":"104793","Bus": [{"BusNo":"101","Type":"11","BlID":"755","BusCityName":"서울"},{"BusNo":"150","Type":"11","BlID":"878","BusCityName":"서울"},{"BusNo":"402","Type":"11","BlID":"1050","BusCityName":"서울"},{"BusNo":"501","Type":"11","BlID":"1089","BusCityName":"서울"},{"BusNo":"506","Type":"11","BlID":"1405","BusCityName":"서울"},{"BusNo":"405","Type":"11","BlID":"1809","BusCityName":"서울"},{"BusNo":"1711","Type":"12","BlID":"908","BusCityName":"서울"},{"BusNo":"7016","Type":"12","BlID":"1247","BusCityName":"서울"},{"BusNo":"91S투어","Type":"13","BlID":"547","BusCityName":"서울"}]}]},{"GateNo":"6","GateLink": ["서울특별시의회","덕수궁","조선일보","경향신문","IBK투자증권 광화문지점","동화면세점","흥국생명"],"BUSSTOP": [{"StopName":"코리아나호텔","StopID":"80363","Bus": [{"BusNo":"90S투어","Type":"13","BlID":"546","BusCityName":"서울"},{"BusNo":"91S투어","Type":"13","BlID":"547","BusCityName":"서울"}]},{"StopName":"광화문","StopID":"80400","Bus": [{"BusNo":"6005","Type":"5","BlID":"1775","BusCityName":"서울"},{"BusNo":"90S투어","Type":"13","BlID":"546","BusCityName":"서울"}]},{"StopName":"광화문","StopID":"104761","Bus": [{"BusNo":"99","Type":"1","BlID":"12001","BusCityName":"파주"},{"BusNo":"1002","Type":"1","BlID":"13008","BusCityName":"김포"},{"BusNo":"9710","Type":"4","BlID":"12038","BusCityName":"파주"},{"BusNo":"1004","Type":"4","BlID":"13003","BusCityName":"김포"},{"BusNo":"8601","Type":"6","BlID":"13001","BusCityName":"김포"},{"BusNo":"8601(예약)","Type":"6","BlID":"13025","BusCityName":"김포"},{"BusNo":"8600","Type":"6","BlID":"13046","BusCityName":"김포"},{"BusNo":"602","Type":"11","BlID":"1166","BusCityName":"서울"},{"BusNo":"703","Type":"11","BlID":"1257","BusCityName":"서울"},{"BusNo":"600","Type":"11","BlID":"1450","BusCityName":"서울"},{"BusNo":"7019","Type":"12","BlID":"1251","BusCityName":"서울"},{"BusNo":"9709","Type":"14","BlID":"1373","BusCityName":"서울"}]},{"StopName":"광화문광화문빌딩","StopID":"104763","Bus": [{"BusNo":"1000","Type":"4","BlID":"5500","BusCityName":"고양"},{"BusNo":"1100","Type":"4","BlID":"5501","BusCityName":"고양"},{"BusNo":"1200","Type":"4","BlID":"5522","BusCityName":"고양"},{"BusNo":"1900","Type":"4","BlID":"5556","BusCityName":"고양"},{"BusNo":"7900","Type":"4","BlID":"9529","BusCityName":"수원"},{"BusNo":"2000","Type":"4","BlID":"12062","BusCityName":"파주"},{"BusNo":"7111","Type":"4","BlID":"12097","BusCityName":"파주"},{"BusNo":"700","Type":"11","BlID":"1370","BusCityName":"서울"},{"BusNo":"707","Type":"11","BlID":"1372","BusCityName":"서울"},{"BusNo":"9703","Type":"14","BlID":"1367","BusCityName":"서울"},{"BusNo":"9714","Type":"14","BlID":"1744","BusCityName":"서울"},{"BusNo":"M7119","Type":"14","BlID":"5504","BusCityName":"고양"},{"BusNo":"M7129","Type":"14","BlID":"5535","BusCityName":"고양"},{"BusNo":"M7106","Type":"14","BlID":"5682","BusCityName":"고양"},{"BusNo":"M7111","Type":"14","BlID":"12142","BusCityName":"파주"}]},{"StopName":"코리아나호텔","StopID":"104774","Bus": [{"BusNo":"6701","Type":"5","BlID":"1776","BusCityName":"서울"}]},{"StopName":"광화문","StopID":"196835","Bus": [{"BusNo":"91S투어","Type":"13","BlID":"547","BusCityName":"서울"}]}]},{"GateNo":"7","GateLink": ["서울역사박물관","경희궁공원","광화문지구대","풀잎문화센터 광화문지부"],"BUSSTOP": [{"StopName":"광화문","StopID":"193402","Bus": [{"BusNo":"6002","Type":"5","BlID":"1803","BusCityName":"서울"}]},{"StopName":"광화문","StopID":"206229","Bus": [{"BusNo":"N26","Type":"11","BlID":"510","BusCityName":"서울"},{"BusNo":"N37","Type":"11","BlID":"524","BusCityName":"서울"},{"BusNo":"101","Type":"11","BlID":"755","BusCityName":"서울"},{"BusNo":"710","Type":"11","BlID":"895","BusCityName":"서울"},{"BusNo":"273","Type":"11","BlID":"941","BusCityName":"서울"},{"BusNo":"270","Type":"11","BlID":"988","BusCityName":"서울"},{"BusNo":"370","Type":"11","BlID":"1044","BusCityName":"서울"},{"BusNo":"470","Type":"11","BlID":"1071","BusCityName":"서울"},{"BusNo":"471","Type":"11","BlID":"1072","BusCityName":"서울"},{"BusNo":"704","Type":"11","BlID":"1258","BusCityName":"서울"},{"BusNo":"720","Type":"11","BlID":"1270","BusCityName":"서울"},{"BusNo":"260","Type":"11","BlID":"1447","BusCityName":"서울"},{"BusNo":"160","Type":"11","BlID":"1449","BusCityName":"서울"}]}]},{"GateNo":"8","GateLink": ["세종문화회관","구세군회관"],"BUSSTOP": [{"StopName":"세종문화회관","StopID":"104758","Bus": [{"BusNo":"7900","Type":"4","BlID":"9529","BusCityName":"수원"},{"BusNo":"1005-1","Type":"4","BlID":"10053","BusCityName":"광주"},{"BusNo":"5500","Type":"4","BlID":"10068","BusCityName":"광주"},{"BusNo":"5500-2","Type":"4","BlID":"10070","BusCityName":"광주"},{"BusNo":"5500-1","Type":"4","BlID":"10071","BusCityName":"광주"},{"BusNo":"9000-1","Type":"4","BlID":"10495","BusCityName":"광주"},{"BusNo":"9000","Type":"4","BlID":"10595","BusCityName":"광주"},{"BusNo":"5000","Type":"4","BlID":"11011","BusCityName":"용인"},{"BusNo":"5005","Type":"4","BlID":"11025","BusCityName":"용인"},{"BusNo":"9401","Type":"14","BlID":"1346","BusCityName":"서울"},{"BusNo":"9703","Type":"14","BlID":"1367","BusCityName":"서울"}]},{"StopName":"세종문화회관","StopID":"104759","Bus": [{"BusNo":"103","Type":"11","BlID":"763","BusCityName":"서울"},{"BusNo":"150","Type":"11","BlID":"878","BusCityName":"서울"},{"BusNo":"401","Type":"11","BlID":"1048","BusCityName":"서울"},{"BusNo":"402","Type":"11","BlID":"1050","BusCityName":"서울"},{"BusNo":"406","Type":"11","BlID":"1052","BusCityName":"서울"},{"BusNo":"704","Type":"11","BlID":"1258","BusCityName":"서울"},{"BusNo":"700","Type":"11","BlID":"1370","BusCityName":"서울"},{"BusNo":"707","Type":"11","BlID":"1372","BusCityName":"서울"},{"BusNo":"7212","Type":"12","BlID":"518","BusCityName":"서울"},{"BusNo":"1711","Type":"12","BlID":"908","BusCityName":"서울"},{"BusNo":"7016","Type":"12","BlID":"1247","BusCityName":"서울"},{"BusNo":"7018","Type":"12","BlID":"1249","BusCityName":"서울"},{"BusNo":"7022","Type":"12","BlID":"1255","BusCityName":"서울"}]}]},{"GateNo":"9","GateLink": ["세종문화회관","세종대왕동상","해치마당"]}]}}}