{"result": {"stationName":"을지로4가","stationID":535,"type":5,"laneName":"수도권 5호선","laneCity":"수도권","x":126.9980668,"y":37.5674259,"exOBJ": {"station": [{"stationName":"을지로4가","stationID":204,"type":2,"laneName":"수도권 2호선","laneCity":"수도권"}]},"prevOBJ": {"station": [{"stationName":"종로3가","stationID":534,"type":5,"laneName":"수도권 5호선","laneCity":"수도권","x":126.9903451,"y":37.5725862}]},"nextOBJ": {"station": [{"stationName":"동대문역사문화공원","stationID":536,"type":5,"laneName":"수도권 5호선","laneCity":"수도권","x":127.0053023,"y":37.5647028}]},"defaultInfo": {"address":"서울특별시 중구 주교동 191","new_address":"서울특별시 중구 창경궁로 51","tel":"02-6311-5351"},"useInfo": {"platform":1,"meetingPlace":0,"restroom":2,"offDoor":0,"crossOver":2,"publicPlace":0,"handicapCount":1,"parkingCount":0,"bicycleCount":1,"civilCount":0},"exitInfo": {"gate": [{"GateNo":"1","GateLink": ["입정동","을지로3가","조명기구상가"],"BUSSTOP": [{"StopName":"을지로4가","StopID":"105122","Bus": [{"BusNo":"N30","Type":"11","BlID":"573","BusCityName":"서울"},{"BusNo":"100","Type":"11","BlID":"770","BusCityName":"서울"},{"BusNo":"202","Type":"11","BlID":"775","BusCityName":"서울"},{"BusNo":"152","Type":"11","BlID":"884","BusCityName":"서울"},{"BusNo":"261","Type":"11","BlID":"1438","BusCityName":"서울"}]}]},{"GateNo":"2","GateLink": ["산림동","청계천4가"]},{"GateNo":"3","GateLink": ["청계천 배오개다리","종로세운상가(종로전자타운)","시계.귀금속.카메라시장"],"BUSSTOP": [{"StopName":"청계4가.세운교","StopID":"105118","Bus": [{"BusNo":"163","Type":"11","BlID":"899","BusCityName":"서울"}]},{"StopName":"광장시장","StopID":"105157","Bus": [{"BusNo":"100","Type":"11","BlID":"770","BusCityName":"서울"},{"BusNo":"104","Type":"11","BlID":"771","BusCityName":"서울"},{"BusNo":"140","Type":"11","BlID":"868","BusCityName":"서울"}]},{"StopName":"청계4가.배오개다리","StopID":"110257","Bus": [{"BusNo":"163","Type":"11","BlID":"899","BusCityName":"서울"}]}]},{"GateNo":"4","GateLink": ["광장시장","방산시장","청계천 배오개다리"],"BUSSTOP": [{"StopName":"청계5가.방산시장","StopID":"110258","Bus": [{"BusNo":"163","Type":"11","BlID":"899","BusCityName":"서울"}]}]},{"GateNo":"5","GateLink": ["주교동","청계천4가","미싱상가"]},{"GateNo":"6","GateLink": ["방산동","방산시장","평화시장"],"BUSSTOP": [{"StopName":"을지로5가","StopID":"105182","Bus": [{"BusNo":"N30","Type":"11","BlID":"573","BusCityName":"서울"},{"BusNo":"202","Type":"11","BlID":"775","BusCityName":"서울"},{"BusNo":"152","Type":"11","BlID":"884","BusCityName":"서울"},{"BusNo":"261","Type":"11","BlID":"1438","BusCityName":"서울"}]}]},{"GateNo":"7","GateLink": ["오장동","중부시장"],"BUSSTOP": [{"StopName":"을지로5가.중부시장","StopID":"105209","Bus": [{"BusNo":"N30","Type":"11","BlID":"573","BusCityName":"서울"},{"BusNo":"100","Type":"11","BlID":"770","BusCityName":"서울"},{"BusNo":"105","Type":"11","BlID":"772","BusCityName":"서울"},{"BusNo":"202","Type":"11","BlID":"775","BusCityName":"서울"},{"BusNo":"152","Type":"11","BlID":"884","BusCityName":"서울"},{"BusNo":"261","Type":"11","BlID":"1438","BusCityName":"서울"}]}]},{"GateNo":"8","GateLink": ["충무로 4.5가","가구상가","기업은행","중구청","목정공원"]},{"GateNo":"9","GateLink": ["인현동2가","중구청","덕수중학교"],"BUSSTOP": [{"StopName":"중구청앞.덕수중학교","StopID":"105161","Bus": [{"BusNo":"6015","Type":"5","BlID":"1774","BusCityName":"서울"},{"BusNo":"104","Type":"11","BlID":"771","BusCityName":"서울"},{"BusNo":"140","Type":"11","BlID":"868","BusCityName":"서울"},{"BusNo":"604","Type":"11","BlID":"1169","BusCityName":"서울"},{"BusNo":"7011","Type":"12","BlID":"1242","BusCityName":"서울"}]}]},{"GateNo":"10","GateLink": ["을지로4가 우체국"],"BUSSTOP": [{"StopName":"을지로4가.베스트웨스턴국도","StopID":"105137","Bus": [{"BusNo":"6021","Type":"5","BlID":"596","BusCityName":"서울"},{"BusNo":"6015","Type":"5","BlID":"1774","BusCityName":"서울"},{"BusNo":"N30","Type":"11","BlID":"573","BusCityName":"서울"},{"BusNo":"100","Type":"11","BlID":"770","BusCityName":"서울"},{"BusNo":"105","Type":"11","BlID":"772","BusCityName":"서울"},{"BusNo":"202","Type":"11","BlID":"775","BusCityName":"서울"},{"BusNo":"152","Type":"11","BlID":"884","BusCityName":"서울"},{"BusNo":"604","Type":"11","BlID":"1169","BusCityName":"서울"},{"BusNo":"261","Type":"11","BlID":"1438","BusCityName":"서울"},{"BusNo":"7011","Type":"12","BlID":"1242","BusCityName":"서울"}]}]}]}}}