{"result": {"stationName":"청구","stationID":537,"type":5,"laneName":"수도권 5호선","laneCity":"수도권","x":127.0138962,"y":37.5602155,"exOBJ": {"station": [{"stationName":"청구","stationID":634,"type":6,"laneName":"수도권 6호선","laneCity":"수도권"}]},"prevOBJ": {"station": [{"stationName":"동대문역사문화공원","stationID":536,"type":5,"laneName":"수도권 5호선","laneCity":"수도권","x":127.0053023,"y":37.5647028}]},"nextOBJ": {"station": [{"stationName":"신금호","stationID":538,"type":5,"laneName":"수도권 5호선","laneCity":"수도권","x":127.0208076,"y":37.5544792}]},"defaultInfo": {"address":"서울특별시 중구 신당동 295-2","new_address":"서울특별시 중구 청구로 77","tel":"02-6311-5371"},"useInfo": {"platform":1,"meetingPlace":0,"restroom":2,"offDoor":0,"crossOver":2,"publicPlace":0,"handicapCount":1,"parkingCount":0,"bicycleCount":1,"civilCount":0},"exitInfo": {"gate": [{"GateNo":"1","GateLink": ["광희문","신당1.2동","장충초등학교","장충동주민센터","을지지구대","신당동 떡볶이촌"],"BUSSTOP": [{"StopName":"신당동.청구역","StopID":"105560","Bus": [{"BusNo":"142","Type":"11","BlID":"871","BusCityName":"서울"},{"BusNo":"147","Type":"11","BlID":"876","BusCityName":"서울"},{"BusNo":"7212","Type":"12","BlID":"518","BusCityName":"서울"},{"BusNo":"6211","Type":"12","BlID":"1185","BusCityName":"서울"},{"BusNo":"05","Type":"13","BlID":"508","BusCityName":"서울"}]}]},{"GateNo":"2","GateLink": ["신당6동","흥인초등학교","금호여자중학교","신당6동 주민센터","한국청소년상담원","신당푸르지오아파트"],"BUSSTOP": [{"StopName":"청구역","StopID":"105643","Bus": [{"BusNo":"7212","Type":"12","BlID":"518","BusCityName":"서울"},{"BusNo":"2233","Type":"12","BlID":"978","BusCityName":"서울"}]}]},{"GateNo":"3","GateLink": ["신당4동","금호동 방면","청구초등학교","대경중.정보산업고교","신당4동주민센터"],"BUSSTOP": [{"StopName":"신당동.청구역","StopID":"105571","Bus": [{"BusNo":"142","Type":"11","BlID":"871","BusCityName":"서울"},{"BusNo":"147","Type":"11","BlID":"876","BusCityName":"서울"},{"BusNo":"7212","Type":"12","BlID":"518","BusCityName":"서울"},{"BusNo":"6211","Type":"12","BlID":"1185","BusCityName":"서울"}]},{"StopName":"청구역","StopID":"105627","Bus": [{"BusNo":"7212","Type":"12","BlID":"518","BusCityName":"서울"},{"BusNo":"2233","Type":"12","BlID":"978","BusCityName":"서울"}]}]}]}}}