{"result": {"stationName":"신금호","stationID":538,"type":5,"laneName":"수도권 5호선","laneCity":"수도권","x":127.0208076,"y":37.5544792,"prevOBJ": {"station": [{"stationName":"청구","stationID":537,"type":5,"laneName":"수도권 5호선","laneCity":"수도권","x":127.0138962,"y":37.5602155}]},"nextOBJ": {"station": [{"stationName":"행당","stationID":539,"type":5,"laneName":"수도권 5호선","laneCity":"수도권","x":127.0296542,"y":37.5574084}]},"defaultInfo": {"address":"서울특별시 성동구 금호동2가 223-1","new_address":"서울특별시 성동구 금호로 154","tel":"02-6311-5381"},"useInfo": {"platform":1,"meetingPlace":0,"restroom":2,"offDoor":0,"crossOver":2,"publicPlace":0,"handicapCount":1,"parkingCount":0,"bicycleCount":1,"civilCount":0},"exitInfo": {"gate": [{"GateNo":"1","GateLink": ["금호우체국","금호파출소","대경중.정보산업고교","동산초등학교","금호산"]},{"GateNo":"2","GateLink": ["금호1가동주민센터","금호여자중학교","응봉공원(대현산배수지공원)","금북초등학교","신금호두산위브아파트"],"BUSSTOP": [{"StopName":"신금호역","StopID":"105875","Bus": [{"BusNo":"7212","Type":"12","BlID":"518","BusCityName":"서울"},{"BusNo":"2233","Type":"12","BlID":"978","BusCityName":"서울"}]},{"StopName":"신금호역","StopID":"105886","Bus": [{"BusNo":"7212","Type":"12","BlID":"518","BusCityName":"서울"},{"BusNo":"2233","Type":"12","BlID":"978","BusCityName":"서울"}]}]},{"GateNo":"3","GateLink": ["금호2.3가동주민센터","금호초등학교","금남시장 방면","성동구보건분소","금호1차푸르지오아파트","금호한신휴플러스아파트","금호삼성래미안아파트","열린금호교육문화관"],"BUSSTOP": [{"StopName":"신금호역","StopID":"105876","Bus": [{"BusNo":"성동05","Type":"3","BlID":"1520","BusCityName":"서울"}]},{"StopName":"신금호역","StopID":"152679","Bus": [{"BusNo":"성동05","Type":"3","BlID":"1520","BusCityName":"서울"}]}]}]}}}