{"result": {"stationName":"행당","stationID":539,"type":5,"laneName":"수도권 5호선","laneCity":"수도권","x":127.0296542,"y":37.5574084,"prevOBJ": {"station": [{"stationName":"신금호","stationID":538,"type":5,"laneName":"수도권 5호선","laneCity":"수도권","x":127.0208076,"y":37.5544792}]},"nextOBJ": {"station": [{"stationName":"왕십리","stationID":540,"type":5,"laneName":"수도권 5호선","laneCity":"수도권","x":127.0372241,"y":37.5619666}]},"defaultInfo": {"address":"서울특별시 성동구 행당동 317-241","new_address":"서울특별시 성동구 행당로 89","tel":"02-6311-5391"},"useInfo": {"platform":2,"meetingPlace":0,"restroom":2,"offDoor":1,"crossOver":2,"publicPlace":0,"handicapCount":1,"parkingCount":0,"bicycleCount":1,"civilCount":1},"exitInfo": {"gate": [{"GateNo":"1","GateLink": ["대림아파트","금호동로터리 방면","금북초등학교","풍림아이원아파트","극동미라주아파트"],"BUSSTOP": [{"StopName":"행당역","StopID":"123423","Bus": [{"BusNo":"241","Type":"11","BlID":"1710","BusCityName":"서울"}]},{"StopName":"행당역.대림아파트정문","StopID":"194260","Bus": [{"BusNo":"성동03","Type":"3","BlID":"1516","BusCityName":"서울"},{"BusNo":"성동02","Type":"3","BlID":"1661","BusCityName":"서울"}]}]},{"GateNo":"2","GateLink": ["행당파출소","행당2동주민센터","왕십리 방면","행당브라운스톤아파트","서울행현초등학교"],"BUSSTOP": [{"StopName":"행당2동주민센터","StopID":"123452","Bus": [{"BusNo":"성동03","Type":"3","BlID":"1516","BusCityName":"서울"}]}]},{"GateNo":"3","GateLink": ["무학중.여자고등학교","소월아트홀","행당두산위브아파트"],"BUSSTOP": [{"StopName":"행당2동주민센터","StopID":"106411","Bus": [{"BusNo":"성동03","Type":"3","BlID":"1516","BusCityName":"서울"}]}]},{"GateNo":"4","GateLink": ["한진아파트","벽산아파트","성동구립금호도서관"],"BUSSTOP": [{"StopName":"행당역","StopID":"123422","Bus": [{"BusNo":"241","Type":"11","BlID":"1710","BusCityName":"서울"}]},{"StopName":"행당역.롯데마트","StopID":"194259","Bus": [{"BusNo":"성동03","Type":"3","BlID":"1516","BusCityName":"서울"}]}]}]}}}