{"result": {"stationName":"마장","stationID":541,"type":5,"laneName":"수도권 5호선","laneCity":"수도권","x":127.0429774,"y":37.5661401,"prevOBJ": {"station": [{"stationName":"왕십리","stationID":540,"type":5,"laneName":"수도권 5호선","laneCity":"수도권","x":127.0372241,"y":37.5619666}]},"nextOBJ": {"station": [{"stationName":"답십리","stationID":542,"type":5,"laneName":"수도권 5호선","laneCity":"수도권","x":127.0523947,"y":37.5670809}]},"defaultInfo": {"address":"서울특별시 성동구 마장동 772","new_address":"서울특별시 성동구 마장로 296","tel":"02-6311-5411"},"useInfo": {"platform":2,"meetingPlace":0,"restroom":2,"offDoor":1,"crossOver":2,"publicPlace":0,"handicapCount":1,"parkingCount":0,"bicycleCount":1,"civilCount":0},"exitInfo": {"gate": [{"GateNo":"1","GateLink": ["마장삼거리","삼성아파트","대한적십자사 서울지사","중앙하이츠아파트","한국전력공사 성동지점","청계천문화관"]},{"GateNo":"2","GateLink": ["신답역 방면","마장현대아파트","마장축산물시장","신성미소지움아파트","마장초등학교","마장중학교"],"BUSSTOP": [{"StopName":"마장동주민센터","StopID":"106997","Bus": [{"BusNo":"121","Type":"11","BlID":"851","BusCityName":"서울"},{"BusNo":"2013","Type":"12","BlID":"944","BusCityName":"서울"}]},{"StopName":"마장역","StopID":"151603","Bus": [{"BusNo":"121","Type":"11","BlID":"851","BusCityName":"서울"},{"BusNo":"2013","Type":"12","BlID":"944","BusCityName":"서울"}]}]},{"GateNo":"3","GateLink": ["마장2교","마장동주민센터","동마치안센터","한양여자대학 방면"],"BUSSTOP": [{"StopName":"마장역","StopID":"106880","Bus": [{"BusNo":"121","Type":"11","BlID":"851","BusCityName":"서울"},{"BusNo":"2013","Type":"12","BlID":"944","BusCityName":"서울"}]}]},{"GateNo":"4","GateLink": ["한양대학교","한대부중.고등학교","동마중학교","성동노인종합복지관","세림아파트","마장에스에이치빌아파트"],"BUSSTOP": [{"StopName":"성동노인복지관","StopID":"106851","Bus": [{"BusNo":"121","Type":"11","BlID":"851","BusCityName":"서울"},{"BusNo":"2013","Type":"12","BlID":"944","BusCityName":"서울"}]}]}]}}}