{"result": {"stationName":"답십리","stationID":542,"type":5,"laneName":"수도권 5호선","laneCity":"수도권","x":127.0523947,"y":37.5670809,"prevOBJ": {"station": [{"stationName":"마장","stationID":541,"type":5,"laneName":"수도권 5호선","laneCity":"수도권","x":127.0429774,"y":37.5661401}]},"nextOBJ": {"station": [{"stationName":"장한평","stationID":543,"type":5,"laneName":"수도권 5호선","laneCity":"수도권","x":127.0646786,"y":37.5614841}]},"defaultInfo": {"address":"서울특별시 성동구 용답동 99","new_address":"서울특별시 성동구 천호대로 300","tel":"02-6311-5421"},"useInfo": {"platform":2,"meetingPlace":1,"restroom":2,"offDoor":1,"crossOver":1,"publicPlace":0,"handicapCount":1,"parkingCount":0,"bicycleCount":1,"civilCount":0},"exitInfo": {"gate": [{"GateNo":"1","GateLink": ["서울상공화의소동부지소","답십리우체국"]},{"GateNo":"2","GateLink": ["답십리고미술상가"]},{"GateNo":"3","GateLink": ["동부시장"]},{"GateNo":"4","GateLink": ["답십리5치안센터","답십리삼거리","한국가스안전공사(서울동부지사)","장안평고미술상가","아름다운가게","두산아파트","동아아파트"],"BUSSTOP": [{"StopName":"답십리역.동부시장","StopID":"107386","Bus": [{"BusNo":"145","Type":"11","BlID":"874","BusCityName":"서울"},{"BusNo":"2015","Type":"12","BlID":"947","BusCityName":"서울"}]}]},{"GateNo":"5","GateLink": ["서울특별시도시철도공사","용답동주민센터","용답역"],"BUSSTOP": [{"StopName":"답십리역사거리","StopID":"107460","Bus": [{"BusNo":"9301","Type":"4","BlID":"10594","BusCityName":"광주"},{"BusNo":"N30","Type":"11","BlID":"573","BusCityName":"서울"},{"BusNo":"130","Type":"11","BlID":"865","BusCityName":"서울"},{"BusNo":"303","Type":"11","BlID":"1008","BusCityName":"서울"},{"BusNo":"370","Type":"11","BlID":"1044","BusCityName":"서울"},{"BusNo":"721","Type":"11","BlID":"1259","BusCityName":"서울"},{"BusNo":"9403","Type":"14","BlID":"1348","BusCityName":"서울"}]},{"StopName":"용답동동부시장답십리역","StopID":"151526","Bus": [{"BusNo":"145","Type":"11","BlID":"874","BusCityName":"서울"}]}]},{"GateNo":"6","GateLink": ["용답파출소"]},{"GateNo":"7","GateLink": ["성동구립용답도서관"]},{"GateNo":"8","GateLink": ["신답사거리","신답역 방면","마장 2교"]}]}}}