{"result": {"stationName":"장한평","stationID":543,"type":5,"laneName":"수도권 5호선","laneCity":"수도권","x":127.0646786,"y":37.5614841,"prevOBJ": {"station": [{"stationName":"답십리","stationID":542,"type":5,"laneName":"수도권 5호선","laneCity":"수도권","x":127.0523947,"y":37.5670809}]},"nextOBJ": {"station": [{"stationName":"군자","stationID":544,"type":5,"laneName":"수도권 5호선","laneCity":"수도권","x":127.0795028,"y":37.5571673}]},"defaultInfo": {"address":"서울특별시 동대문구 장안동 472-3","new_address":"서울특별시 동대문구 천호대로 405","tel":"02-6311-5431"},"useInfo": {"platform":1,"meetingPlace":1,"restroom":2,"offDoor":0,"crossOver":2,"publicPlace":0,"handicapCount":1,"parkingCount":0,"bicycleCount":1,"civilCount":0},"exitInfo": {"gate": [{"GateNo":"1","GateLink": ["군자초등학교","장안1동","서울특별시새마을회"],"BUSSTOP": [{"StopName":"청년회의소","StopID":"107748","Bus": [{"BusNo":"9301","Type":"4","BlID":"10594","BusCityName":"광주"},{"BusNo":"N30","Type":"11","BlID":"573","BusCityName":"서울"},{"BusNo":"130","Type":"11","BlID":"865","BusCityName":"서울"},{"BusNo":"303","Type":"11","BlID":"1008","BusCityName":"서울"},{"BusNo":"370","Type":"11","BlID":"1044","BusCityName":"서울"},{"BusNo":"721","Type":"11","BlID":"1259","BusCityName":"서울"},{"BusNo":"2221","Type":"12","BlID":"965","BusCityName":"서울"},{"BusNo":"3216","Type":"12","BlID":"1017","BusCityName":"서울"},{"BusNo":"3220","Type":"12","BlID":"1045","BusCityName":"서울"},{"BusNo":"9403","Type":"14","BlID":"1348","BusCityName":"서울"}]},{"StopName":"청년회의소앞","StopID":"111381","Bus": [{"BusNo":"2211","Type":"12","BlID":"957","BusCityName":"서울"}]}]},{"GateNo":"2","GateLink": ["국립농산물품질관리원(경기지원서울출장소)","장안종합사회복지관","장안1치안센터"],"BUSSTOP": [{"StopName":"장한평역","StopID":"110425","Bus": [{"BusNo":"2211","Type":"12","BlID":"957","BusCityName":"서울"}]}]},{"GateNo":"3","GateLink": ["동대문소방서","장평중학교 방면"],"BUSSTOP": [{"StopName":"장한평역","StopID":"110275","Bus": [{"BusNo":"2112","Type":"12","BlID":"955","BusCityName":"서울"},{"BusNo":"2233","Type":"12","BlID":"978","BusCityName":"서울"}]},{"StopName":"북한연구소앞","StopID":"111942","Bus": [{"BusNo":"2112","Type":"12","BlID":"955","BusCityName":"서울"},{"BusNo":"2233","Type":"12","BlID":"978","BusCityName":"서울"}]}]},{"GateNo":"4","GateLink": ["군자교","동대문구민회관 방면","동대문소상공인지원센터"],"BUSSTOP": [{"StopName":"장한평역","StopID":"107962","Bus": [{"BusNo":"9301","Type":"4","BlID":"10594","BusCityName":"광주"},{"BusNo":"N30","Type":"11","BlID":"573","BusCityName":"서울"},{"BusNo":"130","Type":"11","BlID":"865","BusCityName":"서울"},{"BusNo":"303","Type":"11","BlID":"1008","BusCityName":"서울"},{"BusNo":"370","Type":"11","BlID":"1044","BusCityName":"서울"},{"BusNo":"721","Type":"11","BlID":"1259","BusCityName":"서울"},{"BusNo":"2221","Type":"12","BlID":"965","BusCityName":"서울"},{"BusNo":"3216","Type":"12","BlID":"1017","BusCityName":"서울"},{"BusNo":"3220","Type":"12","BlID":"1045","BusCityName":"서울"},{"BusNo":"9403","Type":"14","BlID":"1348","BusCityName":"서울"}]},{"StopName":"장한평","StopID":"110421","Bus": [{"BusNo":"2112","Type":"12","BlID":"955","BusCityName":"서울"},{"BusNo":"2233","Type":"12","BlID":"978","BusCityName":"서울"}]},{"StopName":"장한평역","StopID":"193699","Bus": [{"BusNo":"6013","Type":"5","BlID":"1791","BusCityName":"서울"}]}]},{"GateNo":"5","GateLink": ["군자동 방면"],"BUSSTOP": [{"StopName":"장한평역","StopID":"107929","Bus": [{"BusNo":"9301","Type":"4","BlID":"10594","BusCityName":"광주"},{"BusNo":"6013","Type":"5","BlID":"1791","BusCityName":"서울"},{"BusNo":"N30","Type":"11","BlID":"573","BusCityName":"서울"},{"BusNo":"130","Type":"11","BlID":"865","BusCityName":"서울"},{"BusNo":"303","Type":"11","BlID":"1008","BusCityName":"서울"},{"BusNo":"370","Type":"11","BlID":"1044","BusCityName":"서울"},{"BusNo":"721","Type":"11","BlID":"1259","BusCityName":"서울"},{"BusNo":"2221","Type":"12","BlID":"965","BusCityName":"서울"},{"BusNo":"3216","Type":"12","BlID":"1017","BusCityName":"서울"},{"BusNo":"3220","Type":"12","BlID":"1045","BusCityName":"서울"},{"BusNo":"9403","Type":"14","BlID":"1348","BusCityName":"서울"}]}]},{"GateNo":"6","GateLink": ["장안평자동차매매시장","사울특별시중랑물재생센터"]},{"GateNo":"7","GateLink": ["용답동"]},{"GateNo":"8","GateLink": ["서울특별시도시철도공사","서울교육문화센터","용답동우체국","성동도로사업소"],"BUSSTOP": [{"StopName":"청년회의소","StopID":"107715","Bus": [{"BusNo":"9301","Type":"4","BlID":"10594","BusCityName":"광주"},{"BusNo":"N30","Type":"11","BlID":"573","BusCityName":"서울"},{"BusNo":"130","Type":"11","BlID":"865","BusCityName":"서울"},{"BusNo":"303","Type":"11","BlID":"1008","BusCityName":"서울"},{"BusNo":"370","Type":"11","BlID":"1044","BusCityName":"서울"},{"BusNo":"721","Type":"11","BlID":"1259","BusCityName":"서울"},{"BusNo":"2221","Type":"12","BlID":"965","BusCityName":"서울"},{"BusNo":"3216","Type":"12","BlID":"1017","BusCityName":"서울"},{"BusNo":"3220","Type":"12","BlID":"1045","BusCityName":"서울"},{"BusNo":"9403","Type":"14","BlID":"1348","BusCityName":"서울"}]}]}]}}}