{"result": {"stationName":"군자","stationID":544,"type":5,"laneName":"수도권 5호선","laneCity":"수도권","x":127.0795028,"y":37.5571673,"exOBJ": {"station": [{"stationName":"군자","stationID":725,"type":7,"laneName":"수도권 7호선","laneCity":"수도권"}]},"prevOBJ": {"station": [{"stationName":"장한평","stationID":543,"type":5,"laneName":"수도권 5호선","laneCity":"수도권","x":127.0646786,"y":37.5614841}]},"nextOBJ": {"station": [{"stationName":"아차산","stationID":545,"type":5,"laneName":"수도권 5호선","laneCity":"수도권","x":127.0896497,"y":37.5520378}]},"defaultInfo": {"address":"서울특별시 광진구 능동 275-5","new_address":"서울특별시 광진구 천호대로 550","tel":"02-6311-5441"},"useInfo": {"platform":1,"meetingPlace":0,"restroom":2,"offDoor":0,"crossOver":2,"publicPlace":0,"handicapCount":1,"parkingCount":0,"bicycleCount":1,"civilCount":0},"exitInfo": {"gate": [{"GateNo":"1","GateLink": ["군자교 방면","장안동 방면"]},{"GateNo":"2","GateLink": ["중곡동","용마사거리 방면"]},{"GateNo":"3","GateLink": ["중곡동우체국","국립서울병원 방면","중곡2동 주민센터","광진구보육정보센터"]},{"GateNo":"4","GateLink": ["용마초등학교","중곡종합사회복지관"],"BUSSTOP": [{"StopName":"군자역","StopID":"206237","Bus": [{"BusNo":"광진02","Type":"3","BlID":"1629","BusCityName":"서울"}]}]},{"GateNo":"5","GateLink": ["능동","천호대교 방면","어린이대공원후문 방면"],"BUSSTOP": [{"StopName":"군자역5번출구.용마초등학교","StopID":"108499","Bus": [{"BusNo":"70","Type":"1","BlID":"5029","BusCityName":"성남"},{"BusNo":"119","Type":"1","BlID":"10078","BusCityName":"광주"},{"BusNo":"9301","Type":"4","BlID":"10594","BusCityName":"광주"},{"BusNo":"N30","Type":"11","BlID":"573","BusCityName":"서울"},{"BusNo":"130","Type":"11","BlID":"865","BusCityName":"서울"},{"BusNo":"303","Type":"11","BlID":"1008","BusCityName":"서울"},{"BusNo":"370","Type":"11","BlID":"1044","BusCityName":"서울"},{"BusNo":"2012","Type":"12","BlID":"943","BusCityName":"서울"},{"BusNo":"2221","Type":"12","BlID":"965","BusCityName":"서울"},{"BusNo":"2311","Type":"12","BlID":"1016","BusCityName":"서울"},{"BusNo":"9403","Type":"14","BlID":"1348","BusCityName":"서울"}]}]},{"GateNo":"6","GateLink": ["어린이대공원 정문 방면"],"BUSSTOP": [{"StopName":"군자역","StopID":"125046","Bus": [{"BusNo":"6013","Type":"5","BlID":"1791","BusCityName":"서울"}]}]},{"GateNo":"7","GateLink": ["세종초등학교","세종대학교"],"BUSSTOP": [{"StopName":"능동사거리.군자역","StopID":"108407","Bus": [{"BusNo":"3500","Type":"4","BlID":"17501","BusCityName":"포천"},{"BusNo":"N61","Type":"11","BlID":"575","BusCityName":"서울"},{"BusNo":"N62","Type":"11","BlID":"576","BusCityName":"서울"},{"BusNo":"721","Type":"11","BlID":"1259","BusCityName":"서울"},{"BusNo":"3216","Type":"12","BlID":"1017","BusCityName":"서울"},{"BusNo":"4212","Type":"12","BlID":"1055","BusCityName":"서울"}]},{"StopName":"군자역","StopID":"166198","Bus": [{"BusNo":"6013","Type":"5","BlID":"1791","BusCityName":"서울"}]}]},{"GateNo":"8","GateLink": ["군자동 방면","외환은행 군자동","세종사이버대학교"],"BUSSTOP": [{"StopName":"군자역먹자골목사거리","StopID":"193680","Bus": [{"BusNo":"2012","Type":"12","BlID":"943","BusCityName":"서울"}]}]}]}}}