{"result": {"stationName":"아차산","stationID":545,"type":5,"laneName":"수도권 5호선","laneCity":"수도권","x":127.0896497,"y":37.5520378,"prevOBJ": {"station": [{"stationName":"군자","stationID":544,"type":5,"laneName":"수도권 5호선","laneCity":"수도권","x":127.0795028,"y":37.5571673}]},"nextOBJ": {"station": [{"stationName":"광나루","stationID":546,"type":5,"laneName":"수도권 5호선","laneCity":"수도권","x":127.1036277,"y":37.5453416}]},"defaultInfo": {"address":"서울특별시 광진구 능동 256-16","new_address":"서울특별시 광진구 천호대로 657","tel":"02-6311-5451"},"useInfo": {"platform":2,"meetingPlace":0,"restroom":2,"offDoor":1,"crossOver":2,"publicPlace":0,"handicapCount":1,"parkingCount":0,"bicycleCount":1,"civilCount":0},"exitInfo": {"gate": [{"GateNo":"1","GateLink": ["중곡시장방면","한국뇌병변장애인인권협회"],"BUSSTOP": [{"StopName":"어린이대공원후문아차산역","StopID":"108702","Bus": [{"BusNo":"70","Type":"1","BlID":"5029","BusCityName":"성남"},{"BusNo":"119","Type":"1","BlID":"10078","BusCityName":"광주"},{"BusNo":"광진04","Type":"3","BlID":"1635","BusCityName":"서울"},{"BusNo":"9301","Type":"4","BlID":"10594","BusCityName":"광주"},{"BusNo":"N30","Type":"11","BlID":"573","BusCityName":"서울"},{"BusNo":"130","Type":"11","BlID":"865","BusCityName":"서울"},{"BusNo":"303","Type":"11","BlID":"1008","BusCityName":"서울"},{"BusNo":"370","Type":"11","BlID":"1044","BusCityName":"서울"},{"BusNo":"320","Type":"11","BlID":"1455","BusCityName":"서울"},{"BusNo":"2221","Type":"12","BlID":"965","BusCityName":"서울"},{"BusNo":"2311","Type":"12","BlID":"1016","BusCityName":"서울"},{"BusNo":"9403","Type":"14","BlID":"1348","BusCityName":"서울"},{"BusNo":"3001","Type":"22","BlID":"10667","BusCityName":"광주"}]}]},{"GateNo":"2","GateLink": ["아차산","아차산생태공원 방면","정립회관(한국소아마비협회)","외환은행 구의동"],"BUSSTOP": [{"StopName":"어린이대공원후문아차산역","StopID":"108725","Bus": [{"BusNo":"70","Type":"1","BlID":"5029","BusCityName":"성남"},{"BusNo":"9301","Type":"4","BlID":"10594","BusCityName":"광주"},{"BusNo":"N30","Type":"11","BlID":"573","BusCityName":"서울"},{"BusNo":"130","Type":"11","BlID":"865","BusCityName":"서울"},{"BusNo":"303","Type":"11","BlID":"1008","BusCityName":"서울"},{"BusNo":"370","Type":"11","BlID":"1044","BusCityName":"서울"},{"BusNo":"2221","Type":"12","BlID":"965","BusCityName":"서울"},{"BusNo":"2311","Type":"12","BlID":"1016","BusCityName":"서울"},{"BusNo":"9403","Type":"14","BlID":"1348","BusCityName":"서울"},{"BusNo":"3001","Type":"22","BlID":"10667","BusCityName":"광주"}]},{"StopName":"어린이대공원후문","StopID":"206236","Bus": [{"BusNo":"광진04","Type":"3","BlID":"1635","BusCityName":"서울"},{"BusNo":"320","Type":"11","BlID":"1455","BusCityName":"서울"}]}]},{"GateNo":"3","GateLink": ["구의2동주민센터","경복초등학교","상수도연구원","광진초등학교"]},{"GateNo":"4","GateLink": ["어린이대공원(후문)","선화예술중.고등학교","유니버설아트센터"]},{"GateNo":"5","GateLink": ["능동"]}]}}}