{"result": {"stationName":"광나루","stationID":546,"type":5,"laneName":"수도권 5호선","laneCity":"수도권","x":127.1036277,"y":37.5453416,"prevOBJ": {"station": [{"stationName":"아차산","stationID":545,"type":5,"laneName":"수도권 5호선","laneCity":"수도권","x":127.0896497,"y":37.5520378}]},"nextOBJ": {"station": [{"stationName":"천호","stationID":547,"type":5,"laneName":"수도권 5호선","laneCity":"수도권","x":127.1236011,"y":37.5385802}]},"defaultInfo": {"address":"서울특별시 광진구 광장동 237","new_address":"서울특별시 광진구 아차산로 571","tel":"02-6311-5461"},"useInfo": {"platform":1,"meetingPlace":1,"restroom":2,"offDoor":1,"crossOver":2,"publicPlace":0,"handicapCount":1,"parkingCount":0,"bicycleCount":1,"civilCount":0},"exitInfo": {"gate": [{"GateNo":"1","GateLink": ["광장동주민센터","광장중학교","광장초등학교","아차산","아차산생태공원"],"BUSSTOP": [{"StopName":"광나루역","StopID":"109020","Bus": [{"BusNo":"70","Type":"1","BlID":"5029","BusCityName":"성남"},{"BusNo":"9301","Type":"4","BlID":"10594","BusCityName":"광주"},{"BusNo":"N30","Type":"11","BlID":"573","BusCityName":"서울"},{"BusNo":"130","Type":"11","BlID":"865","BusCityName":"서울"},{"BusNo":"370","Type":"11","BlID":"1044","BusCityName":"서울"}]}]},{"GateNo":"2","GateLink": ["광진교/전망쉽터 리버뷰 8번가","장로회신학대학교","워커힐 아파트","광나루현대아파트","일신아파트","광진구민체육센터","서울악스콘서트홀","광전정보도서관","서울시립광진청소년수련관","한강호텔웨딩홀","신동아파밀리에아파트","광진구보훈회관"]},{"GateNo":"3","GateLink": ["광남초.중.고등학교","극동아파트","삼성아파트","광장종합사회복지관","현대아파트8단지"],"BUSSTOP": [{"StopName":"광나루역.극동아파트","StopID":"109017","Bus": [{"BusNo":"96","Type":"1","BlID":"8501","BusCityName":"구리"},{"BusNo":"95","Type":"1","BlID":"8507","BusCityName":"구리"},{"BusNo":"96-1","Type":"1","BlID":"8508","BusCityName":"구리"},{"BusNo":"92","Type":"1","BlID":"8514","BusCityName":"구리"},{"BusNo":"93","Type":"1","BlID":"8517","BusCityName":"구리"},{"BusNo":"1-2","Type":"1","BlID":"9009","BusCityName":"의정부"},{"BusNo":"1-1","Type":"1","BlID":"9016","BusCityName":"의정부"},{"BusNo":"1-3","Type":"1","BlID":"9056","BusCityName":"의정부"},{"BusNo":"13-2","Type":"1","BlID":"10082","BusCityName":"광주"},{"BusNo":"13","Type":"1","BlID":"10083","BusCityName":"광주"},{"BusNo":"15","Type":"1","BlID":"10148","BusCityName":"광주"},{"BusNo":"2000-1","Type":"1","BlID":"14000","BusCityName":"양평군"},{"BusNo":"2000-4","Type":"1","BlID":"14039","BusCityName":"양평군"},{"BusNo":"2000-3","Type":"1","BlID":"14062","BusCityName":"양평군"},{"BusNo":"1","Type":"1","BlID":"18501","BusCityName":"남양주"},{"BusNo":"9-1","Type":"1","BlID":"18543","BusCityName":"남양주"},{"BusNo":"9","Type":"1","BlID":"18567","BusCityName":"남양주"},{"BusNo":"91","Type":"1","BlID":"18568","BusCityName":"남양주"},{"BusNo":"97","Type":"1","BlID":"18572","BusCityName":"남양주"},{"BusNo":"11","Type":"4","BlID":"18506","BusCityName":"남양주"},{"BusNo":"1660","Type":"4","BlID":"18516","BusCityName":"남양주"},{"BusNo":"100","Type":"4","BlID":"18598","BusCityName":"남양주"}]},{"StopName":"광나루역.극동아파트","StopID":"124965","Bus": [{"BusNo":"광진01","Type":"3","BlID":"1623","BusCityName":"서울"},{"BusNo":"6705","Type":"5","BlID":"1793","BusCityName":"서울"}]},{"StopName":"광진청소년수련관","StopID":"166362","Bus": [{"BusNo":"96-1","Type":"1","BlID":"8508","BusCityName":"구리"},{"BusNo":"13-2","Type":"1","BlID":"10082","BusCityName":"광주"},{"BusNo":"13","Type":"1","BlID":"10083","BusCityName":"광주"},{"BusNo":"1113-2","Type":"4","BlID":"10026","BusCityName":"광주"},{"BusNo":"1113-1","Type":"4","BlID":"10080","BusCityName":"광주"},{"BusNo":"1113","Type":"4","BlID":"10085","BusCityName":"광주"},{"BusNo":"1113-11","Type":"4","BlID":"10507","BusCityName":"광주"}]}]},{"GateNo":"4","GateLink": ["광나루길","동서울터미널 방면","광나루지구대","광장변전소","현대아파트","국민연금성동광진지사","양진초등학교","양진중학교","구의야구공원","외환은행 광장동"],"BUSSTOP": [{"StopName":"광나루역.극동아파트","StopID":"109018","Bus": [{"BusNo":"96","Type":"1","BlID":"8501","BusCityName":"구리"},{"BusNo":"95","Type":"1","BlID":"8507","BusCityName":"구리"},{"BusNo":"96-1","Type":"1","BlID":"8508","BusCityName":"구리"},{"BusNo":"92","Type":"1","BlID":"8514","BusCityName":"구리"},{"BusNo":"93","Type":"1","BlID":"8517","BusCityName":"구리"},{"BusNo":"1-2","Type":"1","BlID":"9009","BusCityName":"의정부"},{"BusNo":"1-1","Type":"1","BlID":"9016","BusCityName":"의정부"},{"BusNo":"1-3","Type":"1","BlID":"9056","BusCityName":"의정부"},{"BusNo":"15","Type":"1","BlID":"10148","BusCityName":"광주"},{"BusNo":"2000-1","Type":"1","BlID":"14000","BusCityName":"양평군"},{"BusNo":"2000-4","Type":"1","BlID":"14039","BusCityName":"양평군"},{"BusNo":"2000-3","Type":"1","BlID":"14062","BusCityName":"양평군"},{"BusNo":"1","Type":"1","BlID":"18501","BusCityName":"남양주"},{"BusNo":"9-1","Type":"1","BlID":"18543","BusCityName":"남양주"},{"BusNo":"9","Type":"1","BlID":"18567","BusCityName":"남양주"},{"BusNo":"91","Type":"1","BlID":"18568","BusCityName":"남양주"},{"BusNo":"97","Type":"1","BlID":"18572","BusCityName":"남양주"},{"BusNo":"11","Type":"4","BlID":"18506","BusCityName":"남양주"},{"BusNo":"1660","Type":"4","BlID":"18516","BusCityName":"남양주"},{"BusNo":"100","Type":"4","BlID":"18598","BusCityName":"남양주"}]},{"StopName":"광나루역","StopID":"109021","Bus": [{"BusNo":"70","Type":"1","BlID":"5029","BusCityName":"성남"},{"BusNo":"9301","Type":"4","BlID":"10594","BusCityName":"광주"},{"BusNo":"N30","Type":"11","BlID":"573","BusCityName":"서울"},{"BusNo":"130","Type":"11","BlID":"865","BusCityName":"서울"},{"BusNo":"370","Type":"11","BlID":"1044","BusCityName":"서울"}]},{"StopName":"광나루역.극동아파트","StopID":"206318","Bus": [{"BusNo":"광진01","Type":"3","BlID":"1623","BusCityName":"서울"},{"BusNo":"6705","Type":"5","BlID":"1793","BusCityName":"서울"}]}]}]}}}