{"result": {"stationName":"천호","stationID":547,"type":5,"laneName":"수도권 5호선","laneCity":"수도권","x":127.1236011,"y":37.5385802,"exOBJ": {"station": [{"stationName":"천호","stationID":811,"type":8,"laneName":"수도권 8호선","laneCity":"수도권"}]},"prevOBJ": {"station": [{"stationName":"광나루","stationID":546,"type":5,"laneName":"수도권 5호선","laneCity":"수도권","x":127.1036277,"y":37.5453416}]},"nextOBJ": {"station": [{"stationName":"강동","stationID":548,"type":5,"laneName":"수도권 5호선","laneCity":"수도권","x":127.1322087,"y":37.5359495}]},"defaultInfo": {"address":"서울특별시 강동구 천호동 455","new_address":"서울특별시 강동구 천호대로 997","tel":"02-6311-5471"},"useInfo": {"platform":2,"meetingPlace":1,"restroom":2,"offDoor":1,"crossOver":2,"publicPlace":0,"handicapCount":1,"parkingCount":1,"bicycleCount":1,"civilCount":0},"exitInfo": {"gate": [{"GateNo":"1","GateLink": ["한강시민공원(광나루지구)","천호대교 방면"]},{"GateNo":"2","GateLink": ["천호2동","광진사거리","천호지구대","광진교/전망쉽터 리버뷰 8번가"],"BUSSTOP": [{"StopName":"천호역현대백화점","StopID":"109353","Bus": [{"BusNo":"30","Type":"1","BlID":"8000","BusCityName":"하남"},{"BusNo":"30-1","Type":"1","BlID":"8001","BusCityName":"하남"},{"BusNo":"16","Type":"1","BlID":"10024","BusCityName":"광주"},{"BusNo":"13-2","Type":"1","BlID":"10082","BusCityName":"광주"},{"BusNo":"13","Type":"1","BlID":"10083","BusCityName":"광주"},{"BusNo":"강동05","Type":"3","BlID":"1533","BusCityName":"서울"},{"BusNo":"340","Type":"11","BlID":"1026","BusCityName":"서울"},{"BusNo":"3321","Type":"12","BlID":"501","BusCityName":"서울"},{"BusNo":"3318","Type":"12","BlID":"516","BusCityName":"서울"},{"BusNo":"3411","Type":"12","BlID":"1027","BusCityName":"서울"}]}]},{"GateNo":"3","GateLink": ["천호우체국","강동카톨릭병원","풀잎문화센터 천호지부","강동구건강가정지원센터"],"BUSSTOP": [{"StopName":"천호역현대백화점","StopID":"109360","Bus": [{"BusNo":"30","Type":"1","BlID":"8000","BusCityName":"하남"},{"BusNo":"30-1","Type":"1","BlID":"8001","BusCityName":"하남"},{"BusNo":"16","Type":"1","BlID":"10024","BusCityName":"광주"},{"BusNo":"13-2","Type":"1","BlID":"10082","BusCityName":"광주"},{"BusNo":"13","Type":"1","BlID":"10083","BusCityName":"광주"},{"BusNo":"340","Type":"11","BlID":"1026","BusCityName":"서울"},{"BusNo":"3321","Type":"12","BlID":"501","BusCityName":"서울"},{"BusNo":"3318","Type":"12","BlID":"516","BusCityName":"서울"},{"BusNo":"3411","Type":"12","BlID":"1027","BusCityName":"서울"}]},{"StopName":"천호역.현대백화점","StopID":"195596","Bus": [{"BusNo":"강동05","Type":"3","BlID":"1533","BusCityName":"서울"}]}]},{"GateNo":"4","GateLink": ["천호사거리"]},{"GateNo":"5","GateLink": ["천호구사거리","천호3동주민센터","강동종합사회복지관","천호시장"],"BUSSTOP": [{"StopName":"천호역5번출구.천호사거리","StopID":"123759","Bus": [{"BusNo":"30","Type":"1","BlID":"8000","BusCityName":"하남"},{"BusNo":"30-3","Type":"1","BlID":"8002","BusCityName":"하남"},{"BusNo":"112-5","Type":"1","BlID":"8022","BusCityName":"하남"},{"BusNo":"112","Type":"1","BlID":"10029","BusCityName":"광주"},{"BusNo":"112-1","Type":"1","BlID":"18509","BusCityName":"남양주"},{"BusNo":"1-4","Type":"1","BlID":"18511","BusCityName":"남양주"},{"BusNo":"23","Type":"1","BlID":"18525","BusCityName":"남양주"},{"BusNo":"1113-2","Type":"4","BlID":"10026","BusCityName":"광주"},{"BusNo":"1113-1","Type":"4","BlID":"10080","BusCityName":"광주"},{"BusNo":"1113","Type":"4","BlID":"10085","BusCityName":"광주"},{"BusNo":"1113-11","Type":"4","BlID":"10507","BusCityName":"광주"},{"BusNo":"9301","Type":"4","BlID":"10594","BusCityName":"광주"},{"BusNo":"N30","Type":"11","BlID":"573","BusCityName":"서울"},{"BusNo":"130","Type":"11","BlID":"865","BusCityName":"서울"},{"BusNo":"351","Type":"11","BlID":"1041","BusCityName":"서울"},{"BusNo":"370","Type":"11","BlID":"1044","BusCityName":"서울"},{"BusNo":"341","Type":"11","BlID":"1435","BusCityName":"서울"},{"BusNo":"3316","Type":"12","BlID":"1015","BusCityName":"서울"},{"BusNo":"3214","Type":"12","BlID":"1398","BusCityName":"서울"},{"BusNo":"1004","Type":"22","BlID":"10649","BusCityName":"광주"}]},{"StopName":"천호역","StopID":"194748","Bus": [{"BusNo":"6200","Type":"5","BlID":"586","BusCityName":"서울"}]},{"StopName":"천호역5번출구","StopID":"195598","Bus": [{"BusNo":"강동05","Type":"3","BlID":"1533","BusCityName":"서울"}]}]},{"GateNo":"6","GateLink": ["성내종합시장","외환은행 천호역"],"BUSSTOP": [{"StopName":"천호역6번출구.천호사거리","StopID":"109402","Bus": [{"BusNo":"1113-10","Type":"4","BlID":"10003","BusCityName":"광주"},{"BusNo":"1113-2","Type":"4","BlID":"10026","BusCityName":"광주"},{"BusNo":"1113-1","Type":"4","BlID":"10080","BusCityName":"광주"},{"BusNo":"1113","Type":"4","BlID":"10085","BusCityName":"광주"},{"BusNo":"9301","Type":"4","BlID":"10594","BusCityName":"광주"},{"BusNo":"N30","Type":"11","BlID":"573","BusCityName":"서울"},{"BusNo":"130","Type":"11","BlID":"865","BusCityName":"서울"},{"BusNo":"351","Type":"11","BlID":"1041","BusCityName":"서울"},{"BusNo":"370","Type":"11","BlID":"1044","BusCityName":"서울"},{"BusNo":"1004","Type":"22","BlID":"10649","BusCityName":"광주"}]},{"StopName":"천호사거리.천호역6번출구","StopID":"151976","Bus": [{"BusNo":"30-3","Type":"1","BlID":"8002","BusCityName":"하남"},{"BusNo":"112-5","Type":"1","BlID":"8022","BusCityName":"하남"},{"BusNo":"112","Type":"1","BlID":"10029","BusCityName":"광주"},{"BusNo":"112-1","Type":"1","BlID":"18509","BusCityName":"남양주"},{"BusNo":"1-4","Type":"1","BlID":"18511","BusCityName":"남양주"},{"BusNo":"23","Type":"1","BlID":"18525","BusCityName":"남양주"},{"BusNo":"강동05","Type":"3","BlID":"1533","BusCityName":"서울"},{"BusNo":"341","Type":"11","BlID":"1435","BusCityName":"서울"},{"BusNo":"3316","Type":"12","BlID":"1015","BusCityName":"서울"},{"BusNo":"3214","Type":"12","BlID":"1398","BusCityName":"서울"}]},{"StopName":"천호역","StopID":"193618","Bus": [{"BusNo":"6200","Type":"5","BlID":"586","BusCityName":"서울"}]}]},{"GateNo":"7","GateLink": ["성내2동","대성아파트"]},{"GateNo":"8","GateLink": ["풍납로","서울아동가족상담센터","한국미술치료연구센터"],"BUSSTOP": [{"StopName":"천호역","StopID":"109337","Bus": [{"BusNo":"70","Type":"1","BlID":"5029","BusCityName":"성남"},{"BusNo":"30-1","Type":"1","BlID":"8001","BusCityName":"하남"},{"BusNo":"30-3","Type":"1","BlID":"8002","BusCityName":"하남"},{"BusNo":"112-5","Type":"1","BlID":"8022","BusCityName":"하남"},{"BusNo":"16","Type":"1","BlID":"10024","BusCityName":"광주"},{"BusNo":"112","Type":"1","BlID":"10029","BusCityName":"광주"},{"BusNo":"112-1","Type":"1","BlID":"18509","BusCityName":"남양주"},{"BusNo":"340","Type":"11","BlID":"1026","BusCityName":"서울"},{"BusNo":"351","Type":"11","BlID":"1041","BusCityName":"서울"},{"BusNo":"341","Type":"11","BlID":"1435","BusCityName":"서울"},{"BusNo":"3321","Type":"12","BlID":"501","BusCityName":"서울"},{"BusNo":"3318","Type":"12","BlID":"516","BusCityName":"서울"},{"BusNo":"3411","Type":"12","BlID":"1027","BusCityName":"서울"},{"BusNo":"3214","Type":"12","BlID":"1398","BusCityName":"서울"}]}]},{"GateNo":"9","GateLink": ["풍납1동","풍납동우체국","서울아산병원","풍납시장"],"BUSSTOP": [{"StopName":"천호역.풍납시장","StopID":"109335","Bus": [{"BusNo":"70","Type":"1","BlID":"5029","BusCityName":"성남"},{"BusNo":"30","Type":"1","BlID":"8000","BusCityName":"하남"},{"BusNo":"30-1","Type":"1","BlID":"8001","BusCityName":"하남"},{"BusNo":"30-3","Type":"1","BlID":"8002","BusCityName":"하남"},{"BusNo":"112-5","Type":"1","BlID":"8022","BusCityName":"하남"},{"BusNo":"16","Type":"1","BlID":"10024","BusCityName":"광주"},{"BusNo":"112","Type":"1","BlID":"10029","BusCityName":"광주"},{"BusNo":"112-1","Type":"1","BlID":"18509","BusCityName":"남양주"},{"BusNo":"340","Type":"11","BlID":"1026","BusCityName":"서울"},{"BusNo":"351","Type":"11","BlID":"1041","BusCityName":"서울"},{"BusNo":"341","Type":"11","BlID":"1435","BusCityName":"서울"},{"BusNo":"3321","Type":"12","BlID":"501","BusCityName":"서울"},{"BusNo":"3318","Type":"12","BlID":"516","BusCityName":"서울"},{"BusNo":"3411","Type":"12","BlID":"1027","BusCityName":"서울"},{"BusNo":"3214","Type":"12","BlID":"1398","BusCityName":"서울"},{"BusNo":"4318","Type":"12","BlID":"1711","BusCityName":"서울"}]}]},{"GateNo":"10","GateLink": ["풍납1동주민센터","풍납토성","한강시민공원(광나루지구)"],"BUSSTOP": [{"StopName":"풍납토성","StopID":"109316","Bus": [{"BusNo":"70","Type":"1","BlID":"5029","BusCityName":"성남"},{"BusNo":"1-4","Type":"1","BlID":"18511","BusCityName":"남양주"},{"BusNo":"23","Type":"1","BlID":"18525","BusCityName":"남양주"},{"BusNo":"4318","Type":"12","BlID":"1711","BusCityName":"서울"}]}]}]}}}