{"result": {"stationName":"강동","stationID":548,"type":5,"laneName":"수도권 5호선","laneCity":"수도권","x":127.1322087,"y":37.5359495,"prevOBJ": {"station": [{"stationName":"천호","stationID":547,"type":5,"laneName":"수도권 5호선","laneCity":"수도권","x":127.1236011,"y":37.5385802}]},"nextOBJ": {"station": [{"stationName":"길동","stationID":549,"type":5,"laneName":"수도권 5호선","laneCity":"수도권","x":127.1400065,"y":37.5377725},{"stationName":"둔촌동","stationID":569,"type":5,"laneName":"수도권 5호선","laneCity":"수도권","x":127.1362531,"y":37.5276623}]},"defaultInfo": {"address":"서울특별시 강동구 천호동 447","new_address":"서울특별시 강동구 천호대로 1097","tel":"02-6311-5481"},"useInfo": {"platform":3,"meetingPlace":1,"restroom":2,"offDoor":2,"crossOver":2,"publicPlace":1,"handicapCount":1,"parkingCount":0,"bicycleCount":1,"civilCount":0},"exitInfo": {"gate": [{"GateNo":"1","GateLink": ["천호3동주민센터","천호3치안센터","강동종합사회복지관"],"BUSSTOP": [{"StopName":"강동역1번출구.동신중학교","StopID":"109562","Bus": [{"BusNo":"N30","Type":"11","BlID":"573","BusCityName":"서울"},{"BusNo":"130","Type":"11","BlID":"865","BusCityName":"서울"},{"BusNo":"351","Type":"11","BlID":"1041","BusCityName":"서울"},{"BusNo":"3316","Type":"12","BlID":"1015","BusCityName":"서울"},{"BusNo":"3214","Type":"12","BlID":"1398","BusCityName":"서울"}]},{"StopName":"강동역","StopID":"195444","Bus": [{"BusNo":"30-3","Type":"1","BlID":"8002","BusCityName":"하남"},{"BusNo":"112-5","Type":"1","BlID":"8022","BusCityName":"하남"},{"BusNo":"112","Type":"1","BlID":"10029","BusCityName":"광주"},{"BusNo":"112-1","Type":"1","BlID":"18509","BusCityName":"남양주"},{"BusNo":"1-4","Type":"1","BlID":"18511","BusCityName":"남양주"},{"BusNo":"23","Type":"1","BlID":"18525","BusCityName":"남양주"},{"BusNo":"1113-2","Type":"4","BlID":"10026","BusCityName":"광주"},{"BusNo":"1113-1","Type":"4","BlID":"10080","BusCityName":"광주"},{"BusNo":"1113","Type":"4","BlID":"10085","BusCityName":"광주"},{"BusNo":"1113-11","Type":"4","BlID":"10507","BusCityName":"광주"},{"BusNo":"9301","Type":"4","BlID":"10594","BusCityName":"광주"},{"BusNo":"370","Type":"11","BlID":"1044","BusCityName":"서울"},{"BusNo":"341","Type":"11","BlID":"1435","BusCityName":"서울"}]}]},{"GateNo":"2","GateLink": ["천호현대타워아파트","한림대학교 강동성심병원"]},{"GateNo":"3","GateLink": ["길동사거리","성내2동","성내종합사회복지관","국민연금 강동하남지사","성내도서관"],"BUSSTOP": [{"StopName":"조은마디병원","StopID":"109579","Bus": [{"BusNo":"3212","Type":"12","BlID":"1014","BusCityName":"서울"}]},{"StopName":"조은마디병원","StopID":"109581","Bus": [{"BusNo":"3212","Type":"12","BlID":"1014","BusCityName":"서울"}]}]},{"GateNo":"4","GateLink": ["성내종합시장","강동구청방면","강동외국인근로자센터"],"BUSSTOP": [{"StopName":"강동역(동신중학교)","StopID":"109547","Bus": [{"BusNo":"130","Type":"11","BlID":"865","BusCityName":"서울"},{"BusNo":"351","Type":"11","BlID":"1041","BusCityName":"서울"},{"BusNo":"3316","Type":"12","BlID":"1015","BusCityName":"서울"},{"BusNo":"3214","Type":"12","BlID":"1398","BusCityName":"서울"}]},{"StopName":"강동역","StopID":"195445","Bus": [{"BusNo":"30-3","Type":"1","BlID":"8002","BusCityName":"하남"},{"BusNo":"112-5","Type":"1","BlID":"8022","BusCityName":"하남"},{"BusNo":"112","Type":"1","BlID":"10029","BusCityName":"광주"},{"BusNo":"112-1","Type":"1","BlID":"18509","BusCityName":"남양주"},{"BusNo":"1-4","Type":"1","BlID":"18511","BusCityName":"남양주"},{"BusNo":"23","Type":"1","BlID":"18525","BusCityName":"남양주"},{"BusNo":"1113-10","Type":"4","BlID":"10003","BusCityName":"광주"},{"BusNo":"1113-2","Type":"4","BlID":"10026","BusCityName":"광주"},{"BusNo":"1113-1","Type":"4","BlID":"10080","BusCityName":"광주"},{"BusNo":"1113","Type":"4","BlID":"10085","BusCityName":"광주"},{"BusNo":"9301","Type":"4","BlID":"10594","BusCityName":"광주"},{"BusNo":"N30","Type":"11","BlID":"573","BusCityName":"서울"},{"BusNo":"370","Type":"11","BlID":"1044","BusCityName":"서울"},{"BusNo":"341","Type":"11","BlID":"1435","BusCityName":"서울"}]}]}]}}}