{"result": {"stationName":"길동","stationID":549,"type":5,"laneName":"수도권 5호선","laneCity":"수도권","x":127.1400065,"y":37.5377725,"prevOBJ": {"station": [{"stationName":"강동","stationID":548,"type":5,"laneName":"수도권 5호선","laneCity":"수도권","x":127.1322087,"y":37.5359495}]},"nextOBJ": {"station": [{"stationName":"굽은다리","stationID":550,"type":5,"laneName":"수도권 5호선","laneCity":"수도권","x":127.1429276,"y":37.5455428}]},"defaultInfo": {"address":"서울특별시 강동구 길동 378","new_address":"서울특별시 강동구 양재대로 1480","tel":"02-6311-5491"},"useInfo": {"platform":2,"meetingPlace":1,"restroom":2,"offDoor":1,"crossOver":2,"publicPlace":0,"handicapCount":1,"parkingCount":0,"bicycleCount":1,"civilCount":0},"exitInfo": {"gate": [{"GateNo":"1","GateLink": ["천동초등학교","국민건강보험공단강동지사","한림대학교 강동성심병원"],"BUSSTOP": [{"StopName":"길동역1번출구","StopID":"109665","Bus": [{"BusNo":"6300","Type":"5","BlID":"519","BusCityName":"서울"},{"BusNo":"N30","Type":"11","BlID":"573","BusCityName":"서울"},{"BusNo":"130","Type":"11","BlID":"865","BusCityName":"서울"},{"BusNo":"2312","Type":"12","BlID":"584","BusCityName":"서울"},{"BusNo":"3413","Type":"12","BlID":"1029","BusCityName":"서울"}]}]},{"GateNo":"2","GateLink": ["강동도서관","길동초등학교","우성아파트","라인아파트"]},{"GateNo":"3","GateLink": ["강동우체국","길동지구대"],"BUSSTOP": [{"StopName":"길동역3번출구","StopID":"109671","Bus": [{"BusNo":"6300","Type":"5","BlID":"519","BusCityName":"서울"},{"BusNo":"N30","Type":"11","BlID":"573","BusCityName":"서울"},{"BusNo":"2312","Type":"12","BlID":"584","BusCityName":"서울"},{"BusNo":"3413","Type":"12","BlID":"1029","BusCityName":"서울"}]}]}]}}}