{"result": {"stationName":"굽은다리","stationID":550,"type":5,"laneName":"수도권 5호선","laneCity":"수도권","x":127.1429276,"y":37.5455428,"prevOBJ": {"station": [{"stationName":"길동","stationID":549,"type":5,"laneName":"수도권 5호선","laneCity":"수도권","x":127.1400065,"y":37.5377725}]},"nextOBJ": {"station": [{"stationName":"명일","stationID":551,"type":5,"laneName":"수도권 5호선","laneCity":"수도권","x":127.1440273,"y":37.5513175}]},"defaultInfo": {"address":"서울특별시 강동구 명일동 345-12","new_address":"서울특별시 강동구 양재대로 1572","tel":"02-6311-5501"},"useInfo": {"platform":2,"meetingPlace":0,"restroom":2,"offDoor":1,"crossOver":2,"publicPlace":0,"handicapCount":1,"parkingCount":0,"bicycleCount":1,"civilCount":0},"exitInfo": {"gate": [{"GateNo":"1","GateLink": ["십자성마을","천호1동주민센터","가나안의 집","홈플러스강동점"],"BUSSTOP": [{"StopName":"십자성마을","StopID":"109694","Bus": [{"BusNo":"N30","Type":"11","BlID":"573","BusCityName":"서울"},{"BusNo":"3321","Type":"12","BlID":"501","BusCityName":"서울"},{"BusNo":"2312","Type":"12","BlID":"584","BusCityName":"서울"},{"BusNo":"3413","Type":"12","BlID":"1029","BusCityName":"서울"}]}]},{"GateNo":"2","GateLink": ["천호중학교","성덕여중.상업고등학교","강동구민회관"],"BUSSTOP": [{"StopName":"굽은다리사거리","StopID":"109710","Bus": [{"BusNo":"N30","Type":"11","BlID":"573","BusCityName":"서울"},{"BusNo":"3321","Type":"12","BlID":"501","BusCityName":"서울"},{"BusNo":"2312","Type":"12","BlID":"584","BusCityName":"서울"},{"BusNo":"3413","Type":"12","BlID":"1029","BusCityName":"서울"}]}]},{"GateNo":"3","GateLink": ["구천면길","명일1동주민센터","명일우체국","삼익가든아파트","명성도서관","월드글로리아센터"],"BUSSTOP": [{"StopName":"굽은다리사거리","StopID":"109714","Bus": [{"BusNo":"N30","Type":"11","BlID":"573","BusCityName":"서울"},{"BusNo":"3321","Type":"12","BlID":"501","BusCityName":"서울"},{"BusNo":"2312","Type":"12","BlID":"584","BusCityName":"서울"},{"BusNo":"3413","Type":"12","BlID":"1029","BusCityName":"서울"}]}]},{"GateNo":"4","GateLink": ["동서울종합시장","삼익파크아파트"],"BUSSTOP": [{"StopName":"십자성마을","StopID":"109693","Bus": [{"BusNo":"N30","Type":"11","BlID":"573","BusCityName":"서울"},{"BusNo":"3321","Type":"12","BlID":"501","BusCityName":"서울"},{"BusNo":"2312","Type":"12","BlID":"584","BusCityName":"서울"},{"BusNo":"3413","Type":"12","BlID":"1029","BusCityName":"서울"}]}]}]}}}