{"result": {"stationName":"명일","stationID":551,"type":5,"laneName":"수도권 5호선","laneCity":"수도권","x":127.1440273,"y":37.5513175,"prevOBJ": {"station": [{"stationName":"굽은다리","stationID":550,"type":5,"laneName":"수도권 5호선","laneCity":"수도권","x":127.1429276,"y":37.5455428}]},"nextOBJ": {"station": [{"stationName":"고덕","stationID":552,"type":5,"laneName":"수도권 5호선","laneCity":"수도권","x":127.1541255,"y":37.5550575}]},"defaultInfo": {"address":"서울특별시 강동구 명일동 312","new_address":"서울특별시 강동구 양재대로 1632","tel":"02-6311-5511"},"useInfo": {"platform":2,"meetingPlace":0,"restroom":2,"offDoor":1,"crossOver":2,"publicPlace":0,"handicapCount":1,"parkingCount":0,"bicycleCount":1,"civilCount":0},"exitInfo": {"gate": [{"GateNo":"1","GateLink": ["성덕여자중학교","성덕고등학교"],"BUSSTOP": [{"StopName":"명일역1번출구.명일전통시장","StopID":"109716","Bus": [{"BusNo":"N30","Type":"11","BlID":"573","BusCityName":"서울"},{"BusNo":"3321","Type":"12","BlID":"501","BusCityName":"서울"},{"BusNo":"2312","Type":"12","BlID":"584","BusCityName":"서울"},{"BusNo":"3413","Type":"12","BlID":"1029","BusCityName":"서울"}]},{"StopName":"성덕중고등학교","StopID":"177240","Bus": [{"BusNo":"30","Type":"1","BlID":"8000","BusCityName":"하남"},{"BusNo":"30-1","Type":"1","BlID":"8001","BusCityName":"하남"},{"BusNo":"16","Type":"1","BlID":"10024","BusCityName":"광주"},{"BusNo":"13-2","Type":"1","BlID":"10082","BusCityName":"광주"},{"BusNo":"13","Type":"1","BlID":"10083","BusCityName":"광주"}]},{"StopName":"성덕중고등학교","StopID":"177241","Bus": [{"BusNo":"30","Type":"1","BlID":"8000","BusCityName":"하남"},{"BusNo":"30-1","Type":"1","BlID":"8001","BusCityName":"하남"},{"BusNo":"16","Type":"1","BlID":"10024","BusCityName":"광주"},{"BusNo":"13-2","Type":"1","BlID":"10082","BusCityName":"광주"},{"BusNo":"13","Type":"1","BlID":"10083","BusCityName":"광주"}]}]},{"GateNo":"2","GateLink": ["명일초등학교","암사3치안센터","암사3동주민센터"],"BUSSTOP": [{"StopName":"명일역2번출구","StopID":"109717","Bus": [{"BusNo":"6300","Type":"5","BlID":"519","BusCityName":"서울"},{"BusNo":"N30","Type":"11","BlID":"573","BusCityName":"서울"},{"BusNo":"3318","Type":"12","BlID":"516","BusCityName":"서울"},{"BusNo":"2312","Type":"12","BlID":"584","BusCityName":"서울"},{"BusNo":"3411","Type":"12","BlID":"1027","BusCityName":"서울"}]},{"StopName":"명일역","StopID":"123644","Bus": [{"BusNo":"강동02","Type":"3","BlID":"1524","BusCityName":"서울"},{"BusNo":"강동05","Type":"3","BlID":"1533","BusCityName":"서울"}]}]},{"GateNo":"3","GateLink": ["고명초등학교","서울종합직업전문학교","서울시립양로원","서울장애인종합복지관"],"BUSSTOP": [{"StopName":"명일역3번출구","StopID":"109725","Bus": [{"BusNo":"N30","Type":"11","BlID":"573","BusCityName":"서울"},{"BusNo":"3318","Type":"12","BlID":"516","BusCityName":"서울"},{"BusNo":"2312","Type":"12","BlID":"584","BusCityName":"서울"},{"BusNo":"3411","Type":"12","BlID":"1027","BusCityName":"서울"}]},{"StopName":"명일역","StopID":"123740","Bus": [{"BusNo":"강동02","Type":"3","BlID":"1524","BusCityName":"서울"},{"BusNo":"강동05","Type":"3","BlID":"1533","BusCityName":"서울"}]}]},{"GateNo":"4","GateLink": ["강동청소년회관","명일동우체국","명일1동주민센터","명일1치안센터","명성도서관","월드글로리아센터"],"BUSSTOP": [{"StopName":"명일역4번출구.명일전통시장","StopID":"109718","Bus": [{"BusNo":"6300","Type":"5","BlID":"519","BusCityName":"서울"},{"BusNo":"N30","Type":"11","BlID":"573","BusCityName":"서울"},{"BusNo":"3321","Type":"12","BlID":"501","BusCityName":"서울"},{"BusNo":"2312","Type":"12","BlID":"584","BusCityName":"서울"},{"BusNo":"3413","Type":"12","BlID":"1029","BusCityName":"서울"}]}]}]}}}