사용일,호선,구분,역명,a
평일,2호선,내선,잠실,22
평일,2호선,외선,잠실,16
평일,2호선,내선,잠실,24
평일,2호선,외선,잠실,17
평일,2호선,내선,잠실,60
평일,2호선,외선,잠실,33
평일,2호선,내선,잠실,113
평일,2호선,외선,잠실,38
평일,2호선,내선,잠실,68
평일,2호선,외선,잠실,24
평일,2호선,내선,잠실,43
평일,2호선,외선,잠실,22
평일,2호선,내선,잠실,41
평일,2호선,외선,잠실,29
평일,2호선,내선,잠실,42
평일,2호선,외선,잠실,31
평일,2호선,내선,잠실,47
평일,2호선,외선,잠실,33
평일,2호선,내선,잠실,40
평일,2호선,외선,잠실,33
평일,2호선,내선,잠실,46
평일,2호선,외선,잠실,38
평일,2호선,내선,잠실,44
평일,2호선,외선,잠실,40
평일,2호선,내선,잠실,46
평일,2호선,외선,잠실,48
평일,2호선,내선,잠실,52
평일,2호선,외선,잠실,63
평일,2호선,내선,잠실,37
평일,2호선,외선,잠실,55
평일,2호선,내선,잠실,30
평일,2호선,외선,잠실,44
평일,2호선,내선,잠실,37
평일,2호선,외선,잠실,53
평일,2호선,내선,잠실,35
평일,2호선,외선,잠실,58
평일,2호선,내선,잠실,17
평일,2호선,외선,잠실,33
평일,2호선,내선,잠실,12
평일,2호선,외선,잠실,14
토요일,2호선,내선,잠실,23
토요일,2호선,외선,잠실,23
토요일,2호선,내선,잠실,15
토요일,2호선,외선,잠실,15
토요일,2호선,내선,잠실,19
토요일,2호선,외선,잠실,16
토요일,2호선,내선,잠실,31
토요일,2호선,외선,잠실,28
토요일,2호선,내선,잠실,46
토요일,2호선,외선,잠실,20
토요일,2호선,내선,잠실,50
토요일,2호선,외선,잠실,26
토요일,2호선,내선,잠실,58
토요일,2호선,외선,잠실,31
토요일,2호선,내선,잠실,62
토요일,2호선,외선,잠실,40
토요일,2호선,내선,잠실,59
토요일,2호선,외선,잠실,48
토요일,2호선,내선,잠실,56
토요일,2호선,외선,잠실,48
토요일,2호선,내선,잠실,50
토요일,2호선,외선,잠실,54
토요일,2호선,내선,잠실,51
토요일,2호선,외선,잠실,55
토요일,2호선,내선,잠실,53
토요일,2호선,외선,잠실,49
토요일,2호선,내선,잠실,50
토요일,2호선,외선,잠실,47
토요일,2호선,내선,잠실,34
토요일,2호선,외선,잠실,45
토요일,2호선,내선,잠실,39
토요일,2호선,외선,잠실,39
토요일,2호선,내선,잠실,40
토요일,2호선,외선,잠실,45
토요일,2호선,내선,잠실,39
토요일,2호선,외선,잠실,43
토요일,2호선,내선,잠실,43
토요일,2호선,외선,잠실,36
토요일,2호선,내선,잠실,0
토요일,2호선,외선,잠실,0
일요일,2호선,내선,잠실,12
일요일,2호선,외선,잠실,12
일요일,2호선,내선,잠실,11
일요일,2호선,외선,잠실,10
일요일,2호선,내선,잠실,13
일요일,2호선,외선,잠실,12
일요일,2호선,내선,잠실,25
일요일,2호선,외선,잠실,21
일요일,2호선,내선,잠실,38
일요일,2호선,외선,잠실,19
일요일,2호선,내선,잠실,36
일요일,2호선,외선,잠실,20
일요일,2호선,내선,잠실,43
일요일,2호선,외선,잠실,28
일요일,2호선,내선,잠실,43
일요일,2호선,외선,잠실,36
일요일,2호선,내선,잠실,46
일요일,2호선,외선,잠실,37
일요일,2호선,내선,잠실,44
일요일,2호선,외선,잠실,41
일요일,2호선,내선,잠실,43
일요일,2호선,외선,잠실,43
일요일,2호선,내선,잠실,39
일요일,2호선,외선,잠실,46
일요일,2호선,내선,잠실,46
일요일,2호선,외선,잠실,42
일요일,2호선,내선,잠실,47
일요일,2호선,외선,잠실,41
일요일,2호선,내선,잠실,35
일요일,2호선,외선,잠실,36
일요일,2호선,내선,잠실,33
일요일,2호선,외선,잠실,34
일요일,2호선,내선,잠실,31
일요일,2호선,외선,잠실,32
일요일,2호선,내선,잠실,32
일요일,2호선,외선,잠실,28
일요일,2호선,내선,잠실,26
일요일,2호선,외선,잠실,19
일요일,2호선,내선,잠실,0
일요일,2호선,외선,잠실,0
