사용일,호선,구분,역명,a
평일,2호선,내선,을지3가,13
평일,2호선,외선,을지3가,13
평일,2호선,내선,을지3가,18
평일,2호선,외선,을지3가,19
평일,2호선,내선,을지3가,27
평일,2호선,외선,을지3가,50
평일,2호선,내선,을지3가,54
평일,2호선,외선,을지3가,73
평일,2호선,내선,을지3가,31
평일,2호선,외선,을지3가,38
평일,2호선,내선,을지3가,28
평일,2호선,외선,을지3가,33
평일,2호선,내선,을지3가,34
평일,2호선,외선,을지3가,39
평일,2호선,내선,을지3가,33
평일,2호선,외선,을지3가,36
평일,2호선,내선,을지3가,40
평일,2호선,외선,을지3가,39
평일,2호선,내선,을지3가,39
평일,2호선,외선,을지3가,38
평일,2호선,내선,을지3가,41
평일,2호선,외선,을지3가,39
평일,2호선,내선,을지3가,44
평일,2호선,외선,을지3가,39
평일,2호선,내선,을지3가,47
평일,2호선,외선,을지3가,45
평일,2호선,내선,을지3가,67
평일,2호선,외선,을지3가,72
평일,2호선,내선,을지3가,49
평일,2호선,외선,을지3가,47
평일,2호선,내선,을지3가,35
평일,2호선,외선,을지3가,40
평일,2호선,내선,을지3가,50
평일,2호선,외선,을지3가,37
평일,2호선,내선,을지3가,51
평일,2호선,외선,을지3가,44
평일,2호선,내선,을지3가,44
평일,2호선,외선,을지3가,25
평일,2호선,내선,을지3가,12
평일,2호선,외선,을지3가,13
토요일,2호선,내선,을지3가,17
토요일,2호선,외선,을지3가,12
토요일,2호선,내선,을지3가,16
토요일,2호선,외선,을지3가,12
토요일,2호선,내선,을지3가,16
토요일,2호선,외선,을지3가,14
토요일,2호선,내선,을지3가,28
토요일,2호선,외선,을지3가,23
토요일,2호선,내선,을지3가,23
토요일,2호선,외선,을지3가,31
토요일,2호선,내선,을지3가,31
토요일,2호선,외선,을지3가,39
토요일,2호선,내선,을지3가,35
토요일,2호선,외선,을지3가,48
토요일,2호선,내선,을지3가,44
토요일,2호선,외선,을지3가,59
토요일,2호선,내선,을지3가,48
토요일,2호선,외선,을지3가,59
토요일,2호선,내선,을지3가,48
토요일,2호선,외선,을지3가,70
토요일,2호선,내선,을지3가,48
토요일,2호선,외선,을지3가,68
토요일,2호선,내선,을지3가,53
토요일,2호선,외선,을지3가,55
토요일,2호선,내선,을지3가,52
토요일,2호선,외선,을지3가,63
토요일,2호선,내선,을지3가,47
토요일,2호선,외선,을지3가,61
토요일,2호선,내선,을지3가,37
토요일,2호선,외선,을지3가,47
토요일,2호선,내선,을지3가,44
토요일,2호선,외선,을지3가,43
토요일,2호선,내선,을지3가,49
토요일,2호선,외선,을지3가,37
토요일,2호선,내선,을지3가,59
토요일,2호선,외선,을지3가,35
토요일,2호선,내선,을지3가,56
토요일,2호선,외선,을지3가,39
토요일,2호선,내선,을지3가,0
토요일,2호선,외선,을지3가,0
일요일,2호선,내선,을지3가,15
일요일,2호선,외선,을지3가,6
일요일,2호선,내선,을지3가,10
일요일,2호선,외선,을지3가,8
일요일,2호선,내선,을지3가,12
일요일,2호선,외선,을지3가,9
일요일,2호선,내선,을지3가,27
일요일,2호선,외선,을지3가,19
일요일,2호선,내선,을지3가,22
일요일,2호선,외선,을지3가,28
일요일,2호선,내선,을지3가,21
일요일,2호선,외선,을지3가,28
일요일,2호선,내선,을지3가,31
일요일,2호선,외선,을지3가,40
일요일,2호선,내선,을지3가,35
일요일,2호선,외선,을지3가,47
일요일,2호선,내선,을지3가,36
일요일,2호선,외선,을지3가,50
일요일,2호선,내선,을지3가,40
일요일,2호선,외선,을지3가,45
일요일,2호선,내선,을지3가,40
일요일,2호선,외선,을지3가,51
일요일,2호선,내선,을지3가,45
일요일,2호선,외선,을지3가,42
일요일,2호선,내선,을지3가,42
일요일,2호선,외선,을지3가,50
일요일,2호선,내선,을지3가,44
일요일,2호선,외선,을지3가,45
일요일,2호선,내선,을지3가,38
일요일,2호선,외선,을지3가,31
일요일,2호선,내선,을지3가,38
일요일,2호선,외선,을지3가,25
일요일,2호선,내선,을지3가,37
일요일,2호선,외선,을지3가,23
일요일,2호선,내선,을지3가,34
일요일,2호선,외선,을지3가,22
일요일,2호선,내선,을지3가,36
일요일,2호선,외선,을지3가,21
일요일,2호선,내선,을지3가,0
일요일,2호선,외선,을지3가,0
