사용일,호선,구분,역명,a
평일,2호선,내선,대림,91
평일,2호선,외선,대림,38
평일,2호선,내선,대림,48
평일,2호선,외선,대림,39
평일,2호선,내선,대림,69
평일,2호선,외선,대림,79
평일,2호선,내선,대림,98
평일,2호선,외선,대림,115
평일,2호선,내선,대림,53
평일,2호선,외선,대림,66
평일,2호선,내선,대림,37
평일,2호선,외선,대림,60
평일,2호선,내선,대림,40
평일,2호선,외선,대림,51
평일,2호선,내선,대림,53
평일,2호선,외선,대림,47
평일,2호선,내선,대림,57
평일,2호선,외선,대림,54
평일,2호선,내선,대림,56
평일,2호선,외선,대림,48
평일,2호선,내선,대림,58
평일,2호선,외선,대림,50
평일,2호선,내선,대림,68
평일,2호선,외선,대림,50
평일,2호선,내선,대림,86
평일,2호선,외선,대림,54
평일,2호선,내선,대림,98
평일,2호선,외선,대림,85
평일,2호선,내선,대림,73
평일,2호선,외선,대림,76
평일,2호선,내선,대림,50
평일,2호선,외선,대림,59
평일,2호선,내선,대림,58
평일,2호선,외선,대림,77
평일,2호선,내선,대림,68
평일,2호선,외선,대림,72
평일,2호선,내선,대림,40
평일,2호선,외선,대림,64
평일,2호선,내선,대림,14
평일,2호선,외선,대림,43
토요일,2호선,내선,대림,68
토요일,2호선,외선,대림,32
토요일,2호선,내선,대림,30
토요일,2호선,외선,대림,29
토요일,2호선,내선,대림,25
토요일,2호선,외선,대림,30
토요일,2호선,내선,대림,43
토요일,2호선,외선,대림,46
토요일,2호선,내선,대림,41
토요일,2호선,외선,대림,64
토요일,2호선,내선,대림,47
토요일,2호선,외선,대림,54
토요일,2호선,내선,대림,60
토요일,2호선,외선,대림,67
토요일,2호선,내선,대림,67
토요일,2호선,외선,대림,65
토요일,2호선,내선,대림,79
토요일,2호선,외선,대림,69
토요일,2호선,내선,대림,72
토요일,2호선,외선,대림,74
토요일,2호선,내선,대림,70
토요일,2호선,외선,대림,69
토요일,2호선,내선,대림,73
토요일,2호선,외선,대림,58
토요일,2호선,내선,대림,72
토요일,2호선,외선,대림,69
토요일,2호선,내선,대림,67
토요일,2호선,외선,대림,62
토요일,2호선,내선,대림,50
토요일,2호선,외선,대림,56
토요일,2호선,내선,대림,42
토요일,2호선,외선,대림,56
토요일,2호선,내선,대림,54
토요일,2호선,외선,대림,57
토요일,2호선,내선,대림,54
토요일,2호선,외선,대림,98
토요일,2호선,내선,대림,47
토요일,2호선,외선,대림,100
토요일,2호선,내선,대림,0
토요일,2호선,외선,대림,0
일요일,2호선,내선,대림,46
일요일,2호선,외선,대림,21
일요일,2호선,내선,대림,23
일요일,2호선,외선,대림,22
일요일,2호선,내선,대림,18
일요일,2호선,외선,대림,24
일요일,2호선,내선,대림,31
일요일,2호선,외선,대림,40
일요일,2호선,내선,대림,41
일요일,2호선,외선,대림,53
일요일,2호선,내선,대림,44
일요일,2호선,외선,대림,51
일요일,2호선,내선,대림,42
일요일,2호선,외선,대림,54
일요일,2호선,내선,대림,56
일요일,2호선,외선,대림,54
일요일,2호선,내선,대림,62
일요일,2호선,외선,대림,57
일요일,2호선,내선,대림,64
일요일,2호선,외선,대림,56
일요일,2호선,내선,대림,61
일요일,2호선,외선,대림,54
일요일,2호선,내선,대림,64
일요일,2호선,외선,대림,53
일요일,2호선,내선,대림,59
일요일,2호선,외선,대림,61
일요일,2호선,내선,대림,60
일요일,2호선,외선,대림,52
일요일,2호선,내선,대림,49
일요일,2호선,외선,대림,49
일요일,2호선,내선,대림,39
일요일,2호선,외선,대림,46
일요일,2호선,내선,대림,38
일요일,2호선,외선,대림,48
일요일,2호선,내선,대림,36
일요일,2호선,외선,대림,45
일요일,2호선,내선,대림,26
일요일,2호선,외선,대림,69
일요일,2호선,내선,대림,0
일요일,2호선,외선,대림,0
