사용일,호선,구분,역명,a
평일,2호선,내선,홍대입구,21
평일,2호선,외선,홍대입구,19
평일,2호선,내선,홍대입구,29
평일,2호선,외선,홍대입구,21
평일,2호선,내선,홍대입구,66
평일,2호선,외선,홍대입구,38
평일,2호선,내선,홍대입구,117
평일,2호선,외선,홍대입구,47
평일,2호선,내선,홍대입구,66
평일,2호선,외선,홍대입구,21
평일,2호선,내선,홍대입구,54
평일,2호선,외선,홍대입구,21
평일,2호선,내선,홍대입구,53
평일,2호선,외선,홍대입구,30
평일,2호선,내선,홍대입구,51
평일,2호선,외선,홍대입구,31
평일,2호선,내선,홍대입구,50
평일,2호선,외선,홍대입구,39
평일,2호선,내선,홍대입구,45
평일,2호선,외선,홍대입구,40
평일,2호선,내선,홍대입구,38
평일,2호선,외선,홍대입구,45
평일,2호선,내선,홍대입구,39
평일,2호선,외선,홍대입구,51
평일,2호선,내선,홍대입구,40
평일,2호선,외선,홍대입구,60
평일,2호선,내선,홍대입구,48
평일,2호선,외선,홍대입구,96
평일,2호선,내선,홍대입구,34
평일,2호선,외선,홍대입구,68
평일,2호선,내선,홍대입구,23
평일,2호선,외선,홍대입구,68
평일,2호선,내선,홍대입구,32
평일,2호선,외선,홍대입구,75
평일,2호선,내선,홍대입구,34
평일,2호선,외선,홍대입구,92
평일,2호선,내선,홍대입구,32
평일,2호선,외선,홍대입구,60
평일,2호선,내선,홍대입구,10
평일,2호선,외선,홍대입구,25
토요일,2호선,내선,홍대입구,23
토요일,2호선,외선,홍대입구,32
토요일,2호선,내선,홍대입구,21
토요일,2호선,외선,홍대입구,17
토요일,2호선,내선,홍대입구,24
토요일,2호선,외선,홍대입구,16
토요일,2호선,내선,홍대입구,41
토요일,2호선,외선,홍대입구,17
토요일,2호선,내선,홍대입구,45
토요일,2호선,외선,홍대입구,21
토요일,2호선,내선,홍대입구,55
토요일,2호선,외선,홍대입구,30
토요일,2호선,내선,홍대입구,55
토요일,2호선,외선,홍대입구,35
토요일,2호선,내선,홍대입구,64
토요일,2호선,외선,홍대입구,46
토요일,2호선,내선,홍대입구,72
토요일,2호선,외선,홍대입구,49
토요일,2호선,내선,홍대입구,62
토요일,2호선,외선,홍대입구,56
토요일,2호선,내선,홍대입구,53
토요일,2호선,외선,홍대입구,63
토요일,2호선,내선,홍대입구,54
토요일,2호선,외선,홍대입구,59
토요일,2호선,내선,홍대입구,52
토요일,2호선,외선,홍대입구,72
토요일,2호선,내선,홍대입구,45
토요일,2호선,외선,홍대입구,66
토요일,2호선,내선,홍대입구,36
토요일,2호선,외선,홍대입구,56
토요일,2호선,내선,홍대입구,33
토요일,2호선,외선,홍대입구,68
토요일,2호선,내선,홍대입구,37
토요일,2호선,외선,홍대입구,74
토요일,2호선,내선,홍대입구,52
토요일,2호선,외선,홍대입구,85
토요일,2호선,내선,홍대입구,53
토요일,2호선,외선,홍대입구,104
토요일,2호선,내선,홍대입구,0
토요일,2호선,외선,홍대입구,0
일요일,2호선,내선,홍대입구,21
일요일,2호선,외선,홍대입구,39
일요일,2호선,내선,홍대입구,14
일요일,2호선,외선,홍대입구,18
일요일,2호선,내선,홍대입구,19
일요일,2호선,외선,홍대입구,10
일요일,2호선,내선,홍대입구,36
일요일,2호선,외선,홍대입구,14
일요일,2호선,내선,홍대입구,38
일요일,2호선,외선,홍대입구,21
일요일,2호선,내선,홍대입구,43
일요일,2호선,외선,홍대입구,26
일요일,2호선,내선,홍대입구,47
일요일,2호선,외선,홍대입구,29
일요일,2호선,내선,홍대입구,51
일요일,2호선,외선,홍대입구,36
일요일,2호선,내선,홍대입구,56
일요일,2호선,외선,홍대입구,39
일요일,2호선,내선,홍대입구,50
일요일,2호선,외선,홍대입구,41
일요일,2호선,내선,홍대입구,46
일요일,2호선,외선,홍대입구,48
일요일,2호선,내선,홍대입구,44
일요일,2호선,외선,홍대입구,54
일요일,2호선,내선,홍대입구,43
일요일,2호선,외선,홍대입구,62
일요일,2호선,내선,홍대입구,42
일요일,2호선,외선,홍대입구,57
일요일,2호선,내선,홍대입구,34
일요일,2호선,외선,홍대입구,50
일요일,2호선,내선,홍대입구,29
일요일,2호선,외선,홍대입구,48
일요일,2호선,내선,홍대입구,32
일요일,2호선,외선,홍대입구,52
일요일,2호선,내선,홍대입구,32
일요일,2호선,외선,홍대입구,53
일요일,2호선,내선,홍대입구,32
일요일,2호선,외선,홍대입구,43
일요일,2호선,내선,홍대입구,0
일요일,2호선,외선,홍대입구,0
