사용일,호선,구분,역명,a
평일,2호선,내선,뚝섬,23
평일,2호선,외선,뚝섬,10
평일,2호선,내선,뚝섬,22
평일,2호선,외선,뚝섬,16
평일,2호선,내선,뚝섬,35
평일,2호선,외선,뚝섬,43
평일,2호선,내선,뚝섬,62
평일,2호선,외선,뚝섬,52
평일,2호선,내선,뚝섬,29
평일,2호선,외선,뚝섬,37
평일,2호선,내선,뚝섬,22
평일,2호선,외선,뚝섬,31
평일,2호선,내선,뚝섬,32
평일,2호선,외선,뚝섬,35
평일,2호선,내선,뚝섬,33
평일,2호선,외선,뚝섬,34
평일,2호선,내선,뚝섬,37
평일,2호선,외선,뚝섬,34
평일,2호선,내선,뚝섬,39
평일,2호선,외선,뚝섬,34
평일,2호선,내선,뚝섬,42
평일,2호선,외선,뚝섬,35
평일,2호선,내선,뚝섬,45
평일,2호선,외선,뚝섬,30
평일,2호선,내선,뚝섬,51
평일,2호선,외선,뚝섬,35
평일,2호선,내선,뚝섬,60
평일,2호선,외선,뚝섬,57
평일,2호선,내선,뚝섬,43
평일,2호선,외선,뚝섬,45
평일,2호선,내선,뚝섬,27
평일,2호선,외선,뚝섬,40
평일,2호선,내선,뚝섬,36
평일,2호선,외선,뚝섬,34
평일,2호선,내선,뚝섬,42
평일,2호선,외선,뚝섬,42
평일,2호선,내선,뚝섬,32
평일,2호선,외선,뚝섬,23
평일,2호선,내선,뚝섬,11
평일,2호선,외선,뚝섬,10
토요일,2호선,내선,뚝섬,19
토요일,2호선,외선,뚝섬,11
토요일,2호선,내선,뚝섬,19
토요일,2호선,외선,뚝섬,12
토요일,2호선,내선,뚝섬,16
토요일,2호선,외선,뚝섬,16
토요일,2호선,내선,뚝섬,25
토요일,2호선,외선,뚝섬,29
토요일,2호선,내선,뚝섬,25
토요일,2호선,외선,뚝섬,30
토요일,2호선,내선,뚝섬,27
토요일,2호선,외선,뚝섬,38
토요일,2호선,내선,뚝섬,41
토요일,2호선,외선,뚝섬,42
토요일,2호선,내선,뚝섬,46
토요일,2호선,외선,뚝섬,49
토요일,2호선,내선,뚝섬,46
토요일,2호선,외선,뚝섬,50
토요일,2호선,내선,뚝섬,43
토요일,2호선,외선,뚝섬,59
토요일,2호선,내선,뚝섬,52
토요일,2호선,외선,뚝섬,47
토요일,2호선,내선,뚝섬,49
토요일,2호선,외선,뚝섬,41
토요일,2호선,내선,뚝섬,51
토요일,2호선,외선,뚝섬,46
토요일,2호선,내선,뚝섬,52
토요일,2호선,외선,뚝섬,39
토요일,2호선,내선,뚝섬,34
토요일,2호선,외선,뚝섬,36
토요일,2호선,내선,뚝섬,35
토요일,2호선,외선,뚝섬,34
토요일,2호선,내선,뚝섬,38
토요일,2호선,외선,뚝섬,34
토요일,2호선,내선,뚝섬,41
토요일,2호선,외선,뚝섬,35
토요일,2호선,내선,뚝섬,37
토요일,2호선,외선,뚝섬,43
토요일,2호선,내선,뚝섬,0
토요일,2호선,외선,뚝섬,0
일요일,2호선,내선,뚝섬,14
일요일,2호선,외선,뚝섬,9
일요일,2호선,내선,뚝섬,12
일요일,2호선,외선,뚝섬,8
일요일,2호선,내선,뚝섬,9
일요일,2호선,외선,뚝섬,11
일요일,2호선,내선,뚝섬,19
일요일,2호선,외선,뚝섬,29
일요일,2호선,내선,뚝섬,25
일요일,2호선,외선,뚝섬,25
일요일,2호선,내선,뚝섬,21
일요일,2호선,외선,뚝섬,27
일요일,2호선,내선,뚝섬,34
일요일,2호선,외선,뚝섬,36
일요일,2호선,내선,뚝섬,32
일요일,2호선,외선,뚝섬,47
일요일,2호선,내선,뚝섬,35
일요일,2호선,외선,뚝섬,42
일요일,2호선,내선,뚝섬,37
일요일,2호선,외선,뚝섬,39
일요일,2호선,내선,뚝섬,48
일요일,2호선,외선,뚝섬,42
일요일,2호선,내선,뚝섬,44
일요일,2호선,외선,뚝섬,34
일요일,2호선,내선,뚝섬,47
일요일,2호선,외선,뚝섬,40
일요일,2호선,내선,뚝섬,57
일요일,2호선,외선,뚝섬,32
일요일,2호선,내선,뚝섬,36
일요일,2호선,외선,뚝섬,29
일요일,2호선,내선,뚝섬,29
일요일,2호선,외선,뚝섬,27
일요일,2호선,내선,뚝섬,27
일요일,2호선,외선,뚝섬,27
일요일,2호선,내선,뚝섬,27
일요일,2호선,외선,뚝섬,25
일요일,2호선,내선,뚝섬,23
일요일,2호선,외선,뚝섬,28
일요일,2호선,내선,뚝섬,0
일요일,2호선,외선,뚝섬,0
