사용일,호선,구분,역명,a
평일,2호선,내선,구로디지털단지,72
평일,2호선,외선,구로디지털단지,48
평일,2호선,내선,구로디지털단지,39
평일,2호선,외선,구로디지털단지,41
평일,2호선,내선,구로디지털단지,67
평일,2호선,외선,구로디지털단지,81
평일,2호선,내선,구로디지털단지,91
평일,2호선,외선,구로디지털단지,104
평일,2호선,내선,구로디지털단지,49
평일,2호선,외선,구로디지털단지,63
평일,2호선,내선,구로디지털단지,35
평일,2호선,외선,구로디지털단지,58
평일,2호선,내선,구로디지털단지,38
평일,2호선,외선,구로디지털단지,50
평일,2호선,내선,구로디지털단지,52
평일,2호선,외선,구로디지털단지,48
평일,2호선,내선,구로디지털단지,57
평일,2호선,외선,구로디지털단지,54
평일,2호선,내선,구로디지털단지,57
평일,2호선,외선,구로디지털단지,45
평일,2호선,내선,구로디지털단지,62
평일,2호선,외선,구로디지털단지,48
평일,2호선,내선,구로디지털단지,72
평일,2호선,외선,구로디지털단지,47
평일,2호선,내선,구로디지털단지,90
평일,2호선,외선,구로디지털단지,51
평일,2호선,내선,구로디지털단지,107
평일,2호선,외선,구로디지털단지,84
평일,2호선,내선,구로디지털단지,80
평일,2호선,외선,구로디지털단지,74
평일,2호선,내선,구로디지털단지,56
평일,2호선,외선,구로디지털단지,56
평일,2호선,내선,구로디지털단지,66
평일,2호선,외선,구로디지털단지,72
평일,2호선,내선,구로디지털단지,83
평일,2호선,외선,구로디지털단지,64
평일,2호선,내선,구로디지털단지,46
평일,2호선,외선,구로디지털단지,58
평일,2호선,내선,구로디지털단지,17
평일,2호선,외선,구로디지털단지,36
토요일,2호선,내선,구로디지털단지,56
토요일,2호선,외선,구로디지털단지,39
토요일,2호선,내선,구로디지털단지,27
토요일,2호선,외선,구로디지털단지,33
토요일,2호선,내선,구로디지털단지,24
토요일,2호선,외선,구로디지털단지,31
토요일,2호선,내선,구로디지털단지,40
토요일,2호선,외선,구로디지털단지,49
토요일,2호선,내선,구로디지털단지,38
토요일,2호선,외선,구로디지털단지,68
토요일,2호선,내선,구로디지털단지,46
토요일,2호선,외선,구로디지털단지,58
토요일,2호선,내선,구로디지털단지,56
토요일,2호선,외선,구로디지털단지,69
토요일,2호선,내선,구로디지털단지,66
토요일,2호선,외선,구로디지털단지,65
토요일,2호선,내선,구로디지털단지,79
토요일,2호선,외선,구로디지털단지,70
토요일,2호선,내선,구로디지털단지,72
토요일,2호선,외선,구로디지털단지,73
토요일,2호선,내선,구로디지털단지,72
토요일,2호선,외선,구로디지털단지,64
토요일,2호선,내선,구로디지털단지,77
토요일,2호선,외선,구로디지털단지,57
토요일,2호선,내선,구로디지털단지,75
토요일,2호선,외선,구로디지털단지,64
토요일,2호선,내선,구로디지털단지,73
토요일,2호선,외선,구로디지털단지,57
토요일,2호선,내선,구로디지털단지,51
토요일,2호선,외선,구로디지털단지,50
토요일,2호선,내선,구로디지털단지,47
토요일,2호선,외선,구로디지털단지,50
토요일,2호선,내선,구로디지털단지,62
토요일,2호선,외선,구로디지털단지,50
토요일,2호선,내선,구로디지털단지,65
토요일,2호선,외선,구로디지털단지,84
토요일,2호선,내선,구로디지털단지,54
토요일,2호선,외선,구로디지털단지,87
토요일,2호선,내선,구로디지털단지,0
토요일,2호선,외선,구로디지털단지,0
일요일,2호선,내선,구로디지털단지,37
일요일,2호선,외선,구로디지털단지,23
일요일,2호선,내선,구로디지털단지,23
일요일,2호선,외선,구로디지털단지,22
일요일,2호선,내선,구로디지털단지,17
일요일,2호선,외선,구로디지털단지,24
일요일,2호선,내선,구로디지털단지,29
일요일,2호선,외선,구로디지털단지,42
일요일,2호선,내선,구로디지털단지,37
일요일,2호선,외선,구로디지털단지,55
일요일,2호선,내선,구로디지털단지,45
일요일,2호선,외선,구로디지털단지,53
일요일,2호선,내선,구로디지털단지,44
일요일,2호선,외선,구로디지털단지,55
일요일,2호선,내선,구로디지털단지,54
일요일,2호선,외선,구로디지털단지,55
일요일,2호선,내선,구로디지털단지,61
일요일,2호선,외선,구로디지털단지,58
일요일,2호선,내선,구로디지털단지,63
일요일,2호선,외선,구로디지털단지,54
일요일,2호선,내선,구로디지털단지,61
일요일,2호선,외선,구로디지털단지,51
일요일,2호선,내선,구로디지털단지,67
일요일,2호선,외선,구로디지털단지,49
일요일,2호선,내선,구로디지털단지,63
일요일,2호선,외선,구로디지털단지,59
일요일,2호선,내선,구로디지털단지,64
일요일,2호선,외선,구로디지털단지,48
일요일,2호선,내선,구로디지털단지,49
일요일,2호선,외선,구로디지털단지,45
일요일,2호선,내선,구로디지털단지,42
일요일,2호선,외선,구로디지털단지,42
일요일,2호선,내선,구로디지털단지,43
일요일,2호선,외선,구로디지털단지,43
일요일,2호선,내선,구로디지털단지,44
일요일,2호선,외선,구로디지털단지,39
일요일,2호선,내선,구로디지털단지,28
일요일,2호선,외선,구로디지털단지,59
일요일,2호선,내선,구로디지털단지,0
일요일,2호선,외선,구로디지털단지,0
